[2026-04-29 10:58:42,801] torch.distributed.run: [WARNING] master_addr is only used for static rdzv_backend and when rdzv_endpoint is not specified.
[2026-04-29 10:58:42,801] torch.distributed.run: [WARNING] 
[2026-04-29 10:58:42,801] torch.distributed.run: [WARNING] *****************************************
[2026-04-29 10:58:42,801] torch.distributed.run: [WARNING] Setting OMP_NUM_THREADS environment variable for each process to be 1 in default, to avoid your system being overloaded, please further tune the variable for optimal performance in your application as needed. 
[2026-04-29 10:58:42,801] torch.distributed.run: [WARNING] *****************************************
[transformers] Disabling PyTorch because PyTorch >= 2.4 is required but found 2.1.2
[transformers] Disabling PyTorch because PyTorch >= 2.4 is required but found 2.1.2
[transformers] PyTorch was not found. Models won't be available and only tokenizers, configuration and file/data utilities can be used.
[transformers] PyTorch was not found. Models won't be available and only tokenizers, configuration and file/data utilities can be used.
DDP enabled: 2 processes
Loaded norm stats from /workspace/artifacts/norm_stats.json  (49 channels)
Train: 9327 patches  |  Val: 2446 patches  |  Test: 1853 patches
Input channels: 49
Warning: You are sending unauthenticated requests to the HF Hub. Please set a HF_TOKEN to enable higher rate limits and faster downloads.
Model: unet_resnet50  |  Trainable params: 32,665,506

Ep   1 [train]:   0%|          | 0/145 [00:00<?, ?it/s]/opt/conda/lib/python3.10/site-packages/torch/optim/lr_scheduler.py:136: UserWarning: Detected call of `lr_scheduler.step()` before `optimizer.step()`. In PyTorch 1.1.0 and later, you should call them in the opposite order: `optimizer.step()` before `lr_scheduler.step()`.  Failure to do this will result in PyTorch skipping the first value of the learning rate schedule. See more details at https://pytorch.org/docs/stable/optim.html#how-to-adjust-learning-rate
  warnings.warn("Detected call of `lr_scheduler.step()` before `optimizer.step()`. "
/opt/conda/lib/python3.10/site-packages/torch/optim/lr_scheduler.py:136: UserWarning: Detected call of `lr_scheduler.step()` before `optimizer.step()`. In PyTorch 1.1.0 and later, you should call them in the opposite order: `optimizer.step()` before `lr_scheduler.step()`.  Failure to do this will result in PyTorch skipping the first value of the learning rate schedule. See more details at https://pytorch.org/docs/stable/optim.html#how-to-adjust-learning-rate
  warnings.warn("Detected call of `lr_scheduler.step()` before `optimizer.step()`. "

Ep   1 [train]:   0%|          | 0/145 [00:08<?, ?it/s, loss=2.9863]
Ep   1 [train]:   1%|          | 1/145 [00:08<19:34,  8.16s/it, loss=2.9863]
Ep   1 [train]:   1%|          | 1/145 [00:08<19:34,  8.16s/it, loss=3.0469]
Ep   1 [train]:   1%|▏         | 2/145 [00:08<08:17,  3.48s/it, loss=3.0469]
Ep   1 [train]:   1%|▏         | 2/145 [00:08<08:17,  3.48s/it, loss=2.9961]
Ep   1 [train]:   2%|▏         | 3/145 [00:08<04:43,  1.99s/it, loss=2.9961]
Ep   1 [train]:   2%|▏         | 3/145 [00:08<04:43,  1.99s/it, loss=2.8652]
Ep   1 [train]:   3%|▎         | 4/145 [00:08<03:01,  1.29s/it, loss=2.8652]
Ep   1 [train]:   3%|▎         | 4/145 [00:08<03:01,  1.29s/it, loss=2.6055]
Ep   1 [train]:   3%|▎         | 5/145 [00:08<02:04,  1.13it/s, loss=2.6055]
Ep   1 [train]:   3%|▎         | 5/145 [00:09<02:04,  1.13it/s, loss=2.5586]
Ep   1 [train]:   4%|▍         | 6/145 [00:09<01:37,  1.42it/s, loss=2.5586]
Ep   1 [train]:   4%|▍         | 6/145 [00:09<01:37,  1.42it/s, loss=2.4922]
Ep   1 [train]:   5%|▍         | 7/145 [00:09<01:14,  1.86it/s, loss=2.4922]
Ep   1 [train]:   5%|▍         | 7/145 [00:10<01:14,  1.86it/s, loss=2.3535]
Ep   1 [train]:   6%|▌         | 8/145 [00:10<01:21,  1.68it/s, loss=2.3535]
Ep   1 [train]:   6%|▌         | 8/145 [00:10<01:21,  1.68it/s, loss=2.3340]
Ep   1 [train]:   6%|▌         | 9/145 [00:10<01:03,  2.14it/s, loss=2.3340]
Ep   1 [train]:   6%|▌         | 9/145 [00:11<01:03,  2.14it/s, loss=2.1777]
Ep   1 [train]:   7%|▋         | 10/145 [00:11<01:16,  1.76it/s, loss=2.1777]
Ep   1 [train]:   7%|▋         | 10/145 [00:11<01:16,  1.76it/s, loss=2.0137]
Ep   1 [train]:   8%|▊         | 11/145 [00:11<01:00,  2.23it/s, loss=2.0137]
Ep   1 [train]:   8%|▊         | 11/145 [00:12<01:00,  2.23it/s, loss=1.9189]
Ep   1 [train]:   8%|▊         | 12/145 [00:12<01:15,  1.76it/s, loss=1.9189]
Ep   1 [train]:   8%|▊         | 12/145 [00:12<01:15,  1.76it/s, loss=1.8584]
Ep   1 [train]:   9%|▉         | 13/145 [00:12<01:00,  2.18it/s, loss=1.8584]
Ep   1 [train]:   9%|▉         | 13/145 [00:13<01:00,  2.18it/s, loss=1.7891]
Ep   1 [train]:  10%|▉         | 14/145 [00:13<01:08,  1.91it/s, loss=1.7891]
Ep   1 [train]:  10%|▉         | 14/145 [00:13<01:08,  1.91it/s, loss=1.7578]
Ep   1 [train]:  10%|█         | 15/145 [00:13<00:56,  2.31it/s, loss=1.7578]
Ep   1 [train]:  10%|█         | 15/145 [00:13<00:56,  2.31it/s, loss=1.7021]
Ep   1 [train]:  11%|█         | 16/145 [00:13<01:03,  2.02it/s, loss=1.7021]
Ep   1 [train]:  11%|█         | 16/145 [00:14<01:03,  2.02it/s, loss=1.5791]
Ep   1 [train]:  12%|█▏        | 17/145 [00:14<00:51,  2.49it/s, loss=1.5791]
Ep   1 [train]:  12%|█▏        | 17/145 [00:14<00:51,  2.49it/s, loss=1.5986]
Ep   1 [train]:  12%|█▏        | 18/145 [00:14<01:01,  2.08it/s, loss=1.5986]
Ep   1 [train]:  12%|█▏        | 18/145 [00:15<01:01,  2.08it/s, loss=1.4473]
Ep   1 [train]:  13%|█▎        | 19/145 [00:15<00:49,  2.53it/s, loss=1.4473]
Ep   1 [train]:  13%|█▎        | 19/145 [00:15<00:49,  2.53it/s, loss=1.2949]
Ep   1 [train]:  14%|█▍        | 20/145 [00:15<01:00,  2.08it/s, loss=1.2949]
Ep   1 [train]:  14%|█▍        | 20/145 [00:15<01:00,  2.08it/s, loss=1.2715]
Ep   1 [train]:  14%|█▍        | 21/145 [00:15<00:49,  2.53it/s, loss=1.2715]
Ep   1 [train]:  14%|█▍        | 21/145 [00:16<00:49,  2.53it/s, loss=1.2148]
Ep   1 [train]:  15%|█▌        | 22/145 [00:16<00:57,  2.15it/s, loss=1.2148]
Ep   1 [train]:  15%|█▌        | 22/145 [00:16<00:57,  2.15it/s, loss=1.0918]
Ep   1 [train]:  16%|█▌        | 23/145 [00:16<00:46,  2.61it/s, loss=1.0918]
Ep   1 [train]:  16%|█▌        | 23/145 [00:17<00:46,  2.61it/s, loss=1.1797]
Ep   1 [train]:  17%|█▋        | 24/145 [00:17<00:55,  2.18it/s, loss=1.1797]
Ep   1 [train]:  17%|█▋        | 24/145 [00:17<00:55,  2.18it/s, loss=1.2402]
Ep   1 [train]:  17%|█▋        | 25/145 [00:17<00:45,  2.62it/s, loss=1.2402]
Ep   1 [train]:  17%|█▋        | 25/145 [00:18<00:45,  2.62it/s, loss=1.0957]
Ep   1 [train]:  18%|█▊        | 26/145 [00:18<00:53,  2.22it/s, loss=1.0957]
Ep   1 [train]:  18%|█▊        | 26/145 [00:18<00:53,  2.22it/s, loss=1.1230]
Ep   1 [train]:  19%|█▊        | 27/145 [00:18<00:43,  2.70it/s, loss=1.1230]
Ep   1 [train]:  19%|█▊        | 27/145 [00:18<00:43,  2.70it/s, loss=1.0498]
Ep   1 [train]:  19%|█▉        | 28/145 [00:18<00:52,  2.24it/s, loss=1.0498]
Ep   1 [train]:  19%|█▉        | 28/145 [00:19<00:52,  2.24it/s, loss=0.9849]
Ep   1 [train]:  20%|██        | 29/145 [00:19<00:43,  2.68it/s, loss=0.9849]
Ep   1 [train]:  20%|██        | 29/145 [00:19<00:43,  2.68it/s, loss=0.8188]
Ep   1 [train]:  21%|██        | 30/145 [00:19<00:51,  2.22it/s, loss=0.8188]
Ep   1 [train]:  21%|██        | 30/145 [00:20<00:51,  2.22it/s, loss=0.7749]
Ep   1 [train]:  21%|██▏       | 31/145 [00:20<00:42,  2.66it/s, loss=0.7749]
Ep   1 [train]:  21%|██▏       | 31/145 [00:20<00:42,  2.66it/s, loss=1.1709]
Ep   1 [train]:  22%|██▏       | 32/145 [00:20<00:50,  2.22it/s, loss=1.1709]
Ep   1 [train]:  22%|██▏       | 32/145 [00:20<00:50,  2.22it/s, loss=0.6831]
Ep   1 [train]:  23%|██▎       | 33/145 [00:20<00:41,  2.72it/s, loss=0.6831]
Ep   1 [train]:  23%|██▎       | 33/145 [00:21<00:41,  2.72it/s, loss=0.7129]
Ep   1 [train]:  23%|██▎       | 34/145 [00:21<00:51,  2.17it/s, loss=0.7129]
Ep   1 [train]:  23%|██▎       | 34/145 [00:21<00:51,  2.17it/s, loss=0.7988]
Ep   1 [train]:  24%|██▍       | 35/145 [00:21<00:42,  2.59it/s, loss=0.7988]
Ep   1 [train]:  24%|██▍       | 35/145 [00:22<00:42,  2.59it/s, loss=0.7427]
Ep   1 [train]:  25%|██▍       | 36/145 [00:22<00:49,  2.20it/s, loss=0.7427]
Ep   1 [train]:  25%|██▍       | 36/145 [00:22<00:49,  2.20it/s, loss=0.8398]
Ep   1 [train]:  26%|██▌       | 37/145 [00:22<00:40,  2.66it/s, loss=0.8398]
Ep   1 [train]:  26%|██▌       | 37/145 [00:23<00:40,  2.66it/s, loss=0.8232]
Ep   1 [train]:  26%|██▌       | 38/145 [00:23<00:49,  2.16it/s, loss=0.8232]
Ep   1 [train]:  26%|██▌       | 38/145 [00:23<00:49,  2.16it/s, loss=0.7778]
Ep   1 [train]:  27%|██▋       | 39/145 [00:23<00:40,  2.63it/s, loss=0.7778]
Ep   1 [train]:  27%|██▋       | 39/145 [00:23<00:40,  2.63it/s, loss=0.5088]
Ep   1 [train]:  28%|██▊       | 40/145 [00:23<00:48,  2.18it/s, loss=0.5088]
Ep   1 [train]:  28%|██▊       | 40/145 [00:24<00:48,  2.18it/s, loss=0.6973]
Ep   1 [train]:  28%|██▊       | 41/145 [00:24<00:39,  2.63it/s, loss=0.6973]
Ep   1 [train]:  28%|██▊       | 41/145 [00:24<00:39,  2.63it/s, loss=0.5137]
Ep   1 [train]:  29%|██▉       | 42/145 [00:24<00:46,  2.22it/s, loss=0.5137]
Ep   1 [train]:  29%|██▉       | 42/145 [00:24<00:46,  2.22it/s, loss=0.6504]
Ep   1 [train]:  30%|██▉       | 43/145 [00:24<00:37,  2.69it/s, loss=0.6504]
Ep   1 [train]:  30%|██▉       | 43/145 [00:25<00:37,  2.69it/s, loss=0.5801]
Ep   1 [train]:  30%|███       | 44/145 [00:25<00:45,  2.20it/s, loss=0.5801]
Ep   1 [train]:  30%|███       | 44/145 [00:25<00:45,  2.20it/s, loss=0.5669]
Ep   1 [train]:  31%|███       | 45/145 [00:25<00:37,  2.68it/s, loss=0.5669]
Ep   1 [train]:  31%|███       | 45/145 [00:26<00:37,  2.68it/s, loss=0.4807]
Ep   1 [train]:  32%|███▏      | 46/145 [00:26<00:44,  2.20it/s, loss=0.4807]
Ep   1 [train]:  32%|███▏      | 46/145 [00:26<00:44,  2.20it/s, loss=0.6274]
Ep   1 [train]:  32%|███▏      | 47/145 [00:26<00:36,  2.67it/s, loss=0.6274]
Ep   1 [train]:  32%|███▏      | 47/145 [00:27<00:36,  2.67it/s, loss=0.5747]
Ep   1 [train]:  33%|███▎      | 48/145 [00:27<00:44,  2.20it/s, loss=0.5747]
Ep   1 [train]:  33%|███▎      | 48/145 [00:27<00:44,  2.20it/s, loss=0.5815]
Ep   1 [train]:  34%|███▍      | 49/145 [00:27<00:35,  2.68it/s, loss=0.5815]
Ep   1 [train]:  34%|███▍      | 49/145 [00:28<00:35,  2.68it/s, loss=0.5186]
Ep   1 [train]:  34%|███▍      | 50/145 [00:28<00:43,  2.18it/s, loss=0.5186]
Ep   1 [train]:  34%|███▍      | 50/145 [00:28<00:43,  2.18it/s, loss=0.3955]
Ep   1 [train]:  35%|███▌      | 51/145 [00:28<00:35,  2.67it/s, loss=0.3955]
Ep   1 [train]:  35%|███▌      | 51/145 [00:28<00:35,  2.67it/s, loss=0.4771]
Ep   1 [train]:  36%|███▌      | 52/145 [00:28<00:42,  2.20it/s, loss=0.4771]
Ep   1 [train]:  36%|███▌      | 52/145 [00:29<00:42,  2.20it/s, loss=0.4199]
Ep   1 [train]:  37%|███▋      | 53/145 [00:29<00:34,  2.67it/s, loss=0.4199]
Ep   1 [train]:  37%|███▋      | 53/145 [00:29<00:34,  2.67it/s, loss=0.4758]
Ep   1 [train]:  37%|███▋      | 54/145 [00:29<00:40,  2.22it/s, loss=0.4758]
Ep   1 [train]:  37%|███▋      | 54/145 [00:29<00:40,  2.22it/s, loss=0.4058]
Ep   1 [train]:  38%|███▊      | 55/145 [00:29<00:33,  2.70it/s, loss=0.4058]
Ep   1 [train]:  38%|███▊      | 55/145 [00:30<00:33,  2.70it/s, loss=0.6436]
Ep   1 [train]:  39%|███▊      | 56/145 [00:30<00:41,  2.15it/s, loss=0.6436]
Ep   1 [train]:  39%|███▊      | 56/145 [00:30<00:41,  2.15it/s, loss=0.5898]
Ep   1 [train]:  39%|███▉      | 57/145 [00:30<00:33,  2.60it/s, loss=0.5898]
Ep   1 [train]:  39%|███▉      | 57/145 [00:31<00:33,  2.60it/s, loss=0.5073]
Ep   1 [train]:  40%|████      | 58/145 [00:31<00:39,  2.23it/s, loss=0.5073]
Ep   1 [train]:  40%|████      | 58/145 [00:31<00:39,  2.23it/s, loss=0.5200]
Ep   1 [train]:  41%|████      | 59/145 [00:31<00:31,  2.71it/s, loss=0.5200]
Ep   1 [train]:  41%|████      | 59/145 [00:32<00:31,  2.71it/s, loss=0.3809]
Ep   1 [train]:  41%|████▏     | 60/145 [00:32<00:37,  2.26it/s, loss=0.3809]
Ep   1 [train]:  41%|████▏     | 60/145 [00:32<00:37,  2.26it/s, loss=0.3958]
Ep   1 [train]:  42%|████▏     | 61/145 [00:32<00:30,  2.76it/s, loss=0.3958]
Ep   1 [train]:  42%|████▏     | 61/145 [00:33<00:30,  2.76it/s, loss=0.4473]
Ep   1 [train]:  43%|████▎     | 62/145 [00:33<00:37,  2.20it/s, loss=0.4473]
Ep   1 [train]:  43%|████▎     | 62/145 [00:33<00:37,  2.20it/s, loss=0.4478]
Ep   1 [train]:  43%|████▎     | 63/145 [00:33<00:30,  2.67it/s, loss=0.4478]
Ep   1 [train]:  43%|████▎     | 63/145 [00:33<00:30,  2.67it/s, loss=0.3840]
Ep   1 [train]:  44%|████▍     | 64/145 [00:33<00:36,  2.23it/s, loss=0.3840]
Ep   1 [train]:  44%|████▍     | 64/145 [00:34<00:36,  2.23it/s, loss=0.3394]
Ep   1 [train]:  45%|████▍     | 65/145 [00:34<00:29,  2.71it/s, loss=0.3394]
Ep   1 [train]:  45%|████▍     | 65/145 [00:34<00:29,  2.71it/s, loss=0.4641]
Ep   1 [train]:  46%|████▌     | 66/145 [00:34<00:35,  2.24it/s, loss=0.4641]
Ep   1 [train]:  46%|████▌     | 66/145 [00:34<00:35,  2.24it/s, loss=0.4026]
Ep   1 [train]:  46%|████▌     | 67/145 [00:34<00:28,  2.69it/s, loss=0.4026]
Ep   1 [train]:  46%|████▌     | 67/145 [00:35<00:28,  2.69it/s, loss=0.3896]
Ep   1 [train]:  47%|████▋     | 68/145 [00:35<00:33,  2.28it/s, loss=0.3896]
Ep   1 [train]:  47%|████▋     | 68/145 [00:35<00:33,  2.28it/s, loss=0.3188]
Ep   1 [train]:  48%|████▊     | 69/145 [00:35<00:27,  2.78it/s, loss=0.3188]
Ep   1 [train]:  48%|████▊     | 69/145 [00:36<00:27,  2.78it/s, loss=0.3350]
Ep   1 [train]:  48%|████▊     | 70/145 [00:36<00:34,  2.19it/s, loss=0.3350]
Ep   1 [train]:  48%|████▊     | 70/145 [00:36<00:34,  2.19it/s, loss=0.4380]
Ep   1 [train]:  49%|████▉     | 71/145 [00:36<00:27,  2.65it/s, loss=0.4380]
Ep   1 [train]:  49%|████▉     | 71/145 [00:37<00:27,  2.65it/s, loss=0.3372]
Ep   1 [train]:  50%|████▉     | 72/145 [00:37<00:33,  2.21it/s, loss=0.3372]
Ep   1 [train]:  50%|████▉     | 72/145 [00:37<00:33,  2.21it/s, loss=0.3140]
Ep   1 [train]:  50%|█████     | 73/145 [00:37<00:26,  2.68it/s, loss=0.3140]
Ep   1 [train]:  50%|█████     | 73/145 [00:37<00:26,  2.68it/s, loss=0.3052]
Ep   1 [train]:  51%|█████     | 74/145 [00:37<00:30,  2.30it/s, loss=0.3052]
Ep   1 [train]:  51%|█████     | 74/145 [00:38<00:30,  2.30it/s, loss=0.3445]
Ep   1 [train]:  52%|█████▏    | 75/145 [00:38<00:25,  2.78it/s, loss=0.3445]
Ep   1 [train]:  52%|█████▏    | 75/145 [00:38<00:25,  2.78it/s, loss=0.3088]
Ep   1 [train]:  52%|█████▏    | 76/145 [00:38<00:30,  2.28it/s, loss=0.3088]
Ep   1 [train]:  52%|█████▏    | 76/145 [00:38<00:30,  2.28it/s, loss=0.2996]
Ep   1 [train]:  53%|█████▎    | 77/145 [00:38<00:24,  2.79it/s, loss=0.2996]
Ep   1 [train]:  53%|█████▎    | 77/145 [00:39<00:24,  2.79it/s, loss=0.3970]
Ep   1 [train]:  54%|█████▍    | 78/145 [00:39<00:30,  2.22it/s, loss=0.3970]
Ep   1 [train]:  54%|█████▍    | 78/145 [00:39<00:30,  2.22it/s, loss=0.2499]
Ep   1 [train]:  54%|█████▍    | 79/145 [00:39<00:24,  2.72it/s, loss=0.2499]
Ep   1 [train]:  54%|█████▍    | 79/145 [00:40<00:24,  2.72it/s, loss=0.3752]
Ep   1 [train]:  55%|█████▌    | 80/145 [00:40<00:29,  2.24it/s, loss=0.3752]
Ep   1 [train]:  55%|█████▌    | 80/145 [00:40<00:29,  2.24it/s, loss=0.2423]
Ep   1 [train]:  56%|█████▌    | 81/145 [00:40<00:23,  2.73it/s, loss=0.2423]
Ep   1 [train]:  56%|█████▌    | 81/145 [00:41<00:23,  2.73it/s, loss=0.2854]
Ep   1 [train]:  57%|█████▋    | 82/145 [00:41<00:28,  2.19it/s, loss=0.2854]
Ep   1 [train]:  57%|█████▋    | 82/145 [00:41<00:28,  2.19it/s, loss=0.3215]
Ep   1 [train]:  57%|█████▋    | 83/145 [00:41<00:23,  2.66it/s, loss=0.3215]
Ep   1 [train]:  57%|█████▋    | 83/145 [00:42<00:23,  2.66it/s, loss=0.2673]
Ep   1 [train]:  58%|█████▊    | 84/145 [00:42<00:27,  2.20it/s, loss=0.2673]
Ep   1 [train]:  58%|█████▊    | 84/145 [00:42<00:27,  2.20it/s, loss=0.2681]
Ep   1 [train]:  59%|█████▊    | 85/145 [00:42<00:22,  2.65it/s, loss=0.2681]
Ep   1 [train]:  59%|█████▊    | 85/145 [00:42<00:22,  2.65it/s, loss=0.3296]
Ep   1 [train]:  59%|█████▉    | 86/145 [00:42<00:27,  2.14it/s, loss=0.3296]
Ep   1 [train]:  59%|█████▉    | 86/145 [00:43<00:27,  2.14it/s, loss=0.2330]
Ep   1 [train]:  60%|██████    | 87/145 [00:43<00:22,  2.59it/s, loss=0.2330]
Ep   1 [train]:  60%|██████    | 87/145 [00:43<00:22,  2.59it/s, loss=0.2314]
Ep   1 [train]:  61%|██████    | 88/145 [00:43<00:25,  2.22it/s, loss=0.2314]
Ep   1 [train]:  61%|██████    | 88/145 [00:43<00:25,  2.22it/s, loss=0.2629]
Ep   1 [train]:  61%|██████▏   | 89/145 [00:43<00:20,  2.70it/s, loss=0.2629]
Ep   1 [train]:  61%|██████▏   | 89/145 [00:44<00:20,  2.70it/s, loss=0.2427]
Ep   1 [train]:  62%|██████▏   | 90/145 [00:44<00:24,  2.22it/s, loss=0.2427]
Ep   1 [train]:  62%|██████▏   | 90/145 [00:44<00:24,  2.22it/s, loss=0.3093]
Ep   1 [train]:  63%|██████▎   | 91/145 [00:44<00:20,  2.63it/s, loss=0.3093]
Ep   1 [train]:  63%|██████▎   | 91/145 [00:45<00:20,  2.63it/s, loss=0.2186]
Ep   1 [train]:  63%|██████▎   | 92/145 [00:45<00:23,  2.25it/s, loss=0.2186]
Ep   1 [train]:  63%|██████▎   | 92/145 [00:45<00:23,  2.25it/s, loss=0.2003]
Ep   1 [train]:  64%|██████▍   | 93/145 [00:45<00:19,  2.69it/s, loss=0.2003]
Ep   1 [train]:  64%|██████▍   | 93/145 [00:46<00:19,  2.69it/s, loss=0.2661]
Ep   1 [train]:  65%|██████▍   | 94/145 [00:46<00:23,  2.19it/s, loss=0.2661]
Ep   1 [train]:  65%|██████▍   | 94/145 [00:46<00:23,  2.19it/s, loss=0.2477]
Ep   1 [train]:  66%|██████▌   | 95/145 [00:46<00:19,  2.63it/s, loss=0.2477]
Ep   1 [train]:  66%|██████▌   | 95/145 [00:47<00:19,  2.63it/s, loss=0.1973]
Ep   1 [train]:  66%|██████▌   | 96/145 [00:47<00:22,  2.15it/s, loss=0.1973]
Ep   1 [train]:  66%|██████▌   | 96/145 [00:47<00:22,  2.15it/s, loss=0.2004]
Ep   1 [train]:  67%|██████▋   | 97/145 [00:47<00:18,  2.58it/s, loss=0.2004]
Ep   1 [train]:  67%|██████▋   | 97/145 [00:47<00:18,  2.58it/s, loss=0.1655]
Ep   1 [train]:  68%|██████▊   | 98/145 [00:47<00:20,  2.25it/s, loss=0.1655]
Ep   1 [train]:  68%|██████▊   | 98/145 [00:48<00:20,  2.25it/s, loss=0.2190]
Ep   1 [train]:  68%|██████▊   | 99/145 [00:48<00:17,  2.70it/s, loss=0.2190]
Ep   1 [train]:  68%|██████▊   | 99/145 [00:48<00:17,  2.70it/s, loss=0.1873]
Ep   1 [train]:  69%|██████▉   | 100/145 [00:48<00:20,  2.17it/s, loss=0.1873]
Ep   1 [train]:  69%|██████▉   | 100/145 [00:48<00:20,  2.17it/s, loss=0.2111]
Ep   1 [train]:  70%|██████▉   | 101/145 [00:48<00:16,  2.64it/s, loss=0.2111]
Ep   1 [train]:  70%|██████▉   | 101/145 [00:49<00:16,  2.64it/s, loss=0.2457]
Ep   1 [train]:  70%|███████   | 102/145 [00:49<00:19,  2.20it/s, loss=0.2457]
Ep   1 [train]:  70%|███████   | 102/145 [00:49<00:19,  2.20it/s, loss=0.2073]
Ep   1 [train]:  71%|███████   | 103/145 [00:49<00:15,  2.68it/s, loss=0.2073]
Ep   1 [train]:  71%|███████   | 103/145 [00:50<00:15,  2.68it/s, loss=0.2150]
Ep   1 [train]:  72%|███████▏  | 104/145 [00:50<00:18,  2.22it/s, loss=0.2150]
Ep   1 [train]:  72%|███████▏  | 104/145 [00:50<00:18,  2.22it/s, loss=0.2455]
Ep   1 [train]:  72%|███████▏  | 105/145 [00:50<00:15,  2.66it/s, loss=0.2455]
Ep   1 [train]:  72%|███████▏  | 105/145 [00:51<00:15,  2.66it/s, loss=0.1688]
Ep   1 [train]:  73%|███████▎  | 106/145 [00:51<00:17,  2.19it/s, loss=0.1688]
Ep   1 [train]:  73%|███████▎  | 106/145 [00:51<00:17,  2.19it/s, loss=0.1804]
Ep   1 [train]:  74%|███████▍  | 107/145 [00:51<00:14,  2.62it/s, loss=0.1804]
Ep   1 [train]:  74%|███████▍  | 107/145 [00:52<00:14,  2.62it/s, loss=0.1824]
Ep   1 [train]:  74%|███████▍  | 108/145 [00:52<00:17,  2.12it/s, loss=0.1824]
Ep   1 [train]:  74%|███████▍  | 108/145 [00:52<00:17,  2.12it/s, loss=0.2822]
Ep   1 [train]:  75%|███████▌  | 109/145 [00:52<00:14,  2.56it/s, loss=0.2822]
Ep   1 [train]:  75%|███████▌  | 109/145 [00:52<00:14,  2.56it/s, loss=0.1571]
Ep   1 [train]:  76%|███████▌  | 110/145 [00:52<00:15,  2.23it/s, loss=0.1571]
Ep   1 [train]:  76%|███████▌  | 110/145 [00:53<00:15,  2.23it/s, loss=0.1777]
Ep   1 [train]:  77%|███████▋  | 111/145 [00:53<00:12,  2.64it/s, loss=0.1777]
Ep   1 [train]:  77%|███████▋  | 111/145 [00:53<00:12,  2.64it/s, loss=0.1981]
Ep   1 [train]:  77%|███████▋  | 112/145 [00:53<00:14,  2.22it/s, loss=0.1981]
Ep   1 [train]:  77%|███████▋  | 112/145 [00:53<00:14,  2.22it/s, loss=0.2031]
Ep   1 [train]:  78%|███████▊  | 113/145 [00:53<00:11,  2.69it/s, loss=0.2031]
Ep   1 [train]:  78%|███████▊  | 113/145 [00:54<00:11,  2.69it/s, loss=0.1986]
Ep   1 [train]:  79%|███████▊  | 114/145 [00:54<00:14,  2.18it/s, loss=0.1986]
Ep   1 [train]:  79%|███████▊  | 114/145 [00:54<00:14,  2.18it/s, loss=0.1788]
Ep   1 [train]:  79%|███████▉  | 115/145 [00:54<00:11,  2.66it/s, loss=0.1788]
Ep   1 [train]:  79%|███████▉  | 115/145 [00:55<00:11,  2.66it/s, loss=0.1604]
Ep   1 [train]:  80%|████████  | 116/145 [00:55<00:13,  2.15it/s, loss=0.1604]
Ep   1 [train]:  80%|████████  | 116/145 [00:55<00:13,  2.15it/s, loss=0.1882]
Ep   1 [train]:  81%|████████  | 117/145 [00:55<00:10,  2.60it/s, loss=0.1882]
Ep   1 [train]:  81%|████████  | 117/145 [00:56<00:10,  2.60it/s, loss=0.1494]
Ep   1 [train]:  81%|████████▏ | 118/145 [00:56<00:12,  2.14it/s, loss=0.1494]
Ep   1 [train]:  81%|████████▏ | 118/145 [00:56<00:12,  2.14it/s, loss=0.2216]
Ep   1 [train]:  82%|████████▏ | 119/145 [00:56<00:10,  2.59it/s, loss=0.2216]
Ep   1 [train]:  82%|████████▏ | 119/145 [00:57<00:10,  2.59it/s, loss=0.1787]
Ep   1 [train]:  83%|████████▎ | 120/145 [00:57<00:11,  2.12it/s, loss=0.1787]
Ep   1 [train]:  83%|████████▎ | 120/145 [00:57<00:11,  2.12it/s, loss=0.1726]
Ep   1 [train]:  83%|████████▎ | 121/145 [00:57<00:09,  2.59it/s, loss=0.1726]
Ep   1 [train]:  83%|████████▎ | 121/145 [00:57<00:09,  2.59it/s, loss=0.2212]
Ep   1 [train]:  84%|████████▍ | 122/145 [00:57<00:10,  2.22it/s, loss=0.2212]
Ep   1 [train]:  84%|████████▍ | 122/145 [00:58<00:10,  2.22it/s, loss=0.1816]
Ep   1 [train]:  85%|████████▍ | 123/145 [00:58<00:08,  2.66it/s, loss=0.1816]
Ep   1 [train]:  85%|████████▍ | 123/145 [00:58<00:08,  2.66it/s, loss=0.1665]
Ep   1 [train]:  86%|████████▌ | 124/145 [00:58<00:09,  2.22it/s, loss=0.1665]
Ep   1 [train]:  86%|████████▌ | 124/145 [00:58<00:09,  2.22it/s, loss=0.1781]
Ep   1 [train]:  86%|████████▌ | 125/145 [00:58<00:07,  2.65it/s, loss=0.1781]
Ep   1 [train]:  86%|████████▌ | 125/145 [00:59<00:07,  2.65it/s, loss=0.1741]
Ep   1 [train]:  87%|████████▋ | 126/145 [00:59<00:08,  2.11it/s, loss=0.1741]
Ep   1 [train]:  87%|████████▋ | 126/145 [00:59<00:08,  2.11it/s, loss=0.1600]
Ep   1 [train]:  88%|████████▊ | 127/145 [00:59<00:06,  2.57it/s, loss=0.1600]
Ep   1 [train]:  88%|████████▊ | 127/145 [01:00<00:06,  2.57it/s, loss=0.1541]
Ep   1 [train]:  88%|████████▊ | 128/145 [01:00<00:07,  2.25it/s, loss=0.1541]
Ep   1 [train]:  88%|████████▊ | 128/145 [01:00<00:07,  2.25it/s, loss=0.2620]
Ep   1 [train]:  89%|████████▉ | 129/145 [01:00<00:05,  2.70it/s, loss=0.2620]
Ep   1 [train]:  89%|████████▉ | 129/145 [01:01<00:05,  2.70it/s, loss=0.1688]
Ep   1 [train]:  90%|████████▉ | 130/145 [01:01<00:06,  2.21it/s, loss=0.1688]
Ep   1 [train]:  90%|████████▉ | 130/145 [01:01<00:06,  2.21it/s, loss=0.2080]
Ep   1 [train]:  90%|█████████ | 131/145 [01:01<00:05,  2.68it/s, loss=0.2080]
Ep   1 [train]:  90%|█████████ | 131/145 [01:02<00:05,  2.68it/s, loss=0.1641]
Ep   1 [train]:  91%|█████████ | 132/145 [01:02<00:05,  2.22it/s, loss=0.1641]
Ep   1 [train]:  91%|█████████ | 132/145 [01:02<00:05,  2.22it/s, loss=0.1406]
Ep   1 [train]:  92%|█████████▏| 133/145 [01:02<00:04,  2.68it/s, loss=0.1406]
Ep   1 [train]:  92%|█████████▏| 133/145 [01:02<00:04,  2.68it/s, loss=0.1348]
Ep   1 [train]:  92%|█████████▏| 134/145 [01:02<00:05,  2.13it/s, loss=0.1348]
Ep   1 [train]:  92%|█████████▏| 134/145 [01:03<00:05,  2.13it/s, loss=0.1846]
Ep   1 [train]:  93%|█████████▎| 135/145 [01:03<00:03,  2.55it/s, loss=0.1846]
Ep   1 [train]:  93%|█████████▎| 135/145 [01:03<00:03,  2.55it/s, loss=0.1719]
Ep   1 [train]:  94%|█████████▍| 136/145 [01:03<00:04,  2.20it/s, loss=0.1719]
Ep   1 [train]:  94%|█████████▍| 136/145 [01:03<00:04,  2.20it/s, loss=0.1526]
Ep   1 [train]:  94%|█████████▍| 137/145 [01:03<00:02,  2.67it/s, loss=0.1526]
Ep   1 [train]:  94%|█████████▍| 137/145 [01:04<00:02,  2.67it/s, loss=0.1306]
Ep   1 [train]:  95%|█████████▌| 138/145 [01:04<00:03,  2.22it/s, loss=0.1306]
Ep   1 [train]:  95%|█████████▌| 138/145 [01:04<00:03,  2.22it/s, loss=0.1428]
Ep   1 [train]:  96%|█████████▌| 139/145 [01:04<00:02,  2.69it/s, loss=0.1428]
Ep   1 [train]:  96%|█████████▌| 139/145 [01:05<00:02,  2.69it/s, loss=0.1519]
Ep   1 [train]:  97%|█████████▋| 140/145 [01:05<00:02,  2.18it/s, loss=0.1519]
Ep   1 [train]:  97%|█████████▋| 140/145 [01:05<00:02,  2.18it/s, loss=0.1481]
Ep   1 [train]:  97%|█████████▋| 141/145 [01:05<00:01,  2.61it/s, loss=0.1481]
Ep   1 [train]:  97%|█████████▋| 141/145 [01:06<00:01,  2.61it/s, loss=0.1328]
Ep   1 [train]:  98%|█████████▊| 142/145 [01:06<00:01,  2.19it/s, loss=0.1328]
Ep   1 [train]:  98%|█████████▊| 142/145 [01:06<00:01,  2.19it/s, loss=0.1482]
Ep   1 [train]:  99%|█████████▊| 143/145 [01:06<00:00,  2.67it/s, loss=0.1482]
Ep   1 [train]:  99%|█████████▊| 143/145 [01:07<00:00,  2.67it/s, loss=0.1444]
Ep   1 [train]:  99%|█████████▉| 144/145 [01:07<00:00,  2.32it/s, loss=0.1444]
Ep   1 [train]:  99%|█████████▉| 144/145 [01:07<00:00,  2.32it/s, loss=0.1245]
Ep   1 [train]: 100%|██████████| 145/145 [01:07<00:00,  2.78it/s, loss=0.1245]
                                                                              
  Ep   1 [train]  loss=0.6424  rmse_c=0.3799  mae_c=0.2836  r2_c=-1.463  rmse_h=1.3520  mae_h=0.9027  r2_h=-9.514  sup=0.326

Ep   1 [val  ]:   0%|          | 0/39 [00:00<?, ?it/s]
Ep   1 [val  ]:   0%|          | 0/39 [00:01<?, ?it/s, loss=0.1832]
Ep   1 [val  ]:   3%|▎         | 1/39 [00:01<00:42,  1.12s/it, loss=0.1832]
Ep   1 [val  ]:   3%|▎         | 1/39 [00:01<00:42,  1.12s/it, loss=0.1445]
Ep   1 [val  ]:   5%|▌         | 2/39 [00:01<00:19,  1.92it/s, loss=0.1445]
Ep   1 [val  ]:   5%|▌         | 2/39 [00:01<00:19,  1.92it/s, loss=0.1333]
Ep   1 [val  ]:   8%|▊         | 3/39 [00:01<00:20,  1.74it/s, loss=0.1333]
Ep   1 [val  ]:   8%|▊         | 3/39 [00:02<00:20,  1.74it/s, loss=0.1196]
Ep   1 [val  ]:  10%|█         | 4/39 [00:02<00:14,  2.39it/s, loss=0.1196]
Ep   1 [val  ]:  10%|█         | 4/39 [00:02<00:14,  2.39it/s, loss=0.1671]
Ep   1 [val  ]:  13%|█▎        | 5/39 [00:02<00:18,  1.84it/s, loss=0.1671]
Ep   1 [val  ]:  13%|█▎        | 5/39 [00:03<00:18,  1.84it/s, loss=0.2231]
Ep   1 [val  ]:  15%|█▌        | 6/39 [00:03<00:14,  2.34it/s, loss=0.2231]
Ep   1 [val  ]:  15%|█▌        | 6/39 [00:03<00:14,  2.34it/s, loss=0.1534]
Ep   1 [val  ]:  18%|█▊        | 7/39 [00:03<00:17,  1.88it/s, loss=0.1534]
Ep   1 [val  ]:  18%|█▊        | 7/39 [00:03<00:17,  1.88it/s, loss=0.1389]
Ep   1 [val  ]:  21%|██        | 8/39 [00:03<00:13,  2.36it/s, loss=0.1389]
Ep   1 [val  ]:  21%|██        | 8/39 [00:04<00:13,  2.36it/s, loss=0.1438]
Ep   1 [val  ]:  23%|██▎       | 9/39 [00:04<00:16,  1.78it/s, loss=0.1438]
Ep   1 [val  ]:  23%|██▎       | 9/39 [00:04<00:16,  1.78it/s, loss=0.1267]
Ep   1 [val  ]:  26%|██▌       | 10/39 [00:04<00:12,  2.37it/s, loss=0.1267]
Ep   1 [val  ]:  26%|██▌       | 10/39 [00:05<00:12,  2.37it/s, loss=0.1575]
Ep   1 [val  ]:  28%|██▊       | 11/39 [00:05<00:15,  1.78it/s, loss=0.1575]
Ep   1 [val  ]:  28%|██▊       | 11/39 [00:05<00:15,  1.78it/s, loss=0.1316]
Ep   1 [val  ]:  31%|███       | 12/39 [00:05<00:11,  2.34it/s, loss=0.1316]
Ep   1 [val  ]:  31%|███       | 12/39 [00:06<00:11,  2.34it/s, loss=0.1407]
Ep   1 [val  ]:  33%|███▎      | 13/39 [00:06<00:14,  1.79it/s, loss=0.1407]
Ep   1 [val  ]:  33%|███▎      | 13/39 [00:06<00:14,  1.79it/s, loss=0.1631]
Ep   1 [val  ]:  33%|███▎      | 13/39 [00:07<00:14,  1.79it/s, loss=0.1741]
Ep   1 [val  ]:  38%|███▊      | 15/39 [00:07<00:12,  1.96it/s, loss=0.1741]
Ep   1 [val  ]:  38%|███▊      | 15/39 [00:07<00:12,  1.96it/s, loss=0.1704]
Ep   1 [val  ]:  38%|███▊      | 15/39 [00:08<00:12,  1.96it/s, loss=0.1990]
Ep   1 [val  ]:  44%|████▎     | 17/39 [00:08<00:10,  2.03it/s, loss=0.1990]
Ep   1 [val  ]:  44%|████▎     | 17/39 [00:08<00:10,  2.03it/s, loss=0.1824]
Ep   1 [val  ]:  46%|████▌     | 18/39 [00:08<00:08,  2.43it/s, loss=0.1824]
Ep   1 [val  ]:  46%|████▌     | 18/39 [00:09<00:08,  2.43it/s, loss=0.1730]
Ep   1 [val  ]:  49%|████▊     | 19/39 [00:09<00:10,  1.92it/s, loss=0.1730]
Ep   1 [val  ]:  49%|████▊     | 19/39 [00:09<00:10,  1.92it/s, loss=0.1230]
Ep   1 [val  ]:  49%|████▊     | 19/39 [00:10<00:10,  1.92it/s, loss=0.0908]
Ep   1 [val  ]:  54%|█████▍    | 21/39 [00:10<00:09,  1.98it/s, loss=0.0908]
Ep   1 [val  ]:  54%|█████▍    | 21/39 [00:10<00:09,  1.98it/s, loss=0.1056]
Ep   1 [val  ]:  54%|█████▍    | 21/39 [00:11<00:09,  1.98it/s, loss=0.0963]
Ep   1 [val  ]:  59%|█████▉    | 23/39 [00:11<00:07,  2.06it/s, loss=0.0963]
Ep   1 [val  ]:  59%|█████▉    | 23/39 [00:11<00:07,  2.06it/s, loss=0.1080]
Ep   1 [val  ]:  59%|█████▉    | 23/39 [00:12<00:07,  2.06it/s, loss=0.1044]
Ep   1 [val  ]:  64%|██████▍   | 25/39 [00:12<00:06,  2.07it/s, loss=0.1044]
Ep   1 [val  ]:  64%|██████▍   | 25/39 [00:12<00:06,  2.07it/s, loss=0.1164]
Ep   1 [val  ]:  64%|██████▍   | 25/39 [00:13<00:06,  2.07it/s, loss=0.1344]
Ep   1 [val  ]:  69%|██████▉   | 27/39 [00:13<00:05,  2.05it/s, loss=0.1344]
Ep   1 [val  ]:  69%|██████▉   | 27/39 [00:13<00:05,  2.05it/s, loss=0.1909]
Ep   1 [val  ]:  69%|██████▉   | 27/39 [00:14<00:05,  2.05it/s, loss=0.1375]
Ep   1 [val  ]:  74%|███████▍  | 29/39 [00:14<00:04,  2.18it/s, loss=0.1375]
Ep   1 [val  ]:  74%|███████▍  | 29/39 [00:14<00:04,  2.18it/s, loss=0.1307]
Ep   1 [val  ]:  77%|███████▋  | 30/39 [00:14<00:03,  2.48it/s, loss=0.1307]
Ep   1 [val  ]:  77%|███████▋  | 30/39 [00:15<00:03,  2.48it/s, loss=0.1038]
Ep   1 [val  ]:  79%|███████▉  | 31/39 [00:15<00:03,  2.13it/s, loss=0.1038]
Ep   1 [val  ]:  79%|███████▉  | 31/39 [00:15<00:03,  2.13it/s, loss=0.1064]
Ep   1 [val  ]:  79%|███████▉  | 31/39 [00:15<00:03,  2.13it/s, loss=0.1162]
Ep   1 [val  ]:  85%|████████▍ | 33/39 [00:15<00:02,  2.17it/s, loss=0.1162]
Ep   1 [val  ]:  85%|████████▍ | 33/39 [00:16<00:02,  2.17it/s, loss=0.1056]
Ep   1 [val  ]:  85%|████████▍ | 33/39 [00:16<00:02,  2.17it/s, loss=0.1009]
Ep   1 [val  ]:  90%|████████▉ | 35/39 [00:16<00:01,  2.17it/s, loss=0.1009]
Ep   1 [val  ]:  90%|████████▉ | 35/39 [00:17<00:01,  2.17it/s, loss=0.1057]
Ep   1 [val  ]:  90%|████████▉ | 35/39 [00:17<00:01,  2.17it/s, loss=0.0969]
Ep   1 [val  ]:  95%|█████████▍| 37/39 [00:17<00:00,  2.29it/s, loss=0.0969]
Ep   1 [val  ]:  95%|█████████▍| 37/39 [00:17<00:00,  2.29it/s, loss=0.1194]
Ep   1 [val  ]:  95%|█████████▍| 37/39 [00:18<00:00,  2.29it/s, loss=0.1853]
Ep   1 [val  ]: 100%|██████████| 39/39 [00:18<00:00,  2.27it/s, loss=0.1853]
                                                                            
  Ep   1 [val  ]  loss=0.1386  rmse_c=0.2633  mae_c=0.2265  r2_c=-0.139  rmse_h=0.4577  mae_h=0.3254  r2_h=-0.305  sup=0.308
  [new best] combined_val_rmse=0.3605

Ep   2 [train]:   0%|          | 0/145 [00:00<?, ?it/s]
Ep   2 [train]:   0%|          | 0/145 [00:01<?, ?it/s, loss=0.1503]
Ep   2 [train]:   1%|          | 1/145 [00:01<02:26,  1.01s/it, loss=0.1503]
Ep   2 [train]:   1%|          | 1/145 [00:01<02:26,  1.01s/it, loss=0.1575]
Ep   2 [train]:   1%|▏         | 2/145 [00:01<01:16,  1.88it/s, loss=0.1575]
Ep   2 [train]:   1%|▏         | 2/145 [00:01<01:16,  1.88it/s, loss=0.1237]
Ep   2 [train]:   2%|▏         | 3/145 [00:01<01:17,  1.84it/s, loss=0.1237]
Ep   2 [train]:   2%|▏         | 3/145 [00:01<01:17,  1.84it/s, loss=0.1208]
Ep   2 [train]:   3%|▎         | 4/145 [00:01<00:56,  2.51it/s, loss=0.1208]
Ep   2 [train]:   3%|▎         | 4/145 [00:02<00:56,  2.51it/s, loss=0.1283]
Ep   2 [train]:   3%|▎         | 5/145 [00:02<01:09,  2.03it/s, loss=0.1283]
Ep   2 [train]:   3%|▎         | 5/145 [00:02<01:09,  2.03it/s, loss=0.1276]
Ep   2 [train]:   4%|▍         | 6/145 [00:02<00:54,  2.57it/s, loss=0.1276]
Ep   2 [train]:   4%|▍         | 6/145 [00:03<00:54,  2.57it/s, loss=0.1240]
Ep   2 [train]:   5%|▍         | 7/145 [00:03<01:06,  2.09it/s, loss=0.1240]
Ep   2 [train]:   5%|▍         | 7/145 [00:03<01:06,  2.09it/s, loss=0.1423]
Ep   2 [train]:   6%|▌         | 8/145 [00:03<00:53,  2.56it/s, loss=0.1423]
Ep   2 [train]:   6%|▌         | 8/145 [00:04<00:53,  2.56it/s, loss=0.1331]
Ep   2 [train]:   6%|▌         | 9/145 [00:04<01:00,  2.26it/s, loss=0.1331]
Ep   2 [train]:   6%|▌         | 9/145 [00:04<01:00,  2.26it/s, loss=0.1227]
Ep   2 [train]:   7%|▋         | 10/145 [00:04<00:48,  2.76it/s, loss=0.1227]
Ep   2 [train]:   7%|▋         | 10/145 [00:05<00:48,  2.76it/s, loss=0.1572]
Ep   2 [train]:   8%|▊         | 11/145 [00:05<01:01,  2.18it/s, loss=0.1572]
Ep   2 [train]:   8%|▊         | 11/145 [00:05<01:01,  2.18it/s, loss=0.1245]
Ep   2 [train]:   8%|▊         | 12/145 [00:05<00:49,  2.68it/s, loss=0.1245]
Ep   2 [train]:   8%|▊         | 12/145 [00:05<00:49,  2.68it/s, loss=0.1304]
Ep   2 [train]:   9%|▉         | 13/145 [00:05<00:59,  2.21it/s, loss=0.1304]
Ep   2 [train]:   9%|▉         | 13/145 [00:06<00:59,  2.21it/s, loss=0.1232]
Ep   2 [train]:  10%|▉         | 14/145 [00:06<00:48,  2.72it/s, loss=0.1232]
Ep   2 [train]:  10%|▉         | 14/145 [00:06<00:48,  2.72it/s, loss=0.1276]
Ep   2 [train]:  10%|█         | 15/145 [00:06<00:58,  2.21it/s, loss=0.1276]
Ep   2 [train]:  10%|█         | 15/145 [00:06<00:58,  2.21it/s, loss=0.1360]
Ep   2 [train]:  11%|█         | 16/145 [00:06<00:47,  2.70it/s, loss=0.1360]
Ep   2 [train]:  11%|█         | 16/145 [00:07<00:47,  2.70it/s, loss=0.1509]
Ep   2 [train]:  12%|█▏        | 17/145 [00:07<00:58,  2.20it/s, loss=0.1509]
Ep   2 [train]:  12%|█▏        | 17/145 [00:07<00:58,  2.20it/s, loss=0.1318]
Ep   2 [train]:  12%|█▏        | 18/145 [00:07<00:47,  2.67it/s, loss=0.1318]
Ep   2 [train]:  12%|█▏        | 18/145 [00:08<00:47,  2.67it/s, loss=0.1298]
Ep   2 [train]:  13%|█▎        | 19/145 [00:08<00:55,  2.28it/s, loss=0.1298]
Ep   2 [train]:  13%|█▎        | 19/145 [00:08<00:55,  2.28it/s, loss=0.1172]
Ep   2 [train]:  14%|█▍        | 20/145 [00:08<00:45,  2.75it/s, loss=0.1172]
Ep   2 [train]:  14%|█▍        | 20/145 [00:09<00:45,  2.75it/s, loss=0.1465]
Ep   2 [train]:  14%|█▍        | 21/145 [00:09<00:56,  2.21it/s, loss=0.1465]
Ep   2 [train]:  14%|█▍        | 21/145 [00:09<00:56,  2.21it/s, loss=0.1283]
Ep   2 [train]:  15%|█▌        | 22/145 [00:09<00:45,  2.68it/s, loss=0.1283]
Ep   2 [train]:  15%|█▌        | 22/145 [00:09<00:45,  2.68it/s, loss=0.1238]
Ep   2 [train]:  16%|█▌        | 23/145 [00:09<00:52,  2.34it/s, loss=0.1238]
Ep   2 [train]:  16%|█▌        | 23/145 [00:10<00:52,  2.34it/s, loss=0.1013]
Ep   2 [train]:  17%|█▋        | 24/145 [00:10<00:42,  2.85it/s, loss=0.1013]
Ep   2 [train]:  17%|█▋        | 24/145 [00:10<00:42,  2.85it/s, loss=0.1362]
Ep   2 [train]:  17%|█▋        | 25/145 [00:10<00:53,  2.25it/s, loss=0.1362]
Ep   2 [train]:  17%|█▋        | 25/145 [00:10<00:53,  2.25it/s, loss=0.1519]
Ep   2 [train]:  18%|█▊        | 26/145 [00:10<00:44,  2.66it/s, loss=0.1519]
Ep   2 [train]:  18%|█▊        | 26/145 [00:11<00:44,  2.66it/s, loss=0.1357]
Ep   2 [train]:  19%|█▊        | 27/145 [00:11<00:54,  2.17it/s, loss=0.1357]
Ep   2 [train]:  19%|█▊        | 27/145 [00:11<00:54,  2.17it/s, loss=0.1118]
Ep   2 [train]:  19%|█▉        | 28/145 [00:11<00:43,  2.66it/s, loss=0.1118]
Ep   2 [train]:  19%|█▉        | 28/145 [00:12<00:43,  2.66it/s, loss=0.1158]
Ep   2 [train]:  20%|██        | 29/145 [00:12<00:53,  2.16it/s, loss=0.1158]
Ep   2 [train]:  20%|██        | 29/145 [00:12<00:53,  2.16it/s, loss=0.1271]
Ep   2 [train]:  21%|██        | 30/145 [00:12<00:44,  2.58it/s, loss=0.1271]
Ep   2 [train]:  21%|██        | 30/145 [00:13<00:44,  2.58it/s, loss=0.1120]
Ep   2 [train]:  21%|██▏       | 31/145 [00:13<00:53,  2.15it/s, loss=0.1120]
Ep   2 [train]:  21%|██▏       | 31/145 [00:13<00:53,  2.15it/s, loss=0.1260]
Ep   2 [train]:  22%|██▏       | 32/145 [00:13<00:43,  2.58it/s, loss=0.1260]
Ep   2 [train]:  22%|██▏       | 32/145 [00:14<00:43,  2.58it/s, loss=0.1136]
Ep   2 [train]:  23%|██▎       | 33/145 [00:14<00:51,  2.15it/s, loss=0.1136]
Ep   2 [train]:  23%|██▎       | 33/145 [00:14<00:51,  2.15it/s, loss=0.1046]
Ep   2 [train]:  23%|██▎       | 34/145 [00:14<00:42,  2.64it/s, loss=0.1046]
Ep   2 [train]:  23%|██▎       | 34/145 [00:15<00:42,  2.64it/s, loss=0.1201]
Ep   2 [train]:  24%|██▍       | 35/145 [00:15<00:53,  2.05it/s, loss=0.1201]
Ep   2 [train]:  24%|██▍       | 35/145 [00:15<00:53,  2.05it/s, loss=0.1130]
Ep   2 [train]:  25%|██▍       | 36/145 [00:15<00:44,  2.47it/s, loss=0.1130]
Ep   2 [train]:  25%|██▍       | 36/145 [00:15<00:44,  2.47it/s, loss=0.1451]
Ep   2 [train]:  26%|██▌       | 37/145 [00:15<00:51,  2.08it/s, loss=0.1451]
Ep   2 [train]:  26%|██▌       | 37/145 [00:16<00:51,  2.08it/s, loss=0.1107]
Ep   2 [train]:  26%|██▌       | 38/145 [00:16<00:42,  2.54it/s, loss=0.1107]
Ep   2 [train]:  26%|██▌       | 38/145 [00:16<00:42,  2.54it/s, loss=0.1184]
Ep   2 [train]:  27%|██▋       | 39/145 [00:16<00:51,  2.05it/s, loss=0.1184]
Ep   2 [train]:  27%|██▋       | 39/145 [00:17<00:51,  2.05it/s, loss=0.1152]
Ep   2 [train]:  28%|██▊       | 40/145 [00:17<00:42,  2.50it/s, loss=0.1152]
Ep   2 [train]:  28%|██▊       | 40/145 [00:17<00:42,  2.50it/s, loss=0.1063]
Ep   2 [train]:  28%|██▊       | 41/145 [00:17<00:51,  2.01it/s, loss=0.1063]
Ep   2 [train]:  28%|██▊       | 41/145 [00:17<00:51,  2.01it/s, loss=0.1202]
Ep   2 [train]:  29%|██▉       | 42/145 [00:17<00:41,  2.50it/s, loss=0.1202]
Ep   2 [train]:  29%|██▉       | 42/145 [00:18<00:41,  2.50it/s, loss=0.1136]
Ep   2 [train]:  30%|██▉       | 43/145 [00:18<00:47,  2.15it/s, loss=0.1136]
Ep   2 [train]:  30%|██▉       | 43/145 [00:18<00:47,  2.15it/s, loss=0.1138]
Ep   2 [train]:  30%|███       | 44/145 [00:18<00:39,  2.57it/s, loss=0.1138]
Ep   2 [train]:  30%|███       | 44/145 [00:19<00:39,  2.57it/s, loss=0.1450]
Ep   2 [train]:  31%|███       | 45/145 [00:19<00:47,  2.12it/s, loss=0.1450]
Ep   2 [train]:  31%|███       | 45/145 [00:19<00:47,  2.12it/s, loss=0.1670]
Ep   2 [train]:  32%|███▏      | 46/145 [00:19<00:39,  2.54it/s, loss=0.1670]
Ep   2 [train]:  32%|███▏      | 46/145 [00:20<00:39,  2.54it/s, loss=0.1036]
Ep   2 [train]:  32%|███▏      | 47/145 [00:20<00:43,  2.24it/s, loss=0.1036]
Ep   2 [train]:  32%|███▏      | 47/145 [00:20<00:43,  2.24it/s, loss=0.1201]
Ep   2 [train]:  33%|███▎      | 48/145 [00:20<00:35,  2.73it/s, loss=0.1201]
Ep   2 [train]:  33%|███▎      | 48/145 [00:21<00:35,  2.73it/s, loss=0.1206]
Ep   2 [train]:  34%|███▍      | 49/145 [00:21<00:43,  2.22it/s, loss=0.1206]
Ep   2 [train]:  34%|███▍      | 49/145 [00:21<00:43,  2.22it/s, loss=0.1084]
Ep   2 [train]:  34%|███▍      | 50/145 [00:21<00:34,  2.72it/s, loss=0.1084]
Ep   2 [train]:  34%|███▍      | 50/145 [00:21<00:34,  2.72it/s, loss=0.1066]
Ep   2 [train]:  35%|███▌      | 51/145 [00:21<00:42,  2.23it/s, loss=0.1066]
Ep   2 [train]:  35%|███▌      | 51/145 [00:22<00:42,  2.23it/s, loss=0.1107]
Ep   2 [train]:  36%|███▌      | 52/145 [00:22<00:34,  2.70it/s, loss=0.1107]
Ep   2 [train]:  36%|███▌      | 52/145 [00:22<00:34,  2.70it/s, loss=0.1104]
Ep   2 [train]:  37%|███▋      | 53/145 [00:22<00:41,  2.22it/s, loss=0.1104]
Ep   2 [train]:  37%|███▋      | 53/145 [00:22<00:41,  2.22it/s, loss=0.1058]
Ep   2 [train]:  37%|███▋      | 54/145 [00:22<00:34,  2.66it/s, loss=0.1058]
Ep   2 [train]:  37%|███▋      | 54/145 [00:23<00:34,  2.66it/s, loss=0.1093]
Ep   2 [train]:  38%|███▊      | 55/145 [00:23<00:40,  2.22it/s, loss=0.1093]
Ep   2 [train]:  38%|███▊      | 55/145 [00:23<00:40,  2.22it/s, loss=0.0991]
Ep   2 [train]:  39%|███▊      | 56/145 [00:23<00:33,  2.70it/s, loss=0.0991]
Ep   2 [train]:  39%|███▊      | 56/145 [00:24<00:33,  2.70it/s, loss=0.1083]
Ep   2 [train]:  39%|███▉      | 57/145 [00:24<00:41,  2.12it/s, loss=0.1083]
Ep   2 [train]:  39%|███▉      | 57/145 [00:24<00:41,  2.12it/s, loss=0.1234]
Ep   2 [train]:  40%|████      | 58/145 [00:24<00:33,  2.57it/s, loss=0.1234]
Ep   2 [train]:  40%|████      | 58/145 [00:25<00:33,  2.57it/s, loss=0.1216]
Ep   2 [train]:  41%|████      | 59/145 [00:25<00:37,  2.31it/s, loss=0.1216]
Ep   2 [train]:  41%|████      | 59/145 [00:25<00:37,  2.31it/s, loss=0.1119]
Ep   2 [train]:  41%|████▏     | 60/145 [00:25<00:31,  2.73it/s, loss=0.1119]
Ep   2 [train]:  41%|████▏     | 60/145 [00:25<00:31,  2.73it/s, loss=0.1116]
Ep   2 [train]:  42%|████▏     | 61/145 [00:25<00:37,  2.27it/s, loss=0.1116]
Ep   2 [train]:  42%|████▏     | 61/145 [00:26<00:37,  2.27it/s, loss=0.1050]
Ep   2 [train]:  43%|████▎     | 62/145 [00:26<00:30,  2.75it/s, loss=0.1050]
Ep   2 [train]:  43%|████▎     | 62/145 [00:26<00:30,  2.75it/s, loss=0.1254]
Ep   2 [train]:  43%|████▎     | 63/145 [00:26<00:37,  2.19it/s, loss=0.1254]
Ep   2 [train]:  43%|████▎     | 63/145 [00:27<00:37,  2.19it/s, loss=0.1097]
Ep   2 [train]:  44%|████▍     | 64/145 [00:27<00:30,  2.65it/s, loss=0.1097]
Ep   2 [train]:  44%|████▍     | 64/145 [00:27<00:30,  2.65it/s, loss=0.1132]
Ep   2 [train]:  45%|████▍     | 65/145 [00:27<00:36,  2.16it/s, loss=0.1132]
Ep   2 [train]:  45%|████▍     | 65/145 [00:27<00:36,  2.16it/s, loss=0.1434]
Ep   2 [train]:  46%|████▌     | 66/145 [00:27<00:30,  2.59it/s, loss=0.1434]
Ep   2 [train]:  46%|████▌     | 66/145 [00:28<00:30,  2.59it/s, loss=0.1086]
Ep   2 [train]:  46%|████▌     | 67/145 [00:28<00:35,  2.20it/s, loss=0.1086]
Ep   2 [train]:  46%|████▌     | 67/145 [00:28<00:35,  2.20it/s, loss=0.1209]
Ep   2 [train]:  47%|████▋     | 68/145 [00:28<00:28,  2.67it/s, loss=0.1209]
Ep   2 [train]:  47%|████▋     | 68/145 [00:29<00:28,  2.67it/s, loss=0.1327]
Ep   2 [train]:  48%|████▊     | 69/145 [00:29<00:35,  2.12it/s, loss=0.1327]
Ep   2 [train]:  48%|████▊     | 69/145 [00:29<00:35,  2.12it/s, loss=0.1135]
Ep   2 [train]:  48%|████▊     | 70/145 [00:29<00:28,  2.61it/s, loss=0.1135]
Ep   2 [train]:  48%|████▊     | 70/145 [00:30<00:28,  2.61it/s, loss=0.1063]
Ep   2 [train]:  49%|████▉     | 71/145 [00:30<00:34,  2.16it/s, loss=0.1063]
Ep   2 [train]:  49%|████▉     | 71/145 [00:30<00:34,  2.16it/s, loss=0.1039]
Ep   2 [train]:  50%|████▉     | 72/145 [00:30<00:27,  2.65it/s, loss=0.1039]
Ep   2 [train]:  50%|████▉     | 72/145 [00:31<00:27,  2.65it/s, loss=0.1152]
Ep   2 [train]:  50%|█████     | 73/145 [00:31<00:32,  2.20it/s, loss=0.1152]
Ep   2 [train]:  50%|█████     | 73/145 [00:31<00:32,  2.20it/s, loss=0.1040]
Ep   2 [train]:  51%|█████     | 74/145 [00:31<00:26,  2.67it/s, loss=0.1040]
Ep   2 [train]:  51%|█████     | 74/145 [00:31<00:26,  2.67it/s, loss=0.0948]
Ep   2 [train]:  52%|█████▏    | 75/145 [00:31<00:32,  2.14it/s, loss=0.0948]
Ep   2 [train]:  52%|█████▏    | 75/145 [00:32<00:32,  2.14it/s, loss=0.1028]
Ep   2 [train]:  52%|█████▏    | 76/145 [00:32<00:26,  2.63it/s, loss=0.1028]
Ep   2 [train]:  52%|█████▏    | 76/145 [00:32<00:26,  2.63it/s, loss=0.1028]
Ep   2 [train]:  53%|█████▎    | 77/145 [00:32<00:32,  2.12it/s, loss=0.1028]
Ep   2 [train]:  53%|█████▎    | 77/145 [00:32<00:32,  2.12it/s, loss=0.1008]
Ep   2 [train]:  54%|█████▍    | 78/145 [00:32<00:25,  2.62it/s, loss=0.1008]
Ep   2 [train]:  54%|█████▍    | 78/145 [00:33<00:25,  2.62it/s, loss=0.1087]
Ep   2 [train]:  54%|█████▍    | 79/145 [00:33<00:30,  2.17it/s, loss=0.1087]
Ep   2 [train]:  54%|█████▍    | 79/145 [00:33<00:30,  2.17it/s, loss=0.0988]
Ep   2 [train]:  55%|█████▌    | 80/145 [00:33<00:24,  2.62it/s, loss=0.0988]
Ep   2 [train]:  55%|█████▌    | 80/145 [00:34<00:24,  2.62it/s, loss=0.1077]
Ep   2 [train]:  56%|█████▌    | 81/145 [00:34<00:30,  2.12it/s, loss=0.1077]
Ep   2 [train]:  56%|█████▌    | 81/145 [00:34<00:30,  2.12it/s, loss=0.1106]
Ep   2 [train]:  57%|█████▋    | 82/145 [00:34<00:24,  2.59it/s, loss=0.1106]
Ep   2 [train]:  57%|█████▋    | 82/145 [00:35<00:24,  2.59it/s, loss=0.1038]
Ep   2 [train]:  57%|█████▋    | 83/145 [00:35<00:28,  2.17it/s, loss=0.1038]
Ep   2 [train]:  57%|█████▋    | 83/145 [00:35<00:28,  2.17it/s, loss=0.1041]
Ep   2 [train]:  58%|█████▊    | 84/145 [00:35<00:23,  2.64it/s, loss=0.1041]
Ep   2 [train]:  58%|█████▊    | 84/145 [00:36<00:23,  2.64it/s, loss=0.1157]
Ep   2 [train]:  59%|█████▊    | 85/145 [00:36<00:27,  2.20it/s, loss=0.1157]
Ep   2 [train]:  59%|█████▊    | 85/145 [00:36<00:27,  2.20it/s, loss=0.0989]
Ep   2 [train]:  59%|█████▉    | 86/145 [00:36<00:21,  2.70it/s, loss=0.0989]
Ep   2 [train]:  59%|█████▉    | 86/145 [00:36<00:21,  2.70it/s, loss=0.1132]
Ep   2 [train]:  60%|██████    | 87/145 [00:36<00:26,  2.16it/s, loss=0.1132]
Ep   2 [train]:  60%|██████    | 87/145 [00:37<00:26,  2.16it/s, loss=0.1104]
Ep   2 [train]:  61%|██████    | 88/145 [00:37<00:21,  2.66it/s, loss=0.1104]
Ep   2 [train]:  61%|██████    | 88/145 [00:37<00:21,  2.66it/s, loss=0.1012]
Ep   2 [train]:  61%|██████▏   | 89/145 [00:37<00:25,  2.16it/s, loss=0.1012]
Ep   2 [train]:  61%|██████▏   | 89/145 [00:37<00:25,  2.16it/s, loss=0.0992]
Ep   2 [train]:  62%|██████▏   | 90/145 [00:37<00:20,  2.65it/s, loss=0.0992]
Ep   2 [train]:  62%|██████▏   | 90/145 [00:38<00:20,  2.65it/s, loss=0.1176]
Ep   2 [train]:  63%|██████▎   | 91/145 [00:38<00:25,  2.12it/s, loss=0.1176]
Ep   2 [train]:  63%|██████▎   | 91/145 [00:38<00:25,  2.12it/s, loss=0.1243]
Ep   2 [train]:  63%|██████▎   | 92/145 [00:38<00:20,  2.63it/s, loss=0.1243]
Ep   2 [train]:  63%|██████▎   | 92/145 [00:39<00:20,  2.63it/s, loss=0.0999]
Ep   2 [train]:  64%|██████▍   | 93/145 [00:39<00:23,  2.19it/s, loss=0.0999]
Ep   2 [train]:  64%|██████▍   | 93/145 [00:39<00:23,  2.19it/s, loss=0.1257]
Ep   2 [train]:  65%|██████▍   | 94/145 [00:39<00:19,  2.61it/s, loss=0.1257]
Ep   2 [train]:  65%|██████▍   | 94/145 [00:40<00:19,  2.61it/s, loss=0.0927]
Ep   2 [train]:  66%|██████▌   | 95/145 [00:40<00:22,  2.19it/s, loss=0.0927]
Ep   2 [train]:  66%|██████▌   | 95/145 [00:40<00:22,  2.19it/s, loss=0.0977]
Ep   2 [train]:  66%|██████▌   | 96/145 [00:40<00:18,  2.69it/s, loss=0.0977]
Ep   2 [train]:  66%|██████▌   | 96/145 [00:41<00:18,  2.69it/s, loss=0.0993]
Ep   2 [train]:  67%|██████▋   | 97/145 [00:41<00:22,  2.17it/s, loss=0.0993]
Ep   2 [train]:  67%|██████▋   | 97/145 [00:41<00:22,  2.17it/s, loss=0.0900]
Ep   2 [train]:  68%|██████▊   | 98/145 [00:41<00:17,  2.68it/s, loss=0.0900]
Ep   2 [train]:  68%|██████▊   | 98/145 [00:41<00:17,  2.68it/s, loss=0.0958]
Ep   2 [train]:  68%|██████▊   | 99/145 [00:41<00:20,  2.24it/s, loss=0.0958]
Ep   2 [train]:  68%|██████▊   | 99/145 [00:42<00:20,  2.24it/s, loss=0.0905]
Ep   2 [train]:  69%|██████▉   | 100/145 [00:42<00:16,  2.73it/s, loss=0.0905]
Ep   2 [train]:  69%|██████▉   | 100/145 [00:42<00:16,  2.73it/s, loss=0.1247]
Ep   2 [train]:  70%|██████▉   | 101/145 [00:42<00:19,  2.21it/s, loss=0.1247]
Ep   2 [train]:  70%|██████▉   | 101/145 [00:42<00:19,  2.21it/s, loss=0.1246]
Ep   2 [train]:  70%|███████   | 102/145 [00:42<00:15,  2.70it/s, loss=0.1246]
Ep   2 [train]:  70%|███████   | 102/145 [00:43<00:15,  2.70it/s, loss=0.1045]
Ep   2 [train]:  71%|███████   | 103/145 [00:43<00:19,  2.17it/s, loss=0.1045]
Ep   2 [train]:  71%|███████   | 103/145 [00:43<00:19,  2.17it/s, loss=0.1054]
Ep   2 [train]:  72%|███████▏  | 104/145 [00:43<00:15,  2.62it/s, loss=0.1054]
Ep   2 [train]:  72%|███████▏  | 104/145 [00:44<00:15,  2.62it/s, loss=0.1064]
Ep   2 [train]:  72%|███████▏  | 105/145 [00:44<00:18,  2.16it/s, loss=0.1064]
Ep   2 [train]:  72%|███████▏  | 105/145 [00:44<00:18,  2.16it/s, loss=0.1051]
Ep   2 [train]:  73%|███████▎  | 106/145 [00:44<00:14,  2.65it/s, loss=0.1051]
Ep   2 [train]:  73%|███████▎  | 106/145 [00:45<00:14,  2.65it/s, loss=0.1042]
Ep   2 [train]:  74%|███████▍  | 107/145 [00:45<00:17,  2.21it/s, loss=0.1042]
Ep   2 [train]:  74%|███████▍  | 107/145 [00:45<00:17,  2.21it/s, loss=0.1260]
Ep   2 [train]:  74%|███████▍  | 108/145 [00:45<00:13,  2.69it/s, loss=0.1260]
Ep   2 [train]:  74%|███████▍  | 108/145 [00:46<00:13,  2.69it/s, loss=0.1393]
Ep   2 [train]:  75%|███████▌  | 109/145 [00:46<00:17,  2.10it/s, loss=0.1393]
Ep   2 [train]:  75%|███████▌  | 109/145 [00:46<00:17,  2.10it/s, loss=0.1042]
Ep   2 [train]:  76%|███████▌  | 110/145 [00:46<00:13,  2.58it/s, loss=0.1042]
Ep   2 [train]:  76%|███████▌  | 110/145 [00:46<00:13,  2.58it/s, loss=0.1190]
Ep   2 [train]:  77%|███████▋  | 111/145 [00:46<00:16,  2.12it/s, loss=0.1190]
Ep   2 [train]:  77%|███████▋  | 111/145 [00:47<00:16,  2.12it/s, loss=0.1042]
Ep   2 [train]:  77%|███████▋  | 112/145 [00:47<00:13,  2.47it/s, loss=0.1042]
Ep   2 [train]:  77%|███████▋  | 112/145 [00:47<00:13,  2.47it/s, loss=0.0953]
Ep   2 [train]:  78%|███████▊  | 113/145 [00:47<00:15,  2.06it/s, loss=0.0953]
Ep   2 [train]:  78%|███████▊  | 113/145 [00:48<00:15,  2.06it/s, loss=0.1058]
Ep   2 [train]:  79%|███████▊  | 114/145 [00:48<00:12,  2.46it/s, loss=0.1058]
Ep   2 [train]:  79%|███████▊  | 114/145 [00:48<00:12,  2.46it/s, loss=0.1030]
Ep   2 [train]:  79%|███████▉  | 115/145 [00:48<00:14,  2.00it/s, loss=0.1030]
Ep   2 [train]:  79%|███████▉  | 115/145 [00:49<00:14,  2.00it/s, loss=0.0948]
Ep   2 [train]:  80%|████████  | 116/145 [00:49<00:12,  2.36it/s, loss=0.0948]
Ep   2 [train]:  80%|████████  | 116/145 [00:49<00:12,  2.36it/s, loss=0.1108]
Ep   2 [train]:  81%|████████  | 117/145 [00:49<00:13,  2.01it/s, loss=0.1108]
Ep   2 [train]:  81%|████████  | 117/145 [00:49<00:13,  2.01it/s, loss=0.0957]
Ep   2 [train]:  81%|████████▏ | 118/145 [00:49<00:11,  2.45it/s, loss=0.0957]
Ep   2 [train]:  81%|████████▏ | 118/145 [00:50<00:11,  2.45it/s, loss=0.1104]
Ep   2 [train]:  82%|████████▏ | 119/145 [00:50<00:12,  2.10it/s, loss=0.1104]
Ep   2 [train]:  82%|████████▏ | 119/145 [00:50<00:12,  2.10it/s, loss=0.0975]
Ep   2 [train]:  83%|████████▎ | 120/145 [00:50<00:10,  2.48it/s, loss=0.0975]
Ep   2 [train]:  83%|████████▎ | 120/145 [00:51<00:10,  2.48it/s, loss=0.1054]
Ep   2 [train]:  83%|████████▎ | 121/145 [00:51<00:11,  2.01it/s, loss=0.1054]
Ep   2 [train]:  83%|████████▎ | 121/145 [00:51<00:11,  2.01it/s, loss=0.0919]
Ep   2 [train]:  84%|████████▍ | 122/145 [00:51<00:09,  2.50it/s, loss=0.0919]
Ep   2 [train]:  84%|████████▍ | 122/145 [00:52<00:09,  2.50it/s, loss=0.1093]
Ep   2 [train]:  85%|████████▍ | 123/145 [00:52<00:10,  2.06it/s, loss=0.1093]
Ep   2 [train]:  85%|████████▍ | 123/145 [00:52<00:10,  2.06it/s, loss=0.1038]
Ep   2 [train]:  86%|████████▌ | 124/145 [00:52<00:08,  2.46it/s, loss=0.1038]
Ep   2 [train]:  86%|████████▌ | 124/145 [00:53<00:08,  2.46it/s, loss=0.1028]
Ep   2 [train]:  86%|████████▌ | 125/145 [00:53<00:09,  2.07it/s, loss=0.1028]
Ep   2 [train]:  86%|████████▌ | 125/145 [00:53<00:09,  2.07it/s, loss=0.1034]
Ep   2 [train]:  87%|████████▋ | 126/145 [00:53<00:07,  2.55it/s, loss=0.1034]
Ep   2 [train]:  87%|████████▋ | 126/145 [00:54<00:07,  2.55it/s, loss=0.1122]
Ep   2 [train]:  88%|████████▊ | 127/145 [00:54<00:08,  2.12it/s, loss=0.1122]
Ep   2 [train]:  88%|████████▊ | 127/145 [00:54<00:08,  2.12it/s, loss=0.0978]
Ep   2 [train]:  88%|████████▊ | 128/145 [00:54<00:06,  2.56it/s, loss=0.0978]
Ep   2 [train]:  88%|████████▊ | 128/145 [00:54<00:06,  2.56it/s, loss=0.0862]
Ep   2 [train]:  89%|████████▉ | 129/145 [00:54<00:07,  2.17it/s, loss=0.0862]
Ep   2 [train]:  89%|████████▉ | 129/145 [00:55<00:07,  2.17it/s, loss=0.1090]
Ep   2 [train]:  90%|████████▉ | 130/145 [00:55<00:05,  2.62it/s, loss=0.1090]
Ep   2 [train]:  90%|████████▉ | 130/145 [00:55<00:05,  2.62it/s, loss=0.1000]
Ep   2 [train]:  90%|█████████ | 131/145 [00:55<00:06,  2.22it/s, loss=0.1000]
Ep   2 [train]:  90%|█████████ | 131/145 [00:55<00:06,  2.22it/s, loss=0.1033]
Ep   2 [train]:  91%|█████████ | 132/145 [00:55<00:04,  2.70it/s, loss=0.1033]
Ep   2 [train]:  91%|█████████ | 132/145 [00:56<00:04,  2.70it/s, loss=0.1049]
Ep   2 [train]:  92%|█████████▏| 133/145 [00:56<00:05,  2.10it/s, loss=0.1049]
Ep   2 [train]:  92%|█████████▏| 133/145 [00:56<00:05,  2.10it/s, loss=0.0991]
Ep   2 [train]:  92%|█████████▏| 134/145 [00:56<00:04,  2.52it/s, loss=0.0991]
Ep   2 [train]:  92%|█████████▏| 134/145 [00:57<00:04,  2.52it/s, loss=0.0939]
Ep   2 [train]:  93%|█████████▎| 135/145 [00:57<00:05,  1.95it/s, loss=0.0939]
Ep   2 [train]:  93%|█████████▎| 135/145 [00:57<00:05,  1.95it/s, loss=0.1248]
Ep   2 [train]:  94%|█████████▍| 136/145 [00:57<00:03,  2.41it/s, loss=0.1248]
Ep   2 [train]:  94%|█████████▍| 136/145 [00:58<00:03,  2.41it/s, loss=0.1115]
Ep   2 [train]:  94%|█████████▍| 137/145 [00:58<00:03,  2.05it/s, loss=0.1115]
Ep   2 [train]:  94%|█████████▍| 137/145 [00:58<00:03,  2.05it/s, loss=0.0989]
Ep   2 [train]:  95%|█████████▌| 138/145 [00:58<00:02,  2.52it/s, loss=0.0989]
Ep   2 [train]:  95%|█████████▌| 138/145 [00:59<00:02,  2.52it/s, loss=0.0931]
Ep   2 [train]:  96%|█████████▌| 139/145 [00:59<00:03,  1.96it/s, loss=0.0931]
Ep   2 [train]:  96%|█████████▌| 139/145 [00:59<00:03,  1.96it/s, loss=0.1047]
Ep   2 [train]:  97%|█████████▋| 140/145 [00:59<00:02,  2.40it/s, loss=0.1047]
Ep   2 [train]:  97%|█████████▋| 140/145 [01:00<00:02,  2.40it/s, loss=0.1098]
Ep   2 [train]:  97%|█████████▋| 141/145 [01:00<00:01,  2.04it/s, loss=0.1098]
Ep   2 [train]:  97%|█████████▋| 141/145 [01:00<00:01,  2.04it/s, loss=0.1091]
Ep   2 [train]:  98%|█████████▊| 142/145 [01:00<00:01,  2.53it/s, loss=0.1091]
Ep   2 [train]:  98%|█████████▊| 142/145 [01:01<00:01,  2.53it/s, loss=0.0905]
Ep   2 [train]:  99%|█████████▊| 143/145 [01:01<00:00,  2.17it/s, loss=0.0905]
Ep   2 [train]:  99%|█████████▊| 143/145 [01:01<00:00,  2.17it/s, loss=0.1058]
Ep   2 [train]:  99%|█████████▉| 144/145 [01:01<00:00,  2.64it/s, loss=0.1058]
Ep   2 [train]:  99%|█████████▉| 144/145 [01:01<00:00,  2.64it/s, loss=0.1065]
Ep   2 [train]: 100%|██████████| 145/145 [01:01<00:00,  2.22it/s, loss=0.1065]
                                                                              
  Ep   2 [train]  loss=0.1139  rmse_c=0.2535  mae_c=0.2220  r2_c=-0.096  rmse_h=0.4264  mae_h=0.3082  r2_h=-0.041  sup=0.325

Ep   2 [val  ]:   0%|          | 0/39 [00:00<?, ?it/s]
Ep   2 [val  ]:   0%|          | 0/39 [00:01<?, ?it/s, loss=0.1284]
Ep   2 [val  ]:   3%|▎         | 1/39 [00:01<00:45,  1.21s/it, loss=0.1284]
Ep   2 [val  ]:   3%|▎         | 1/39 [00:01<00:45,  1.21s/it, loss=0.1242]
Ep   2 [val  ]:   3%|▎         | 1/39 [00:02<00:45,  1.21s/it, loss=0.1133]
Ep   2 [val  ]:   8%|▊         | 3/39 [00:02<00:23,  1.56it/s, loss=0.1133]
Ep   2 [val  ]:   8%|▊         | 3/39 [00:02<00:23,  1.56it/s, loss=0.1172]
Ep   2 [val  ]:   8%|▊         | 3/39 [00:02<00:23,  1.56it/s, loss=0.1090]
Ep   2 [val  ]:  13%|█▎        | 5/39 [00:02<00:18,  1.87it/s, loss=0.1090]
Ep   2 [val  ]:  13%|█▎        | 5/39 [00:03<00:18,  1.87it/s, loss=0.1581]
Ep   2 [val  ]:  13%|█▎        | 5/39 [00:03<00:18,  1.87it/s, loss=0.1095]
Ep   2 [val  ]:  18%|█▊        | 7/39 [00:03<00:15,  2.01it/s, loss=0.1095]
Ep   2 [val  ]:  18%|█▊        | 7/39 [00:03<00:15,  2.01it/s, loss=0.1470]
Ep   2 [val  ]:  18%|█▊        | 7/39 [00:04<00:15,  2.01it/s, loss=0.1372]
Ep   2 [val  ]:  23%|██▎       | 9/39 [00:04<00:14,  2.03it/s, loss=0.1372]
Ep   2 [val  ]:  23%|██▎       | 9/39 [00:04<00:14,  2.03it/s, loss=0.0927]
Ep   2 [val  ]:  23%|██▎       | 9/39 [00:05<00:14,  2.03it/s, loss=0.1100]
Ep   2 [val  ]:  28%|██▊       | 11/39 [00:05<00:13,  2.09it/s, loss=0.1100]
Ep   2 [val  ]:  28%|██▊       | 11/39 [00:05<00:13,  2.09it/s, loss=0.0989]
Ep   2 [val  ]:  28%|██▊       | 11/39 [00:06<00:13,  2.09it/s, loss=0.0987]
Ep   2 [val  ]:  33%|███▎      | 13/39 [00:06<00:12,  2.09it/s, loss=0.0987]
Ep   2 [val  ]:  33%|███▎      | 13/39 [00:06<00:12,  2.09it/s, loss=0.1132]
Ep   2 [val  ]:  36%|███▌      | 14/39 [00:06<00:10,  2.42it/s, loss=0.1132]
Ep   2 [val  ]:  36%|███▌      | 14/39 [00:07<00:10,  2.42it/s, loss=0.1254]
Ep   2 [val  ]:  38%|███▊      | 15/39 [00:07<00:11,  2.03it/s, loss=0.1254]
Ep   2 [val  ]:  38%|███▊      | 15/39 [00:07<00:11,  2.03it/s, loss=0.1282]
Ep   2 [val  ]:  41%|████      | 16/39 [00:07<00:09,  2.45it/s, loss=0.1282]
Ep   2 [val  ]:  41%|████      | 16/39 [00:08<00:09,  2.45it/s, loss=0.1306]
Ep   2 [val  ]:  44%|████▎     | 17/39 [00:08<00:10,  2.01it/s, loss=0.1306]
Ep   2 [val  ]:  44%|████▎     | 17/39 [00:08<00:10,  2.01it/s, loss=0.1307]
Ep   2 [val  ]:  44%|████▎     | 17/39 [00:09<00:10,  2.01it/s, loss=0.1257]
Ep   2 [val  ]:  49%|████▊     | 19/39 [00:09<00:09,  2.05it/s, loss=0.1257]
Ep   2 [val  ]:  49%|████▊     | 19/39 [00:09<00:09,  2.05it/s, loss=0.0848]
Ep   2 [val  ]:  49%|████▊     | 19/39 [00:10<00:09,  2.05it/s, loss=0.0699]
Ep   2 [val  ]:  54%|█████▍    | 21/39 [00:10<00:08,  2.13it/s, loss=0.0699]
Ep   2 [val  ]:  54%|█████▍    | 21/39 [00:10<00:08,  2.13it/s, loss=0.0795]
Ep   2 [val  ]:  54%|█████▍    | 21/39 [00:11<00:08,  2.13it/s, loss=0.0721]
Ep   2 [val  ]:  59%|█████▉    | 23/39 [00:11<00:07,  2.08it/s, loss=0.0721]
Ep   2 [val  ]:  59%|█████▉    | 23/39 [00:11<00:07,  2.08it/s, loss=0.0809]
Ep   2 [val  ]:  59%|█████▉    | 23/39 [00:12<00:07,  2.08it/s, loss=0.0786]
Ep   2 [val  ]:  64%|██████▍   | 25/39 [00:12<00:06,  2.19it/s, loss=0.0786]
Ep   2 [val  ]:  64%|██████▍   | 25/39 [00:12<00:06,  2.19it/s, loss=0.1013]
Ep   2 [val  ]:  64%|██████▍   | 25/39 [00:12<00:06,  2.19it/s, loss=0.1277]
Ep   2 [val  ]:  69%|██████▉   | 27/39 [00:12<00:05,  2.30it/s, loss=0.1277]
Ep   2 [val  ]:  69%|██████▉   | 27/39 [00:13<00:05,  2.30it/s, loss=0.1475]
Ep   2 [val  ]:  69%|██████▉   | 27/39 [00:13<00:05,  2.30it/s, loss=0.1292]
Ep   2 [val  ]:  74%|███████▍  | 29/39 [00:13<00:04,  2.36it/s, loss=0.1292]
Ep   2 [val  ]:  74%|███████▍  | 29/39 [00:13<00:04,  2.36it/s, loss=0.1106]
Ep   2 [val  ]:  74%|███████▍  | 29/39 [00:14<00:04,  2.36it/s, loss=0.0825]
Ep   2 [val  ]:  79%|███████▉  | 31/39 [00:14<00:03,  2.46it/s, loss=0.0825]
Ep   2 [val  ]:  79%|███████▉  | 31/39 [00:14<00:03,  2.46it/s, loss=0.0859]
Ep   2 [val  ]:  79%|███████▉  | 31/39 [00:15<00:03,  2.46it/s, loss=0.0825]
Ep   2 [val  ]:  85%|████████▍ | 33/39 [00:15<00:02,  2.49it/s, loss=0.0825]
Ep   2 [val  ]:  85%|████████▍ | 33/39 [00:15<00:02,  2.49it/s, loss=0.0833]
Ep   2 [val  ]:  85%|████████▍ | 33/39 [00:16<00:02,  2.49it/s, loss=0.0852]
Ep   2 [val  ]:  90%|████████▉ | 35/39 [00:16<00:01,  2.46it/s, loss=0.0852]
Ep   2 [val  ]:  90%|████████▉ | 35/39 [00:16<00:01,  2.46it/s, loss=0.0839]
Ep   2 [val  ]:  90%|████████▉ | 35/39 [00:16<00:01,  2.46it/s, loss=0.0796]
Ep   2 [val  ]:  95%|█████████▍| 37/39 [00:16<00:00,  2.50it/s, loss=0.0796]
Ep   2 [val  ]:  95%|█████████▍| 37/39 [00:16<00:00,  2.50it/s, loss=0.0735]
Ep   2 [val  ]:  95%|█████████▍| 37/39 [00:16<00:00,  2.50it/s, loss=0.0950]
                                                                            
  Ep   2 [val  ]  loss=0.1059  rmse_c=0.2677  mae_c=0.2238  r2_c=-0.177  rmse_h=0.5056  mae_h=0.2717  r2_h=-0.593  sup=0.308

Ep   3 [train]:   0%|          | 0/145 [00:00<?, ?it/s]
Ep   3 [train]:   0%|          | 0/145 [00:01<?, ?it/s, loss=0.1059]
Ep   3 [train]:   1%|          | 1/145 [00:01<02:28,  1.03s/it, loss=0.1059]
Ep   3 [train]:   1%|          | 1/145 [00:01<02:28,  1.03s/it, loss=0.1021]
Ep   3 [train]:   1%|▏         | 2/145 [00:01<01:15,  1.89it/s, loss=0.1021]
Ep   3 [train]:   1%|▏         | 2/145 [00:01<01:15,  1.89it/s, loss=0.0999]
Ep   3 [train]:   2%|▏         | 3/145 [00:01<01:20,  1.76it/s, loss=0.0999]
Ep   3 [train]:   2%|▏         | 3/145 [00:01<01:20,  1.76it/s, loss=0.0835]
Ep   3 [train]:   3%|▎         | 4/145 [00:01<00:58,  2.42it/s, loss=0.0835]
Ep   3 [train]:   3%|▎         | 4/145 [00:02<00:58,  2.42it/s, loss=0.1000]
Ep   3 [train]:   3%|▎         | 5/145 [00:02<01:12,  1.93it/s, loss=0.1000]
Ep   3 [train]:   3%|▎         | 5/145 [00:02<01:12,  1.93it/s, loss=0.0981]
Ep   3 [train]:   4%|▍         | 6/145 [00:02<00:55,  2.48it/s, loss=0.0981]
Ep   3 [train]:   4%|▍         | 6/145 [00:03<00:55,  2.48it/s, loss=0.0876]
Ep   3 [train]:   5%|▍         | 7/145 [00:03<01:07,  2.03it/s, loss=0.0876]
Ep   3 [train]:   5%|▍         | 7/145 [00:03<01:07,  2.03it/s, loss=0.1060]
Ep   3 [train]:   6%|▌         | 8/145 [00:03<00:53,  2.55it/s, loss=0.1060]
Ep   3 [train]:   6%|▌         | 8/145 [00:04<00:53,  2.55it/s, loss=0.1033]
Ep   3 [train]:   6%|▌         | 9/145 [00:04<01:04,  2.09it/s, loss=0.1033]
Ep   3 [train]:   6%|▌         | 9/145 [00:04<01:04,  2.09it/s, loss=0.1035]
Ep   3 [train]:   7%|▋         | 10/145 [00:04<00:51,  2.60it/s, loss=0.1035]
Ep   3 [train]:   7%|▋         | 10/145 [00:05<00:51,  2.60it/s, loss=0.0967]
Ep   3 [train]:   8%|▊         | 11/145 [00:05<01:02,  2.13it/s, loss=0.0967]
Ep   3 [train]:   8%|▊         | 11/145 [00:05<01:02,  2.13it/s, loss=0.0974]
Ep   3 [train]:   8%|▊         | 12/145 [00:05<00:50,  2.63it/s, loss=0.0974]
Ep   3 [train]:   8%|▊         | 12/145 [00:06<00:50,  2.63it/s, loss=0.0930]
Ep   3 [train]:   9%|▉         | 13/145 [00:06<01:02,  2.11it/s, loss=0.0930]
Ep   3 [train]:   9%|▉         | 13/145 [00:06<01:02,  2.11it/s, loss=0.0880]
Ep   3 [train]:  10%|▉         | 14/145 [00:06<00:50,  2.60it/s, loss=0.0880]
Ep   3 [train]:  10%|▉         | 14/145 [00:06<00:50,  2.60it/s, loss=0.0964]
Ep   3 [train]:  10%|█         | 15/145 [00:06<00:59,  2.20it/s, loss=0.0964]
Ep   3 [train]:  10%|█         | 15/145 [00:07<00:59,  2.20it/s, loss=0.0913]
Ep   3 [train]:  11%|█         | 16/145 [00:07<00:48,  2.67it/s, loss=0.0913]
Ep   3 [train]:  11%|█         | 16/145 [00:07<00:48,  2.67it/s, loss=0.0950]
Ep   3 [train]:  12%|█▏        | 17/145 [00:07<01:00,  2.13it/s, loss=0.0950]
Ep   3 [train]:  12%|█▏        | 17/145 [00:07<01:00,  2.13it/s, loss=0.0980]
Ep   3 [train]:  12%|█▏        | 18/145 [00:07<00:49,  2.58it/s, loss=0.0980]
Ep   3 [train]:  12%|█▏        | 18/145 [00:08<00:49,  2.58it/s, loss=0.0895]
Ep   3 [train]:  13%|█▎        | 19/145 [00:08<00:58,  2.16it/s, loss=0.0895]
Ep   3 [train]:  13%|█▎        | 19/145 [00:08<00:58,  2.16it/s, loss=0.0973]
Ep   3 [train]:  14%|█▍        | 20/145 [00:08<00:48,  2.60it/s, loss=0.0973]
Ep   3 [train]:  14%|█▍        | 20/145 [00:09<00:48,  2.60it/s, loss=0.0972]
Ep   3 [train]:  14%|█▍        | 21/145 [00:09<00:58,  2.12it/s, loss=0.0972]
Ep   3 [train]:  14%|█▍        | 21/145 [00:09<00:58,  2.12it/s, loss=0.1045]
Ep   3 [train]:  15%|█▌        | 22/145 [00:09<00:48,  2.53it/s, loss=0.1045]
Ep   3 [train]:  15%|█▌        | 22/145 [00:10<00:48,  2.53it/s, loss=0.0980]
Ep   3 [train]:  16%|█▌        | 23/145 [00:10<00:55,  2.18it/s, loss=0.0980]
Ep   3 [train]:  16%|█▌        | 23/145 [00:10<00:55,  2.18it/s, loss=0.1122]
Ep   3 [train]:  17%|█▋        | 24/145 [00:10<00:46,  2.58it/s, loss=0.1122]
Ep   3 [train]:  17%|█▋        | 24/145 [00:11<00:46,  2.58it/s, loss=0.0917]
Ep   3 [train]:  17%|█▋        | 25/145 [00:11<00:54,  2.19it/s, loss=0.0917]
Ep   3 [train]:  17%|█▋        | 25/145 [00:11<00:54,  2.19it/s, loss=0.0935]
Ep   3 [train]:  18%|█▊        | 26/145 [00:11<00:45,  2.63it/s, loss=0.0935]
Ep   3 [train]:  18%|█▊        | 26/145 [00:12<00:45,  2.63it/s, loss=0.0945]
Ep   3 [train]:  19%|█▊        | 27/145 [00:12<00:55,  2.12it/s, loss=0.0945]
Ep   3 [train]:  19%|█▊        | 27/145 [00:12<00:55,  2.12it/s, loss=0.0889]
Ep   3 [train]:  19%|█▉        | 28/145 [00:12<00:44,  2.60it/s, loss=0.0889]
Ep   3 [train]:  19%|█▉        | 28/145 [00:12<00:44,  2.60it/s, loss=0.1078]
Ep   3 [train]:  20%|██        | 29/145 [00:12<00:56,  2.05it/s, loss=0.1078]
Ep   3 [train]:  20%|██        | 29/145 [00:13<00:56,  2.05it/s, loss=0.1296]
Ep   3 [train]:  21%|██        | 30/145 [00:13<00:46,  2.49it/s, loss=0.1296]
Ep   3 [train]:  21%|██        | 30/145 [00:13<00:46,  2.49it/s, loss=0.0983]
Ep   3 [train]:  21%|██▏       | 31/145 [00:13<00:54,  2.09it/s, loss=0.0983]
Ep   3 [train]:  21%|██▏       | 31/145 [00:13<00:54,  2.09it/s, loss=0.1008]
Ep   3 [train]:  22%|██▏       | 32/145 [00:13<00:44,  2.55it/s, loss=0.1008]
Ep   3 [train]:  22%|██▏       | 32/145 [00:14<00:44,  2.55it/s, loss=0.1057]
Ep   3 [train]:  23%|██▎       | 33/145 [00:14<00:54,  2.05it/s, loss=0.1057]
Ep   3 [train]:  23%|██▎       | 33/145 [00:14<00:54,  2.05it/s, loss=0.0970]
Ep   3 [train]:  23%|██▎       | 34/145 [00:14<00:43,  2.54it/s, loss=0.0970]
Ep   3 [train]:  23%|██▎       | 34/145 [00:15<00:43,  2.54it/s, loss=0.0841]
Ep   3 [train]:  24%|██▍       | 35/145 [00:15<00:56,  1.96it/s, loss=0.0841]
Ep   3 [train]:  24%|██▍       | 35/145 [00:15<00:56,  1.96it/s, loss=0.0905]
Ep   3 [train]:  25%|██▍       | 36/145 [00:15<00:44,  2.43it/s, loss=0.0905]
Ep   3 [train]:  25%|██▍       | 36/145 [00:16<00:44,  2.43it/s, loss=0.1006]
Ep   3 [train]:  26%|██▌       | 37/145 [00:16<00:53,  2.02it/s, loss=0.1006]
Ep   3 [train]:  26%|██▌       | 37/145 [00:16<00:53,  2.02it/s, loss=0.0925]
Ep   3 [train]:  26%|██▌       | 38/145 [00:16<00:42,  2.50it/s, loss=0.0925]
Ep   3 [train]:  26%|██▌       | 38/145 [00:17<00:42,  2.50it/s, loss=0.1080]
Ep   3 [train]:  27%|██▋       | 39/145 [00:17<00:52,  2.03it/s, loss=0.1080]
Ep   3 [train]:  27%|██▋       | 39/145 [00:17<00:52,  2.03it/s, loss=0.0917]
Ep   3 [train]:  28%|██▊       | 40/145 [00:17<00:42,  2.46it/s, loss=0.0917]
Ep   3 [train]:  28%|██▊       | 40/145 [00:18<00:42,  2.46it/s, loss=0.0881]
Ep   3 [train]:  28%|██▊       | 41/145 [00:18<00:49,  2.12it/s, loss=0.0881]
Ep   3 [train]:  28%|██▊       | 41/145 [00:18<00:49,  2.12it/s, loss=0.0978]
Ep   3 [train]:  29%|██▉       | 42/145 [00:18<00:39,  2.60it/s, loss=0.0978]
Ep   3 [train]:  29%|██▉       | 42/145 [00:19<00:39,  2.60it/s, loss=0.0935]
Ep   3 [train]:  30%|██▉       | 43/145 [00:19<00:48,  2.11it/s, loss=0.0935]
Ep   3 [train]:  30%|██▉       | 43/145 [00:19<00:48,  2.11it/s, loss=0.0984]
Ep   3 [train]:  30%|███       | 44/145 [00:19<00:38,  2.60it/s, loss=0.0984]
Ep   3 [train]:  30%|███       | 44/145 [00:19<00:38,  2.60it/s, loss=0.0957]
Ep   3 [train]:  31%|███       | 45/145 [00:19<00:47,  2.09it/s, loss=0.0957]
Ep   3 [train]:  31%|███       | 45/145 [00:20<00:47,  2.09it/s, loss=0.0993]
Ep   3 [train]:  32%|███▏      | 46/145 [00:20<00:39,  2.51it/s, loss=0.0993]
Ep   3 [train]:  32%|███▏      | 46/145 [00:20<00:39,  2.51it/s, loss=0.0828]
Ep   3 [train]:  32%|███▏      | 47/145 [00:20<00:45,  2.17it/s, loss=0.0828]
Ep   3 [train]:  32%|███▏      | 47/145 [00:21<00:45,  2.17it/s, loss=0.1000]
Ep   3 [train]:  33%|███▎      | 48/145 [00:21<00:37,  2.60it/s, loss=0.1000]
Ep   3 [train]:  33%|███▎      | 48/145 [00:21<00:37,  2.60it/s, loss=0.0916]
Ep   3 [train]:  34%|███▍      | 49/145 [00:21<00:45,  2.13it/s, loss=0.0916]
Ep   3 [train]:  34%|███▍      | 49/145 [00:21<00:45,  2.13it/s, loss=0.1098]
Ep   3 [train]:  34%|███▍      | 50/145 [00:21<00:36,  2.60it/s, loss=0.1098]
Ep   3 [train]:  34%|███▍      | 50/145 [00:22<00:36,  2.60it/s, loss=0.0906]
Ep   3 [train]:  35%|███▌      | 51/145 [00:22<00:44,  2.10it/s, loss=0.0906]
Ep   3 [train]:  35%|███▌      | 51/145 [00:22<00:44,  2.10it/s, loss=0.0934]
Ep   3 [train]:  36%|███▌      | 52/145 [00:22<00:36,  2.55it/s, loss=0.0934]
Ep   3 [train]:  36%|███▌      | 52/145 [00:23<00:36,  2.55it/s, loss=0.0868]
Ep   3 [train]:  37%|███▋      | 53/145 [00:23<00:44,  2.08it/s, loss=0.0868]
Ep   3 [train]:  37%|███▋      | 53/145 [00:23<00:44,  2.08it/s, loss=0.1031]
Ep   3 [train]:  37%|███▋      | 54/145 [00:23<00:36,  2.49it/s, loss=0.1031]
Ep   3 [train]:  37%|███▋      | 54/145 [00:24<00:36,  2.49it/s, loss=0.0933]
Ep   3 [train]:  38%|███▊      | 55/145 [00:24<00:42,  2.10it/s, loss=0.0933]
Ep   3 [train]:  38%|███▊      | 55/145 [00:24<00:42,  2.10it/s, loss=0.0827]
Ep   3 [train]:  39%|███▊      | 56/145 [00:24<00:34,  2.55it/s, loss=0.0827]
Ep   3 [train]:  39%|███▊      | 56/145 [00:25<00:34,  2.55it/s, loss=0.1016]
Ep   3 [train]:  39%|███▉      | 57/145 [00:25<00:41,  2.12it/s, loss=0.1016]
Ep   3 [train]:  39%|███▉      | 57/145 [00:25<00:41,  2.12it/s, loss=0.1022]
Ep   3 [train]:  40%|████      | 58/145 [00:25<00:33,  2.59it/s, loss=0.1022]
Ep   3 [train]:  40%|████      | 58/145 [00:26<00:33,  2.59it/s, loss=0.0869]
Ep   3 [train]:  41%|████      | 59/145 [00:26<00:40,  2.10it/s, loss=0.0869]
Ep   3 [train]:  41%|████      | 59/145 [00:26<00:40,  2.10it/s, loss=0.1040]
Ep   3 [train]:  41%|████▏     | 60/145 [00:26<00:33,  2.52it/s, loss=0.1040]
Ep   3 [train]:  41%|████▏     | 60/145 [00:26<00:33,  2.52it/s, loss=0.1117]
Ep   3 [train]:  42%|████▏     | 61/145 [00:26<00:41,  2.01it/s, loss=0.1117]
Ep   3 [train]:  42%|████▏     | 61/145 [00:27<00:41,  2.01it/s, loss=0.1019]
Ep   3 [train]:  43%|████▎     | 62/145 [00:27<00:33,  2.50it/s, loss=0.1019]
Ep   3 [train]:  43%|████▎     | 62/145 [00:27<00:33,  2.50it/s, loss=0.0903]
Ep   3 [train]:  43%|████▎     | 63/145 [00:27<00:41,  1.97it/s, loss=0.0903]
Ep   3 [train]:  43%|████▎     | 63/145 [00:28<00:41,  1.97it/s, loss=0.0896]
Ep   3 [train]:  44%|████▍     | 64/145 [00:28<00:32,  2.46it/s, loss=0.0896]
Ep   3 [train]:  44%|████▍     | 64/145 [00:28<00:32,  2.46it/s, loss=0.0946]
Ep   3 [train]:  45%|████▍     | 65/145 [00:28<00:37,  2.12it/s, loss=0.0946]
Ep   3 [train]:  45%|████▍     | 65/145 [00:28<00:37,  2.12it/s, loss=0.1271]
Ep   3 [train]:  46%|████▌     | 66/145 [00:28<00:30,  2.56it/s, loss=0.1271]
Ep   3 [train]:  46%|████▌     | 66/145 [00:29<00:30,  2.56it/s, loss=0.0906]
Ep   3 [train]:  46%|████▌     | 67/145 [00:29<00:36,  2.14it/s, loss=0.0906]
Ep   3 [train]:  46%|████▌     | 67/145 [00:29<00:36,  2.14it/s, loss=0.0917]
Ep   3 [train]:  47%|████▋     | 68/145 [00:29<00:29,  2.62it/s, loss=0.0917]
Ep   3 [train]:  47%|████▋     | 68/145 [00:30<00:29,  2.62it/s, loss=0.0889]
Ep   3 [train]:  48%|████▊     | 69/145 [00:30<00:35,  2.11it/s, loss=0.0889]
Ep   3 [train]:  48%|████▊     | 69/145 [00:30<00:35,  2.11it/s, loss=0.0931]
Ep   3 [train]:  48%|████▊     | 70/145 [00:30<00:28,  2.59it/s, loss=0.0931]
Ep   3 [train]:  48%|████▊     | 70/145 [00:31<00:28,  2.59it/s, loss=0.0918]
Ep   3 [train]:  49%|████▉     | 71/145 [00:31<00:35,  2.07it/s, loss=0.0918]
Ep   3 [train]:  49%|████▉     | 71/145 [00:31<00:35,  2.07it/s, loss=0.0999]
Ep   3 [train]:  50%|████▉     | 72/145 [00:31<00:28,  2.53it/s, loss=0.0999]
Ep   3 [train]:  50%|████▉     | 72/145 [00:32<00:28,  2.53it/s, loss=0.1009]
Ep   3 [train]:  50%|█████     | 73/145 [00:32<00:33,  2.15it/s, loss=0.1009]
Ep   3 [train]:  50%|█████     | 73/145 [00:32<00:33,  2.15it/s, loss=0.0980]
Ep   3 [train]:  51%|█████     | 74/145 [00:32<00:27,  2.63it/s, loss=0.0980]
Ep   3 [train]:  51%|█████     | 74/145 [00:33<00:27,  2.63it/s, loss=0.1063]
Ep   3 [train]:  52%|█████▏    | 75/145 [00:33<00:33,  2.08it/s, loss=0.1063]
Ep   3 [train]:  52%|█████▏    | 75/145 [00:33<00:33,  2.08it/s, loss=0.0927]
Ep   3 [train]:  52%|█████▏    | 76/145 [00:33<00:26,  2.56it/s, loss=0.0927]
Ep   3 [train]:  52%|█████▏    | 76/145 [00:33<00:26,  2.56it/s, loss=0.0961]
Ep   3 [train]:  53%|█████▎    | 77/145 [00:33<00:32,  2.08it/s, loss=0.0961]
Ep   3 [train]:  53%|█████▎    | 77/145 [00:34<00:32,  2.08it/s, loss=0.0921]
Ep   3 [train]:  54%|█████▍    | 78/145 [00:34<00:26,  2.58it/s, loss=0.0921]
Ep   3 [train]:  54%|█████▍    | 78/145 [00:34<00:26,  2.58it/s, loss=0.0944]
Ep   3 [train]:  54%|█████▍    | 79/145 [00:34<00:32,  2.03it/s, loss=0.0944]
Ep   3 [train]:  54%|█████▍    | 79/145 [00:34<00:32,  2.03it/s, loss=0.0876]
Ep   3 [train]:  55%|█████▌    | 80/145 [00:34<00:26,  2.50it/s, loss=0.0876]
Ep   3 [train]:  55%|█████▌    | 80/145 [00:35<00:26,  2.50it/s, loss=0.0908]
Ep   3 [train]:  56%|█████▌    | 81/145 [00:35<00:31,  2.04it/s, loss=0.0908]
Ep   3 [train]:  56%|█████▌    | 81/145 [00:35<00:31,  2.04it/s, loss=0.0957]
Ep   3 [train]:  57%|█████▋    | 82/145 [00:35<00:25,  2.51it/s, loss=0.0957]
Ep   3 [train]:  57%|█████▋    | 82/145 [00:36<00:25,  2.51it/s, loss=0.0958]
Ep   3 [train]:  57%|█████▋    | 83/145 [00:36<00:31,  2.00it/s, loss=0.0958]
Ep   3 [train]:  57%|█████▋    | 83/145 [00:36<00:31,  2.00it/s, loss=0.0840]
Ep   3 [train]:  58%|█████▊    | 84/145 [00:36<00:25,  2.42it/s, loss=0.0840]
Ep   3 [train]:  58%|█████▊    | 84/145 [00:37<00:25,  2.42it/s, loss=0.0914]
Ep   3 [train]:  59%|█████▊    | 85/145 [00:37<00:29,  2.04it/s, loss=0.0914]
Ep   3 [train]:  59%|█████▊    | 85/145 [00:37<00:29,  2.04it/s, loss=0.1042]
Ep   3 [train]:  59%|█████▉    | 86/145 [00:37<00:23,  2.51it/s, loss=0.1042]
Ep   3 [train]:  59%|█████▉    | 86/145 [00:38<00:23,  2.51it/s, loss=0.0977]
Ep   3 [train]:  60%|██████    | 87/145 [00:38<00:28,  2.03it/s, loss=0.0977]
Ep   3 [train]:  60%|██████    | 87/145 [00:38<00:28,  2.03it/s, loss=0.0923]
Ep   3 [train]:  61%|██████    | 88/145 [00:38<00:23,  2.47it/s, loss=0.0923]
Ep   3 [train]:  61%|██████    | 88/145 [00:39<00:23,  2.47it/s, loss=0.0977]
Ep   3 [train]:  61%|██████▏   | 89/145 [00:39<00:26,  2.08it/s, loss=0.0977]
Ep   3 [train]:  61%|██████▏   | 89/145 [00:39<00:26,  2.08it/s, loss=0.0897]
Ep   3 [train]:  62%|██████▏   | 90/145 [00:39<00:21,  2.51it/s, loss=0.0897]
Ep   3 [train]:  62%|██████▏   | 90/145 [00:40<00:21,  2.51it/s, loss=0.0945]
Ep   3 [train]:  63%|██████▎   | 91/145 [00:40<00:25,  2.12it/s, loss=0.0945]
Ep   3 [train]:  63%|██████▎   | 91/145 [00:40<00:25,  2.12it/s, loss=0.0943]
Ep   3 [train]:  63%|██████▎   | 92/145 [00:40<00:20,  2.58it/s, loss=0.0943]
Ep   3 [train]:  63%|██████▎   | 92/145 [00:40<00:20,  2.58it/s, loss=0.0919]
Ep   3 [train]:  64%|██████▍   | 93/145 [00:40<00:25,  2.08it/s, loss=0.0919]
Ep   3 [train]:  64%|██████▍   | 93/145 [00:41<00:25,  2.08it/s, loss=0.0967]
Ep   3 [train]:  65%|██████▍   | 94/145 [00:41<00:20,  2.49it/s, loss=0.0967]
Ep   3 [train]:  65%|██████▍   | 94/145 [00:41<00:20,  2.49it/s, loss=0.0882]
Ep   3 [train]:  66%|██████▌   | 95/145 [00:41<00:23,  2.13it/s, loss=0.0882]
Ep   3 [train]:  66%|██████▌   | 95/145 [00:42<00:23,  2.13it/s, loss=0.0855]
Ep   3 [train]:  66%|██████▌   | 96/145 [00:42<00:18,  2.61it/s, loss=0.0855]
Ep   3 [train]:  66%|██████▌   | 96/145 [00:42<00:18,  2.61it/s, loss=0.0872]
Ep   3 [train]:  67%|██████▋   | 97/145 [00:42<00:23,  2.04it/s, loss=0.0872]
Ep   3 [train]:  67%|██████▋   | 97/145 [00:42<00:23,  2.04it/s, loss=0.0891]
Ep   3 [train]:  68%|██████▊   | 98/145 [00:42<00:18,  2.49it/s, loss=0.0891]
Ep   3 [train]:  68%|██████▊   | 98/145 [00:43<00:18,  2.49it/s, loss=0.0920]
Ep   3 [train]:  68%|██████▊   | 99/145 [00:43<00:23,  1.94it/s, loss=0.0920]
Ep   3 [train]:  68%|██████▊   | 99/145 [00:43<00:23,  1.94it/s, loss=0.0914]
Ep   3 [train]:  69%|██████▉   | 100/145 [00:43<00:19,  2.36it/s, loss=0.0914]
Ep   3 [train]:  69%|██████▉   | 100/145 [00:44<00:19,  2.36it/s, loss=0.0904]
Ep   3 [train]:  70%|██████▉   | 101/145 [00:44<00:21,  2.01it/s, loss=0.0904]
Ep   3 [train]:  70%|██████▉   | 101/145 [00:44<00:21,  2.01it/s, loss=0.0883]
Ep   3 [train]:  70%|███████   | 102/145 [00:44<00:17,  2.44it/s, loss=0.0883]
Ep   3 [train]:  70%|███████   | 102/145 [00:45<00:17,  2.44it/s, loss=0.0933]
Ep   3 [train]:  71%|███████   | 103/145 [00:45<00:21,  1.99it/s, loss=0.0933]
Ep   3 [train]:  71%|███████   | 103/145 [00:45<00:21,  1.99it/s, loss=0.0821]
Ep   3 [train]:  72%|███████▏  | 104/145 [00:45<00:16,  2.43it/s, loss=0.0821]
Ep   3 [train]:  72%|███████▏  | 104/145 [00:46<00:16,  2.43it/s, loss=0.0915]
Ep   3 [train]:  72%|███████▏  | 105/145 [00:46<00:19,  2.02it/s, loss=0.0915]
Ep   3 [train]:  72%|███████▏  | 105/145 [00:46<00:19,  2.02it/s, loss=0.0934]
Ep   3 [train]:  73%|███████▎  | 106/145 [00:46<00:15,  2.46it/s, loss=0.0934]
Ep   3 [train]:  73%|███████▎  | 106/145 [00:47<00:15,  2.46it/s, loss=0.0933]
Ep   3 [train]:  74%|███████▍  | 107/145 [00:47<00:18,  2.05it/s, loss=0.0933]
Ep   3 [train]:  74%|███████▍  | 107/145 [00:47<00:18,  2.05it/s, loss=0.0969]
Ep   3 [train]:  74%|███████▍  | 108/145 [00:47<00:14,  2.52it/s, loss=0.0969]
Ep   3 [train]:  74%|███████▍  | 108/145 [00:48<00:14,  2.52it/s, loss=0.0956]
Ep   3 [train]:  75%|███████▌  | 109/145 [00:48<00:17,  2.03it/s, loss=0.0956]
Ep   3 [train]:  75%|███████▌  | 109/145 [00:48<00:17,  2.03it/s, loss=0.1022]
Ep   3 [train]:  76%|███████▌  | 110/145 [00:48<00:14,  2.48it/s, loss=0.1022]
Ep   3 [train]:  76%|███████▌  | 110/145 [00:49<00:14,  2.48it/s, loss=0.0927]
Ep   3 [train]:  77%|███████▋  | 111/145 [00:49<00:16,  2.12it/s, loss=0.0927]
Ep   3 [train]:  77%|███████▋  | 111/145 [00:49<00:16,  2.12it/s, loss=0.0812]
Ep   3 [train]:  77%|███████▋  | 112/145 [00:49<00:12,  2.55it/s, loss=0.0812]
Ep   3 [train]:  77%|███████▋  | 112/145 [00:49<00:12,  2.55it/s, loss=0.0947]
Ep   3 [train]:  78%|███████▊  | 113/145 [00:49<00:15,  2.11it/s, loss=0.0947]
Ep   3 [train]:  78%|███████▊  | 113/145 [00:50<00:15,  2.11it/s, loss=0.0887]
Ep   3 [train]:  79%|███████▊  | 114/145 [00:50<00:12,  2.58it/s, loss=0.0887]
Ep   3 [train]:  79%|███████▊  | 114/145 [00:50<00:12,  2.58it/s, loss=0.0897]
Ep   3 [train]:  79%|███████▉  | 115/145 [00:50<00:13,  2.24it/s, loss=0.0897]
Ep   3 [train]:  79%|███████▉  | 115/145 [00:50<00:13,  2.24it/s, loss=0.0883]
Ep   3 [train]:  80%|████████  | 116/145 [00:50<00:10,  2.68it/s, loss=0.0883]
Ep   3 [train]:  80%|████████  | 116/145 [00:51<00:10,  2.68it/s, loss=0.0959]
Ep   3 [train]:  81%|████████  | 117/145 [00:51<00:12,  2.24it/s, loss=0.0959]
Ep   3 [train]:  81%|████████  | 117/145 [00:51<00:12,  2.24it/s, loss=0.0929]
Ep   3 [train]:  81%|████████▏ | 118/145 [00:51<00:10,  2.68it/s, loss=0.0929]
Ep   3 [train]:  81%|████████▏ | 118/145 [00:52<00:10,  2.68it/s, loss=0.0945]
Ep   3 [train]:  82%|████████▏ | 119/145 [00:52<00:11,  2.20it/s, loss=0.0945]
Ep   3 [train]:  82%|████████▏ | 119/145 [00:52<00:11,  2.20it/s, loss=0.0945]
Ep   3 [train]:  83%|████████▎ | 120/145 [00:52<00:09,  2.66it/s, loss=0.0945]
Ep   3 [train]:  83%|████████▎ | 120/145 [00:53<00:09,  2.66it/s, loss=0.0828]
Ep   3 [train]:  83%|████████▎ | 121/145 [00:53<00:10,  2.20it/s, loss=0.0828]
Ep   3 [train]:  83%|████████▎ | 121/145 [00:53<00:10,  2.20it/s, loss=0.0842]
Ep   3 [train]:  84%|████████▍ | 122/145 [00:53<00:08,  2.70it/s, loss=0.0842]
Ep   3 [train]:  84%|████████▍ | 122/145 [00:53<00:08,  2.70it/s, loss=0.0893]
Ep   3 [train]:  85%|████████▍ | 123/145 [00:53<00:09,  2.22it/s, loss=0.0893]
Ep   3 [train]:  85%|████████▍ | 123/145 [00:54<00:09,  2.22it/s, loss=0.0889]
Ep   3 [train]:  86%|████████▌ | 124/145 [00:54<00:07,  2.71it/s, loss=0.0889]
Ep   3 [train]:  86%|████████▌ | 124/145 [00:54<00:07,  2.71it/s, loss=0.0913]
Ep   3 [train]:  86%|████████▌ | 125/145 [00:54<00:08,  2.25it/s, loss=0.0913]
Ep   3 [train]:  86%|████████▌ | 125/145 [00:54<00:08,  2.25it/s, loss=0.0891]
Ep   3 [train]:  87%|████████▋ | 126/145 [00:54<00:06,  2.74it/s, loss=0.0891]
Ep   3 [train]:  87%|████████▋ | 126/145 [00:55<00:06,  2.74it/s, loss=0.0814]
Ep   3 [train]:  88%|████████▊ | 127/145 [00:55<00:08,  2.24it/s, loss=0.0814]
Ep   3 [train]:  88%|████████▊ | 127/145 [00:55<00:08,  2.24it/s, loss=0.0840]
Ep   3 [train]:  88%|████████▊ | 128/145 [00:55<00:06,  2.73it/s, loss=0.0840]
Ep   3 [train]:  88%|████████▊ | 128/145 [00:56<00:06,  2.73it/s, loss=0.0806]
Ep   3 [train]:  89%|████████▉ | 129/145 [00:56<00:07,  2.05it/s, loss=0.0806]
Ep   3 [train]:  89%|████████▉ | 129/145 [00:56<00:07,  2.05it/s, loss=0.1031]
Ep   3 [train]:  90%|████████▉ | 130/145 [00:56<00:05,  2.52it/s, loss=0.1031]
Ep   3 [train]:  90%|████████▉ | 130/145 [00:57<00:05,  2.52it/s, loss=0.1018]
Ep   3 [train]:  90%|█████████ | 131/145 [00:57<00:07,  1.92it/s, loss=0.1018]
Ep   3 [train]:  90%|█████████ | 131/145 [00:57<00:07,  1.92it/s, loss=0.0920]
Ep   3 [train]:  91%|█████████ | 132/145 [00:57<00:05,  2.39it/s, loss=0.0920]
Ep   3 [train]:  91%|█████████ | 132/145 [00:58<00:05,  2.39it/s, loss=0.0923]
Ep   3 [train]:  92%|█████████▏| 133/145 [00:58<00:06,  1.81it/s, loss=0.0923]
Ep   3 [train]:  92%|█████████▏| 133/145 [00:58<00:06,  1.81it/s, loss=0.0836]
Ep   3 [train]:  92%|█████████▏| 134/145 [00:58<00:04,  2.26it/s, loss=0.0836]
Ep   3 [train]:  92%|█████████▏| 134/145 [00:59<00:04,  2.26it/s, loss=0.0905]
Ep   3 [train]:  93%|█████████▎| 135/145 [00:59<00:05,  1.83it/s, loss=0.0905]
Ep   3 [train]:  93%|█████████▎| 135/145 [00:59<00:05,  1.83it/s, loss=0.1029]
Ep   3 [train]:  94%|█████████▍| 136/145 [00:59<00:03,  2.27it/s, loss=0.1029]
Ep   3 [train]:  94%|█████████▍| 136/145 [01:00<00:03,  2.27it/s, loss=0.0832]
Ep   3 [train]:  94%|█████████▍| 137/145 [01:00<00:04,  1.84it/s, loss=0.0832]
Ep   3 [train]:  94%|█████████▍| 137/145 [01:00<00:04,  1.84it/s, loss=0.1072]
Ep   3 [train]:  95%|█████████▌| 138/145 [01:00<00:03,  2.30it/s, loss=0.1072]
Ep   3 [train]:  95%|█████████▌| 138/145 [01:01<00:03,  2.30it/s, loss=0.0929]
Ep   3 [train]:  96%|█████████▌| 139/145 [01:01<00:03,  1.85it/s, loss=0.0929]
Ep   3 [train]:  96%|█████████▌| 139/145 [01:01<00:03,  1.85it/s, loss=0.0940]
Ep   3 [train]:  97%|█████████▋| 140/145 [01:01<00:02,  2.32it/s, loss=0.0940]
Ep   3 [train]:  97%|█████████▋| 140/145 [01:02<00:02,  2.32it/s, loss=0.1009]
Ep   3 [train]:  97%|█████████▋| 141/145 [01:02<00:02,  1.85it/s, loss=0.1009]
Ep   3 [train]:  97%|█████████▋| 141/145 [01:02<00:02,  1.85it/s, loss=0.0867]
Ep   3 [train]:  98%|█████████▊| 142/145 [01:02<00:01,  2.32it/s, loss=0.0867]
Ep   3 [train]:  98%|█████████▊| 142/145 [01:03<00:01,  2.32it/s, loss=0.0854]
Ep   3 [train]:  99%|█████████▊| 143/145 [01:03<00:00,  2.00it/s, loss=0.0854]
Ep   3 [train]:  99%|█████████▊| 143/145 [01:03<00:00,  2.00it/s, loss=0.0880]
Ep   3 [train]:  99%|█████████▉| 144/145 [01:03<00:00,  2.49it/s, loss=0.0880]
Ep   3 [train]:  99%|█████████▉| 144/145 [01:04<00:00,  2.49it/s, loss=0.0864]
Ep   3 [train]: 100%|██████████| 145/145 [01:04<00:00,  2.19it/s, loss=0.0864]
                                                                              
  Ep   3 [train]  loss=0.0946  rmse_c=0.2468  mae_c=0.2195  r2_c=-0.034  rmse_h=0.3679  mae_h=0.2722  r2_h=0.216  sup=0.327

Ep   3 [val  ]:   0%|          | 0/39 [00:00<?, ?it/s]
Ep   3 [val  ]:   0%|          | 0/39 [00:01<?, ?it/s, loss=0.1136]
Ep   3 [val  ]:   3%|▎         | 1/39 [00:01<00:44,  1.16s/it, loss=0.1136]
Ep   3 [val  ]:   3%|▎         | 1/39 [00:01<00:44,  1.16s/it, loss=0.1051]
Ep   3 [val  ]:   5%|▌         | 2/39 [00:01<00:19,  1.85it/s, loss=0.1051]
Ep   3 [val  ]:   5%|▌         | 2/39 [00:02<00:19,  1.85it/s, loss=0.0907]
Ep   3 [val  ]:   8%|▊         | 3/39 [00:02<00:25,  1.44it/s, loss=0.0907]
Ep   3 [val  ]:   8%|▊         | 3/39 [00:02<00:25,  1.44it/s, loss=0.0815]
Ep   3 [val  ]:   8%|▊         | 3/39 [00:03<00:25,  1.44it/s, loss=0.0881]
Ep   3 [val  ]:  13%|█▎        | 5/39 [00:03<00:19,  1.78it/s, loss=0.0881]
Ep   3 [val  ]:  13%|█▎        | 5/39 [00:03<00:19,  1.78it/s, loss=0.1047]
Ep   3 [val  ]:  13%|█▎        | 5/39 [00:04<00:19,  1.78it/s, loss=0.0897]
Ep   3 [val  ]:  18%|█▊        | 7/39 [00:04<00:16,  1.92it/s, loss=0.0897]
Ep   3 [val  ]:  18%|█▊        | 7/39 [00:04<00:16,  1.92it/s, loss=0.0879]
Ep   3 [val  ]:  18%|█▊        | 7/39 [00:04<00:16,  1.92it/s, loss=0.0944]
Ep   3 [val  ]:  23%|██▎       | 9/39 [00:04<00:14,  2.01it/s, loss=0.0944]
Ep   3 [val  ]:  23%|██▎       | 9/39 [00:05<00:14,  2.01it/s, loss=0.0848]
Ep   3 [val  ]:  26%|██▌       | 10/39 [00:05<00:12,  2.40it/s, loss=0.0848]
Ep   3 [val  ]:  26%|██▌       | 10/39 [00:05<00:12,  2.40it/s, loss=0.0916]
Ep   3 [val  ]:  28%|██▊       | 11/39 [00:05<00:13,  2.00it/s, loss=0.0916]
Ep   3 [val  ]:  28%|██▊       | 11/39 [00:05<00:13,  2.00it/s, loss=0.0918]
Ep   3 [val  ]:  31%|███       | 12/39 [00:05<00:10,  2.48it/s, loss=0.0918]
Ep   3 [val  ]:  31%|███       | 12/39 [00:06<00:10,  2.48it/s, loss=0.0879]
Ep   3 [val  ]:  33%|███▎      | 13/39 [00:06<00:13,  1.89it/s, loss=0.0879]
Ep   3 [val  ]:  33%|███▎      | 13/39 [00:06<00:13,  1.89it/s, loss=0.1006]
Ep   3 [val  ]:  33%|███▎      | 13/39 [00:07<00:13,  1.89it/s, loss=0.1074]
Ep   3 [val  ]:  38%|███▊      | 15/39 [00:07<00:11,  2.01it/s, loss=0.1074]
Ep   3 [val  ]:  38%|███▊      | 15/39 [00:07<00:11,  2.01it/s, loss=0.1042]
Ep   3 [val  ]:  38%|███▊      | 15/39 [00:08<00:11,  2.01it/s, loss=0.1090]
Ep   3 [val  ]:  44%|████▎     | 17/39 [00:08<00:10,  2.15it/s, loss=0.1090]
Ep   3 [val  ]:  44%|████▎     | 17/39 [00:08<00:10,  2.15it/s, loss=0.0990]
Ep   3 [val  ]:  44%|████▎     | 17/39 [00:09<00:10,  2.15it/s, loss=0.0953]
Ep   3 [val  ]:  49%|████▊     | 19/39 [00:09<00:09,  2.18it/s, loss=0.0953]
Ep   3 [val  ]:  49%|████▊     | 19/39 [00:09<00:09,  2.18it/s, loss=0.0738]
Ep   3 [val  ]:  49%|████▊     | 19/39 [00:10<00:09,  2.18it/s, loss=0.0653]
Ep   3 [val  ]:  54%|█████▍    | 21/39 [00:10<00:08,  2.23it/s, loss=0.0653]
Ep   3 [val  ]:  54%|█████▍    | 21/39 [00:10<00:08,  2.23it/s, loss=0.0755]
Ep   3 [val  ]:  54%|█████▍    | 21/39 [00:11<00:08,  2.23it/s, loss=0.0679]
Ep   3 [val  ]:  59%|█████▉    | 23/39 [00:11<00:06,  2.29it/s, loss=0.0679]
Ep   3 [val  ]:  59%|█████▉    | 23/39 [00:11<00:06,  2.29it/s, loss=0.0731]
Ep   3 [val  ]:  59%|█████▉    | 23/39 [00:11<00:06,  2.29it/s, loss=0.0733]
Ep   3 [val  ]:  64%|██████▍   | 25/39 [00:11<00:05,  2.36it/s, loss=0.0733]
Ep   3 [val  ]:  64%|██████▍   | 25/39 [00:11<00:05,  2.36it/s, loss=0.0814]
Ep   3 [val  ]:  64%|██████▍   | 25/39 [00:12<00:05,  2.36it/s, loss=0.0927]
Ep   3 [val  ]:  69%|██████▉   | 27/39 [00:12<00:05,  2.35it/s, loss=0.0927]
Ep   3 [val  ]:  69%|██████▉   | 27/39 [00:12<00:05,  2.35it/s, loss=0.1361]
Ep   3 [val  ]:  69%|██████▉   | 27/39 [00:13<00:05,  2.35it/s, loss=0.1053]
Ep   3 [val  ]:  74%|███████▍  | 29/39 [00:13<00:04,  2.31it/s, loss=0.1053]
Ep   3 [val  ]:  74%|███████▍  | 29/39 [00:13<00:04,  2.31it/s, loss=0.0991]
Ep   3 [val  ]:  77%|███████▋  | 30/39 [00:13<00:03,  2.65it/s, loss=0.0991]
Ep   3 [val  ]:  77%|███████▋  | 30/39 [00:14<00:03,  2.65it/s, loss=0.0831]
Ep   3 [val  ]:  79%|███████▉  | 31/39 [00:14<00:03,  2.21it/s, loss=0.0831]
Ep   3 [val  ]:  79%|███████▉  | 31/39 [00:14<00:03,  2.21it/s, loss=0.0856]
Ep   3 [val  ]:  79%|███████▉  | 31/39 [00:15<00:03,  2.21it/s, loss=0.0808]
Ep   3 [val  ]:  85%|████████▍ | 33/39 [00:15<00:02,  2.27it/s, loss=0.0808]
Ep   3 [val  ]:  85%|████████▍ | 33/39 [00:15<00:02,  2.27it/s, loss=0.0801]
Ep   3 [val  ]:  85%|████████▍ | 33/39 [00:16<00:02,  2.27it/s, loss=0.0833]
Ep   3 [val  ]:  90%|████████▉ | 35/39 [00:16<00:01,  2.29it/s, loss=0.0833]
Ep   3 [val  ]:  90%|████████▉ | 35/39 [00:16<00:01,  2.29it/s, loss=0.0825]
Ep   3 [val  ]:  90%|████████▉ | 35/39 [00:17<00:01,  2.29it/s, loss=0.0756]
Ep   3 [val  ]:  95%|█████████▍| 37/39 [00:17<00:00,  2.37it/s, loss=0.0756]
Ep   3 [val  ]:  95%|█████████▍| 37/39 [00:17<00:00,  2.37it/s, loss=0.0685]
Ep   3 [val  ]:  95%|█████████▍| 37/39 [00:17<00:00,  2.37it/s, loss=0.0937]
                                                                            
  Ep   3 [val  ]  loss=0.0899  rmse_c=0.2490  mae_c=0.2216  r2_c=-0.019  rmse_h=0.3449  mae_h=0.2547  r2_h=0.259  sup=0.308
  [new best] combined_val_rmse=0.2970

Ep   4 [train]:   0%|          | 0/145 [00:00<?, ?it/s]
Ep   4 [train]:   0%|          | 0/145 [00:01<?, ?it/s, loss=0.0955]
Ep   4 [train]:   1%|          | 1/145 [00:01<02:41,  1.12s/it, loss=0.0955]
Ep   4 [train]:   1%|          | 1/145 [00:01<02:41,  1.12s/it, loss=0.0883]
Ep   4 [train]:   1%|▏         | 2/145 [00:01<01:22,  1.73it/s, loss=0.0883]
Ep   4 [train]:   1%|▏         | 2/145 [00:01<01:22,  1.73it/s, loss=0.0828]
Ep   4 [train]:   2%|▏         | 3/145 [00:01<01:28,  1.61it/s, loss=0.0828]
Ep   4 [train]:   2%|▏         | 3/145 [00:02<01:28,  1.61it/s, loss=0.0967]
Ep   4 [train]:   3%|▎         | 4/145 [00:02<01:03,  2.23it/s, loss=0.0967]
Ep   4 [train]:   3%|▎         | 4/145 [00:02<01:03,  2.23it/s, loss=0.0844]
Ep   4 [train]:   3%|▎         | 5/145 [00:02<01:16,  1.84it/s, loss=0.0844]
Ep   4 [train]:   3%|▎         | 5/145 [00:03<01:16,  1.84it/s, loss=0.0877]
Ep   4 [train]:   4%|▍         | 6/145 [00:03<00:58,  2.37it/s, loss=0.0877]
Ep   4 [train]:   4%|▍         | 6/145 [00:03<00:58,  2.37it/s, loss=0.0907]
Ep   4 [train]:   5%|▍         | 7/145 [00:03<01:09,  1.99it/s, loss=0.0907]
Ep   4 [train]:   5%|▍         | 7/145 [00:03<01:09,  1.99it/s, loss=0.0895]
Ep   4 [train]:   6%|▌         | 8/145 [00:03<00:55,  2.48it/s, loss=0.0895]
Ep   4 [train]:   6%|▌         | 8/145 [00:04<00:55,  2.48it/s, loss=0.0845]
Ep   4 [train]:   6%|▌         | 9/145 [00:04<01:05,  2.08it/s, loss=0.0845]
Ep   4 [train]:   6%|▌         | 9/145 [00:04<01:05,  2.08it/s, loss=0.0856]
Ep   4 [train]:   7%|▋         | 10/145 [00:04<00:54,  2.48it/s, loss=0.0856]
Ep   4 [train]:   7%|▋         | 10/145 [00:05<00:54,  2.48it/s, loss=0.0844]
Ep   4 [train]:   8%|▊         | 11/145 [00:05<01:02,  2.15it/s, loss=0.0844]
Ep   4 [train]:   8%|▊         | 11/145 [00:05<01:02,  2.15it/s, loss=0.0876]
Ep   4 [train]:   8%|▊         | 12/145 [00:05<00:51,  2.57it/s, loss=0.0876]
Ep   4 [train]:   8%|▊         | 12/145 [00:06<00:51,  2.57it/s, loss=0.0903]
Ep   4 [train]:   9%|▉         | 13/145 [00:06<01:02,  2.10it/s, loss=0.0903]
Ep   4 [train]:   9%|▉         | 13/145 [00:06<01:02,  2.10it/s, loss=0.0865]
Ep   4 [train]:  10%|▉         | 14/145 [00:06<00:50,  2.57it/s, loss=0.0865]
Ep   4 [train]:  10%|▉         | 14/145 [00:07<00:50,  2.57it/s, loss=0.0843]
Ep   4 [train]:  10%|█         | 15/145 [00:07<00:59,  2.20it/s, loss=0.0843]
Ep   4 [train]:  10%|█         | 15/145 [00:07<00:59,  2.20it/s, loss=0.0859]
Ep   4 [train]:  11%|█         | 16/145 [00:07<00:48,  2.66it/s, loss=0.0859]
Ep   4 [train]:  11%|█         | 16/145 [00:08<00:48,  2.66it/s, loss=0.0973]
Ep   4 [train]:  12%|█▏        | 17/145 [00:08<01:00,  2.11it/s, loss=0.0973]
Ep   4 [train]:  12%|█▏        | 17/145 [00:08<01:00,  2.11it/s, loss=0.0834]
Ep   4 [train]:  12%|█▏        | 18/145 [00:08<00:49,  2.54it/s, loss=0.0834]
Ep   4 [train]:  12%|█▏        | 18/145 [00:08<00:49,  2.54it/s, loss=0.0907]
Ep   4 [train]:  13%|█▎        | 19/145 [00:08<00:59,  2.12it/s, loss=0.0907]
Ep   4 [train]:  13%|█▎        | 19/145 [00:09<00:59,  2.12it/s, loss=0.0815]
Ep   4 [train]:  14%|█▍        | 20/145 [00:09<00:47,  2.61it/s, loss=0.0815]
Ep   4 [train]:  14%|█▍        | 20/145 [00:09<00:47,  2.61it/s, loss=0.0925]
Ep   4 [train]:  14%|█▍        | 21/145 [00:09<00:58,  2.12it/s, loss=0.0925]
Ep   4 [train]:  14%|█▍        | 21/145 [00:09<00:58,  2.12it/s, loss=0.0931]
Ep   4 [train]:  15%|█▌        | 22/145 [00:09<00:48,  2.52it/s, loss=0.0931]
Ep   4 [train]:  15%|█▌        | 22/145 [00:10<00:48,  2.52it/s, loss=0.0823]
Ep   4 [train]:  16%|█▌        | 23/145 [00:10<01:00,  2.02it/s, loss=0.0823]
Ep   4 [train]:  16%|█▌        | 23/145 [00:10<01:00,  2.02it/s, loss=0.0811]
Ep   4 [train]:  17%|█▋        | 24/145 [00:10<00:48,  2.50it/s, loss=0.0811]
Ep   4 [train]:  17%|█▋        | 24/145 [00:11<00:48,  2.50it/s, loss=0.0907]
Ep   4 [train]:  17%|█▋        | 25/145 [00:11<00:57,  2.07it/s, loss=0.0907]
Ep   4 [train]:  17%|█▋        | 25/145 [00:11<00:57,  2.07it/s, loss=0.0918]
Ep   4 [train]:  18%|█▊        | 26/145 [00:11<00:47,  2.50it/s, loss=0.0918]
Ep   4 [train]:  18%|█▊        | 26/145 [00:12<00:47,  2.50it/s, loss=0.0887]
Ep   4 [train]:  19%|█▊        | 27/145 [00:12<00:55,  2.13it/s, loss=0.0887]
Ep   4 [train]:  19%|█▊        | 27/145 [00:12<00:55,  2.13it/s, loss=0.0914]
Ep   4 [train]:  19%|█▉        | 28/145 [00:12<00:44,  2.62it/s, loss=0.0914]
Ep   4 [train]:  19%|█▉        | 28/145 [00:13<00:44,  2.62it/s, loss=0.1045]
Ep   4 [train]:  20%|██        | 29/145 [00:13<00:56,  2.06it/s, loss=0.1045]
Ep   4 [train]:  20%|██        | 29/145 [00:13<00:56,  2.06it/s, loss=0.1031]
Ep   4 [train]:  21%|██        | 30/145 [00:13<00:45,  2.53it/s, loss=0.1031]
Ep   4 [train]:  21%|██        | 30/145 [00:14<00:45,  2.53it/s, loss=0.0843]
Ep   4 [train]:  21%|██▏       | 31/145 [00:14<00:53,  2.13it/s, loss=0.0843]
Ep   4 [train]:  21%|██▏       | 31/145 [00:14<00:53,  2.13it/s, loss=0.0845]
Ep   4 [train]:  22%|██▏       | 32/145 [00:14<00:43,  2.61it/s, loss=0.0845]
Ep   4 [train]:  22%|██▏       | 32/145 [00:14<00:43,  2.61it/s, loss=0.0890]
Ep   4 [train]:  23%|██▎       | 33/145 [00:14<00:51,  2.16it/s, loss=0.0890]
Ep   4 [train]:  23%|██▎       | 33/145 [00:15<00:51,  2.16it/s, loss=0.0961]
Ep   4 [train]:  23%|██▎       | 34/145 [00:15<00:42,  2.60it/s, loss=0.0961]
Ep   4 [train]:  23%|██▎       | 34/145 [00:15<00:42,  2.60it/s, loss=0.1090]
Ep   4 [train]:  24%|██▍       | 35/145 [00:15<00:51,  2.14it/s, loss=0.1090]
Ep   4 [train]:  24%|██▍       | 35/145 [00:15<00:51,  2.14it/s, loss=0.0967]
Ep   4 [train]:  25%|██▍       | 36/145 [00:15<00:41,  2.63it/s, loss=0.0967]
Ep   4 [train]:  25%|██▍       | 36/145 [00:16<00:41,  2.63it/s, loss=0.0919]
Ep   4 [train]:  26%|██▌       | 37/145 [00:16<00:51,  2.12it/s, loss=0.0919]
Ep   4 [train]:  26%|██▌       | 37/145 [00:16<00:51,  2.12it/s, loss=0.1002]
Ep   4 [train]:  26%|██▌       | 38/145 [00:16<00:42,  2.54it/s, loss=0.1002]
Ep   4 [train]:  26%|██▌       | 38/145 [00:17<00:42,  2.54it/s, loss=0.0962]
Ep   4 [train]:  27%|██▋       | 39/145 [00:17<00:50,  2.10it/s, loss=0.0962]
Ep   4 [train]:  27%|██▋       | 39/145 [00:17<00:50,  2.10it/s, loss=0.0870]
Ep   4 [train]:  28%|██▊       | 40/145 [00:17<00:41,  2.55it/s, loss=0.0870]
Ep   4 [train]:  28%|██▊       | 40/145 [00:18<00:41,  2.55it/s, loss=0.0967]
Ep   4 [train]:  28%|██▊       | 41/145 [00:18<00:50,  2.04it/s, loss=0.0967]
Ep   4 [train]:  28%|██▊       | 41/145 [00:18<00:50,  2.04it/s, loss=0.0906]
Ep   4 [train]:  29%|██▉       | 42/145 [00:18<00:41,  2.49it/s, loss=0.0906]
Ep   4 [train]:  29%|██▉       | 42/145 [00:19<00:41,  2.49it/s, loss=0.0920]
Ep   4 [train]:  30%|██▉       | 43/145 [00:19<00:50,  2.04it/s, loss=0.0920]
Ep   4 [train]:  30%|██▉       | 43/145 [00:19<00:50,  2.04it/s, loss=0.0871]
Ep   4 [train]:  30%|███       | 44/145 [00:19<00:40,  2.49it/s, loss=0.0871]
Ep   4 [train]:  30%|███       | 44/145 [00:20<00:40,  2.49it/s, loss=0.0958]
Ep   4 [train]:  31%|███       | 45/145 [00:20<00:49,  2.03it/s, loss=0.0958]
Ep   4 [train]:  31%|███       | 45/145 [00:20<00:49,  2.03it/s, loss=0.0900]
Ep   4 [train]:  32%|███▏      | 46/145 [00:20<00:40,  2.47it/s, loss=0.0900]
Ep   4 [train]:  32%|███▏      | 46/145 [00:21<00:40,  2.47it/s, loss=0.1018]
Ep   4 [train]:  32%|███▏      | 47/145 [00:21<00:48,  2.01it/s, loss=0.1018]
Ep   4 [train]:  32%|███▏      | 47/145 [00:21<00:48,  2.01it/s, loss=0.0895]
Ep   4 [train]:  33%|███▎      | 48/145 [00:21<00:39,  2.48it/s, loss=0.0895]
Ep   4 [train]:  33%|███▎      | 48/145 [00:22<00:39,  2.48it/s, loss=0.0916]
Ep   4 [train]:  34%|███▍      | 49/145 [00:22<00:46,  2.06it/s, loss=0.0916]
Ep   4 [train]:  34%|███▍      | 49/145 [00:22<00:46,  2.06it/s, loss=0.0870]
Ep   4 [train]:  34%|███▍      | 50/145 [00:22<00:37,  2.52it/s, loss=0.0870]
Ep   4 [train]:  34%|███▍      | 50/145 [00:22<00:37,  2.52it/s, loss=0.0906]
Ep   4 [train]:  35%|███▌      | 51/145 [00:22<00:44,  2.11it/s, loss=0.0906]
Ep   4 [train]:  35%|███▌      | 51/145 [00:23<00:44,  2.11it/s, loss=0.0906]
Ep   4 [train]:  36%|███▌      | 52/145 [00:23<00:36,  2.58it/s, loss=0.0906]
Ep   4 [train]:  36%|███▌      | 52/145 [00:23<00:36,  2.58it/s, loss=0.1017]
Ep   4 [train]:  37%|███▋      | 53/145 [00:23<00:46,  1.96it/s, loss=0.1017]
Ep   4 [train]:  37%|███▋      | 53/145 [00:24<00:46,  1.96it/s, loss=0.0788]
Ep   4 [train]:  37%|███▋      | 54/145 [00:24<00:39,  2.33it/s, loss=0.0788]
Ep   4 [train]:  37%|███▋      | 54/145 [00:24<00:39,  2.33it/s, loss=0.0829]
Ep   4 [train]:  38%|███▊      | 55/145 [00:24<00:48,  1.87it/s, loss=0.0829]
Ep   4 [train]:  38%|███▊      | 55/145 [00:25<00:48,  1.87it/s, loss=0.0917]
Ep   4 [train]:  39%|███▊      | 56/145 [00:25<00:38,  2.30it/s, loss=0.0917]
Ep   4 [train]:  39%|███▊      | 56/145 [00:25<00:38,  2.30it/s, loss=0.0845]
Ep   4 [train]:  39%|███▉      | 57/145 [00:25<00:42,  2.06it/s, loss=0.0845]
Ep   4 [train]:  39%|███▉      | 57/145 [00:25<00:42,  2.06it/s, loss=0.0935]
Ep   4 [train]:  40%|████      | 58/145 [00:25<00:34,  2.54it/s, loss=0.0935]
Ep   4 [train]:  40%|████      | 58/145 [00:26<00:34,  2.54it/s, loss=0.0889]
Ep   4 [train]:  41%|████      | 59/145 [00:26<00:40,  2.15it/s, loss=0.0889]
Ep   4 [train]:  41%|████      | 59/145 [00:26<00:40,  2.15it/s, loss=0.0896]
Ep   4 [train]:  41%|████▏     | 60/145 [00:26<00:32,  2.65it/s, loss=0.0896]
Ep   4 [train]:  41%|████▏     | 60/145 [00:27<00:32,  2.65it/s, loss=0.0828]
Ep   4 [train]:  42%|████▏     | 61/145 [00:27<00:38,  2.20it/s, loss=0.0828]
Ep   4 [train]:  42%|████▏     | 61/145 [00:27<00:38,  2.20it/s, loss=0.0903]
Ep   4 [train]:  43%|████▎     | 62/145 [00:27<00:31,  2.66it/s, loss=0.0903]
Ep   4 [train]:  43%|████▎     | 62/145 [00:28<00:31,  2.66it/s, loss=0.0881]
Ep   4 [train]:  43%|████▎     | 63/145 [00:28<00:38,  2.15it/s, loss=0.0881]
Ep   4 [train]:  43%|████▎     | 63/145 [00:28<00:38,  2.15it/s, loss=0.0988]
Ep   4 [train]:  44%|████▍     | 64/145 [00:28<00:30,  2.65it/s, loss=0.0988]
Ep   4 [train]:  44%|████▍     | 64/145 [00:29<00:30,  2.65it/s, loss=0.0924]
Ep   4 [train]:  45%|████▍     | 65/145 [00:29<00:38,  2.09it/s, loss=0.0924]
Ep   4 [train]:  45%|████▍     | 65/145 [00:29<00:38,  2.09it/s, loss=0.0844]
Ep   4 [train]:  46%|████▌     | 66/145 [00:29<00:31,  2.53it/s, loss=0.0844]
Ep   4 [train]:  46%|████▌     | 66/145 [00:29<00:31,  2.53it/s, loss=0.0884]
Ep   4 [train]:  46%|████▌     | 67/145 [00:29<00:38,  2.05it/s, loss=0.0884]
Ep   4 [train]:  46%|████▌     | 67/145 [00:30<00:38,  2.05it/s, loss=0.0920]
Ep   4 [train]:  47%|████▋     | 68/145 [00:30<00:31,  2.47it/s, loss=0.0920]
Ep   4 [train]:  47%|████▋     | 68/145 [00:30<00:31,  2.47it/s, loss=0.0894]
Ep   4 [train]:  48%|████▊     | 69/145 [00:30<00:36,  2.10it/s, loss=0.0894]
Ep   4 [train]:  48%|████▊     | 69/145 [00:30<00:36,  2.10it/s, loss=0.0905]
Ep   4 [train]:  48%|████▊     | 70/145 [00:30<00:29,  2.54it/s, loss=0.0905]
Ep   4 [train]:  48%|████▊     | 70/145 [00:31<00:29,  2.54it/s, loss=0.0864]
Ep   4 [train]:  49%|████▉     | 71/145 [00:31<00:34,  2.14it/s, loss=0.0864]
Ep   4 [train]:  49%|████▉     | 71/145 [00:31<00:34,  2.14it/s, loss=0.0905]
Ep   4 [train]:  50%|████▉     | 72/145 [00:31<00:28,  2.58it/s, loss=0.0905]
Ep   4 [train]:  50%|████▉     | 72/145 [00:32<00:28,  2.58it/s, loss=0.0895]
Ep   4 [train]:  50%|█████     | 73/145 [00:32<00:34,  2.11it/s, loss=0.0895]
Ep   4 [train]:  50%|█████     | 73/145 [00:32<00:34,  2.11it/s, loss=0.0879]
Ep   4 [train]:  51%|█████     | 74/145 [00:32<00:27,  2.58it/s, loss=0.0879]
Ep   4 [train]:  51%|█████     | 74/145 [00:33<00:27,  2.58it/s, loss=0.0897]
Ep   4 [train]:  52%|█████▏    | 75/145 [00:33<00:35,  1.97it/s, loss=0.0897]
Ep   4 [train]:  52%|█████▏    | 75/145 [00:33<00:35,  1.97it/s, loss=0.0863]
Ep   4 [train]:  52%|█████▏    | 76/145 [00:33<00:28,  2.42it/s, loss=0.0863]
Ep   4 [train]:  52%|█████▏    | 76/145 [00:34<00:28,  2.42it/s, loss=0.0865]
Ep   4 [train]:  53%|█████▎    | 77/145 [00:34<00:33,  2.03it/s, loss=0.0865]
Ep   4 [train]:  53%|█████▎    | 77/145 [00:34<00:33,  2.03it/s, loss=0.0819]
Ep   4 [train]:  54%|█████▍    | 78/145 [00:34<00:27,  2.47it/s, loss=0.0819]
Ep   4 [train]:  54%|█████▍    | 78/145 [00:35<00:27,  2.47it/s, loss=0.0947]
Ep   4 [train]:  54%|█████▍    | 79/145 [00:35<00:32,  2.05it/s, loss=0.0947]
Ep   4 [train]:  54%|█████▍    | 79/145 [00:35<00:32,  2.05it/s, loss=0.0854]
Ep   4 [train]:  55%|█████▌    | 80/145 [00:35<00:25,  2.51it/s, loss=0.0854]
Ep   4 [train]:  55%|█████▌    | 80/145 [00:36<00:25,  2.51it/s, loss=0.0885]
Ep   4 [train]:  56%|█████▌    | 81/145 [00:36<00:31,  2.02it/s, loss=0.0885]
Ep   4 [train]:  56%|█████▌    | 81/145 [00:36<00:31,  2.02it/s, loss=0.0863]
Ep   4 [train]:  57%|█████▋    | 82/145 [00:36<00:25,  2.49it/s, loss=0.0863]
Ep   4 [train]:  57%|█████▋    | 82/145 [00:37<00:25,  2.49it/s, loss=0.0966]
Ep   4 [train]:  57%|█████▋    | 83/145 [00:37<00:30,  2.05it/s, loss=0.0966]
Ep   4 [train]:  57%|█████▋    | 83/145 [00:37<00:30,  2.05it/s, loss=0.0916]
Ep   4 [train]:  58%|█████▊    | 84/145 [00:37<00:24,  2.49it/s, loss=0.0916]
Ep   4 [train]:  58%|█████▊    | 84/145 [00:37<00:24,  2.49it/s, loss=0.0889]
Ep   4 [train]:  59%|█████▊    | 85/145 [00:37<00:28,  2.08it/s, loss=0.0889]
Ep   4 [train]:  59%|█████▊    | 85/145 [00:38<00:28,  2.08it/s, loss=0.0906]
Ep   4 [train]:  59%|█████▉    | 86/145 [00:38<00:23,  2.55it/s, loss=0.0906]
Ep   4 [train]:  59%|█████▉    | 86/145 [00:38<00:23,  2.55it/s, loss=0.1013]
Ep   4 [train]:  60%|██████    | 87/145 [00:38<00:28,  2.02it/s, loss=0.1013]
Ep   4 [train]:  60%|██████    | 87/145 [00:38<00:28,  2.02it/s, loss=0.0829]
Ep   4 [train]:  61%|██████    | 88/145 [00:38<00:23,  2.47it/s, loss=0.0829]
Ep   4 [train]:  61%|██████    | 88/145 [00:39<00:23,  2.47it/s, loss=0.0928]
Ep   4 [train]:  61%|██████▏   | 89/145 [00:39<00:26,  2.09it/s, loss=0.0928]
Ep   4 [train]:  61%|██████▏   | 89/145 [00:39<00:26,  2.09it/s, loss=0.0963]
Ep   4 [train]:  62%|██████▏   | 90/145 [00:39<00:22,  2.49it/s, loss=0.0963]
Ep   4 [train]:  62%|██████▏   | 90/145 [00:40<00:22,  2.49it/s, loss=0.0836]
Ep   4 [train]:  63%|██████▎   | 91/145 [00:40<00:25,  2.09it/s, loss=0.0836]
Ep   4 [train]:  63%|██████▎   | 91/145 [00:40<00:25,  2.09it/s, loss=0.0799]
Ep   4 [train]:  63%|██████▎   | 92/145 [00:40<00:20,  2.55it/s, loss=0.0799]
Ep   4 [train]:  63%|██████▎   | 92/145 [00:41<00:20,  2.55it/s, loss=0.0800]
Ep   4 [train]:  64%|██████▍   | 93/145 [00:41<00:25,  2.05it/s, loss=0.0800]
Ep   4 [train]:  64%|██████▍   | 93/145 [00:41<00:25,  2.05it/s, loss=0.0884]
Ep   4 [train]:  65%|██████▍   | 94/145 [00:41<00:20,  2.46it/s, loss=0.0884]
Ep   4 [train]:  65%|██████▍   | 94/145 [00:42<00:20,  2.46it/s, loss=0.0893]
Ep   4 [train]:  66%|██████▌   | 95/145 [00:42<00:25,  1.98it/s, loss=0.0893]
Ep   4 [train]:  66%|██████▌   | 95/145 [00:42<00:25,  1.98it/s, loss=0.0810]
Ep   4 [train]:  66%|██████▌   | 96/145 [00:42<00:20,  2.38it/s, loss=0.0810]
Ep   4 [train]:  66%|██████▌   | 96/145 [00:43<00:20,  2.38it/s, loss=0.0872]
Ep   4 [train]:  67%|██████▋   | 97/145 [00:43<00:23,  2.00it/s, loss=0.0872]
Ep   4 [train]:  67%|██████▋   | 97/145 [00:43<00:23,  2.00it/s, loss=0.0864]
Ep   4 [train]:  68%|██████▊   | 98/145 [00:43<00:18,  2.47it/s, loss=0.0864]
Ep   4 [train]:  68%|██████▊   | 98/145 [00:44<00:18,  2.47it/s, loss=0.0834]
Ep   4 [train]:  68%|██████▊   | 99/145 [00:44<00:22,  2.03it/s, loss=0.0834]
Ep   4 [train]:  68%|██████▊   | 99/145 [00:44<00:22,  2.03it/s, loss=0.0865]
Ep   4 [train]:  69%|██████▉   | 100/145 [00:44<00:18,  2.50it/s, loss=0.0865]
Ep   4 [train]:  69%|██████▉   | 100/145 [00:45<00:18,  2.50it/s, loss=0.0899]
Ep   4 [train]:  70%|██████▉   | 101/145 [00:45<00:22,  1.98it/s, loss=0.0899]
Ep   4 [train]:  70%|██████▉   | 101/145 [00:45<00:22,  1.98it/s, loss=0.0802]
Ep   4 [train]:  70%|███████   | 102/145 [00:45<00:17,  2.45it/s, loss=0.0802]
Ep   4 [train]:  70%|███████   | 102/145 [00:46<00:17,  2.45it/s, loss=0.0964]
Ep   4 [train]:  71%|███████   | 103/145 [00:46<00:21,  1.99it/s, loss=0.0964]
Ep   4 [train]:  71%|███████   | 103/145 [00:46<00:21,  1.99it/s, loss=0.0775]
Ep   4 [train]:  72%|███████▏  | 104/145 [00:46<00:16,  2.46it/s, loss=0.0775]
Ep   4 [train]:  72%|███████▏  | 104/145 [00:46<00:16,  2.46it/s, loss=0.0835]
Ep   4 [train]:  72%|███████▏  | 105/145 [00:46<00:20,  1.97it/s, loss=0.0835]
Ep   4 [train]:  72%|███████▏  | 105/145 [00:47<00:20,  1.97it/s, loss=0.0829]
Ep   4 [train]:  73%|███████▎  | 106/145 [00:47<00:16,  2.40it/s, loss=0.0829]
Ep   4 [train]:  73%|███████▎  | 106/145 [00:47<00:16,  2.40it/s, loss=0.0837]
Ep   4 [train]:  74%|███████▍  | 107/145 [00:47<00:19,  1.94it/s, loss=0.0837]
Ep   4 [train]:  74%|███████▍  | 107/145 [00:48<00:19,  1.94it/s, loss=0.0891]
Ep   4 [train]:  74%|███████▍  | 108/145 [00:48<00:15,  2.37it/s, loss=0.0891]
Ep   4 [train]:  74%|███████▍  | 108/145 [00:48<00:15,  2.37it/s, loss=0.0913]
Ep   4 [train]:  75%|███████▌  | 109/145 [00:48<00:18,  1.90it/s, loss=0.0913]
Ep   4 [train]:  75%|███████▌  | 109/145 [00:49<00:18,  1.90it/s, loss=0.0886]
Ep   4 [train]:  76%|███████▌  | 110/145 [00:49<00:15,  2.30it/s, loss=0.0886]
Ep   4 [train]:  76%|███████▌  | 110/145 [00:49<00:15,  2.30it/s, loss=0.0967]
Ep   4 [train]:  77%|███████▋  | 111/145 [00:49<00:18,  1.86it/s, loss=0.0967]
Ep   4 [train]:  77%|███████▋  | 111/145 [00:50<00:18,  1.86it/s, loss=0.0851]
Ep   4 [train]:  77%|███████▋  | 112/145 [00:50<00:14,  2.27it/s, loss=0.0851]
Ep   4 [train]:  77%|███████▋  | 112/145 [00:50<00:14,  2.27it/s, loss=0.0964]
Ep   4 [train]:  78%|███████▊  | 113/145 [00:50<00:16,  1.98it/s, loss=0.0964]
Ep   4 [train]:  78%|███████▊  | 113/145 [00:50<00:16,  1.98it/s, loss=0.0948]
Ep   4 [train]:  79%|███████▊  | 114/145 [00:50<00:12,  2.46it/s, loss=0.0948]
Ep   4 [train]:  79%|███████▊  | 114/145 [00:51<00:12,  2.46it/s, loss=0.0971]
Ep   4 [train]:  79%|███████▉  | 115/145 [00:51<00:14,  2.03it/s, loss=0.0971]
Ep   4 [train]:  79%|███████▉  | 115/145 [00:51<00:14,  2.03it/s, loss=0.0869]
Ep   4 [train]:  80%|████████  | 116/145 [00:51<00:11,  2.51it/s, loss=0.0869]
Ep   4 [train]:  80%|████████  | 116/145 [00:52<00:11,  2.51it/s, loss=0.0918]
Ep   4 [train]:  81%|████████  | 117/145 [00:52<00:14,  1.90it/s, loss=0.0918]
Ep   4 [train]:  81%|████████  | 117/145 [00:52<00:14,  1.90it/s, loss=0.0844]
Ep   4 [train]:  81%|████████▏ | 118/145 [00:52<00:11,  2.34it/s, loss=0.0844]
Ep   4 [train]:  81%|████████▏ | 118/145 [00:53<00:11,  2.34it/s, loss=0.0984]
Ep   4 [train]:  82%|████████▏ | 119/145 [00:53<00:13,  1.91it/s, loss=0.0984]
Ep   4 [train]:  82%|████████▏ | 119/145 [00:53<00:13,  1.91it/s, loss=0.0912]
Ep   4 [train]:  83%|████████▎ | 120/145 [00:53<00:10,  2.31it/s, loss=0.0912]
Ep   4 [train]:  83%|████████▎ | 120/145 [00:54<00:10,  2.31it/s, loss=0.0948]
Ep   4 [train]:  83%|████████▎ | 121/145 [00:54<00:12,  1.86it/s, loss=0.0948]
Ep   4 [train]:  83%|████████▎ | 121/145 [00:54<00:12,  1.86it/s, loss=0.0856]
Ep   4 [train]:  84%|████████▍ | 122/145 [00:54<00:09,  2.31it/s, loss=0.0856]
Ep   4 [train]:  84%|████████▍ | 122/145 [00:55<00:09,  2.31it/s, loss=0.0911]
Ep   4 [train]:  85%|████████▍ | 123/145 [00:55<00:12,  1.81it/s, loss=0.0911]
Ep   4 [train]:  85%|████████▍ | 123/145 [00:55<00:12,  1.81it/s, loss=0.0915]
Ep   4 [train]:  86%|████████▌ | 124/145 [00:55<00:09,  2.25it/s, loss=0.0915]
Ep   4 [train]:  86%|████████▌ | 124/145 [00:56<00:09,  2.25it/s, loss=0.0889]
Ep   4 [train]:  86%|████████▌ | 125/145 [00:56<00:10,  1.88it/s, loss=0.0889]
Ep   4 [train]:  86%|████████▌ | 125/145 [00:56<00:10,  1.88it/s, loss=0.0903]
Ep   4 [train]:  87%|████████▋ | 126/145 [00:56<00:08,  2.34it/s, loss=0.0903]
Ep   4 [train]:  87%|████████▋ | 126/145 [00:57<00:08,  2.34it/s, loss=0.0867]
Ep   4 [train]:  88%|████████▊ | 127/145 [00:57<00:09,  1.87it/s, loss=0.0867]
Ep   4 [train]:  88%|████████▊ | 127/145 [00:57<00:09,  1.87it/s, loss=0.0901]
Ep   4 [train]:  88%|████████▊ | 128/145 [00:57<00:07,  2.33it/s, loss=0.0901]
Ep   4 [train]:  88%|████████▊ | 128/145 [00:58<00:07,  2.33it/s, loss=0.0806]
Ep   4 [train]:  89%|████████▉ | 129/145 [00:58<00:08,  1.90it/s, loss=0.0806]
Ep   4 [train]:  89%|████████▉ | 129/145 [00:58<00:08,  1.90it/s, loss=0.0850]
Ep   4 [train]:  90%|████████▉ | 130/145 [00:58<00:06,  2.33it/s, loss=0.0850]
Ep   4 [train]:  90%|████████▉ | 130/145 [00:59<00:06,  2.33it/s, loss=0.0902]
Ep   4 [train]:  90%|█████████ | 131/145 [00:59<00:07,  1.90it/s, loss=0.0902]
Ep   4 [train]:  90%|█████████ | 131/145 [00:59<00:07,  1.90it/s, loss=0.0975]
Ep   4 [train]:  91%|█████████ | 132/145 [00:59<00:05,  2.35it/s, loss=0.0975]
Ep   4 [train]:  91%|█████████ | 132/145 [01:00<00:05,  2.35it/s, loss=0.0806]
Ep   4 [train]:  92%|█████████▏| 133/145 [01:00<00:06,  1.93it/s, loss=0.0806]
Ep   4 [train]:  92%|█████████▏| 133/145 [01:00<00:06,  1.93it/s, loss=0.0861]
Ep   4 [train]:  92%|█████████▏| 134/145 [01:00<00:04,  2.40it/s, loss=0.0861]
Ep   4 [train]:  92%|█████████▏| 134/145 [01:01<00:04,  2.40it/s, loss=0.0986]
Ep   4 [train]:  93%|█████████▎| 135/145 [01:01<00:05,  1.87it/s, loss=0.0986]
Ep   4 [train]:  93%|█████████▎| 135/145 [01:01<00:05,  1.87it/s, loss=0.0864]
Ep   4 [train]:  94%|█████████▍| 136/145 [01:01<00:03,  2.31it/s, loss=0.0864]
Ep   4 [train]:  94%|█████████▍| 136/145 [01:02<00:03,  2.31it/s, loss=0.0883]
Ep   4 [train]:  94%|█████████▍| 137/145 [01:02<00:04,  1.88it/s, loss=0.0883]
Ep   4 [train]:  94%|█████████▍| 137/145 [01:02<00:04,  1.88it/s, loss=0.0807]
Ep   4 [train]:  95%|█████████▌| 138/145 [01:02<00:03,  2.29it/s, loss=0.0807]
Ep   4 [train]:  95%|█████████▌| 138/145 [01:03<00:03,  2.29it/s, loss=0.0986]
Ep   4 [train]:  96%|█████████▌| 139/145 [01:03<00:03,  1.92it/s, loss=0.0986]
Ep   4 [train]:  96%|█████████▌| 139/145 [01:03<00:03,  1.92it/s, loss=0.0962]
Ep   4 [train]:  97%|█████████▋| 140/145 [01:03<00:02,  2.37it/s, loss=0.0962]
Ep   4 [train]:  97%|█████████▋| 140/145 [01:04<00:02,  2.37it/s, loss=0.0912]
Ep   4 [train]:  97%|█████████▋| 141/145 [01:04<00:02,  1.91it/s, loss=0.0912]
Ep   4 [train]:  97%|█████████▋| 141/145 [01:04<00:02,  1.91it/s, loss=0.0823]
Ep   4 [train]:  98%|█████████▊| 142/145 [01:04<00:01,  2.36it/s, loss=0.0823]
Ep   4 [train]:  98%|█████████▊| 142/145 [01:04<00:01,  2.36it/s, loss=0.0902]
Ep   4 [train]:  99%|█████████▊| 143/145 [01:04<00:00,  2.11it/s, loss=0.0902]
Ep   4 [train]:  99%|█████████▊| 143/145 [01:05<00:00,  2.11it/s, loss=0.0870]
Ep   4 [train]:  99%|█████████▉| 144/145 [01:05<00:00,  2.54it/s, loss=0.0870]
Ep   4 [train]:  99%|█████████▉| 144/145 [01:05<00:00,  2.54it/s, loss=0.0988]
Ep   4 [train]: 100%|██████████| 145/145 [01:05<00:00,  2.19it/s, loss=0.0988]
                                                                              
  Ep   4 [train]  loss=0.0896  rmse_c=0.2427  mae_c=0.2176  r2_c=-0.014  rmse_h=0.3516  mae_h=0.2629  r2_h=0.293  sup=0.321

Ep   4 [val  ]:   0%|          | 0/39 [00:00<?, ?it/s]
Ep   4 [val  ]:   0%|          | 0/39 [00:01<?, ?it/s, loss=0.1074]
Ep   4 [val  ]:   3%|▎         | 1/39 [00:01<00:42,  1.11s/it, loss=0.1074]
Ep   4 [val  ]:   3%|▎         | 1/39 [00:01<00:42,  1.11s/it, loss=0.1027]
Ep   4 [val  ]:   3%|▎         | 1/39 [00:02<00:42,  1.11s/it, loss=0.0850]
Ep   4 [val  ]:   8%|▊         | 3/39 [00:02<00:23,  1.54it/s, loss=0.0850]
Ep   4 [val  ]:   8%|▊         | 3/39 [00:02<00:23,  1.54it/s, loss=0.0790]
Ep   4 [val  ]:   8%|▊         | 3/39 [00:02<00:23,  1.54it/s, loss=0.0840]
Ep   4 [val  ]:  13%|█▎        | 5/39 [00:02<00:18,  1.86it/s, loss=0.0840]
Ep   4 [val  ]:  13%|█▎        | 5/39 [00:03<00:18,  1.86it/s, loss=0.0972]
Ep   4 [val  ]:  13%|█▎        | 5/39 [00:03<00:18,  1.86it/s, loss=0.0854]
Ep   4 [val  ]:  18%|█▊        | 7/39 [00:03<00:15,  2.06it/s, loss=0.0854]
Ep   4 [val  ]:  18%|█▊        | 7/39 [00:03<00:15,  2.06it/s, loss=0.0852]
Ep   4 [val  ]:  18%|█▊        | 7/39 [00:04<00:15,  2.06it/s, loss=0.0909]
Ep   4 [val  ]:  23%|██▎       | 9/39 [00:04<00:13,  2.23it/s, loss=0.0909]
Ep   4 [val  ]:  23%|██▎       | 9/39 [00:04<00:13,  2.23it/s, loss=0.0826]
Ep   4 [val  ]:  23%|██▎       | 9/39 [00:05<00:13,  2.23it/s, loss=0.0875]
Ep   4 [val  ]:  28%|██▊       | 11/39 [00:05<00:11,  2.34it/s, loss=0.0875]
Ep   4 [val  ]:  28%|██▊       | 11/39 [00:05<00:11,  2.34it/s, loss=0.0858]
Ep   4 [val  ]:  31%|███       | 12/39 [00:05<00:09,  2.76it/s, loss=0.0858]
Ep   4 [val  ]:  31%|███       | 12/39 [00:06<00:09,  2.76it/s, loss=0.0825]
Ep   4 [val  ]:  33%|███▎      | 13/39 [00:06<00:11,  2.26it/s, loss=0.0825]
Ep   4 [val  ]:  33%|███▎      | 13/39 [00:06<00:11,  2.26it/s, loss=0.0896]
Ep   4 [val  ]:  33%|███▎      | 13/39 [00:06<00:11,  2.26it/s, loss=0.1023]
Ep   4 [val  ]:  38%|███▊      | 15/39 [00:06<00:10,  2.31it/s, loss=0.1023]
Ep   4 [val  ]:  38%|███▊      | 15/39 [00:07<00:10,  2.31it/s, loss=0.1027]
Ep   4 [val  ]:  38%|███▊      | 15/39 [00:07<00:10,  2.31it/s, loss=0.1017]
Ep   4 [val  ]:  44%|████▎     | 17/39 [00:07<00:09,  2.29it/s, loss=0.1017]
Ep   4 [val  ]:  44%|████▎     | 17/39 [00:07<00:09,  2.29it/s, loss=0.0944]
Ep   4 [val  ]:  44%|████▎     | 17/39 [00:08<00:09,  2.29it/s, loss=0.0858]
Ep   4 [val  ]:  49%|████▊     | 19/39 [00:08<00:08,  2.30it/s, loss=0.0858]
Ep   4 [val  ]:  49%|████▊     | 19/39 [00:08<00:08,  2.30it/s, loss=0.0733]
Ep   4 [val  ]:  49%|████▊     | 19/39 [00:09<00:08,  2.30it/s, loss=0.0685]
Ep   4 [val  ]:  54%|█████▍    | 21/39 [00:09<00:07,  2.28it/s, loss=0.0685]
Ep   4 [val  ]:  54%|█████▍    | 21/39 [00:09<00:07,  2.28it/s, loss=0.0756]
Ep   4 [val  ]:  54%|█████▍    | 21/39 [00:10<00:07,  2.28it/s, loss=0.0687]
Ep   4 [val  ]:  59%|█████▉    | 23/39 [00:10<00:07,  2.22it/s, loss=0.0687]
Ep   4 [val  ]:  59%|█████▉    | 23/39 [00:10<00:07,  2.22it/s, loss=0.0721]
Ep   4 [val  ]:  59%|█████▉    | 23/39 [00:11<00:07,  2.22it/s, loss=0.0726]
Ep   4 [val  ]:  64%|██████▍   | 25/39 [00:11<00:06,  2.25it/s, loss=0.0726]
Ep   4 [val  ]:  64%|██████▍   | 25/39 [00:11<00:06,  2.25it/s, loss=0.0809]
Ep   4 [val  ]:  64%|██████▍   | 25/39 [00:12<00:06,  2.25it/s, loss=0.0878]
Ep   4 [val  ]:  69%|██████▉   | 27/39 [00:12<00:05,  2.19it/s, loss=0.0878]
Ep   4 [val  ]:  69%|██████▉   | 27/39 [00:12<00:05,  2.19it/s, loss=0.1287]
Ep   4 [val  ]:  72%|███████▏  | 28/39 [00:12<00:04,  2.54it/s, loss=0.1287]
Ep   4 [val  ]:  72%|███████▏  | 28/39 [00:13<00:04,  2.54it/s, loss=0.1021]
Ep   4 [val  ]:  74%|███████▍  | 29/39 [00:13<00:04,  2.12it/s, loss=0.1021]
Ep   4 [val  ]:  74%|███████▍  | 29/39 [00:13<00:04,  2.12it/s, loss=0.0945]
Ep   4 [val  ]:  74%|███████▍  | 29/39 [00:14<00:04,  2.12it/s, loss=0.0807]
Ep   4 [val  ]:  79%|███████▉  | 31/39 [00:14<00:03,  2.24it/s, loss=0.0807]
Ep   4 [val  ]:  79%|███████▉  | 31/39 [00:14<00:03,  2.24it/s, loss=0.0828]
Ep   4 [val  ]:  79%|███████▉  | 31/39 [00:14<00:03,  2.24it/s, loss=0.0839]
Ep   4 [val  ]:  85%|████████▍ | 33/39 [00:14<00:02,  2.26it/s, loss=0.0839]
Ep   4 [val  ]:  85%|████████▍ | 33/39 [00:15<00:02,  2.26it/s, loss=0.0782]
Ep   4 [val  ]:  85%|████████▍ | 33/39 [00:15<00:02,  2.26it/s, loss=0.0804]
Ep   4 [val  ]:  90%|████████▉ | 35/39 [00:15<00:01,  2.25it/s, loss=0.0804]
Ep   4 [val  ]:  90%|████████▉ | 35/39 [00:15<00:01,  2.25it/s, loss=0.0787]
Ep   4 [val  ]:  90%|████████▉ | 35/39 [00:16<00:01,  2.25it/s, loss=0.0801]
Ep   4 [val  ]:  95%|█████████▍| 37/39 [00:16<00:00,  2.32it/s, loss=0.0801]
Ep   4 [val  ]:  95%|█████████▍| 37/39 [00:16<00:00,  2.32it/s, loss=0.0713]
Ep   4 [val  ]:  95%|█████████▍| 37/39 [00:16<00:00,  2.32it/s, loss=0.0856]
                                                                            
  Ep   4 [val  ]  loss=0.0866  rmse_c=0.2470  mae_c=0.2204  r2_c=-0.003  rmse_h=0.3352  mae_h=0.2605  r2_h=0.300  sup=0.308
  [new best] combined_val_rmse=0.2911

Ep   5 [train]:   0%|          | 0/145 [00:00<?, ?it/s]
Ep   5 [train]:   0%|          | 0/145 [00:01<?, ?it/s, loss=0.0837]
Ep   5 [train]:   1%|          | 1/145 [00:01<02:43,  1.14s/it, loss=0.0837]
Ep   5 [train]:   1%|          | 1/145 [00:01<02:43,  1.14s/it, loss=0.0877]
Ep   5 [train]:   1%|▏         | 2/145 [00:01<01:21,  1.76it/s, loss=0.0877]
Ep   5 [train]:   1%|▏         | 2/145 [00:02<01:21,  1.76it/s, loss=0.0826]
Ep   5 [train]:   2%|▏         | 3/145 [00:02<01:28,  1.60it/s, loss=0.0826]
Ep   5 [train]:   2%|▏         | 3/145 [00:02<01:28,  1.60it/s, loss=0.0837]
Ep   5 [train]:   3%|▎         | 4/145 [00:02<01:03,  2.22it/s, loss=0.0837]
Ep   5 [train]:   3%|▎         | 4/145 [00:02<01:03,  2.22it/s, loss=0.0899]
Ep   5 [train]:   3%|▎         | 5/145 [00:02<01:14,  1.87it/s, loss=0.0899]
Ep   5 [train]:   3%|▎         | 5/145 [00:03<01:14,  1.87it/s, loss=0.0811]
Ep   5 [train]:   4%|▍         | 6/145 [00:03<00:58,  2.36it/s, loss=0.0811]
Ep   5 [train]:   4%|▍         | 6/145 [00:03<00:58,  2.36it/s, loss=0.0871]
Ep   5 [train]:   5%|▍         | 7/145 [00:03<01:11,  1.93it/s, loss=0.0871]
Ep   5 [train]:   5%|▍         | 7/145 [00:03<01:11,  1.93it/s, loss=0.0782]
Ep   5 [train]:   6%|▌         | 8/145 [00:03<00:56,  2.44it/s, loss=0.0782]
Ep   5 [train]:   6%|▌         | 8/145 [00:04<00:56,  2.44it/s, loss=0.0830]
Ep   5 [train]:   6%|▌         | 9/145 [00:04<01:09,  1.94it/s, loss=0.0830]
Ep   5 [train]:   6%|▌         | 9/145 [00:04<01:09,  1.94it/s, loss=0.0840]
Ep   5 [train]:   7%|▋         | 10/145 [00:04<00:55,  2.44it/s, loss=0.0840]
Ep   5 [train]:   7%|▋         | 10/145 [00:05<00:55,  2.44it/s, loss=0.0899]
Ep   5 [train]:   8%|▊         | 11/145 [00:05<01:04,  2.07it/s, loss=0.0899]
Ep   5 [train]:   8%|▊         | 11/145 [00:05<01:04,  2.07it/s, loss=0.0895]
Ep   5 [train]:   8%|▊         | 12/145 [00:05<00:52,  2.55it/s, loss=0.0895]
Ep   5 [train]:   8%|▊         | 12/145 [00:06<00:52,  2.55it/s, loss=0.0767]
Ep   5 [train]:   9%|▉         | 13/145 [00:06<01:06,  2.00it/s, loss=0.0767]
Ep   5 [train]:   9%|▉         | 13/145 [00:06<01:06,  2.00it/s, loss=0.0961]
Ep   5 [train]:  10%|▉         | 14/145 [00:06<00:53,  2.45it/s, loss=0.0961]
Ep   5 [train]:  10%|▉         | 14/145 [00:07<00:53,  2.45it/s, loss=0.0812]
Ep   5 [train]:  10%|█         | 15/145 [00:07<01:02,  2.08it/s, loss=0.0812]
Ep   5 [train]:  10%|█         | 15/145 [00:07<01:02,  2.08it/s, loss=0.0835]
Ep   5 [train]:  11%|█         | 16/145 [00:07<00:50,  2.57it/s, loss=0.0835]
Ep   5 [train]:  11%|█         | 16/145 [00:08<00:50,  2.57it/s, loss=0.0896]
Ep   5 [train]:  12%|█▏        | 17/145 [00:08<01:01,  2.09it/s, loss=0.0896]
Ep   5 [train]:  12%|█▏        | 17/145 [00:08<01:01,  2.09it/s, loss=0.0891]
Ep   5 [train]:  12%|█▏        | 18/145 [00:08<00:49,  2.55it/s, loss=0.0891]
Ep   5 [train]:  12%|█▏        | 18/145 [00:09<00:49,  2.55it/s, loss=0.0772]
Ep   5 [train]:  13%|█▎        | 19/145 [00:09<01:01,  2.04it/s, loss=0.0772]
Ep   5 [train]:  13%|█▎        | 19/145 [00:09<01:01,  2.04it/s, loss=0.0929]
Ep   5 [train]:  14%|█▍        | 20/145 [00:09<00:49,  2.50it/s, loss=0.0929]
Ep   5 [train]:  14%|█▍        | 20/145 [00:09<00:49,  2.50it/s, loss=0.0881]
Ep   5 [train]:  14%|█▍        | 21/145 [00:09<00:58,  2.13it/s, loss=0.0881]
Ep   5 [train]:  14%|█▍        | 21/145 [00:10<00:58,  2.13it/s, loss=0.1006]
Ep   5 [train]:  15%|█▌        | 22/145 [00:10<00:47,  2.57it/s, loss=0.1006]
Ep   5 [train]:  15%|█▌        | 22/145 [00:10<00:47,  2.57it/s, loss=0.0789]
Ep   5 [train]:  16%|█▌        | 23/145 [00:10<00:57,  2.13it/s, loss=0.0789]
Ep   5 [train]:  16%|█▌        | 23/145 [00:10<00:57,  2.13it/s, loss=0.0805]
Ep   5 [train]:  17%|█▋        | 24/145 [00:10<00:46,  2.60it/s, loss=0.0805]
Ep   5 [train]:  17%|█▋        | 24/145 [00:11<00:46,  2.60it/s, loss=0.0920]
Ep   5 [train]:  17%|█▋        | 25/145 [00:11<00:57,  2.11it/s, loss=0.0920]
Ep   5 [train]:  17%|█▋        | 25/145 [00:11<00:57,  2.11it/s, loss=0.0825]
Ep   5 [train]:  18%|█▊        | 26/145 [00:11<00:47,  2.51it/s, loss=0.0825]
Ep   5 [train]:  18%|█▊        | 26/145 [00:12<00:47,  2.51it/s, loss=0.0834]
Ep   5 [train]:  19%|█▊        | 27/145 [00:12<00:55,  2.12it/s, loss=0.0834]
Ep   5 [train]:  19%|█▊        | 27/145 [00:12<00:55,  2.12it/s, loss=0.0807]
Ep   5 [train]:  19%|█▉        | 28/145 [00:12<00:45,  2.60it/s, loss=0.0807]
Ep   5 [train]:  19%|█▉        | 28/145 [00:13<00:45,  2.60it/s, loss=0.0813]
Ep   5 [train]:  20%|██        | 29/145 [00:13<00:55,  2.07it/s, loss=0.0813]
Ep   5 [train]:  20%|██        | 29/145 [00:13<00:55,  2.07it/s, loss=0.0849]
Ep   5 [train]:  21%|██        | 30/145 [00:13<00:45,  2.53it/s, loss=0.0849]
Ep   5 [train]:  21%|██        | 30/145 [00:14<00:45,  2.53it/s, loss=0.0860]
Ep   5 [train]:  21%|██▏       | 31/145 [00:14<00:53,  2.12it/s, loss=0.0860]
Ep   5 [train]:  21%|██▏       | 31/145 [00:14<00:53,  2.12it/s, loss=0.0852]
Ep   5 [train]:  22%|██▏       | 32/145 [00:14<00:43,  2.59it/s, loss=0.0852]
Ep   5 [train]:  22%|██▏       | 32/145 [00:15<00:43,  2.59it/s, loss=0.0931]
Ep   5 [train]:  23%|██▎       | 33/145 [00:15<00:51,  2.19it/s, loss=0.0931]
Ep   5 [train]:  23%|██▎       | 33/145 [00:15<00:51,  2.19it/s, loss=0.0776]
Ep   5 [train]:  23%|██▎       | 34/145 [00:15<00:41,  2.68it/s, loss=0.0776]
Ep   5 [train]:  23%|██▎       | 34/145 [00:15<00:41,  2.68it/s, loss=0.1224]
Ep   5 [train]:  24%|██▍       | 35/145 [00:15<00:52,  2.11it/s, loss=0.1224]
Ep   5 [train]:  24%|██▍       | 35/145 [00:16<00:52,  2.11it/s, loss=0.0839]
Ep   5 [train]:  25%|██▍       | 36/145 [00:16<00:42,  2.57it/s, loss=0.0839]
Ep   5 [train]:  25%|██▍       | 36/145 [00:16<00:42,  2.57it/s, loss=0.0820]
Ep   5 [train]:  26%|██▌       | 37/145 [00:16<00:51,  2.09it/s, loss=0.0820]
Ep   5 [train]:  26%|██▌       | 37/145 [00:17<00:51,  2.09it/s, loss=0.0806]
Ep   5 [train]:  26%|██▌       | 38/145 [00:17<00:42,  2.55it/s, loss=0.0806]
Ep   5 [train]:  26%|██▌       | 38/145 [00:17<00:42,  2.55it/s, loss=0.0878]
Ep   5 [train]:  27%|██▋       | 39/145 [00:17<00:51,  2.06it/s, loss=0.0878]
Ep   5 [train]:  27%|██▋       | 39/145 [00:17<00:51,  2.06it/s, loss=0.0879]
Ep   5 [train]:  28%|██▊       | 40/145 [00:17<00:41,  2.54it/s, loss=0.0879]
Ep   5 [train]:  28%|██▊       | 40/145 [00:18<00:41,  2.54it/s, loss=0.0840]
Ep   5 [train]:  28%|██▊       | 41/145 [00:18<00:50,  2.06it/s, loss=0.0840]
Ep   5 [train]:  28%|██▊       | 41/145 [00:18<00:50,  2.06it/s, loss=0.0927]
Ep   5 [train]:  29%|██▉       | 42/145 [00:18<00:40,  2.54it/s, loss=0.0927]
Ep   5 [train]:  29%|██▉       | 42/145 [00:19<00:40,  2.54it/s, loss=0.0777]
Ep   5 [train]:  30%|██▉       | 43/145 [00:19<00:50,  2.01it/s, loss=0.0777]
Ep   5 [train]:  30%|██▉       | 43/145 [00:19<00:50,  2.01it/s, loss=0.0890]
Ep   5 [train]:  30%|███       | 44/145 [00:19<00:40,  2.49it/s, loss=0.0890]
Ep   5 [train]:  30%|███       | 44/145 [00:20<00:40,  2.49it/s, loss=0.0779]
Ep   5 [train]:  31%|███       | 45/145 [00:20<00:48,  2.05it/s, loss=0.0779]
Ep   5 [train]:  31%|███       | 45/145 [00:20<00:48,  2.05it/s, loss=0.0805]
Ep   5 [train]:  32%|███▏      | 46/145 [00:20<00:39,  2.52it/s, loss=0.0805]
Ep   5 [train]:  32%|███▏      | 46/145 [00:21<00:39,  2.52it/s, loss=0.0853]
Ep   5 [train]:  32%|███▏      | 47/145 [00:21<00:48,  2.04it/s, loss=0.0853]
Ep   5 [train]:  32%|███▏      | 47/145 [00:21<00:48,  2.04it/s, loss=0.0809]
Ep   5 [train]:  33%|███▎      | 48/145 [00:21<00:39,  2.47it/s, loss=0.0809]
Ep   5 [train]:  33%|███▎      | 48/145 [00:22<00:39,  2.47it/s, loss=0.0892]
Ep   5 [train]:  34%|███▍      | 49/145 [00:22<00:47,  2.02it/s, loss=0.0892]
Ep   5 [train]:  34%|███▍      | 49/145 [00:22<00:47,  2.02it/s, loss=0.0890]
Ep   5 [train]:  34%|███▍      | 50/145 [00:22<00:38,  2.48it/s, loss=0.0890]
Ep   5 [train]:  34%|███▍      | 50/145 [00:23<00:38,  2.48it/s, loss=0.0774]
Ep   5 [train]:  35%|███▌      | 51/145 [00:23<00:45,  2.06it/s, loss=0.0774]
Ep   5 [train]:  35%|███▌      | 51/145 [00:23<00:45,  2.06it/s, loss=0.0823]
Ep   5 [train]:  36%|███▌      | 52/145 [00:23<00:36,  2.52it/s, loss=0.0823]
Ep   5 [train]:  36%|███▌      | 52/145 [00:23<00:36,  2.52it/s, loss=0.0828]
Ep   5 [train]:  37%|███▋      | 53/145 [00:23<00:44,  2.09it/s, loss=0.0828]
Ep   5 [train]:  37%|███▋      | 53/145 [00:24<00:44,  2.09it/s, loss=0.0953]
Ep   5 [train]:  37%|███▋      | 54/145 [00:24<00:35,  2.54it/s, loss=0.0953]
Ep   5 [train]:  37%|███▋      | 54/145 [00:24<00:35,  2.54it/s, loss=0.0848]
Ep   5 [train]:  38%|███▊      | 55/145 [00:24<00:44,  2.04it/s, loss=0.0848]
Ep   5 [train]:  38%|███▊      | 55/145 [00:25<00:44,  2.04it/s, loss=0.1023]
Ep   5 [train]:  39%|███▊      | 56/145 [00:25<00:36,  2.46it/s, loss=0.1023]
Ep   5 [train]:  39%|███▊      | 56/145 [00:25<00:36,  2.46it/s, loss=0.0887]
Ep   5 [train]:  39%|███▉      | 57/145 [00:25<00:42,  2.05it/s, loss=0.0887]
Ep   5 [train]:  39%|███▉      | 57/145 [00:25<00:42,  2.05it/s, loss=0.0884]
Ep   5 [train]:  40%|████      | 58/145 [00:25<00:34,  2.52it/s, loss=0.0884]
Ep   5 [train]:  40%|████      | 58/145 [00:26<00:34,  2.52it/s, loss=0.0865]
Ep   5 [train]:  41%|████      | 59/145 [00:26<00:41,  2.09it/s, loss=0.0865]
Ep   5 [train]:  41%|████      | 59/145 [00:26<00:41,  2.09it/s, loss=0.0974]
Ep   5 [train]:  41%|████▏     | 60/145 [00:26<00:33,  2.57it/s, loss=0.0974]
Ep   5 [train]:  41%|████▏     | 60/145 [00:27<00:33,  2.57it/s, loss=0.0826]
Ep   5 [train]:  42%|████▏     | 61/145 [00:27<00:39,  2.15it/s, loss=0.0826]
Ep   5 [train]:  42%|████▏     | 61/145 [00:27<00:39,  2.15it/s, loss=0.0826]
Ep   5 [train]:  43%|████▎     | 62/145 [00:27<00:31,  2.62it/s, loss=0.0826]
Ep   5 [train]:  43%|████▎     | 62/145 [00:28<00:31,  2.62it/s, loss=0.0836]
Ep   5 [train]:  43%|████▎     | 63/145 [00:28<00:38,  2.13it/s, loss=0.0836]
Ep   5 [train]:  43%|████▎     | 63/145 [00:28<00:38,  2.13it/s, loss=0.0880]
Ep   5 [train]:  44%|████▍     | 64/145 [00:28<00:32,  2.46it/s, loss=0.0880]
Ep   5 [train]:  44%|████▍     | 64/145 [00:29<00:32,  2.46it/s, loss=0.0841]
Ep   5 [train]:  45%|████▍     | 65/145 [00:29<00:38,  2.09it/s, loss=0.0841]
Ep   5 [train]:  45%|████▍     | 65/145 [00:29<00:38,  2.09it/s, loss=0.0834]
Ep   5 [train]:  46%|████▌     | 66/145 [00:29<00:30,  2.57it/s, loss=0.0834]
Ep   5 [train]:  46%|████▌     | 66/145 [00:29<00:30,  2.57it/s, loss=0.0896]
Ep   5 [train]:  46%|████▌     | 67/145 [00:29<00:36,  2.13it/s, loss=0.0896]
Ep   5 [train]:  46%|████▌     | 67/145 [00:30<00:36,  2.13it/s, loss=0.0832]
Ep   5 [train]:  47%|████▋     | 68/145 [00:30<00:29,  2.61it/s, loss=0.0832]
Ep   5 [train]:  47%|████▋     | 68/145 [00:30<00:29,  2.61it/s, loss=0.0814]
Ep   5 [train]:  48%|████▊     | 69/145 [00:30<00:35,  2.13it/s, loss=0.0814]
Ep   5 [train]:  48%|████▊     | 69/145 [00:31<00:35,  2.13it/s, loss=0.0937]
Ep   5 [train]:  48%|████▊     | 70/145 [00:31<00:28,  2.62it/s, loss=0.0937]
Ep   5 [train]:  48%|████▊     | 70/145 [00:31<00:28,  2.62it/s, loss=0.0929]
Ep   5 [train]:  49%|████▉     | 71/145 [00:31<00:34,  2.14it/s, loss=0.0929]
Ep   5 [train]:  49%|████▉     | 71/145 [00:31<00:34,  2.14it/s, loss=0.0815]
Ep   5 [train]:  50%|████▉     | 72/145 [00:31<00:27,  2.61it/s, loss=0.0815]
Ep   5 [train]:  50%|████▉     | 72/145 [00:32<00:27,  2.61it/s, loss=0.0858]
Ep   5 [train]:  50%|█████     | 73/145 [00:32<00:34,  2.10it/s, loss=0.0858]
Ep   5 [train]:  50%|█████     | 73/145 [00:32<00:34,  2.10it/s, loss=0.0922]
Ep   5 [train]:  51%|█████     | 74/145 [00:32<00:27,  2.60it/s, loss=0.0922]
Ep   5 [train]:  51%|█████     | 74/145 [00:33<00:27,  2.60it/s, loss=0.0851]
Ep   5 [train]:  52%|█████▏    | 75/145 [00:33<00:34,  2.05it/s, loss=0.0851]
Ep   5 [train]:  52%|█████▏    | 75/145 [00:33<00:34,  2.05it/s, loss=0.0903]
Ep   5 [train]:  52%|█████▏    | 76/145 [00:33<00:27,  2.52it/s, loss=0.0903]
Ep   5 [train]:  52%|█████▏    | 76/145 [00:34<00:27,  2.52it/s, loss=0.0824]
Ep   5 [train]:  53%|█████▎    | 77/145 [00:34<00:34,  1.97it/s, loss=0.0824]
Ep   5 [train]:  53%|█████▎    | 77/145 [00:34<00:34,  1.97it/s, loss=0.0797]
Ep   5 [train]:  54%|█████▍    | 78/145 [00:34<00:27,  2.45it/s, loss=0.0797]
Ep   5 [train]:  54%|█████▍    | 78/145 [00:35<00:27,  2.45it/s, loss=0.0813]
Ep   5 [train]:  54%|█████▍    | 79/145 [00:35<00:34,  1.90it/s, loss=0.0813]
Ep   5 [train]:  54%|█████▍    | 79/145 [00:35<00:34,  1.90it/s, loss=0.0807]
Ep   5 [train]:  55%|█████▌    | 80/145 [00:35<00:27,  2.34it/s, loss=0.0807]
Ep   5 [train]:  55%|█████▌    | 80/145 [00:36<00:27,  2.34it/s, loss=0.0861]
Ep   5 [train]:  56%|█████▌    | 81/145 [00:36<00:33,  1.92it/s, loss=0.0861]
Ep   5 [train]:  56%|█████▌    | 81/145 [00:36<00:33,  1.92it/s, loss=0.0793]
Ep   5 [train]:  57%|█████▋    | 82/145 [00:36<00:26,  2.39it/s, loss=0.0793]
Ep   5 [train]:  57%|█████▋    | 82/145 [00:37<00:26,  2.39it/s, loss=0.0857]
Ep   5 [train]:  57%|█████▋    | 83/145 [00:37<00:30,  2.01it/s, loss=0.0857]
Ep   5 [train]:  57%|█████▋    | 83/145 [00:37<00:30,  2.01it/s, loss=0.0906]
Ep   5 [train]:  58%|█████▊    | 84/145 [00:37<00:25,  2.42it/s, loss=0.0906]
Ep   5 [train]:  58%|█████▊    | 84/145 [00:38<00:25,  2.42it/s, loss=0.0913]
Ep   5 [train]:  59%|█████▊    | 85/145 [00:38<00:30,  2.00it/s, loss=0.0913]
Ep   5 [train]:  59%|█████▊    | 85/145 [00:38<00:30,  2.00it/s, loss=0.0824]
Ep   5 [train]:  59%|█████▉    | 86/145 [00:38<00:24,  2.43it/s, loss=0.0824]
Ep   5 [train]:  59%|█████▉    | 86/145 [00:39<00:24,  2.43it/s, loss=0.0962]
Ep   5 [train]:  60%|██████    | 87/145 [00:39<00:28,  2.00it/s, loss=0.0962]
Ep   5 [train]:  60%|██████    | 87/145 [00:39<00:28,  2.00it/s, loss=0.0832]
Ep   5 [train]:  61%|██████    | 88/145 [00:39<00:23,  2.48it/s, loss=0.0832]
Ep   5 [train]:  61%|██████    | 88/145 [00:39<00:23,  2.48it/s, loss=0.0763]
Ep   5 [train]:  61%|██████▏   | 89/145 [00:39<00:26,  2.08it/s, loss=0.0763]
Ep   5 [train]:  61%|██████▏   | 89/145 [00:40<00:26,  2.08it/s, loss=0.0847]
Ep   5 [train]:  62%|██████▏   | 90/145 [00:40<00:21,  2.52it/s, loss=0.0847]
Ep   5 [train]:  62%|██████▏   | 90/145 [00:40<00:21,  2.52it/s, loss=0.0899]
Ep   5 [train]:  63%|██████▎   | 91/145 [00:40<00:25,  2.08it/s, loss=0.0899]
Ep   5 [train]:  63%|██████▎   | 91/145 [00:40<00:25,  2.08it/s, loss=0.0848]
Ep   5 [train]:  63%|██████▎   | 92/145 [00:40<00:20,  2.53it/s, loss=0.0848]
Ep   5 [train]:  63%|██████▎   | 92/145 [00:41<00:20,  2.53it/s, loss=0.0823]
Ep   5 [train]:  64%|██████▍   | 93/145 [00:41<00:24,  2.08it/s, loss=0.0823]
Ep   5 [train]:  64%|██████▍   | 93/145 [00:41<00:24,  2.08it/s, loss=0.0860]
Ep   5 [train]:  65%|██████▍   | 94/145 [00:41<00:20,  2.55it/s, loss=0.0860]
Ep   5 [train]:  65%|██████▍   | 94/145 [00:42<00:20,  2.55it/s, loss=0.0780]
Ep   5 [train]:  66%|██████▌   | 95/145 [00:42<00:24,  2.05it/s, loss=0.0780]
Ep   5 [train]:  66%|██████▌   | 95/145 [00:42<00:24,  2.05it/s, loss=0.0800]
Ep   5 [train]:  66%|██████▌   | 96/145 [00:42<00:19,  2.50it/s, loss=0.0800]
Ep   5 [train]:  66%|██████▌   | 96/145 [00:43<00:19,  2.50it/s, loss=0.0858]
Ep   5 [train]:  67%|██████▋   | 97/145 [00:43<00:23,  2.07it/s, loss=0.0858]
Ep   5 [train]:  67%|██████▋   | 97/145 [00:43<00:23,  2.07it/s, loss=0.0771]
Ep   5 [train]:  68%|██████▊   | 98/145 [00:43<00:19,  2.39it/s, loss=0.0771]
Ep   5 [train]:  68%|██████▊   | 98/145 [00:44<00:19,  2.39it/s, loss=0.0928]
Ep   5 [train]:  68%|██████▊   | 99/145 [00:44<00:22,  2.08it/s, loss=0.0928]
Ep   5 [train]:  68%|██████▊   | 99/145 [00:44<00:22,  2.08it/s, loss=0.0793]
Ep   5 [train]:  69%|██████▉   | 100/145 [00:44<00:17,  2.51it/s, loss=0.0793]
Ep   5 [train]:  69%|██████▉   | 100/145 [00:45<00:17,  2.51it/s, loss=0.0831]
Ep   5 [train]:  70%|██████▉   | 101/145 [00:45<00:21,  2.03it/s, loss=0.0831]
Ep   5 [train]:  70%|██████▉   | 101/145 [00:45<00:21,  2.03it/s, loss=0.0765]
Ep   5 [train]:  70%|███████   | 102/145 [00:45<00:17,  2.48it/s, loss=0.0765]
Ep   5 [train]:  70%|███████   | 102/145 [00:46<00:17,  2.48it/s, loss=0.0864]
Ep   5 [train]:  71%|███████   | 103/145 [00:46<00:20,  2.01it/s, loss=0.0864]
Ep   5 [train]:  71%|███████   | 103/145 [00:46<00:20,  2.01it/s, loss=0.0813]
Ep   5 [train]:  72%|███████▏  | 104/145 [00:46<00:16,  2.46it/s, loss=0.0813]
Ep   5 [train]:  72%|███████▏  | 104/145 [00:46<00:16,  2.46it/s, loss=0.0837]
Ep   5 [train]:  72%|███████▏  | 105/145 [00:46<00:19,  2.06it/s, loss=0.0837]
Ep   5 [train]:  72%|███████▏  | 105/145 [00:47<00:19,  2.06it/s, loss=0.0847]
Ep   5 [train]:  73%|███████▎  | 106/145 [00:47<00:15,  2.52it/s, loss=0.0847]
Ep   5 [train]:  73%|███████▎  | 106/145 [00:47<00:15,  2.52it/s, loss=0.0802]
Ep   5 [train]:  74%|███████▍  | 107/145 [00:47<00:18,  2.09it/s, loss=0.0802]
Ep   5 [train]:  74%|███████▍  | 107/145 [00:48<00:18,  2.09it/s, loss=0.0881]
Ep   5 [train]:  74%|███████▍  | 108/145 [00:48<00:14,  2.56it/s, loss=0.0881]
Ep   5 [train]:  74%|███████▍  | 108/145 [00:48<00:14,  2.56it/s, loss=0.0840]
Ep   5 [train]:  75%|███████▌  | 109/145 [00:48<00:16,  2.15it/s, loss=0.0840]
Ep   5 [train]:  75%|███████▌  | 109/145 [00:48<00:16,  2.15it/s, loss=0.0933]
Ep   5 [train]:  76%|███████▌  | 110/145 [00:48<00:13,  2.64it/s, loss=0.0933]
Ep   5 [train]:  76%|███████▌  | 110/145 [00:49<00:13,  2.64it/s, loss=0.0834]
Ep   5 [train]:  77%|███████▋  | 111/145 [00:49<00:16,  2.05it/s, loss=0.0834]
Ep   5 [train]:  77%|███████▋  | 111/145 [00:49<00:16,  2.05it/s, loss=0.0807]
Ep   5 [train]:  77%|███████▋  | 112/145 [00:49<00:13,  2.49it/s, loss=0.0807]
Ep   5 [train]:  77%|███████▋  | 112/145 [00:50<00:13,  2.49it/s, loss=0.0809]
Ep   5 [train]:  78%|███████▊  | 113/145 [00:50<00:16,  1.90it/s, loss=0.0809]
Ep   5 [train]:  78%|███████▊  | 113/145 [00:50<00:16,  1.90it/s, loss=0.0829]
Ep   5 [train]:  79%|███████▊  | 114/145 [00:50<00:13,  2.26it/s, loss=0.0829]
Ep   5 [train]:  79%|███████▊  | 114/145 [00:51<00:13,  2.26it/s, loss=0.0802]
Ep   5 [train]:  79%|███████▉  | 115/145 [00:51<00:16,  1.82it/s, loss=0.0802]
Ep   5 [train]:  79%|███████▉  | 115/145 [00:51<00:16,  1.82it/s, loss=0.0922]
Ep   5 [train]:  80%|████████  | 116/145 [00:51<00:12,  2.28it/s, loss=0.0922]
Ep   5 [train]:  80%|████████  | 116/145 [00:52<00:12,  2.28it/s, loss=0.0842]
Ep   5 [train]:  81%|████████  | 117/145 [00:52<00:14,  1.88it/s, loss=0.0842]
Ep   5 [train]:  81%|████████  | 117/145 [00:52<00:14,  1.88it/s, loss=0.0875]
Ep   5 [train]:  81%|████████▏ | 118/145 [00:52<00:11,  2.34it/s, loss=0.0875]
Ep   5 [train]:  81%|████████▏ | 118/145 [00:53<00:11,  2.34it/s, loss=0.0881]
Ep   5 [train]:  82%|████████▏ | 119/145 [00:53<00:13,  1.93it/s, loss=0.0881]
Ep   5 [train]:  82%|████████▏ | 119/145 [00:53<00:13,  1.93it/s, loss=0.0907]
Ep   5 [train]:  83%|████████▎ | 120/145 [00:53<00:10,  2.38it/s, loss=0.0907]
Ep   5 [train]:  83%|████████▎ | 120/145 [00:54<00:10,  2.38it/s, loss=0.0913]
Ep   5 [train]:  83%|████████▎ | 121/145 [00:54<00:12,  1.90it/s, loss=0.0913]
Ep   5 [train]:  83%|████████▎ | 121/145 [00:54<00:12,  1.90it/s, loss=0.0908]
Ep   5 [train]:  84%|████████▍ | 122/145 [00:54<00:09,  2.36it/s, loss=0.0908]
Ep   5 [train]:  84%|████████▍ | 122/145 [00:55<00:09,  2.36it/s, loss=0.0822]
Ep   5 [train]:  85%|████████▍ | 123/145 [00:55<00:11,  1.89it/s, loss=0.0822]
Ep   5 [train]:  85%|████████▍ | 123/145 [00:55<00:11,  1.89it/s, loss=0.0876]
Ep   5 [train]:  86%|████████▌ | 124/145 [00:55<00:08,  2.35it/s, loss=0.0876]
Ep   5 [train]:  86%|████████▌ | 124/145 [00:56<00:08,  2.35it/s, loss=0.0814]
Ep   5 [train]:  86%|████████▌ | 125/145 [00:56<00:10,  1.88it/s, loss=0.0814]
Ep   5 [train]:  86%|████████▌ | 125/145 [00:56<00:10,  1.88it/s, loss=0.0883]
Ep   5 [train]:  87%|████████▋ | 126/145 [00:56<00:08,  2.35it/s, loss=0.0883]
Ep   5 [train]:  87%|████████▋ | 126/145 [00:57<00:08,  2.35it/s, loss=0.0891]
Ep   5 [train]:  88%|████████▊ | 127/145 [00:57<00:09,  1.85it/s, loss=0.0891]
Ep   5 [train]:  88%|████████▊ | 127/145 [00:57<00:09,  1.85it/s, loss=0.0784]
Ep   5 [train]:  88%|████████▊ | 128/145 [00:57<00:07,  2.31it/s, loss=0.0784]
Ep   5 [train]:  88%|████████▊ | 128/145 [00:58<00:07,  2.31it/s, loss=0.0857]
Ep   5 [train]:  89%|████████▉ | 129/145 [00:58<00:08,  1.80it/s, loss=0.0857]
Ep   5 [train]:  89%|████████▉ | 129/145 [00:58<00:08,  1.80it/s, loss=0.0742]
Ep   5 [train]:  90%|████████▉ | 130/145 [00:58<00:06,  2.27it/s, loss=0.0742]
Ep   5 [train]:  90%|████████▉ | 130/145 [00:59<00:06,  2.27it/s, loss=0.0830]
Ep   5 [train]:  90%|█████████ | 131/145 [00:59<00:07,  1.81it/s, loss=0.0830]
Ep   5 [train]:  90%|█████████ | 131/145 [00:59<00:07,  1.81it/s, loss=0.0828]
Ep   5 [train]:  91%|█████████ | 132/145 [00:59<00:05,  2.28it/s, loss=0.0828]
Ep   5 [train]:  91%|█████████ | 132/145 [01:00<00:05,  2.28it/s, loss=0.0880]
Ep   5 [train]:  92%|█████████▏| 133/145 [01:00<00:06,  1.83it/s, loss=0.0880]
Ep   5 [train]:  92%|█████████▏| 133/145 [01:00<00:06,  1.83it/s, loss=0.0889]
Ep   5 [train]:  92%|█████████▏| 134/145 [01:00<00:04,  2.29it/s, loss=0.0889]
Ep   5 [train]:  92%|█████████▏| 134/145 [01:01<00:04,  2.29it/s, loss=0.0897]
Ep   5 [train]:  93%|█████████▎| 135/145 [01:01<00:05,  1.87it/s, loss=0.0897]
Ep   5 [train]:  93%|█████████▎| 135/145 [01:01<00:05,  1.87it/s, loss=0.0898]
Ep   5 [train]:  94%|█████████▍| 136/145 [01:01<00:03,  2.34it/s, loss=0.0898]
Ep   5 [train]:  94%|█████████▍| 136/145 [01:02<00:03,  2.34it/s, loss=0.0833]
Ep   5 [train]:  94%|█████████▍| 137/145 [01:02<00:04,  1.94it/s, loss=0.0833]
Ep   5 [train]:  94%|█████████▍| 137/145 [01:02<00:04,  1.94it/s, loss=0.0783]
Ep   5 [train]:  95%|█████████▌| 138/145 [01:02<00:02,  2.40it/s, loss=0.0783]
Ep   5 [train]:  95%|█████████▌| 138/145 [01:03<00:02,  2.40it/s, loss=0.0880]
Ep   5 [train]:  96%|█████████▌| 139/145 [01:03<00:03,  1.98it/s, loss=0.0880]
Ep   5 [train]:  96%|█████████▌| 139/145 [01:03<00:03,  1.98it/s, loss=0.0773]
Ep   5 [train]:  97%|█████████▋| 140/145 [01:03<00:02,  2.42it/s, loss=0.0773]
Ep   5 [train]:  97%|█████████▋| 140/145 [01:04<00:02,  2.42it/s, loss=0.0916]
Ep   5 [train]:  97%|█████████▋| 141/145 [01:04<00:02,  1.88it/s, loss=0.0916]
Ep   5 [train]:  97%|█████████▋| 141/145 [01:04<00:02,  1.88it/s, loss=0.0799]
Ep   5 [train]:  98%|█████████▊| 142/145 [01:04<00:01,  2.33it/s, loss=0.0799]
Ep   5 [train]:  98%|█████████▊| 142/145 [01:04<00:01,  2.33it/s, loss=0.0801]
Ep   5 [train]:  99%|█████████▊| 143/145 [01:04<00:01,  1.96it/s, loss=0.0801]
Ep   5 [train]:  99%|█████████▊| 143/145 [01:05<00:01,  1.96it/s, loss=0.0847]
Ep   5 [train]:  99%|█████████▉| 144/145 [01:05<00:00,  2.43it/s, loss=0.0847]
Ep   5 [train]:  99%|█████████▉| 144/145 [01:05<00:00,  2.43it/s, loss=0.0919]
Ep   5 [train]: 100%|██████████| 145/145 [01:05<00:00,  2.09it/s, loss=0.0919]
                                                                              
  Ep   5 [train]  loss=0.0855  rmse_c=0.2415  mae_c=0.2171  r2_c=-0.007  rmse_h=0.3393  mae_h=0.2548  r2_h=0.330  sup=0.324

Ep   5 [val  ]:   0%|          | 0/39 [00:00<?, ?it/s]
Ep   5 [val  ]:   0%|          | 0/39 [00:01<?, ?it/s, loss=0.1078]
Ep   5 [val  ]:   3%|▎         | 1/39 [00:01<00:38,  1.01s/it, loss=0.1078]
Ep   5 [val  ]:   3%|▎         | 1/39 [00:01<00:38,  1.01s/it, loss=0.1000]
Ep   5 [val  ]:   3%|▎         | 1/39 [00:01<00:38,  1.01s/it, loss=0.0848]
Ep   5 [val  ]:   8%|▊         | 3/39 [00:01<00:22,  1.61it/s, loss=0.0848]
Ep   5 [val  ]:   8%|▊         | 3/39 [00:02<00:22,  1.61it/s, loss=0.0785]
Ep   5 [val  ]:   8%|▊         | 3/39 [00:02<00:22,  1.61it/s, loss=0.0824]
Ep   5 [val  ]:  13%|█▎        | 5/39 [00:02<00:16,  2.00it/s, loss=0.0824]
Ep   5 [val  ]:  13%|█▎        | 5/39 [00:02<00:16,  2.00it/s, loss=0.0939]
Ep   5 [val  ]:  13%|█▎        | 5/39 [00:03<00:16,  2.00it/s, loss=0.0846]
Ep   5 [val  ]:  18%|█▊        | 7/39 [00:03<00:14,  2.20it/s, loss=0.0846]
Ep   5 [val  ]:  18%|█▊        | 7/39 [00:03<00:14,  2.20it/s, loss=0.0827]
Ep   5 [val  ]:  18%|█▊        | 7/39 [00:04<00:14,  2.20it/s, loss=0.0856]
Ep   5 [val  ]:  23%|██▎       | 9/39 [00:04<00:13,  2.26it/s, loss=0.0856]
Ep   5 [val  ]:  23%|██▎       | 9/39 [00:04<00:13,  2.26it/s, loss=0.0794]
Ep   5 [val  ]:  23%|██▎       | 9/39 [00:05<00:13,  2.26it/s, loss=0.0840]
Ep   5 [val  ]:  28%|██▊       | 11/39 [00:05<00:12,  2.21it/s, loss=0.0840]
Ep   5 [val  ]:  28%|██▊       | 11/39 [00:05<00:12,  2.21it/s, loss=0.0793]
Ep   5 [val  ]:  31%|███       | 12/39 [00:05<00:10,  2.61it/s, loss=0.0793]
Ep   5 [val  ]:  31%|███       | 12/39 [00:06<00:10,  2.61it/s, loss=0.0799]
Ep   5 [val  ]:  33%|███▎      | 13/39 [00:06<00:12,  2.04it/s, loss=0.0799]
Ep   5 [val  ]:  33%|███▎      | 13/39 [00:06<00:12,  2.04it/s, loss=0.0892]
Ep   5 [val  ]:  33%|███▎      | 13/39 [00:07<00:12,  2.04it/s, loss=0.1022]
Ep   5 [val  ]:  38%|███▊      | 15/39 [00:07<00:10,  2.19it/s, loss=0.1022]
Ep   5 [val  ]:  38%|███▊      | 15/39 [00:07<00:10,  2.19it/s, loss=0.1032]
Ep   5 [val  ]:  38%|███▊      | 15/39 [00:07<00:10,  2.19it/s, loss=0.1042]
Ep   5 [val  ]:  44%|████▎     | 17/39 [00:07<00:09,  2.25it/s, loss=0.1042]
Ep   5 [val  ]:  44%|████▎     | 17/39 [00:08<00:09,  2.25it/s, loss=0.0953]
Ep   5 [val  ]:  44%|████▎     | 17/39 [00:08<00:09,  2.25it/s, loss=0.0855]
Ep   5 [val  ]:  49%|████▊     | 19/39 [00:08<00:08,  2.27it/s, loss=0.0855]
Ep   5 [val  ]:  49%|████▊     | 19/39 [00:09<00:08,  2.27it/s, loss=0.0701]
Ep   5 [val  ]:  51%|█████▏    | 20/39 [00:09<00:07,  2.47it/s, loss=0.0701]
Ep   5 [val  ]:  51%|█████▏    | 20/39 [00:09<00:07,  2.47it/s, loss=0.0630]
Ep   5 [val  ]:  54%|█████▍    | 21/39 [00:09<00:07,  2.29it/s, loss=0.0630]
Ep   5 [val  ]:  54%|█████▍    | 21/39 [00:09<00:07,  2.29it/s, loss=0.0708]
Ep   5 [val  ]:  56%|█████▋    | 22/39 [00:09<00:07,  2.40it/s, loss=0.0708]
Ep   5 [val  ]:  56%|█████▋    | 22/39 [00:10<00:07,  2.40it/s, loss=0.0649]
Ep   5 [val  ]:  59%|█████▉    | 23/39 [00:10<00:07,  2.12it/s, loss=0.0649]
Ep   5 [val  ]:  59%|█████▉    | 23/39 [00:10<00:07,  2.12it/s, loss=0.0684]
Ep   5 [val  ]:  62%|██████▏   | 24/39 [00:10<00:06,  2.41it/s, loss=0.0684]
Ep   5 [val  ]:  62%|██████▏   | 24/39 [00:11<00:06,  2.41it/s, loss=0.0688]
Ep   5 [val  ]:  64%|██████▍   | 25/39 [00:11<00:06,  2.01it/s, loss=0.0688]
Ep   5 [val  ]:  64%|██████▍   | 25/39 [00:11<00:06,  2.01it/s, loss=0.0773]
Ep   5 [val  ]:  67%|██████▋   | 26/39 [00:11<00:05,  2.35it/s, loss=0.0773]
Ep   5 [val  ]:  67%|██████▋   | 26/39 [00:12<00:05,  2.35it/s, loss=0.0880]
Ep   5 [val  ]:  69%|██████▉   | 27/39 [00:12<00:05,  2.03it/s, loss=0.0880]
Ep   5 [val  ]:  69%|██████▉   | 27/39 [00:12<00:05,  2.03it/s, loss=0.1281]
Ep   5 [val  ]:  72%|███████▏  | 28/39 [00:12<00:04,  2.42it/s, loss=0.1281]
Ep   5 [val  ]:  72%|███████▏  | 28/39 [00:13<00:04,  2.42it/s, loss=0.0991]
Ep   5 [val  ]:  74%|███████▍  | 29/39 [00:13<00:05,  1.99it/s, loss=0.0991]
Ep   5 [val  ]:  74%|███████▍  | 29/39 [00:13<00:05,  1.99it/s, loss=0.0917]
Ep   5 [val  ]:  77%|███████▋  | 30/39 [00:13<00:03,  2.57it/s, loss=0.0917]
Ep   5 [val  ]:  77%|███████▋  | 30/39 [00:14<00:03,  2.57it/s, loss=0.0818]
Ep   5 [val  ]:  79%|███████▉  | 31/39 [00:14<00:03,  2.15it/s, loss=0.0818]
Ep   5 [val  ]:  79%|███████▉  | 31/39 [00:14<00:03,  2.15it/s, loss=0.0817]
Ep   5 [val  ]:  82%|████████▏ | 32/39 [00:14<00:02,  2.76it/s, loss=0.0817]
Ep   5 [val  ]:  82%|████████▏ | 32/39 [00:14<00:02,  2.76it/s, loss=0.0779]
Ep   5 [val  ]:  85%|████████▍ | 33/39 [00:14<00:02,  2.16it/s, loss=0.0779]
Ep   5 [val  ]:  85%|████████▍ | 33/39 [00:15<00:02,  2.16it/s, loss=0.0746]
Ep   5 [val  ]:  85%|████████▍ | 33/39 [00:15<00:02,  2.16it/s, loss=0.0804]
Ep   5 [val  ]:  90%|████████▉ | 35/39 [00:15<00:01,  2.26it/s, loss=0.0804]
Ep   5 [val  ]:  90%|████████▉ | 35/39 [00:15<00:01,  2.26it/s, loss=0.0757]
Ep   5 [val  ]:  90%|████████▉ | 35/39 [00:16<00:01,  2.26it/s, loss=0.0732]
Ep   5 [val  ]:  95%|█████████▍| 37/39 [00:16<00:00,  2.32it/s, loss=0.0732]
Ep   5 [val  ]:  95%|█████████▍| 37/39 [00:16<00:00,  2.32it/s, loss=0.0663]
Ep   5 [val  ]:  95%|█████████▍| 37/39 [00:16<00:00,  2.32it/s, loss=0.0817]
                                                                            
  Ep   5 [val  ]  loss=0.0843  rmse_c=0.2469  mae_c=0.2199  r2_c=-0.001  rmse_h=0.3284  mae_h=0.2437  r2_h=0.328  sup=0.308
  [new best] combined_val_rmse=0.2876

Ep   6 [train]:   0%|          | 0/145 [00:00<?, ?it/s]
Ep   6 [train]:   0%|          | 0/145 [00:01<?, ?it/s, loss=0.0828]
Ep   6 [train]:   1%|          | 1/145 [00:01<02:33,  1.07s/it, loss=0.0828]
Ep   6 [train]:   1%|          | 1/145 [00:01<02:33,  1.07s/it, loss=0.0917]
Ep   6 [train]:   1%|▏         | 2/145 [00:01<01:18,  1.82it/s, loss=0.0917]
Ep   6 [train]:   1%|▏         | 2/145 [00:01<01:18,  1.82it/s, loss=0.0834]
Ep   6 [train]:   2%|▏         | 3/145 [00:01<01:24,  1.67it/s, loss=0.0834]
Ep   6 [train]:   2%|▏         | 3/145 [00:02<01:24,  1.67it/s, loss=0.0900]
Ep   6 [train]:   3%|▎         | 4/145 [00:02<01:02,  2.27it/s, loss=0.0900]
Ep   6 [train]:   3%|▎         | 4/145 [00:02<01:02,  2.27it/s, loss=0.0849]
Ep   6 [train]:   3%|▎         | 5/145 [00:02<01:15,  1.85it/s, loss=0.0849]
Ep   6 [train]:   3%|▎         | 5/145 [00:03<01:15,  1.85it/s, loss=0.0909]
Ep   6 [train]:   4%|▍         | 6/145 [00:03<00:58,  2.37it/s, loss=0.0909]
Ep   6 [train]:   4%|▍         | 6/145 [00:03<00:58,  2.37it/s, loss=0.0963]
Ep   6 [train]:   5%|▍         | 7/145 [00:03<01:09,  1.98it/s, loss=0.0963]
Ep   6 [train]:   5%|▍         | 7/145 [00:03<01:09,  1.98it/s, loss=0.0793]
Ep   6 [train]:   6%|▌         | 8/145 [00:03<00:58,  2.36it/s, loss=0.0793]
Ep   6 [train]:   6%|▌         | 8/145 [00:04<00:58,  2.36it/s, loss=0.0844]
Ep   6 [train]:   6%|▌         | 9/145 [00:04<01:09,  1.94it/s, loss=0.0844]
Ep   6 [train]:   6%|▌         | 9/145 [00:04<01:09,  1.94it/s, loss=0.0791]
Ep   6 [train]:   7%|▋         | 10/145 [00:04<00:59,  2.27it/s, loss=0.0791]
Ep   6 [train]:   7%|▋         | 10/145 [00:05<00:59,  2.27it/s, loss=0.0873]
Ep   6 [train]:   8%|▊         | 11/145 [00:05<01:08,  1.96it/s, loss=0.0873]
Ep   6 [train]:   8%|▊         | 11/145 [00:05<01:08,  1.96it/s, loss=0.0793]
Ep   6 [train]:   8%|▊         | 12/145 [00:05<00:58,  2.29it/s, loss=0.0793]
Ep   6 [train]:   8%|▊         | 12/145 [00:06<00:58,  2.29it/s, loss=0.0870]
Ep   6 [train]:   9%|▉         | 13/145 [00:06<01:04,  2.04it/s, loss=0.0870]
Ep   6 [train]:   9%|▉         | 13/145 [00:06<01:04,  2.04it/s, loss=0.0790]
Ep   6 [train]:  10%|▉         | 14/145 [00:06<01:02,  2.10it/s, loss=0.0790]
Ep   6 [train]:  10%|▉         | 14/145 [00:07<01:02,  2.10it/s, loss=0.1021]
Ep   6 [train]:  10%|█         | 15/145 [00:07<01:00,  2.13it/s, loss=0.1021]
Ep   6 [train]:  10%|█         | 15/145 [00:07<01:00,  2.13it/s, loss=0.0781]
Ep   6 [train]:  11%|█         | 16/145 [00:07<01:00,  2.12it/s, loss=0.0781]
Ep   6 [train]:  11%|█         | 16/145 [00:08<01:00,  2.12it/s, loss=0.0789]
Ep   6 [train]:  12%|█▏        | 17/145 [00:08<00:59,  2.14it/s, loss=0.0789]
Ep   6 [train]:  12%|█▏        | 17/145 [00:08<00:59,  2.14it/s, loss=0.0809]
Ep   6 [train]:  12%|█▏        | 18/145 [00:08<01:00,  2.10it/s, loss=0.0809]
Ep   6 [train]:  12%|█▏        | 18/145 [00:09<01:00,  2.10it/s, loss=0.0795]
Ep   6 [train]:  13%|█▎        | 19/145 [00:09<00:57,  2.20it/s, loss=0.0795]
Ep   6 [train]:  13%|█▎        | 19/145 [00:09<00:57,  2.20it/s, loss=0.0983]
Ep   6 [train]:  14%|█▍        | 20/145 [00:09<01:00,  2.05it/s, loss=0.0983]
Ep   6 [train]:  14%|█▍        | 20/145 [00:10<01:00,  2.05it/s, loss=0.0884]
Ep   6 [train]:  14%|█▍        | 21/145 [00:10<00:54,  2.27it/s, loss=0.0884]
Ep   6 [train]:  14%|█▍        | 21/145 [00:10<00:54,  2.27it/s, loss=0.0985]
Ep   6 [train]:  15%|█▌        | 22/145 [00:10<00:57,  2.15it/s, loss=0.0985]
Ep   6 [train]:  15%|█▌        | 22/145 [00:11<00:57,  2.15it/s, loss=0.0962]
Ep   6 [train]:  16%|█▌        | 23/145 [00:11<00:54,  2.25it/s, loss=0.0962]
Ep   6 [train]:  16%|█▌        | 23/145 [00:11<00:54,  2.25it/s, loss=0.0817]
Ep   6 [train]:  17%|█▋        | 24/145 [00:11<00:55,  2.19it/s, loss=0.0817]
Ep   6 [train]:  17%|█▋        | 24/145 [00:11<00:55,  2.19it/s, loss=0.0879]
Ep   6 [train]:  17%|█▋        | 25/145 [00:11<00:54,  2.18it/s, loss=0.0879]
Ep   6 [train]:  17%|█▋        | 25/145 [00:12<00:54,  2.18it/s, loss=0.0787]
Ep   6 [train]:  18%|█▊        | 26/145 [00:12<00:55,  2.13it/s, loss=0.0787]
Ep   6 [train]:  18%|█▊        | 26/145 [00:12<00:55,  2.13it/s, loss=0.0882]
Ep   6 [train]:  19%|█▊        | 27/145 [00:12<00:53,  2.22it/s, loss=0.0882]
Ep   6 [train]:  19%|█▊        | 27/145 [00:13<00:53,  2.22it/s, loss=0.0809]
Ep   6 [train]:  19%|█▉        | 28/145 [00:13<00:54,  2.16it/s, loss=0.0809]
Ep   6 [train]:  19%|█▉        | 28/145 [00:13<00:54,  2.16it/s, loss=0.0959]
Ep   6 [train]:  20%|██        | 29/145 [00:13<00:52,  2.21it/s, loss=0.0959]
Ep   6 [train]:  20%|██        | 29/145 [00:14<00:52,  2.21it/s, loss=0.0838]
Ep   6 [train]:  21%|██        | 30/145 [00:14<00:54,  2.10it/s, loss=0.0838]
Ep   6 [train]:  21%|██        | 30/145 [00:14<00:54,  2.10it/s, loss=0.0862]
Ep   6 [train]:  21%|██▏       | 31/145 [00:14<00:52,  2.15it/s, loss=0.0862]
Ep   6 [train]:  21%|██▏       | 31/145 [00:15<00:52,  2.15it/s, loss=0.0859]
Ep   6 [train]:  22%|██▏       | 32/145 [00:15<01:00,  1.87it/s, loss=0.0859]
Ep   6 [train]:  22%|██▏       | 32/145 [00:15<01:00,  1.87it/s, loss=0.0826]
Ep   6 [train]:  23%|██▎       | 33/145 [00:15<00:49,  2.24it/s, loss=0.0826]
Ep   6 [train]:  23%|██▎       | 33/145 [00:16<00:49,  2.24it/s, loss=0.0862]
Ep   6 [train]:  23%|██▎       | 34/145 [00:16<00:58,  1.91it/s, loss=0.0862]
Ep   6 [train]:  23%|██▎       | 34/145 [00:16<00:58,  1.91it/s, loss=0.0801]
Ep   6 [train]:  24%|██▍       | 35/145 [00:16<00:46,  2.37it/s, loss=0.0801]
Ep   6 [train]:  24%|██▍       | 35/145 [00:17<00:46,  2.37it/s, loss=0.0775]
Ep   6 [train]:  25%|██▍       | 36/145 [00:17<00:56,  1.94it/s, loss=0.0775]
Ep   6 [train]:  25%|██▍       | 36/145 [00:17<00:56,  1.94it/s, loss=0.0903]
Ep   6 [train]:  26%|██▌       | 37/145 [00:17<00:45,  2.36it/s, loss=0.0903]
Ep   6 [train]:  26%|██▌       | 37/145 [00:18<00:45,  2.36it/s, loss=0.0834]
Ep   6 [train]:  26%|██▌       | 38/145 [00:18<00:54,  1.96it/s, loss=0.0834]
Ep   6 [train]:  26%|██▌       | 38/145 [00:18<00:54,  1.96it/s, loss=0.0901]
Ep   6 [train]:  27%|██▋       | 39/145 [00:18<00:43,  2.41it/s, loss=0.0901]
Ep   6 [train]:  27%|██▋       | 39/145 [00:19<00:43,  2.41it/s, loss=0.0866]
Ep   6 [train]:  28%|██▊       | 40/145 [00:19<00:54,  1.94it/s, loss=0.0866]
Ep   6 [train]:  28%|██▊       | 40/145 [00:19<00:54,  1.94it/s, loss=0.0829]
Ep   6 [train]:  28%|██▊       | 41/145 [00:19<00:45,  2.28it/s, loss=0.0829]
Ep   6 [train]:  28%|██▊       | 41/145 [00:20<00:45,  2.28it/s, loss=0.0773]
Ep   6 [train]:  29%|██▉       | 42/145 [00:20<00:49,  2.06it/s, loss=0.0773]
Ep   6 [train]:  29%|██▉       | 42/145 [00:20<00:49,  2.06it/s, loss=0.0829]
Ep   6 [train]:  30%|██▉       | 43/145 [00:20<00:43,  2.36it/s, loss=0.0829]
Ep   6 [train]:  30%|██▉       | 43/145 [00:20<00:43,  2.36it/s, loss=0.0876]
Ep   6 [train]:  30%|███       | 44/145 [00:20<00:46,  2.15it/s, loss=0.0876]
Ep   6 [train]:  30%|███       | 44/145 [00:21<00:46,  2.15it/s, loss=0.0827]
Ep   6 [train]:  31%|███       | 45/145 [00:21<00:40,  2.45it/s, loss=0.0827]
Ep   6 [train]:  31%|███       | 45/145 [00:21<00:40,  2.45it/s, loss=0.0767]
Ep   6 [train]:  32%|███▏      | 46/145 [00:21<00:47,  2.11it/s, loss=0.0767]
Ep   6 [train]:  32%|███▏      | 46/145 [00:22<00:47,  2.11it/s, loss=0.0783]
Ep   6 [train]:  32%|███▏      | 47/145 [00:22<00:41,  2.36it/s, loss=0.0783]
Ep   6 [train]:  32%|███▏      | 47/145 [00:22<00:41,  2.36it/s, loss=0.0849]
Ep   6 [train]:  33%|███▎      | 48/145 [00:22<00:42,  2.27it/s, loss=0.0849]
Ep   6 [train]:  33%|███▎      | 48/145 [00:23<00:42,  2.27it/s, loss=0.0782]
Ep   6 [train]:  34%|███▍      | 49/145 [00:23<00:44,  2.16it/s, loss=0.0782]
Ep   6 [train]:  34%|███▍      | 49/145 [00:23<00:44,  2.16it/s, loss=0.0846]
Ep   6 [train]:  34%|███▍      | 50/145 [00:23<00:41,  2.27it/s, loss=0.0846]
Ep   6 [train]:  34%|███▍      | 50/145 [00:24<00:41,  2.27it/s, loss=0.0815]
Ep   6 [train]:  35%|███▌      | 51/145 [00:24<00:45,  2.05it/s, loss=0.0815]
Ep   6 [train]:  35%|███▌      | 51/145 [00:24<00:45,  2.05it/s, loss=0.0840]
Ep   6 [train]:  36%|███▌      | 52/145 [00:24<00:39,  2.34it/s, loss=0.0840]
Ep   6 [train]:  36%|███▌      | 52/145 [00:25<00:39,  2.34it/s, loss=0.0928]
Ep   6 [train]:  37%|███▋      | 53/145 [00:25<00:45,  2.00it/s, loss=0.0928]
Ep   6 [train]:  37%|███▋      | 53/145 [00:25<00:45,  2.00it/s, loss=0.0861]
Ep   6 [train]:  37%|███▋      | 54/145 [00:25<00:40,  2.26it/s, loss=0.0861]
Ep   6 [train]:  37%|███▋      | 54/145 [00:25<00:40,  2.26it/s, loss=0.0862]
Ep   6 [train]:  38%|███▊      | 55/145 [00:25<00:43,  2.06it/s, loss=0.0862]
Ep   6 [train]:  38%|███▊      | 55/145 [00:26<00:43,  2.06it/s, loss=0.0834]
Ep   6 [train]:  39%|███▊      | 56/145 [00:26<00:39,  2.24it/s, loss=0.0834]
Ep   6 [train]:  39%|███▊      | 56/145 [00:26<00:39,  2.24it/s, loss=0.0886]
Ep   6 [train]:  39%|███▉      | 57/145 [00:26<00:41,  2.13it/s, loss=0.0886]
Ep   6 [train]:  39%|███▉      | 57/145 [00:27<00:41,  2.13it/s, loss=0.0845]
Ep   6 [train]:  40%|████      | 58/145 [00:27<00:36,  2.38it/s, loss=0.0845]
Ep   6 [train]:  40%|████      | 58/145 [00:27<00:36,  2.38it/s, loss=0.0896]
Ep   6 [train]:  41%|████      | 59/145 [00:27<00:41,  2.05it/s, loss=0.0896]
Ep   6 [train]:  41%|████      | 59/145 [00:27<00:41,  2.05it/s, loss=0.0848]
Ep   6 [train]:  41%|████▏     | 60/145 [00:27<00:34,  2.43it/s, loss=0.0848]
Ep   6 [train]:  41%|████▏     | 60/145 [00:28<00:34,  2.43it/s, loss=0.0800]
Ep   6 [train]:  42%|████▏     | 61/145 [00:28<00:40,  2.05it/s, loss=0.0800]
Ep   6 [train]:  42%|████▏     | 61/145 [00:28<00:40,  2.05it/s, loss=0.0755]
Ep   6 [train]:  43%|████▎     | 62/145 [00:28<00:33,  2.49it/s, loss=0.0755]
Ep   6 [train]:  43%|████▎     | 62/145 [00:29<00:33,  2.49it/s, loss=0.0776]
Ep   6 [train]:  43%|████▎     | 63/145 [00:29<00:40,  2.03it/s, loss=0.0776]
Ep   6 [train]:  43%|████▎     | 63/145 [00:29<00:40,  2.03it/s, loss=0.0857]
Ep   6 [train]:  44%|████▍     | 64/145 [00:29<00:32,  2.47it/s, loss=0.0857]
Ep   6 [train]:  44%|████▍     | 64/145 [00:30<00:32,  2.47it/s, loss=0.0844]
Ep   6 [train]:  45%|████▍     | 65/145 [00:30<00:40,  2.00it/s, loss=0.0844]
Ep   6 [train]:  45%|████▍     | 65/145 [00:30<00:40,  2.00it/s, loss=0.0775]
Ep   6 [train]:  46%|████▌     | 66/145 [00:30<00:32,  2.45it/s, loss=0.0775]
Ep   6 [train]:  46%|████▌     | 66/145 [00:31<00:32,  2.45it/s, loss=0.0822]
Ep   6 [train]:  46%|████▌     | 67/145 [00:31<00:38,  2.05it/s, loss=0.0822]
Ep   6 [train]:  46%|████▌     | 67/145 [00:31<00:38,  2.05it/s, loss=0.0829]
Ep   6 [train]:  47%|████▋     | 68/145 [00:31<00:30,  2.52it/s, loss=0.0829]
Ep   6 [train]:  47%|████▋     | 68/145 [00:32<00:30,  2.52it/s, loss=0.0813]
Ep   6 [train]:  48%|████▊     | 69/145 [00:32<00:37,  2.00it/s, loss=0.0813]
Ep   6 [train]:  48%|████▊     | 69/145 [00:32<00:37,  2.00it/s, loss=0.0813]
Ep   6 [train]:  48%|████▊     | 70/145 [00:32<00:30,  2.45it/s, loss=0.0813]
Ep   6 [train]:  48%|████▊     | 70/145 [00:33<00:30,  2.45it/s, loss=0.0969]
Ep   6 [train]:  49%|████▉     | 71/145 [00:33<00:36,  2.02it/s, loss=0.0969]
Ep   6 [train]:  49%|████▉     | 71/145 [00:33<00:36,  2.02it/s, loss=0.0832]
Ep   6 [train]:  50%|████▉     | 72/145 [00:33<00:29,  2.50it/s, loss=0.0832]
Ep   6 [train]:  50%|████▉     | 72/145 [00:34<00:29,  2.50it/s, loss=0.0798]
Ep   6 [train]:  50%|█████     | 73/145 [00:34<00:35,  2.04it/s, loss=0.0798]
Ep   6 [train]:  50%|█████     | 73/145 [00:34<00:35,  2.04it/s, loss=0.0901]
Ep   6 [train]:  51%|█████     | 74/145 [00:34<00:28,  2.46it/s, loss=0.0901]
Ep   6 [train]:  51%|█████     | 74/145 [00:34<00:28,  2.46it/s, loss=0.0863]
Ep   6 [train]:  52%|█████▏    | 75/145 [00:34<00:34,  2.06it/s, loss=0.0863]
Ep   6 [train]:  52%|█████▏    | 75/145 [00:35<00:34,  2.06it/s, loss=0.0783]
Ep   6 [train]:  52%|█████▏    | 76/145 [00:35<00:27,  2.52it/s, loss=0.0783]
Ep   6 [train]:  52%|█████▏    | 76/145 [00:35<00:27,  2.52it/s, loss=0.0866]
Ep   6 [train]:  53%|█████▎    | 77/145 [00:35<00:34,  2.00it/s, loss=0.0866]
Ep   6 [train]:  53%|█████▎    | 77/145 [00:36<00:34,  2.00it/s, loss=0.0973]
Ep   6 [train]:  54%|█████▍    | 78/145 [00:36<00:27,  2.45it/s, loss=0.0973]
Ep   6 [train]:  54%|█████▍    | 78/145 [00:36<00:27,  2.45it/s, loss=0.0806]
Ep   6 [train]:  54%|█████▍    | 79/145 [00:36<00:33,  1.98it/s, loss=0.0806]
Ep   6 [train]:  54%|█████▍    | 79/145 [00:36<00:33,  1.98it/s, loss=0.0798]
Ep   6 [train]:  55%|█████▌    | 80/145 [00:36<00:26,  2.42it/s, loss=0.0798]
Ep   6 [train]:  55%|█████▌    | 80/145 [00:37<00:26,  2.42it/s, loss=0.0812]
Ep   6 [train]:  56%|█████▌    | 81/145 [00:37<00:32,  1.97it/s, loss=0.0812]
Ep   6 [train]:  56%|█████▌    | 81/145 [00:37<00:32,  1.97it/s, loss=0.0770]
Ep   6 [train]:  57%|█████▋    | 82/145 [00:37<00:26,  2.38it/s, loss=0.0770]
Ep   6 [train]:  57%|█████▋    | 82/145 [00:38<00:26,  2.38it/s, loss=0.0764]
Ep   6 [train]:  57%|█████▋    | 83/145 [00:38<00:30,  2.00it/s, loss=0.0764]
Ep   6 [train]:  57%|█████▋    | 83/145 [00:38<00:30,  2.00it/s, loss=0.0827]
Ep   6 [train]:  58%|█████▊    | 84/145 [00:38<00:25,  2.43it/s, loss=0.0827]
Ep   6 [train]:  58%|█████▊    | 84/145 [00:39<00:25,  2.43it/s, loss=0.0845]
Ep   6 [train]:  59%|█████▊    | 85/145 [00:39<00:30,  2.00it/s, loss=0.0845]
Ep   6 [train]:  59%|█████▊    | 85/145 [00:39<00:30,  2.00it/s, loss=0.0911]
Ep   6 [train]:  59%|█████▉    | 86/145 [00:39<00:23,  2.48it/s, loss=0.0911]
Ep   6 [train]:  59%|█████▉    | 86/145 [00:40<00:23,  2.48it/s, loss=0.0883]
Ep   6 [train]:  60%|██████    | 87/145 [00:40<00:28,  2.04it/s, loss=0.0883]
Ep   6 [train]:  60%|██████    | 87/145 [00:40<00:28,  2.04it/s, loss=0.0925]
Ep   6 [train]:  61%|██████    | 88/145 [00:40<00:23,  2.47it/s, loss=0.0925]
Ep   6 [train]:  61%|██████    | 88/145 [00:41<00:23,  2.47it/s, loss=0.0768]
Ep   6 [train]:  61%|██████▏   | 89/145 [00:41<00:28,  1.96it/s, loss=0.0768]
Ep   6 [train]:  61%|██████▏   | 89/145 [00:41<00:28,  1.96it/s, loss=0.0898]
Ep   6 [train]:  62%|██████▏   | 90/145 [00:41<00:22,  2.40it/s, loss=0.0898]
Ep   6 [train]:  62%|██████▏   | 90/145 [00:42<00:22,  2.40it/s, loss=0.0798]
Ep   6 [train]:  63%|██████▎   | 91/145 [00:42<00:26,  2.03it/s, loss=0.0798]
Ep   6 [train]:  63%|██████▎   | 91/145 [00:42<00:26,  2.03it/s, loss=0.0797]
Ep   6 [train]:  63%|██████▎   | 92/145 [00:42<00:21,  2.50it/s, loss=0.0797]
Ep   6 [train]:  63%|██████▎   | 92/145 [00:43<00:21,  2.50it/s, loss=0.0834]
Ep   6 [train]:  64%|██████▍   | 93/145 [00:43<00:25,  2.01it/s, loss=0.0834]
Ep   6 [train]:  64%|██████▍   | 93/145 [00:43<00:25,  2.01it/s, loss=0.0829]
Ep   6 [train]:  65%|██████▍   | 94/145 [00:43<00:20,  2.46it/s, loss=0.0829]
Ep   6 [train]:  65%|██████▍   | 94/145 [00:44<00:20,  2.46it/s, loss=0.0776]
Ep   6 [train]:  66%|██████▌   | 95/145 [00:44<00:24,  2.03it/s, loss=0.0776]
Ep   6 [train]:  66%|██████▌   | 95/145 [00:44<00:24,  2.03it/s, loss=0.0818]
Ep   6 [train]:  66%|██████▌   | 96/145 [00:44<00:19,  2.48it/s, loss=0.0818]
Ep   6 [train]:  66%|██████▌   | 96/145 [00:44<00:19,  2.48it/s, loss=0.0817]
Ep   6 [train]:  67%|██████▋   | 97/145 [00:44<00:22,  2.10it/s, loss=0.0817]
Ep   6 [train]:  67%|██████▋   | 97/145 [00:45<00:22,  2.10it/s, loss=0.0883]
Ep   6 [train]:  68%|██████▊   | 98/145 [00:45<00:18,  2.52it/s, loss=0.0883]
Ep   6 [train]:  68%|██████▊   | 98/145 [00:45<00:18,  2.52it/s, loss=0.0884]
Ep   6 [train]:  68%|██████▊   | 99/145 [00:45<00:21,  2.18it/s, loss=0.0884]
Ep   6 [train]:  68%|██████▊   | 99/145 [00:45<00:21,  2.18it/s, loss=0.0944]
Ep   6 [train]:  69%|██████▉   | 100/145 [00:45<00:17,  2.58it/s, loss=0.0944]
Ep   6 [train]:  69%|██████▉   | 100/145 [00:46<00:17,  2.58it/s, loss=0.0807]
Ep   6 [train]:  70%|██████▉   | 101/145 [00:46<00:20,  2.17it/s, loss=0.0807]
Ep   6 [train]:  70%|██████▉   | 101/145 [00:46<00:20,  2.17it/s, loss=0.0791]
Ep   6 [train]:  70%|███████   | 102/145 [00:46<00:16,  2.65it/s, loss=0.0791]
Ep   6 [train]:  70%|███████   | 102/145 [00:47<00:16,  2.65it/s, loss=0.0972]
Ep   6 [train]:  71%|███████   | 103/145 [00:47<00:21,  1.97it/s, loss=0.0972]
Ep   6 [train]:  71%|███████   | 103/145 [00:47<00:21,  1.97it/s, loss=0.0839]
Ep   6 [train]:  72%|███████▏  | 104/145 [00:47<00:16,  2.44it/s, loss=0.0839]
Ep   6 [train]:  72%|███████▏  | 104/145 [00:48<00:16,  2.44it/s, loss=0.0918]
Ep   6 [train]:  72%|███████▏  | 105/145 [00:48<00:21,  1.89it/s, loss=0.0918]
Ep   6 [train]:  72%|███████▏  | 105/145 [00:48<00:21,  1.89it/s, loss=0.0860]
Ep   6 [train]:  73%|███████▎  | 106/145 [00:48<00:16,  2.34it/s, loss=0.0860]
Ep   6 [train]:  73%|███████▎  | 106/145 [00:49<00:16,  2.34it/s, loss=0.0914]
Ep   6 [train]:  74%|███████▍  | 107/145 [00:49<00:19,  1.91it/s, loss=0.0914]
Ep   6 [train]:  74%|███████▍  | 107/145 [00:49<00:19,  1.91it/s, loss=0.0851]
Ep   6 [train]:  74%|███████▍  | 108/145 [00:49<00:15,  2.32it/s, loss=0.0851]
Ep   6 [train]:  74%|███████▍  | 108/145 [00:50<00:15,  2.32it/s, loss=0.0749]
Ep   6 [train]:  75%|███████▌  | 109/145 [00:50<00:18,  1.90it/s, loss=0.0749]
Ep   6 [train]:  75%|███████▌  | 109/145 [00:50<00:18,  1.90it/s, loss=0.0747]
Ep   6 [train]:  76%|███████▌  | 110/145 [00:50<00:15,  2.27it/s, loss=0.0747]
Ep   6 [train]:  76%|███████▌  | 110/145 [00:51<00:15,  2.27it/s, loss=0.0894]
Ep   6 [train]:  77%|███████▋  | 111/145 [00:51<00:17,  1.94it/s, loss=0.0894]
Ep   6 [train]:  77%|███████▋  | 111/145 [00:51<00:17,  1.94it/s, loss=0.0811]
Ep   6 [train]:  77%|███████▋  | 112/145 [00:51<00:13,  2.37it/s, loss=0.0811]
Ep   6 [train]:  77%|███████▋  | 112/145 [00:52<00:13,  2.37it/s, loss=0.0847]
Ep   6 [train]:  78%|███████▊  | 113/145 [00:52<00:17,  1.87it/s, loss=0.0847]
Ep   6 [train]:  78%|███████▊  | 113/145 [00:52<00:17,  1.87it/s, loss=0.0769]
Ep   6 [train]:  79%|███████▊  | 114/145 [00:52<00:13,  2.33it/s, loss=0.0769]
Ep   6 [train]:  79%|███████▊  | 114/145 [00:53<00:13,  2.33it/s, loss=0.0803]
Ep   6 [train]:  79%|███████▉  | 115/145 [00:53<00:15,  1.95it/s, loss=0.0803]
Ep   6 [train]:  79%|███████▉  | 115/145 [00:53<00:15,  1.95it/s, loss=0.0805]
Ep   6 [train]:  80%|████████  | 116/145 [00:53<00:12,  2.38it/s, loss=0.0805]
Ep   6 [train]:  80%|████████  | 116/145 [00:54<00:12,  2.38it/s, loss=0.0931]
Ep   6 [train]:  81%|████████  | 117/145 [00:54<00:14,  1.97it/s, loss=0.0931]
Ep   6 [train]:  81%|████████  | 117/145 [00:54<00:14,  1.97it/s, loss=0.0782]
Ep   6 [train]:  81%|████████▏ | 118/145 [00:54<00:11,  2.42it/s, loss=0.0782]
Ep   6 [train]:  81%|████████▏ | 118/145 [00:55<00:11,  2.42it/s, loss=0.0807]
Ep   6 [train]:  82%|████████▏ | 119/145 [00:55<00:14,  1.80it/s, loss=0.0807]
Ep   6 [train]:  82%|████████▏ | 119/145 [00:55<00:14,  1.80it/s, loss=0.0785]
Ep   6 [train]:  83%|████████▎ | 120/145 [00:55<00:11,  2.24it/s, loss=0.0785]
Ep   6 [train]:  83%|████████▎ | 120/145 [00:56<00:11,  2.24it/s, loss=0.0867]
Ep   6 [train]:  83%|████████▎ | 121/145 [00:56<00:12,  1.93it/s, loss=0.0867]
Ep   6 [train]:  83%|████████▎ | 121/145 [00:56<00:12,  1.93it/s, loss=0.0870]
Ep   6 [train]:  84%|████████▍ | 122/145 [00:56<00:09,  2.37it/s, loss=0.0870]
Ep   6 [train]:  84%|████████▍ | 122/145 [00:57<00:09,  2.37it/s, loss=0.0804]
Ep   6 [train]:  85%|████████▍ | 123/145 [00:57<00:11,  1.98it/s, loss=0.0804]
Ep   6 [train]:  85%|████████▍ | 123/145 [00:57<00:11,  1.98it/s, loss=0.0826]
Ep   6 [train]:  86%|████████▌ | 124/145 [00:57<00:08,  2.40it/s, loss=0.0826]
Ep   6 [train]:  86%|████████▌ | 124/145 [00:57<00:08,  2.40it/s, loss=0.0836]
Ep   6 [train]:  86%|████████▌ | 125/145 [00:57<00:09,  2.04it/s, loss=0.0836]
Ep   6 [train]:  86%|████████▌ | 125/145 [00:58<00:09,  2.04it/s, loss=0.0844]
Ep   6 [train]:  87%|████████▋ | 126/145 [00:58<00:08,  2.35it/s, loss=0.0844]
Ep   6 [train]:  87%|████████▋ | 126/145 [00:58<00:08,  2.35it/s, loss=0.0912]
Ep   6 [train]:  88%|████████▊ | 127/145 [00:58<00:09,  1.88it/s, loss=0.0912]
Ep   6 [train]:  88%|████████▊ | 127/145 [00:59<00:09,  1.88it/s, loss=0.0792]
Ep   6 [train]:  88%|████████▊ | 128/145 [00:59<00:07,  2.36it/s, loss=0.0792]
Ep   6 [train]:  88%|████████▊ | 128/145 [00:59<00:07,  2.36it/s, loss=0.0809]
Ep   6 [train]:  89%|████████▉ | 129/145 [00:59<00:08,  1.81it/s, loss=0.0809]
Ep   6 [train]:  89%|████████▉ | 129/145 [01:00<00:08,  1.81it/s, loss=0.0759]
Ep   6 [train]:  90%|████████▉ | 130/145 [01:00<00:06,  2.27it/s, loss=0.0759]
Ep   6 [train]:  90%|████████▉ | 130/145 [01:00<00:06,  2.27it/s, loss=0.0836]
Ep   6 [train]:  90%|█████████ | 131/145 [01:00<00:07,  1.79it/s, loss=0.0836]
Ep   6 [train]:  90%|█████████ | 131/145 [01:01<00:07,  1.79it/s, loss=0.0980]
Ep   6 [train]:  91%|█████████ | 132/145 [01:01<00:05,  2.18it/s, loss=0.0980]
Ep   6 [train]:  91%|█████████ | 132/145 [01:02<00:05,  2.18it/s, loss=0.0855]
Ep   6 [train]:  92%|█████████▏| 133/145 [01:02<00:06,  1.77it/s, loss=0.0855]
Ep   6 [train]:  92%|█████████▏| 133/145 [01:02<00:06,  1.77it/s, loss=0.0864]
Ep   6 [train]:  92%|█████████▏| 134/145 [01:02<00:04,  2.20it/s, loss=0.0864]
Ep   6 [train]:  92%|█████████▏| 134/145 [01:02<00:04,  2.20it/s, loss=0.0857]
Ep   6 [train]:  93%|█████████▎| 135/145 [01:02<00:05,  1.95it/s, loss=0.0857]
Ep   6 [train]:  93%|█████████▎| 135/145 [01:03<00:05,  1.95it/s, loss=0.0818]
Ep   6 [train]:  94%|█████████▍| 136/145 [01:03<00:03,  2.41it/s, loss=0.0818]
Ep   6 [train]:  94%|█████████▍| 136/145 [01:03<00:03,  2.41it/s, loss=0.0804]
Ep   6 [train]:  94%|█████████▍| 137/145 [01:03<00:03,  2.09it/s, loss=0.0804]
Ep   6 [train]:  94%|█████████▍| 137/145 [01:03<00:03,  2.09it/s, loss=0.0902]
Ep   6 [train]:  95%|█████████▌| 138/145 [01:03<00:02,  2.56it/s, loss=0.0902]
Ep   6 [train]:  95%|█████████▌| 138/145 [01:04<00:02,  2.56it/s, loss=0.0818]
Ep   6 [train]:  96%|█████████▌| 139/145 [01:04<00:02,  2.19it/s, loss=0.0818]
Ep   6 [train]:  96%|█████████▌| 139/145 [01:04<00:02,  2.19it/s, loss=0.0772]
Ep   6 [train]:  97%|█████████▋| 140/145 [01:04<00:01,  2.69it/s, loss=0.0772]
Ep   6 [train]:  97%|█████████▋| 140/145 [01:05<00:01,  2.69it/s, loss=0.0853]
Ep   6 [train]:  97%|█████████▋| 141/145 [01:05<00:01,  2.33it/s, loss=0.0853]
Ep   6 [train]:  97%|█████████▋| 141/145 [01:05<00:01,  2.33it/s, loss=0.0793]
Ep   6 [train]:  98%|█████████▊| 142/145 [01:05<00:01,  2.49it/s, loss=0.0793]
Ep   6 [train]:  98%|█████████▊| 142/145 [01:06<00:01,  2.49it/s, loss=0.0850]
Ep   6 [train]:  99%|█████████▊| 143/145 [01:06<00:00,  2.35it/s, loss=0.0850]
Ep   6 [train]:  99%|█████████▊| 143/145 [01:06<00:00,  2.35it/s, loss=0.0774]
Ep   6 [train]:  99%|█████████▉| 144/145 [01:06<00:00,  2.56it/s, loss=0.0774]
Ep   6 [train]:  99%|█████████▉| 144/145 [01:06<00:00,  2.56it/s, loss=0.0874]
Ep   6 [train]: 100%|██████████| 145/145 [01:06<00:00,  2.43it/s, loss=0.0874]
                                                                              
  Ep   6 [train]  loss=0.0843  rmse_c=0.2419  mae_c=0.2173  r2_c=-0.002  rmse_h=0.3354  mae_h=0.2512  r2_h=0.356  sup=0.325

Ep   6 [val  ]:   0%|          | 0/39 [00:00<?, ?it/s]
Ep   6 [val  ]:   0%|          | 0/39 [00:00<?, ?it/s, loss=0.1051]
Ep   6 [val  ]:   3%|▎         | 1/39 [00:00<00:36,  1.03it/s, loss=0.1051]
Ep   6 [val  ]:   3%|▎         | 1/39 [00:01<00:36,  1.03it/s, loss=0.0985]
Ep   6 [val  ]:   3%|▎         | 1/39 [00:01<00:36,  1.03it/s, loss=0.0812]
Ep   6 [val  ]:   8%|▊         | 3/39 [00:01<00:20,  1.73it/s, loss=0.0812]
Ep   6 [val  ]:   8%|▊         | 3/39 [00:01<00:20,  1.73it/s, loss=0.0753]
Ep   6 [val  ]:   8%|▊         | 3/39 [00:02<00:20,  1.73it/s, loss=0.0793]
Ep   6 [val  ]:  13%|█▎        | 5/39 [00:02<00:18,  1.88it/s, loss=0.0793]
Ep   6 [val  ]:  13%|█▎        | 5/39 [00:02<00:18,  1.88it/s, loss=0.0898]
Ep   6 [val  ]:  13%|█▎        | 5/39 [00:03<00:18,  1.88it/s, loss=0.0814]
Ep   6 [val  ]:  18%|█▊        | 7/39 [00:03<00:15,  2.05it/s, loss=0.0814]
Ep   6 [val  ]:  18%|█▊        | 7/39 [00:03<00:15,  2.05it/s, loss=0.0806]
Ep   6 [val  ]:  18%|█▊        | 7/39 [00:04<00:15,  2.05it/s, loss=0.0835]
Ep   6 [val  ]:  23%|██▎       | 9/39 [00:04<00:13,  2.17it/s, loss=0.0835]
Ep   6 [val  ]:  23%|██▎       | 9/39 [00:04<00:13,  2.17it/s, loss=0.0783]
Ep   6 [val  ]:  23%|██▎       | 9/39 [00:05<00:13,  2.17it/s, loss=0.0829]
Ep   6 [val  ]:  28%|██▊       | 11/39 [00:05<00:12,  2.33it/s, loss=0.0829]
Ep   6 [val  ]:  28%|██▊       | 11/39 [00:05<00:12,  2.33it/s, loss=0.0808]
Ep   6 [val  ]:  28%|██▊       | 11/39 [00:05<00:12,  2.33it/s, loss=0.0796]
Ep   6 [val  ]:  33%|███▎      | 13/39 [00:05<00:10,  2.45it/s, loss=0.0796]
Ep   6 [val  ]:  33%|███▎      | 13/39 [00:06<00:10,  2.45it/s, loss=0.0888]
Ep   6 [val  ]:  36%|███▌      | 14/39 [00:06<00:09,  2.70it/s, loss=0.0888]
Ep   6 [val  ]:  36%|███▌      | 14/39 [00:06<00:09,  2.70it/s, loss=0.1013]
Ep   6 [val  ]:  38%|███▊      | 15/39 [00:06<00:09,  2.52it/s, loss=0.1013]
Ep   6 [val  ]:  38%|███▊      | 15/39 [00:07<00:09,  2.52it/s, loss=0.1043]
Ep   6 [val  ]:  41%|████      | 16/39 [00:07<00:09,  2.54it/s, loss=0.1043]
Ep   6 [val  ]:  41%|████      | 16/39 [00:07<00:09,  2.54it/s, loss=0.0985]
Ep   6 [val  ]:  44%|████▎     | 17/39 [00:07<00:08,  2.63it/s, loss=0.0985]
Ep   6 [val  ]:  44%|████▎     | 17/39 [00:07<00:08,  2.63it/s, loss=0.0920]
Ep   6 [val  ]:  46%|████▌     | 18/39 [00:07<00:08,  2.39it/s, loss=0.0920]
Ep   6 [val  ]:  46%|████▌     | 18/39 [00:08<00:08,  2.39it/s, loss=0.0834]
Ep   6 [val  ]:  49%|████▊     | 19/39 [00:08<00:07,  2.76it/s, loss=0.0834]
Ep   6 [val  ]:  49%|████▊     | 19/39 [00:08<00:07,  2.76it/s, loss=0.0709]
Ep   6 [val  ]:  51%|█████▏    | 20/39 [00:08<00:08,  2.27it/s, loss=0.0709]
Ep   6 [val  ]:  51%|█████▏    | 20/39 [00:08<00:08,  2.27it/s, loss=0.0615]
Ep   6 [val  ]:  54%|█████▍    | 21/39 [00:08<00:06,  2.86it/s, loss=0.0615]
Ep   6 [val  ]:  54%|█████▍    | 21/39 [00:09<00:06,  2.86it/s, loss=0.0714]
Ep   6 [val  ]:  56%|█████▋    | 22/39 [00:09<00:08,  2.05it/s, loss=0.0714]
Ep   6 [val  ]:  56%|█████▋    | 22/39 [00:09<00:08,  2.05it/s, loss=0.0656]
Ep   6 [val  ]:  56%|█████▋    | 22/39 [00:10<00:08,  2.05it/s, loss=0.0689]
Ep   6 [val  ]:  62%|██████▏   | 24/39 [00:10<00:06,  2.19it/s, loss=0.0689]
Ep   6 [val  ]:  62%|██████▏   | 24/39 [00:10<00:06,  2.19it/s, loss=0.0695]
Ep   6 [val  ]:  62%|██████▏   | 24/39 [00:11<00:06,  2.19it/s, loss=0.0756]
Ep   6 [val  ]:  67%|██████▋   | 26/39 [00:11<00:05,  2.25it/s, loss=0.0756]
Ep   6 [val  ]:  67%|██████▋   | 26/39 [00:11<00:05,  2.25it/s, loss=0.0852]
Ep   6 [val  ]:  67%|██████▋   | 26/39 [00:12<00:05,  2.25it/s, loss=0.1248]
Ep   6 [val  ]:  72%|███████▏  | 28/39 [00:12<00:04,  2.29it/s, loss=0.1248]
Ep   6 [val  ]:  72%|███████▏  | 28/39 [00:12<00:04,  2.29it/s, loss=0.0975]
Ep   6 [val  ]:  72%|███████▏  | 28/39 [00:13<00:04,  2.29it/s, loss=0.0905]
Ep   6 [val  ]:  77%|███████▋  | 30/39 [00:13<00:03,  2.37it/s, loss=0.0905]
Ep   6 [val  ]:  77%|███████▋  | 30/39 [00:13<00:03,  2.37it/s, loss=0.0820]
Ep   6 [val  ]:  77%|███████▋  | 30/39 [00:13<00:03,  2.37it/s, loss=0.0786]
Ep   6 [val  ]:  82%|████████▏ | 32/39 [00:13<00:02,  2.43it/s, loss=0.0786]
Ep   6 [val  ]:  82%|████████▏ | 32/39 [00:13<00:02,  2.43it/s, loss=0.0765]
Ep   6 [val  ]:  82%|████████▏ | 32/39 [00:14<00:02,  2.43it/s, loss=0.0758]
Ep   6 [val  ]:  87%|████████▋ | 34/39 [00:14<00:02,  2.47it/s, loss=0.0758]
Ep   6 [val  ]:  87%|████████▋ | 34/39 [00:14<00:02,  2.47it/s, loss=0.0817]
Ep   6 [val  ]:  87%|████████▋ | 34/39 [00:15<00:02,  2.47it/s, loss=0.0786]
Ep   6 [val  ]:  92%|█████████▏| 36/39 [00:15<00:01,  2.54it/s, loss=0.0786]
Ep   6 [val  ]:  92%|█████████▏| 36/39 [00:15<00:01,  2.54it/s, loss=0.0737]
Ep   6 [val  ]:  92%|█████████▏| 36/39 [00:16<00:01,  2.54it/s, loss=0.0641]
Ep   6 [val  ]:  97%|█████████▋| 38/39 [00:16<00:00,  2.61it/s, loss=0.0641]
Ep   6 [val  ]:  97%|█████████▋| 38/39 [00:16<00:00,  2.61it/s, loss=0.0787]
                                                                            
  Ep   6 [val  ]  loss=0.0830  rmse_c=0.2458  mae_c=0.2206  r2_c=0.008  rmse_h=0.3241  mae_h=0.2407  r2_h=0.345  sup=0.308
  [new best] combined_val_rmse=0.2850

Ep   7 [train]:   0%|          | 0/145 [00:00<?, ?it/s]
Ep   7 [train]:   0%|          | 0/145 [00:01<?, ?it/s, loss=0.0842]
Ep   7 [train]:   1%|          | 1/145 [00:01<02:42,  1.13s/it, loss=0.0842]
Ep   7 [train]:   1%|          | 1/145 [00:01<02:42,  1.13s/it, loss=0.0782]
Ep   7 [train]:   1%|▏         | 2/145 [00:01<01:23,  1.72it/s, loss=0.0782]
Ep   7 [train]:   1%|▏         | 2/145 [00:02<01:23,  1.72it/s, loss=0.0854]
Ep   7 [train]:   2%|▏         | 3/145 [00:02<01:28,  1.60it/s, loss=0.0854]
Ep   7 [train]:   2%|▏         | 3/145 [00:02<01:28,  1.60it/s, loss=0.0812]
Ep   7 [train]:   3%|▎         | 4/145 [00:02<01:08,  2.04it/s, loss=0.0812]
Ep   7 [train]:   3%|▎         | 4/145 [00:02<01:08,  2.04it/s, loss=0.0974]
Ep   7 [train]:   3%|▎         | 5/145 [00:02<01:17,  1.81it/s, loss=0.0974]
Ep   7 [train]:   3%|▎         | 5/145 [00:03<01:17,  1.81it/s, loss=0.0844]
Ep   7 [train]:   4%|▍         | 6/145 [00:03<01:00,  2.29it/s, loss=0.0844]
Ep   7 [train]:   4%|▍         | 6/145 [00:03<01:00,  2.29it/s, loss=0.0895]
Ep   7 [train]:   5%|▍         | 7/145 [00:03<01:11,  1.94it/s, loss=0.0895]
Ep   7 [train]:   5%|▍         | 7/145 [00:04<01:11,  1.94it/s, loss=0.0935]
Ep   7 [train]:   6%|▌         | 8/145 [00:04<00:57,  2.39it/s, loss=0.0935]
Ep   7 [train]:   6%|▌         | 8/145 [00:04<00:57,  2.39it/s, loss=0.0831]
Ep   7 [train]:   6%|▌         | 9/145 [00:04<01:10,  1.92it/s, loss=0.0831]
Ep   7 [train]:   6%|▌         | 9/145 [00:04<01:10,  1.92it/s, loss=0.0809]
Ep   7 [train]:   7%|▋         | 10/145 [00:04<00:56,  2.38it/s, loss=0.0809]
Ep   7 [train]:   7%|▋         | 10/145 [00:05<00:56,  2.38it/s, loss=0.0811]
Ep   7 [train]:   8%|▊         | 11/145 [00:05<01:06,  2.00it/s, loss=0.0811]
Ep   7 [train]:   8%|▊         | 11/145 [00:05<01:06,  2.00it/s, loss=0.0929]
Ep   7 [train]:   8%|▊         | 12/145 [00:05<00:54,  2.43it/s, loss=0.0929]
Ep   7 [train]:   8%|▊         | 12/145 [00:06<00:54,  2.43it/s, loss=0.0886]
Ep   7 [train]:   9%|▉         | 13/145 [00:06<01:08,  1.93it/s, loss=0.0886]
Ep   7 [train]:   9%|▉         | 13/145 [00:06<01:08,  1.93it/s, loss=0.0812]
Ep   7 [train]:  10%|▉         | 14/145 [00:06<00:54,  2.41it/s, loss=0.0812]
Ep   7 [train]:  10%|▉         | 14/145 [00:07<00:54,  2.41it/s, loss=0.0752]
Ep   7 [train]:  10%|█         | 15/145 [00:07<01:06,  1.96it/s, loss=0.0752]
Ep   7 [train]:  10%|█         | 15/145 [00:07<01:06,  1.96it/s, loss=0.0848]
Ep   7 [train]:  11%|█         | 16/145 [00:07<00:54,  2.38it/s, loss=0.0848]
Ep   7 [train]:  11%|█         | 16/145 [00:08<00:54,  2.38it/s, loss=0.0793]
Ep   7 [train]:  12%|█▏        | 17/145 [00:08<01:05,  1.95it/s, loss=0.0793]
Ep   7 [train]:  12%|█▏        | 17/145 [00:08<01:05,  1.95it/s, loss=0.0809]
Ep   7 [train]:  12%|█▏        | 18/145 [00:08<00:54,  2.32it/s, loss=0.0809]
Ep   7 [train]:  12%|█▏        | 18/145 [00:09<00:54,  2.32it/s, loss=0.0787]
Ep   7 [train]:  13%|█▎        | 19/145 [00:09<01:04,  1.97it/s, loss=0.0787]
Ep   7 [train]:  13%|█▎        | 19/145 [00:09<01:04,  1.97it/s, loss=0.0834]
Ep   7 [train]:  14%|█▍        | 20/145 [00:09<00:51,  2.41it/s, loss=0.0834]
Ep   7 [train]:  14%|█▍        | 20/145 [00:10<00:51,  2.41it/s, loss=0.0844]
Ep   7 [train]:  14%|█▍        | 21/145 [00:10<01:01,  2.00it/s, loss=0.0844]
Ep   7 [train]:  14%|█▍        | 21/145 [00:10<01:01,  2.00it/s, loss=0.0802]
Ep   7 [train]:  15%|█▌        | 22/145 [00:10<00:49,  2.46it/s, loss=0.0802]
Ep   7 [train]:  15%|█▌        | 22/145 [00:11<00:49,  2.46it/s, loss=0.0776]
Ep   7 [train]:  16%|█▌        | 23/145 [00:11<01:02,  1.95it/s, loss=0.0776]
Ep   7 [train]:  16%|█▌        | 23/145 [00:11<01:02,  1.95it/s, loss=0.0841]
Ep   7 [train]:  17%|█▋        | 24/145 [00:11<00:50,  2.39it/s, loss=0.0841]
Ep   7 [train]:  17%|█▋        | 24/145 [00:12<00:50,  2.39it/s, loss=0.0942]
Ep   7 [train]:  17%|█▋        | 25/145 [00:12<01:01,  1.96it/s, loss=0.0942]
Ep   7 [train]:  17%|█▋        | 25/145 [00:12<01:01,  1.96it/s, loss=0.0884]
Ep   7 [train]:  18%|█▊        | 26/145 [00:12<00:49,  2.41it/s, loss=0.0884]
Ep   7 [train]:  18%|█▊        | 26/145 [00:13<00:49,  2.41it/s, loss=0.0862]
Ep   7 [train]:  19%|█▊        | 27/145 [00:13<01:00,  1.94it/s, loss=0.0862]
Ep   7 [train]:  19%|█▊        | 27/145 [00:13<01:00,  1.94it/s, loss=0.0782]
Ep   7 [train]:  19%|█▉        | 28/145 [00:13<00:48,  2.41it/s, loss=0.0782]
Ep   7 [train]:  19%|█▉        | 28/145 [00:13<00:48,  2.41it/s, loss=0.0990]
Ep   7 [train]:  20%|██        | 29/145 [00:13<00:57,  2.03it/s, loss=0.0990]
Ep   7 [train]:  20%|██        | 29/145 [00:14<00:57,  2.03it/s, loss=0.0768]
Ep   7 [train]:  21%|██        | 30/145 [00:14<00:45,  2.51it/s, loss=0.0768]
Ep   7 [train]:  21%|██        | 30/145 [00:14<00:45,  2.51it/s, loss=0.0906]
Ep   7 [train]:  21%|██▏       | 31/145 [00:14<00:54,  2.10it/s, loss=0.0906]
Ep   7 [train]:  21%|██▏       | 31/145 [00:15<00:54,  2.10it/s, loss=0.0840]
Ep   7 [train]:  22%|██▏       | 32/145 [00:15<00:47,  2.40it/s, loss=0.0840]
Ep   7 [train]:  22%|██▏       | 32/145 [00:15<00:47,  2.40it/s, loss=0.0776]
Ep   7 [train]:  23%|██▎       | 33/145 [00:15<00:53,  2.08it/s, loss=0.0776]
Ep   7 [train]:  23%|██▎       | 33/145 [00:15<00:53,  2.08it/s, loss=0.0841]
Ep   7 [train]:  23%|██▎       | 34/145 [00:15<00:44,  2.52it/s, loss=0.0841]
Ep   7 [train]:  23%|██▎       | 34/145 [00:16<00:44,  2.52it/s, loss=0.0853]
Ep   7 [train]:  24%|██▍       | 35/145 [00:16<00:53,  2.06it/s, loss=0.0853]
Ep   7 [train]:  24%|██▍       | 35/145 [00:16<00:53,  2.06it/s, loss=0.0743]
Ep   7 [train]:  25%|██▍       | 36/145 [00:16<00:43,  2.52it/s, loss=0.0743]
Ep   7 [train]:  25%|██▍       | 36/145 [00:17<00:43,  2.52it/s, loss=0.0773]
Ep   7 [train]:  26%|██▌       | 37/145 [00:17<00:52,  2.06it/s, loss=0.0773]
Ep   7 [train]:  26%|██▌       | 37/145 [00:17<00:52,  2.06it/s, loss=0.0860]
Ep   7 [train]:  26%|██▌       | 38/145 [00:17<00:42,  2.49it/s, loss=0.0860]
Ep   7 [train]:  26%|██▌       | 38/145 [00:18<00:42,  2.49it/s, loss=0.0904]
Ep   7 [train]:  27%|██▋       | 39/145 [00:18<00:53,  1.96it/s, loss=0.0904]
Ep   7 [train]:  27%|██▋       | 39/145 [00:18<00:53,  1.96it/s, loss=0.0775]
Ep   7 [train]:  28%|██▊       | 40/145 [00:18<00:43,  2.39it/s, loss=0.0775]
Ep   7 [train]:  28%|██▊       | 40/145 [00:19<00:43,  2.39it/s, loss=0.0785]
Ep   7 [train]:  28%|██▊       | 41/145 [00:19<00:52,  1.97it/s, loss=0.0785]
Ep   7 [train]:  28%|██▊       | 41/145 [00:19<00:52,  1.97it/s, loss=0.0758]
Ep   7 [train]:  29%|██▉       | 42/145 [00:19<00:42,  2.40it/s, loss=0.0758]
Ep   7 [train]:  29%|██▉       | 42/145 [00:20<00:42,  2.40it/s, loss=0.0753]
Ep   7 [train]:  30%|██▉       | 43/145 [00:20<00:50,  2.02it/s, loss=0.0753]
Ep   7 [train]:  30%|██▉       | 43/145 [00:20<00:50,  2.02it/s, loss=0.0811]
Ep   7 [train]:  30%|███       | 44/145 [00:20<00:40,  2.48it/s, loss=0.0811]
Ep   7 [train]:  30%|███       | 44/145 [00:21<00:40,  2.48it/s, loss=0.0764]
Ep   7 [train]:  31%|███       | 45/145 [00:21<00:49,  2.02it/s, loss=0.0764]
Ep   7 [train]:  31%|███       | 45/145 [00:21<00:49,  2.02it/s, loss=0.0808]
Ep   7 [train]:  32%|███▏      | 46/145 [00:21<00:40,  2.47it/s, loss=0.0808]
Ep   7 [train]:  32%|███▏      | 46/145 [00:22<00:40,  2.47it/s, loss=0.0852]
Ep   7 [train]:  32%|███▏      | 47/145 [00:22<00:50,  1.93it/s, loss=0.0852]
Ep   7 [train]:  32%|███▏      | 47/145 [00:22<00:50,  1.93it/s, loss=0.0753]
Ep   7 [train]:  33%|███▎      | 48/145 [00:22<00:41,  2.34it/s, loss=0.0753]
Ep   7 [train]:  33%|███▎      | 48/145 [00:23<00:41,  2.34it/s, loss=0.0796]
Ep   7 [train]:  34%|███▍      | 49/145 [00:23<00:49,  1.93it/s, loss=0.0796]
Ep   7 [train]:  34%|███▍      | 49/145 [00:23<00:49,  1.93it/s, loss=0.0847]
Ep   7 [train]:  34%|███▍      | 50/145 [00:23<00:39,  2.40it/s, loss=0.0847]
Ep   7 [train]:  34%|███▍      | 50/145 [00:24<00:39,  2.40it/s, loss=0.0834]
Ep   7 [train]:  35%|███▌      | 51/145 [00:24<00:50,  1.87it/s, loss=0.0834]
Ep   7 [train]:  35%|███▌      | 51/145 [00:24<00:50,  1.87it/s, loss=0.0828]
Ep   7 [train]:  36%|███▌      | 52/145 [00:24<00:40,  2.31it/s, loss=0.0828]
Ep   7 [train]:  36%|███▌      | 52/145 [00:25<00:40,  2.31it/s, loss=0.0830]
Ep   7 [train]:  37%|███▋      | 53/145 [00:25<00:48,  1.91it/s, loss=0.0830]
Ep   7 [train]:  37%|███▋      | 53/145 [00:25<00:48,  1.91it/s, loss=0.0822]
Ep   7 [train]:  37%|███▋      | 54/145 [00:25<00:39,  2.31it/s, loss=0.0822]
Ep   7 [train]:  37%|███▋      | 54/145 [00:26<00:39,  2.31it/s, loss=0.0833]
Ep   7 [train]:  38%|███▊      | 55/145 [00:26<00:47,  1.88it/s, loss=0.0833]
Ep   7 [train]:  38%|███▊      | 55/145 [00:26<00:47,  1.88it/s, loss=0.0813]
Ep   7 [train]:  39%|███▊      | 56/145 [00:26<00:38,  2.33it/s, loss=0.0813]
Ep   7 [train]:  39%|███▊      | 56/145 [00:26<00:38,  2.33it/s, loss=0.0756]
Ep   7 [train]:  39%|███▉      | 57/145 [00:26<00:46,  1.90it/s, loss=0.0756]
Ep   7 [train]:  39%|███▉      | 57/145 [00:27<00:46,  1.90it/s, loss=0.0771]
Ep   7 [train]:  40%|████      | 58/145 [00:27<00:37,  2.34it/s, loss=0.0771]
Ep   7 [train]:  40%|████      | 58/145 [00:27<00:37,  2.34it/s, loss=0.0807]
Ep   7 [train]:  41%|████      | 59/145 [00:27<00:45,  1.89it/s, loss=0.0807]
Ep   7 [train]:  41%|████      | 59/145 [00:28<00:45,  1.89it/s, loss=0.0811]
Ep   7 [train]:  41%|████▏     | 60/145 [00:28<00:36,  2.35it/s, loss=0.0811]
Ep   7 [train]:  41%|████▏     | 60/145 [00:28<00:36,  2.35it/s, loss=0.0764]
Ep   7 [train]:  42%|████▏     | 61/145 [00:28<00:44,  1.90it/s, loss=0.0764]
Ep   7 [train]:  42%|████▏     | 61/145 [00:29<00:44,  1.90it/s, loss=0.0887]
Ep   7 [train]:  43%|████▎     | 62/145 [00:29<00:35,  2.32it/s, loss=0.0887]
Ep   7 [train]:  43%|████▎     | 62/145 [00:29<00:35,  2.32it/s, loss=0.0748]
Ep   7 [train]:  43%|████▎     | 63/145 [00:29<00:45,  1.81it/s, loss=0.0748]
Ep   7 [train]:  43%|████▎     | 63/145 [00:30<00:45,  1.81it/s, loss=0.0782]
Ep   7 [train]:  44%|████▍     | 64/145 [00:30<00:35,  2.26it/s, loss=0.0782]
Ep   7 [train]:  44%|████▍     | 64/145 [00:30<00:35,  2.26it/s, loss=0.0815]
Ep   7 [train]:  45%|████▍     | 65/145 [00:30<00:42,  1.89it/s, loss=0.0815]
Ep   7 [train]:  45%|████▍     | 65/145 [00:30<00:42,  1.89it/s, loss=0.0754]
Ep   7 [train]:  46%|████▌     | 66/145 [00:30<00:33,  2.36it/s, loss=0.0754]
Ep   7 [train]:  46%|████▌     | 66/145 [00:31<00:33,  2.36it/s, loss=0.0769]
Ep   7 [train]:  46%|████▌     | 67/145 [00:31<00:41,  1.90it/s, loss=0.0769]
Ep   7 [train]:  46%|████▌     | 67/145 [00:31<00:41,  1.90it/s, loss=0.0800]
Ep   7 [train]:  47%|████▋     | 68/145 [00:31<00:32,  2.36it/s, loss=0.0800]
Ep   7 [train]:  47%|████▋     | 68/145 [00:32<00:32,  2.36it/s, loss=0.0787]
Ep   7 [train]:  48%|████▊     | 69/145 [00:32<00:39,  1.91it/s, loss=0.0787]
Ep   7 [train]:  48%|████▊     | 69/145 [00:32<00:39,  1.91it/s, loss=0.0727]
Ep   7 [train]:  48%|████▊     | 70/145 [00:32<00:31,  2.35it/s, loss=0.0727]
Ep   7 [train]:  48%|████▊     | 70/145 [00:33<00:31,  2.35it/s, loss=0.0781]
Ep   7 [train]:  49%|████▉     | 71/145 [00:33<00:39,  1.88it/s, loss=0.0781]
Ep   7 [train]:  49%|████▉     | 71/145 [00:33<00:39,  1.88it/s, loss=0.1000]
Ep   7 [train]:  50%|████▉     | 72/145 [00:33<00:31,  2.35it/s, loss=0.1000]
Ep   7 [train]:  50%|████▉     | 72/145 [00:34<00:31,  2.35it/s, loss=0.0804]
Ep   7 [train]:  50%|█████     | 73/145 [00:34<00:36,  1.95it/s, loss=0.0804]
Ep   7 [train]:  50%|█████     | 73/145 [00:34<00:36,  1.95it/s, loss=0.0769]
Ep   7 [train]:  51%|█████     | 74/145 [00:34<00:29,  2.43it/s, loss=0.0769]
Ep   7 [train]:  51%|█████     | 74/145 [00:35<00:29,  2.43it/s, loss=0.0847]
Ep   7 [train]:  52%|█████▏    | 75/145 [00:35<00:37,  1.89it/s, loss=0.0847]
Ep   7 [train]:  52%|█████▏    | 75/145 [00:35<00:37,  1.89it/s, loss=0.0771]
Ep   7 [train]:  52%|█████▏    | 76/145 [00:35<00:29,  2.35it/s, loss=0.0771]
Ep   7 [train]:  52%|█████▏    | 76/145 [00:36<00:29,  2.35it/s, loss=0.0835]
Ep   7 [train]:  53%|█████▎    | 77/145 [00:36<00:33,  2.06it/s, loss=0.0835]
Ep   7 [train]:  53%|█████▎    | 77/145 [00:36<00:33,  2.06it/s, loss=0.0809]
Ep   7 [train]:  54%|█████▍    | 78/145 [00:36<00:27,  2.46it/s, loss=0.0809]
Ep   7 [train]:  54%|█████▍    | 78/145 [00:37<00:27,  2.46it/s, loss=0.0826]
Ep   7 [train]:  54%|█████▍    | 79/145 [00:37<00:31,  2.07it/s, loss=0.0826]
Ep   7 [train]:  54%|█████▍    | 79/145 [00:37<00:31,  2.07it/s, loss=0.0803]
Ep   7 [train]:  55%|█████▌    | 80/145 [00:37<00:25,  2.54it/s, loss=0.0803]
Ep   7 [train]:  55%|█████▌    | 80/145 [00:38<00:25,  2.54it/s, loss=0.0846]
Ep   7 [train]:  56%|█████▌    | 81/145 [00:38<00:31,  2.01it/s, loss=0.0846]
Ep   7 [train]:  56%|█████▌    | 81/145 [00:38<00:31,  2.01it/s, loss=0.0838]
Ep   7 [train]:  57%|█████▋    | 82/145 [00:38<00:25,  2.47it/s, loss=0.0838]
Ep   7 [train]:  57%|█████▋    | 82/145 [00:39<00:25,  2.47it/s, loss=0.0884]
Ep   7 [train]:  57%|█████▋    | 83/145 [00:39<00:31,  1.96it/s, loss=0.0884]
Ep   7 [train]:  57%|█████▋    | 83/145 [00:39<00:31,  1.96it/s, loss=0.0889]
Ep   7 [train]:  58%|█████▊    | 84/145 [00:39<00:25,  2.43it/s, loss=0.0889]
Ep   7 [train]:  58%|█████▊    | 84/145 [00:40<00:25,  2.43it/s, loss=0.0811]
Ep   7 [train]:  59%|█████▊    | 85/145 [00:40<00:30,  1.98it/s, loss=0.0811]
Ep   7 [train]:  59%|█████▊    | 85/145 [00:40<00:30,  1.98it/s, loss=0.0770]
Ep   7 [train]:  59%|█████▉    | 86/145 [00:40<00:24,  2.40it/s, loss=0.0770]
Ep   7 [train]:  59%|█████▉    | 86/145 [00:40<00:24,  2.40it/s, loss=0.0804]
Ep   7 [train]:  60%|██████    | 87/145 [00:40<00:29,  1.98it/s, loss=0.0804]
Ep   7 [train]:  60%|██████    | 87/145 [00:41<00:29,  1.98it/s, loss=0.0879]
Ep   7 [train]:  61%|██████    | 88/145 [00:41<00:23,  2.44it/s, loss=0.0879]
Ep   7 [train]:  61%|██████    | 88/145 [00:41<00:23,  2.44it/s, loss=0.0851]
Ep   7 [train]:  61%|██████▏   | 89/145 [00:41<00:27,  2.01it/s, loss=0.0851]
Ep   7 [train]:  61%|██████▏   | 89/145 [00:42<00:27,  2.01it/s, loss=0.0748]
Ep   7 [train]:  62%|██████▏   | 90/145 [00:42<00:22,  2.40it/s, loss=0.0748]
Ep   7 [train]:  62%|██████▏   | 90/145 [00:42<00:22,  2.40it/s, loss=0.0841]
Ep   7 [train]:  63%|██████▎   | 91/145 [00:42<00:27,  1.94it/s, loss=0.0841]
Ep   7 [train]:  63%|██████▎   | 91/145 [00:42<00:27,  1.94it/s, loss=0.0827]
Ep   7 [train]:  63%|██████▎   | 92/145 [00:42<00:22,  2.40it/s, loss=0.0827]
Ep   7 [train]:  63%|██████▎   | 92/145 [00:43<00:22,  2.40it/s, loss=0.0771]
Ep   7 [train]:  64%|██████▍   | 93/145 [00:43<00:28,  1.82it/s, loss=0.0771]
Ep   7 [train]:  64%|██████▍   | 93/145 [00:44<00:28,  1.82it/s, loss=0.0888]
Ep   7 [train]:  65%|██████▍   | 94/145 [00:44<00:23,  2.22it/s, loss=0.0888]
Ep   7 [train]:  65%|██████▍   | 94/145 [00:44<00:23,  2.22it/s, loss=0.0922]
Ep   7 [train]:  66%|██████▌   | 95/145 [00:44<00:27,  1.84it/s, loss=0.0922]
Ep   7 [train]:  66%|██████▌   | 95/145 [00:45<00:27,  1.84it/s, loss=0.0773]
Ep   7 [train]:  66%|██████▌   | 96/145 [00:45<00:21,  2.30it/s, loss=0.0773]
Ep   7 [train]:  66%|██████▌   | 96/145 [00:45<00:21,  2.30it/s, loss=0.0720]
Ep   7 [train]:  67%|██████▋   | 97/145 [00:45<00:25,  1.87it/s, loss=0.0720]
Ep   7 [train]:  67%|██████▋   | 97/145 [00:45<00:25,  1.87it/s, loss=0.0890]
Ep   7 [train]:  68%|██████▊   | 98/145 [00:45<00:20,  2.33it/s, loss=0.0890]
Ep   7 [train]:  68%|██████▊   | 98/145 [00:46<00:20,  2.33it/s, loss=0.0935]
Ep   7 [train]:  68%|██████▊   | 99/145 [00:46<00:24,  1.89it/s, loss=0.0935]
Ep   7 [train]:  68%|██████▊   | 99/145 [00:46<00:24,  1.89it/s, loss=0.0788]
Ep   7 [train]:  69%|██████▉   | 100/145 [00:46<00:19,  2.35it/s, loss=0.0788]
Ep   7 [train]:  69%|██████▉   | 100/145 [00:47<00:19,  2.35it/s, loss=0.0830]
Ep   7 [train]:  70%|██████▉   | 101/145 [00:47<00:23,  1.90it/s, loss=0.0830]
Ep   7 [train]:  70%|██████▉   | 101/145 [00:47<00:23,  1.90it/s, loss=0.0836]
Ep   7 [train]:  70%|███████   | 102/145 [00:47<00:18,  2.38it/s, loss=0.0836]
Ep   7 [train]:  70%|███████   | 102/145 [00:48<00:18,  2.38it/s, loss=0.0874]
Ep   7 [train]:  71%|███████   | 103/145 [00:48<00:21,  1.95it/s, loss=0.0874]
Ep   7 [train]:  71%|███████   | 103/145 [00:48<00:21,  1.95it/s, loss=0.0737]
Ep   7 [train]:  72%|███████▏  | 104/145 [00:48<00:17,  2.41it/s, loss=0.0737]
Ep   7 [train]:  72%|███████▏  | 104/145 [00:49<00:17,  2.41it/s, loss=0.0833]
Ep   7 [train]:  72%|███████▏  | 105/145 [00:49<00:20,  1.98it/s, loss=0.0833]
Ep   7 [train]:  72%|███████▏  | 105/145 [00:49<00:20,  1.98it/s, loss=0.0888]
Ep   7 [train]:  73%|███████▎  | 106/145 [00:49<00:16,  2.41it/s, loss=0.0888]
Ep   7 [train]:  73%|███████▎  | 106/145 [00:50<00:16,  2.41it/s, loss=0.0726]
Ep   7 [train]:  74%|███████▍  | 107/145 [00:50<00:19,  1.95it/s, loss=0.0726]
Ep   7 [train]:  74%|███████▍  | 107/145 [00:50<00:19,  1.95it/s, loss=0.0842]
Ep   7 [train]:  74%|███████▍  | 108/145 [00:50<00:15,  2.36it/s, loss=0.0842]
Ep   7 [train]:  74%|███████▍  | 108/145 [00:51<00:15,  2.36it/s, loss=0.0784]
Ep   7 [train]:  75%|███████▌  | 109/145 [00:51<00:19,  1.88it/s, loss=0.0784]
Ep   7 [train]:  75%|███████▌  | 109/145 [00:51<00:19,  1.88it/s, loss=0.1005]
Ep   7 [train]:  76%|███████▌  | 110/145 [00:51<00:15,  2.32it/s, loss=0.1005]
Ep   7 [train]:  76%|███████▌  | 110/145 [00:52<00:15,  2.32it/s, loss=0.0853]
Ep   7 [train]:  77%|███████▋  | 111/145 [00:52<00:18,  1.89it/s, loss=0.0853]
Ep   7 [train]:  77%|███████▋  | 111/145 [00:52<00:18,  1.89it/s, loss=0.0826]
Ep   7 [train]:  77%|███████▋  | 112/145 [00:52<00:14,  2.32it/s, loss=0.0826]
Ep   7 [train]:  77%|███████▋  | 112/145 [00:53<00:14,  2.32it/s, loss=0.0810]
Ep   7 [train]:  78%|███████▊  | 113/145 [00:53<00:16,  1.97it/s, loss=0.0810]
Ep   7 [train]:  78%|███████▊  | 113/145 [00:53<00:16,  1.97it/s, loss=0.0797]
Ep   7 [train]:  79%|███████▊  | 114/145 [00:53<00:13,  2.36it/s, loss=0.0797]
Ep   7 [train]:  79%|███████▊  | 114/145 [00:54<00:13,  2.36it/s, loss=0.0879]
Ep   7 [train]:  79%|███████▉  | 115/145 [00:54<00:15,  1.92it/s, loss=0.0879]
Ep   7 [train]:  79%|███████▉  | 115/145 [00:54<00:15,  1.92it/s, loss=0.0758]
Ep   7 [train]:  80%|████████  | 116/145 [00:54<00:12,  2.39it/s, loss=0.0758]
Ep   7 [train]:  80%|████████  | 116/145 [00:55<00:12,  2.39it/s, loss=0.0867]
Ep   7 [train]:  81%|████████  | 117/145 [00:55<00:14,  1.93it/s, loss=0.0867]
Ep   7 [train]:  81%|████████  | 117/145 [00:55<00:14,  1.93it/s, loss=0.0787]
Ep   7 [train]:  81%|████████▏ | 118/145 [00:55<00:11,  2.39it/s, loss=0.0787]
Ep   7 [train]:  81%|████████▏ | 118/145 [00:56<00:11,  2.39it/s, loss=0.0775]
Ep   7 [train]:  82%|████████▏ | 119/145 [00:56<00:13,  1.94it/s, loss=0.0775]
Ep   7 [train]:  82%|████████▏ | 119/145 [00:56<00:13,  1.94it/s, loss=0.0776]
Ep   7 [train]:  83%|████████▎ | 120/145 [00:56<00:10,  2.38it/s, loss=0.0776]
Ep   7 [train]:  83%|████████▎ | 120/145 [00:57<00:10,  2.38it/s, loss=0.0751]
Ep   7 [train]:  83%|████████▎ | 121/145 [00:57<00:12,  1.91it/s, loss=0.0751]
Ep   7 [train]:  83%|████████▎ | 121/145 [00:57<00:12,  1.91it/s, loss=0.0773]
Ep   7 [train]:  84%|████████▍ | 122/145 [00:57<00:09,  2.37it/s, loss=0.0773]
Ep   7 [train]:  84%|████████▍ | 122/145 [00:58<00:09,  2.37it/s, loss=0.0778]
Ep   7 [train]:  85%|████████▍ | 123/145 [00:58<00:11,  1.86it/s, loss=0.0778]
Ep   7 [train]:  85%|████████▍ | 123/145 [00:58<00:11,  1.86it/s, loss=0.0802]
Ep   7 [train]:  86%|████████▌ | 124/145 [00:58<00:09,  2.31it/s, loss=0.0802]
Ep   7 [train]:  86%|████████▌ | 124/145 [00:58<00:09,  2.31it/s, loss=0.0748]
Ep   7 [train]:  86%|████████▌ | 125/145 [00:58<00:10,  1.90it/s, loss=0.0748]
Ep   7 [train]:  86%|████████▌ | 125/145 [00:59<00:10,  1.90it/s, loss=0.0785]
Ep   7 [train]:  87%|████████▋ | 126/145 [00:59<00:08,  2.36it/s, loss=0.0785]
Ep   7 [train]:  87%|████████▋ | 126/145 [00:59<00:08,  2.36it/s, loss=0.0891]
Ep   7 [train]:  88%|████████▊ | 127/145 [00:59<00:09,  1.84it/s, loss=0.0891]
Ep   7 [train]:  88%|████████▊ | 127/145 [01:00<00:09,  1.84it/s, loss=0.0909]
Ep   7 [train]:  88%|████████▊ | 128/145 [01:00<00:07,  2.26it/s, loss=0.0909]
Ep   7 [train]:  88%|████████▊ | 128/145 [01:00<00:07,  2.26it/s, loss=0.0778]
Ep   7 [train]:  89%|████████▉ | 129/145 [01:00<00:08,  1.98it/s, loss=0.0778]
Ep   7 [train]:  89%|████████▉ | 129/145 [01:01<00:08,  1.98it/s, loss=0.0781]
Ep   7 [train]:  90%|████████▉ | 130/145 [01:01<00:06,  2.46it/s, loss=0.0781]
Ep   7 [train]:  90%|████████▉ | 130/145 [01:01<00:06,  2.46it/s, loss=0.0800]
Ep   7 [train]:  90%|█████████ | 131/145 [01:01<00:06,  2.15it/s, loss=0.0800]
Ep   7 [train]:  90%|█████████ | 131/145 [01:01<00:06,  2.15it/s, loss=0.0848]
Ep   7 [train]:  91%|█████████ | 132/145 [01:01<00:04,  2.60it/s, loss=0.0848]
Ep   7 [train]:  91%|█████████ | 132/145 [01:02<00:04,  2.60it/s, loss=0.0746]
Ep   7 [train]:  92%|█████████▏| 133/145 [01:02<00:05,  2.29it/s, loss=0.0746]
Ep   7 [train]:  92%|█████████▏| 133/145 [01:02<00:05,  2.29it/s, loss=0.0813]
Ep   7 [train]:  92%|█████████▏| 134/145 [01:02<00:04,  2.69it/s, loss=0.0813]
Ep   7 [train]:  92%|█████████▏| 134/145 [01:03<00:04,  2.69it/s, loss=0.0878]
Ep   7 [train]:  93%|█████████▎| 135/145 [01:03<00:04,  2.31it/s, loss=0.0878]
Ep   7 [train]:  93%|█████████▎| 135/145 [01:03<00:04,  2.31it/s, loss=0.0773]
Ep   7 [train]:  94%|█████████▍| 136/145 [01:03<00:03,  2.75it/s, loss=0.0773]
Ep   7 [train]:  94%|█████████▍| 136/145 [01:04<00:03,  2.75it/s, loss=0.0739]
Ep   7 [train]:  94%|█████████▍| 137/145 [01:04<00:03,  2.19it/s, loss=0.0739]
Ep   7 [train]:  94%|█████████▍| 137/145 [01:04<00:03,  2.19it/s, loss=0.0801]
Ep   7 [train]:  95%|█████████▌| 138/145 [01:04<00:02,  2.54it/s, loss=0.0801]
Ep   7 [train]:  95%|█████████▌| 138/145 [01:04<00:02,  2.54it/s, loss=0.0823]
Ep   7 [train]:  96%|█████████▌| 139/145 [01:04<00:02,  2.08it/s, loss=0.0823]
Ep   7 [train]:  96%|█████████▌| 139/145 [01:05<00:02,  2.08it/s, loss=0.0814]
Ep   7 [train]:  97%|█████████▋| 140/145 [01:05<00:01,  2.56it/s, loss=0.0814]
Ep   7 [train]:  97%|█████████▋| 140/145 [01:05<00:01,  2.56it/s, loss=0.0816]
Ep   7 [train]:  97%|█████████▋| 141/145 [01:05<00:01,  2.05it/s, loss=0.0816]
Ep   7 [train]:  97%|█████████▋| 141/145 [01:06<00:01,  2.05it/s, loss=0.0796]
Ep   7 [train]:  98%|█████████▊| 142/145 [01:06<00:01,  2.53it/s, loss=0.0796]
Ep   7 [train]:  98%|█████████▊| 142/145 [01:06<00:01,  2.53it/s, loss=0.0767]
Ep   7 [train]:  99%|█████████▊| 143/145 [01:06<00:00,  2.04it/s, loss=0.0767]
Ep   7 [train]:  99%|█████████▊| 143/145 [01:06<00:00,  2.04it/s, loss=0.0772]
Ep   7 [train]:  99%|█████████▉| 144/145 [01:06<00:00,  2.51it/s, loss=0.0772]
Ep   7 [train]:  99%|█████████▉| 144/145 [01:07<00:00,  2.51it/s, loss=0.0781]
Ep   7 [train]: 100%|██████████| 145/145 [01:07<00:00,  2.15it/s, loss=0.0781]
                                                                              
  Ep   7 [train]  loss=0.0820  rmse_c=0.2406  mae_c=0.2165  r2_c=0.005  rmse_h=0.3278  mae_h=0.2459  r2_h=0.378  sup=0.320

Ep   7 [val  ]:   0%|          | 0/39 [00:00<?, ?it/s]
Ep   7 [val  ]:   0%|          | 0/39 [00:00<?, ?it/s, loss=0.1057]
Ep   7 [val  ]:   3%|▎         | 1/39 [00:00<00:37,  1.01it/s, loss=0.1057]
Ep   7 [val  ]:   3%|▎         | 1/39 [00:01<00:37,  1.01it/s, loss=0.0997]
Ep   7 [val  ]:   3%|▎         | 1/39 [00:01<00:37,  1.01it/s, loss=0.0922]
Ep   7 [val  ]:   8%|▊         | 3/39 [00:01<00:19,  1.88it/s, loss=0.0922]
Ep   7 [val  ]:   8%|▊         | 3/39 [00:01<00:19,  1.88it/s, loss=0.0825]
Ep   7 [val  ]:  10%|█         | 4/39 [00:01<00:15,  2.32it/s, loss=0.0825]
Ep   7 [val  ]:  10%|█         | 4/39 [00:02<00:15,  2.32it/s, loss=0.0854]
Ep   7 [val  ]:  13%|█▎        | 5/39 [00:02<00:15,  2.20it/s, loss=0.0854]
Ep   7 [val  ]:  13%|█▎        | 5/39 [00:02<00:15,  2.20it/s, loss=0.1088]
Ep   7 [val  ]:  15%|█▌        | 6/39 [00:02<00:13,  2.37it/s, loss=0.1088]
Ep   7 [val  ]:  15%|█▌        | 6/39 [00:03<00:13,  2.37it/s, loss=0.0849]
Ep   7 [val  ]:  18%|█▊        | 7/39 [00:03<00:13,  2.41it/s, loss=0.0849]
Ep   7 [val  ]:  18%|█▊        | 7/39 [00:03<00:13,  2.41it/s, loss=0.0791]
Ep   7 [val  ]:  21%|██        | 8/39 [00:03<00:13,  2.32it/s, loss=0.0791]
Ep   7 [val  ]:  21%|██        | 8/39 [00:03<00:13,  2.32it/s, loss=0.0835]
Ep   7 [val  ]:  23%|██▎       | 9/39 [00:03<00:11,  2.65it/s, loss=0.0835]
Ep   7 [val  ]:  23%|██▎       | 9/39 [00:04<00:11,  2.65it/s, loss=0.0742]
Ep   7 [val  ]:  26%|██▌       | 10/39 [00:04<00:13,  2.18it/s, loss=0.0742]
Ep   7 [val  ]:  26%|██▌       | 10/39 [00:04<00:13,  2.18it/s, loss=0.0778]
Ep   7 [val  ]:  26%|██▌       | 10/39 [00:05<00:13,  2.18it/s, loss=0.0792]
Ep   7 [val  ]:  31%|███       | 12/39 [00:05<00:12,  2.18it/s, loss=0.0792]
Ep   7 [val  ]:  31%|███       | 12/39 [00:05<00:12,  2.18it/s, loss=0.0803]
Ep   7 [val  ]:  31%|███       | 12/39 [00:06<00:12,  2.18it/s, loss=0.0905]
Ep   7 [val  ]:  36%|███▌      | 14/39 [00:06<00:10,  2.28it/s, loss=0.0905]
Ep   7 [val  ]:  36%|███▌      | 14/39 [00:06<00:10,  2.28it/s, loss=0.1017]
Ep   7 [val  ]:  36%|███▌      | 14/39 [00:07<00:10,  2.28it/s, loss=0.1049]
Ep   7 [val  ]:  41%|████      | 16/39 [00:07<00:10,  2.28it/s, loss=0.1049]
Ep   7 [val  ]:  41%|████      | 16/39 [00:07<00:10,  2.28it/s, loss=0.1006]
Ep   7 [val  ]:  41%|████      | 16/39 [00:08<00:10,  2.28it/s, loss=0.0974]
Ep   7 [val  ]:  46%|████▌     | 18/39 [00:08<00:08,  2.34it/s, loss=0.0974]
Ep   7 [val  ]:  46%|████▌     | 18/39 [00:08<00:08,  2.34it/s, loss=0.0892]
Ep   7 [val  ]:  46%|████▌     | 18/39 [00:08<00:08,  2.34it/s, loss=0.0772]
Ep   7 [val  ]:  51%|█████▏    | 20/39 [00:08<00:08,  2.31it/s, loss=0.0772]
Ep   7 [val  ]:  51%|█████▏    | 20/39 [00:09<00:08,  2.31it/s, loss=0.0685]
Ep   7 [val  ]:  54%|█████▍    | 21/39 [00:09<00:06,  2.71it/s, loss=0.0685]
Ep   7 [val  ]:  54%|█████▍    | 21/39 [00:09<00:06,  2.71it/s, loss=0.0704]
Ep   7 [val  ]:  56%|█████▋    | 22/39 [00:09<00:08,  2.12it/s, loss=0.0704]
Ep   7 [val  ]:  56%|█████▋    | 22/39 [00:09<00:08,  2.12it/s, loss=0.0641]
Ep   7 [val  ]:  56%|█████▋    | 22/39 [00:10<00:08,  2.12it/s, loss=0.0674]
Ep   7 [val  ]:  62%|██████▏   | 24/39 [00:10<00:07,  2.09it/s, loss=0.0674]
Ep   7 [val  ]:  62%|██████▏   | 24/39 [00:10<00:07,  2.09it/s, loss=0.0680]
Ep   7 [val  ]:  62%|██████▏   | 24/39 [00:11<00:07,  2.09it/s, loss=0.0776]
Ep   7 [val  ]:  67%|██████▋   | 26/39 [00:11<00:06,  2.14it/s, loss=0.0776]
Ep   7 [val  ]:  67%|██████▋   | 26/39 [00:11<00:06,  2.14it/s, loss=0.1124]
Ep   7 [val  ]:  67%|██████▋   | 26/39 [00:12<00:06,  2.14it/s, loss=0.1318]
Ep   7 [val  ]:  72%|███████▏  | 28/39 [00:12<00:04,  2.30it/s, loss=0.1318]
Ep   7 [val  ]:  72%|███████▏  | 28/39 [00:12<00:04,  2.30it/s, loss=0.1023]
Ep   7 [val  ]:  72%|███████▏  | 28/39 [00:13<00:04,  2.30it/s, loss=0.0901]
Ep   7 [val  ]:  77%|███████▋  | 30/39 [00:13<00:03,  2.42it/s, loss=0.0901]
Ep   7 [val  ]:  77%|███████▋  | 30/39 [00:13<00:03,  2.42it/s, loss=0.0817]
Ep   7 [val  ]:  77%|███████▋  | 30/39 [00:13<00:03,  2.42it/s, loss=0.0776]
Ep   7 [val  ]:  82%|████████▏ | 32/39 [00:13<00:02,  2.49it/s, loss=0.0776]
Ep   7 [val  ]:  82%|████████▏ | 32/39 [00:14<00:02,  2.49it/s, loss=0.0848]
Ep   7 [val  ]:  82%|████████▏ | 32/39 [00:14<00:02,  2.49it/s, loss=0.0772]
Ep   7 [val  ]:  87%|████████▋ | 34/39 [00:14<00:02,  2.46it/s, loss=0.0772]
Ep   7 [val  ]:  87%|████████▋ | 34/39 [00:14<00:02,  2.46it/s, loss=0.0772]
Ep   7 [val  ]:  87%|████████▋ | 34/39 [00:15<00:02,  2.46it/s, loss=0.0746]
Ep   7 [val  ]:  92%|█████████▏| 36/39 [00:15<00:01,  2.46it/s, loss=0.0746]
Ep   7 [val  ]:  92%|█████████▏| 36/39 [00:15<00:01,  2.46it/s, loss=0.0742]
Ep   7 [val  ]:  92%|█████████▏| 36/39 [00:16<00:01,  2.46it/s, loss=0.0651]
Ep   7 [val  ]:  97%|█████████▋| 38/39 [00:16<00:00,  2.50it/s, loss=0.0651]
Ep   7 [val  ]:  97%|█████████▋| 38/39 [00:16<00:00,  2.50it/s, loss=0.0768]
                                                                            
  Ep   7 [val  ]  loss=0.0856  rmse_c=0.2501  mae_c=0.2197  r2_c=-0.027  rmse_h=0.3404  mae_h=0.2417  r2_h=0.278  sup=0.308

Ep   8 [train]:   0%|          | 0/145 [00:00<?, ?it/s]
Ep   8 [train]:   0%|          | 0/145 [00:01<?, ?it/s, loss=0.0779]
Ep   8 [train]:   1%|          | 1/145 [00:01<03:01,  1.26s/it, loss=0.0779]
Ep   8 [train]:   1%|          | 1/145 [00:01<03:01,  1.26s/it, loss=0.0938]
Ep   8 [train]:   1%|▏         | 2/145 [00:01<01:29,  1.60it/s, loss=0.0938]
Ep   8 [train]:   1%|▏         | 2/145 [00:02<01:29,  1.60it/s, loss=0.0863]
Ep   8 [train]:   2%|▏         | 3/145 [00:02<01:34,  1.51it/s, loss=0.0863]
Ep   8 [train]:   2%|▏         | 3/145 [00:02<01:34,  1.51it/s, loss=0.0792]
Ep   8 [train]:   3%|▎         | 4/145 [00:02<01:07,  2.10it/s, loss=0.0792]
Ep   8 [train]:   3%|▎         | 4/145 [00:03<01:07,  2.10it/s, loss=0.0824]
Ep   8 [train]:   3%|▎         | 5/145 [00:03<01:18,  1.78it/s, loss=0.0824]
Ep   8 [train]:   3%|▎         | 5/145 [00:03<01:18,  1.78it/s, loss=0.0761]
Ep   8 [train]:   4%|▍         | 6/145 [00:03<01:01,  2.27it/s, loss=0.0761]
Ep   8 [train]:   4%|▍         | 6/145 [00:04<01:01,  2.27it/s, loss=0.0956]
Ep   8 [train]:   5%|▍         | 7/145 [00:04<01:18,  1.76it/s, loss=0.0956]
Ep   8 [train]:   5%|▍         | 7/145 [00:04<01:18,  1.76it/s, loss=0.0935]
Ep   8 [train]:   6%|▌         | 8/145 [00:04<01:00,  2.27it/s, loss=0.0935]
Ep   8 [train]:   6%|▌         | 8/145 [00:04<01:00,  2.27it/s, loss=0.0797]
Ep   8 [train]:   6%|▌         | 9/145 [00:04<01:12,  1.87it/s, loss=0.0797]
Ep   8 [train]:   6%|▌         | 9/145 [00:05<01:12,  1.87it/s, loss=0.0956]
Ep   8 [train]:   7%|▋         | 10/145 [00:05<00:57,  2.35it/s, loss=0.0956]
Ep   8 [train]:   7%|▋         | 10/145 [00:05<00:57,  2.35it/s, loss=0.0814]
Ep   8 [train]:   8%|▊         | 11/145 [00:05<01:10,  1.90it/s, loss=0.0814]
Ep   8 [train]:   8%|▊         | 11/145 [00:06<01:10,  1.90it/s, loss=0.0795]
Ep   8 [train]:   8%|▊         | 12/145 [00:06<00:56,  2.36it/s, loss=0.0795]
Ep   8 [train]:   8%|▊         | 12/145 [00:06<00:56,  2.36it/s, loss=0.0852]
Ep   8 [train]:   9%|▉         | 13/145 [00:06<01:08,  1.93it/s, loss=0.0852]
Ep   8 [train]:   9%|▉         | 13/145 [00:07<01:08,  1.93it/s, loss=0.0775]
Ep   8 [train]:  10%|▉         | 14/145 [00:07<00:55,  2.38it/s, loss=0.0775]
Ep   8 [train]:  10%|▉         | 14/145 [00:07<00:55,  2.38it/s, loss=0.0818]
Ep   8 [train]:  10%|█         | 15/145 [00:07<01:03,  2.04it/s, loss=0.0818]
Ep   8 [train]:  10%|█         | 15/145 [00:07<01:03,  2.04it/s, loss=0.0776]
Ep   8 [train]:  11%|█         | 16/145 [00:07<00:52,  2.47it/s, loss=0.0776]
Ep   8 [train]:  11%|█         | 16/145 [00:08<00:52,  2.47it/s, loss=0.0819]
Ep   8 [train]:  12%|█▏        | 17/145 [00:08<01:06,  1.93it/s, loss=0.0819]
Ep   8 [train]:  12%|█▏        | 17/145 [00:08<01:06,  1.93it/s, loss=0.0942]
Ep   8 [train]:  12%|█▏        | 18/145 [00:08<00:53,  2.36it/s, loss=0.0942]
Ep   8 [train]:  12%|█▏        | 18/145 [00:09<00:53,  2.36it/s, loss=0.0893]
Ep   8 [train]:  13%|█▎        | 19/145 [00:09<01:04,  1.94it/s, loss=0.0893]
Ep   8 [train]:  13%|█▎        | 19/145 [00:09<01:04,  1.94it/s, loss=0.0802]
Ep   8 [train]:  14%|█▍        | 20/145 [00:09<00:51,  2.41it/s, loss=0.0802]
Ep   8 [train]:  14%|█▍        | 20/145 [00:10<00:51,  2.41it/s, loss=0.0880]
Ep   8 [train]:  14%|█▍        | 21/145 [00:10<01:02,  1.97it/s, loss=0.0880]
Ep   8 [train]:  14%|█▍        | 21/145 [00:10<01:02,  1.97it/s, loss=0.0747]
Ep   8 [train]:  15%|█▌        | 22/145 [00:10<00:51,  2.39it/s, loss=0.0747]
Ep   8 [train]:  15%|█▌        | 22/145 [00:11<00:51,  2.39it/s, loss=0.0782]
Ep   8 [train]:  16%|█▌        | 23/145 [00:11<01:02,  1.96it/s, loss=0.0782]
Ep   8 [train]:  16%|█▌        | 23/145 [00:11<01:02,  1.96it/s, loss=0.0813]
Ep   8 [train]:  17%|█▋        | 24/145 [00:11<00:49,  2.44it/s, loss=0.0813]
Ep   8 [train]:  17%|█▋        | 24/145 [00:12<00:49,  2.44it/s, loss=0.0833]
Ep   8 [train]:  17%|█▋        | 25/145 [00:12<00:59,  2.03it/s, loss=0.0833]
Ep   8 [train]:  17%|█▋        | 25/145 [00:12<00:59,  2.03it/s, loss=0.0833]
Ep   8 [train]:  18%|█▊        | 26/145 [00:12<00:47,  2.51it/s, loss=0.0833]
Ep   8 [train]:  18%|█▊        | 26/145 [00:13<00:47,  2.51it/s, loss=0.0955]
Ep   8 [train]:  19%|█▊        | 27/145 [00:13<00:59,  1.97it/s, loss=0.0955]
Ep   8 [train]:  19%|█▊        | 27/145 [00:13<00:59,  1.97it/s, loss=0.0880]
Ep   8 [train]:  19%|█▉        | 28/145 [00:13<00:47,  2.45it/s, loss=0.0880]
Ep   8 [train]:  19%|█▉        | 28/145 [00:14<00:47,  2.45it/s, loss=0.0745]
Ep   8 [train]:  20%|██        | 29/145 [00:14<00:59,  1.96it/s, loss=0.0745]
Ep   8 [train]:  20%|██        | 29/145 [00:14<00:59,  1.96it/s, loss=0.0746]
Ep   8 [train]:  21%|██        | 30/145 [00:14<00:47,  2.44it/s, loss=0.0746]
Ep   8 [train]:  21%|██        | 30/145 [00:15<00:47,  2.44it/s, loss=0.0848]
Ep   8 [train]:  21%|██▏       | 31/145 [00:15<00:58,  1.95it/s, loss=0.0848]
Ep   8 [train]:  21%|██▏       | 31/145 [00:15<00:58,  1.95it/s, loss=0.0765]
Ep   8 [train]:  22%|██▏       | 32/145 [00:15<00:48,  2.35it/s, loss=0.0765]
Ep   8 [train]:  22%|██▏       | 32/145 [00:16<00:48,  2.35it/s, loss=0.0815]
Ep   8 [train]:  23%|██▎       | 33/145 [00:16<00:56,  1.99it/s, loss=0.0815]
Ep   8 [train]:  23%|██▎       | 33/145 [00:16<00:56,  1.99it/s, loss=0.0828]
Ep   8 [train]:  23%|██▎       | 34/145 [00:16<00:45,  2.45it/s, loss=0.0828]
Ep   8 [train]:  23%|██▎       | 34/145 [00:16<00:45,  2.45it/s, loss=0.0840]
Ep   8 [train]:  24%|██▍       | 35/145 [00:16<00:55,  1.98it/s, loss=0.0840]
Ep   8 [train]:  24%|██▍       | 35/145 [00:17<00:55,  1.98it/s, loss=0.0854]
Ep   8 [train]:  25%|██▍       | 36/145 [00:17<00:44,  2.44it/s, loss=0.0854]
Ep   8 [train]:  25%|██▍       | 36/145 [00:17<00:44,  2.44it/s, loss=0.0894]
Ep   8 [train]:  26%|██▌       | 37/145 [00:17<00:53,  2.02it/s, loss=0.0894]
Ep   8 [train]:  26%|██▌       | 37/145 [00:18<00:53,  2.02it/s, loss=0.0741]
Ep   8 [train]:  26%|██▌       | 38/145 [00:18<00:42,  2.49it/s, loss=0.0741]
Ep   8 [train]:  26%|██▌       | 38/145 [00:18<00:42,  2.49it/s, loss=0.0814]
Ep   8 [train]:  27%|██▋       | 39/145 [00:18<00:52,  2.00it/s, loss=0.0814]
Ep   8 [train]:  27%|██▋       | 39/145 [00:18<00:52,  2.00it/s, loss=0.0826]
Ep   8 [train]:  28%|██▊       | 40/145 [00:18<00:42,  2.46it/s, loss=0.0826]
Ep   8 [train]:  28%|██▊       | 40/145 [00:19<00:42,  2.46it/s, loss=0.0827]
Ep   8 [train]:  28%|██▊       | 41/145 [00:19<00:53,  1.96it/s, loss=0.0827]
Ep   8 [train]:  28%|██▊       | 41/145 [00:19<00:53,  1.96it/s, loss=0.0805]
Ep   8 [train]:  29%|██▉       | 42/145 [00:19<00:42,  2.42it/s, loss=0.0805]
Ep   8 [train]:  29%|██▉       | 42/145 [00:20<00:42,  2.42it/s, loss=0.0967]
Ep   8 [train]:  30%|██▉       | 43/145 [00:20<00:53,  1.92it/s, loss=0.0967]
Ep   8 [train]:  30%|██▉       | 43/145 [00:20<00:53,  1.92it/s, loss=0.0793]
Ep   8 [train]:  30%|███       | 44/145 [00:20<00:42,  2.40it/s, loss=0.0793]
Ep   8 [train]:  30%|███       | 44/145 [00:21<00:42,  2.40it/s, loss=0.0927]
Ep   8 [train]:  31%|███       | 45/145 [00:21<00:49,  2.04it/s, loss=0.0927]
Ep   8 [train]:  31%|███       | 45/145 [00:21<00:49,  2.04it/s, loss=0.0778]
Ep   8 [train]:  32%|███▏      | 46/145 [00:21<00:40,  2.47it/s, loss=0.0778]
Ep   8 [train]:  32%|███▏      | 46/145 [00:22<00:40,  2.47it/s, loss=0.0825]
Ep   8 [train]:  32%|███▏      | 47/145 [00:22<00:49,  1.98it/s, loss=0.0825]
Ep   8 [train]:  32%|███▏      | 47/145 [00:22<00:49,  1.98it/s, loss=0.0757]
Ep   8 [train]:  33%|███▎      | 48/145 [00:22<00:39,  2.44it/s, loss=0.0757]
Ep   8 [train]:  33%|███▎      | 48/145 [00:23<00:39,  2.44it/s, loss=0.0907]
Ep   8 [train]:  34%|███▍      | 49/145 [00:23<00:46,  2.07it/s, loss=0.0907]
Ep   8 [train]:  34%|███▍      | 49/145 [00:23<00:46,  2.07it/s, loss=0.0742]
Ep   8 [train]:  34%|███▍      | 50/145 [00:23<00:37,  2.53it/s, loss=0.0742]
Ep   8 [train]:  34%|███▍      | 50/145 [00:24<00:37,  2.53it/s, loss=0.0846]
Ep   8 [train]:  35%|███▌      | 51/145 [00:24<00:47,  2.00it/s, loss=0.0846]
Ep   8 [train]:  35%|███▌      | 51/145 [00:24<00:47,  2.00it/s, loss=0.0760]
Ep   8 [train]:  36%|███▌      | 52/145 [00:24<00:38,  2.44it/s, loss=0.0760]
Ep   8 [train]:  36%|███▌      | 52/145 [00:25<00:38,  2.44it/s, loss=0.0820]
Ep   8 [train]:  37%|███▋      | 53/145 [00:25<00:47,  1.95it/s, loss=0.0820]
Ep   8 [train]:  37%|███▋      | 53/145 [00:25<00:47,  1.95it/s, loss=0.0864]
Ep   8 [train]:  37%|███▋      | 54/145 [00:25<00:38,  2.36it/s, loss=0.0864]
Ep   8 [train]:  37%|███▋      | 54/145 [00:26<00:38,  2.36it/s, loss=0.0749]
Ep   8 [train]:  38%|███▊      | 55/145 [00:26<00:45,  1.99it/s, loss=0.0749]
Ep   8 [train]:  38%|███▊      | 55/145 [00:26<00:45,  1.99it/s, loss=0.0776]
Ep   8 [train]:  39%|███▊      | 56/145 [00:26<00:36,  2.46it/s, loss=0.0776]
Ep   8 [train]:  39%|███▊      | 56/145 [00:26<00:36,  2.46it/s, loss=0.0790]
Ep   8 [train]:  39%|███▉      | 57/145 [00:26<00:43,  2.03it/s, loss=0.0790]
Ep   8 [train]:  39%|███▉      | 57/145 [00:27<00:43,  2.03it/s, loss=0.0867]
Ep   8 [train]:  40%|████      | 58/145 [00:27<00:34,  2.49it/s, loss=0.0867]
Ep   8 [train]:  40%|████      | 58/145 [00:27<00:34,  2.49it/s, loss=0.0834]
Ep   8 [train]:  41%|████      | 59/145 [00:27<00:42,  2.01it/s, loss=0.0834]
Ep   8 [train]:  41%|████      | 59/145 [00:28<00:42,  2.01it/s, loss=0.0814]
Ep   8 [train]:  41%|████▏     | 60/145 [00:28<00:34,  2.46it/s, loss=0.0814]
Ep   8 [train]:  41%|████▏     | 60/145 [00:28<00:34,  2.46it/s, loss=0.0765]
Ep   8 [train]:  42%|████▏     | 61/145 [00:28<00:41,  2.02it/s, loss=0.0765]
Ep   8 [train]:  42%|████▏     | 61/145 [00:28<00:41,  2.02it/s, loss=0.0771]
Ep   8 [train]:  43%|████▎     | 62/145 [00:28<00:33,  2.47it/s, loss=0.0771]
Ep   8 [train]:  43%|████▎     | 62/145 [00:29<00:33,  2.47it/s, loss=0.0807]
Ep   8 [train]:  43%|████▎     | 63/145 [00:29<00:40,  2.01it/s, loss=0.0807]
Ep   8 [train]:  43%|████▎     | 63/145 [00:29<00:40,  2.01it/s, loss=0.0792]
Ep   8 [train]:  44%|████▍     | 64/145 [00:29<00:33,  2.45it/s, loss=0.0792]
Ep   8 [train]:  44%|████▍     | 64/145 [00:30<00:33,  2.45it/s, loss=0.0776]
Ep   8 [train]:  45%|████▍     | 65/145 [00:30<00:40,  1.98it/s, loss=0.0776]
Ep   8 [train]:  45%|████▍     | 65/145 [00:30<00:40,  1.98it/s, loss=0.0792]
Ep   8 [train]:  46%|████▌     | 66/145 [00:30<00:32,  2.43it/s, loss=0.0792]
Ep   8 [train]:  46%|████▌     | 66/145 [00:31<00:32,  2.43it/s, loss=0.0792]
Ep   8 [train]:  46%|████▌     | 67/145 [00:31<00:39,  2.00it/s, loss=0.0792]
Ep   8 [train]:  46%|████▌     | 67/145 [00:31<00:39,  2.00it/s, loss=0.0906]
Ep   8 [train]:  47%|████▋     | 68/145 [00:31<00:31,  2.46it/s, loss=0.0906]
Ep   8 [train]:  47%|████▋     | 68/145 [00:32<00:31,  2.46it/s, loss=0.0874]
Ep   8 [train]:  48%|████▊     | 69/145 [00:32<00:38,  2.00it/s, loss=0.0874]
Ep   8 [train]:  48%|████▊     | 69/145 [00:32<00:38,  2.00it/s, loss=0.0756]
Ep   8 [train]:  48%|████▊     | 70/145 [00:32<00:30,  2.46it/s, loss=0.0756]
Ep   8 [train]:  48%|████▊     | 70/145 [00:33<00:30,  2.46it/s, loss=0.0743]
Ep   8 [train]:  49%|████▉     | 71/145 [00:33<00:35,  2.06it/s, loss=0.0743]
Ep   8 [train]:  49%|████▉     | 71/145 [00:33<00:35,  2.06it/s, loss=0.0818]
Ep   8 [train]:  50%|████▉     | 72/145 [00:33<00:28,  2.52it/s, loss=0.0818]
Ep   8 [train]:  50%|████▉     | 72/145 [00:34<00:28,  2.52it/s, loss=0.0797]
Ep   8 [train]:  50%|█████     | 73/145 [00:34<00:35,  2.02it/s, loss=0.0797]
Ep   8 [train]:  50%|█████     | 73/145 [00:34<00:35,  2.02it/s, loss=0.0931]
Ep   8 [train]:  51%|█████     | 74/145 [00:34<00:28,  2.47it/s, loss=0.0931]
Ep   8 [train]:  51%|█████     | 74/145 [00:35<00:28,  2.47it/s, loss=0.0930]
Ep   8 [train]:  52%|█████▏    | 75/145 [00:35<00:35,  1.99it/s, loss=0.0930]
Ep   8 [train]:  52%|█████▏    | 75/145 [00:35<00:35,  1.99it/s, loss=0.0834]
Ep   8 [train]:  52%|█████▏    | 76/145 [00:35<00:28,  2.42it/s, loss=0.0834]
Ep   8 [train]:  52%|█████▏    | 76/145 [00:36<00:28,  2.42it/s, loss=0.0838]
Ep   8 [train]:  53%|█████▎    | 77/145 [00:36<00:34,  1.96it/s, loss=0.0838]
Ep   8 [train]:  53%|█████▎    | 77/145 [00:36<00:34,  1.96it/s, loss=0.0839]
Ep   8 [train]:  54%|█████▍    | 78/145 [00:36<00:27,  2.44it/s, loss=0.0839]
Ep   8 [train]:  54%|█████▍    | 78/145 [00:36<00:27,  2.44it/s, loss=0.0795]
Ep   8 [train]:  54%|█████▍    | 79/145 [00:36<00:32,  2.01it/s, loss=0.0795]
Ep   8 [train]:  54%|█████▍    | 79/145 [00:37<00:32,  2.01it/s, loss=0.0798]
Ep   8 [train]:  55%|█████▌    | 80/145 [00:37<00:26,  2.46it/s, loss=0.0798]
Ep   8 [train]:  55%|█████▌    | 80/145 [00:37<00:26,  2.46it/s, loss=0.0801]
Ep   8 [train]:  56%|█████▌    | 81/145 [00:37<00:32,  1.98it/s, loss=0.0801]
Ep   8 [train]:  56%|█████▌    | 81/145 [00:38<00:32,  1.98it/s, loss=0.0836]
Ep   8 [train]:  57%|█████▋    | 82/145 [00:38<00:25,  2.45it/s, loss=0.0836]
Ep   8 [train]:  57%|█████▋    | 82/145 [00:38<00:25,  2.45it/s, loss=0.0889]
Ep   8 [train]:  57%|█████▋    | 83/145 [00:38<00:31,  2.00it/s, loss=0.0889]
Ep   8 [train]:  57%|█████▋    | 83/145 [00:38<00:31,  2.00it/s, loss=0.0831]
Ep   8 [train]:  58%|█████▊    | 84/145 [00:38<00:25,  2.40it/s, loss=0.0831]
Ep   8 [train]:  58%|█████▊    | 84/145 [00:39<00:25,  2.40it/s, loss=0.0784]
Ep   8 [train]:  59%|█████▊    | 85/145 [00:39<00:29,  2.05it/s, loss=0.0784]
Ep   8 [train]:  59%|█████▊    | 85/145 [00:39<00:29,  2.05it/s, loss=0.0864]
Ep   8 [train]:  59%|█████▉    | 86/145 [00:39<00:23,  2.52it/s, loss=0.0864]
Ep   8 [train]:  59%|█████▉    | 86/145 [00:40<00:23,  2.52it/s, loss=0.0900]
Ep   8 [train]:  60%|██████    | 87/145 [00:40<00:28,  2.00it/s, loss=0.0900]
Ep   8 [train]:  60%|██████    | 87/145 [00:40<00:28,  2.00it/s, loss=0.0777]
Ep   8 [train]:  61%|██████    | 88/145 [00:40<00:23,  2.48it/s, loss=0.0777]
Ep   8 [train]:  61%|██████    | 88/145 [00:41<00:23,  2.48it/s, loss=0.0751]
Ep   8 [train]:  61%|██████▏   | 89/145 [00:41<00:28,  1.97it/s, loss=0.0751]
Ep   8 [train]:  61%|██████▏   | 89/145 [00:41<00:28,  1.97it/s, loss=0.0790]
Ep   8 [train]:  62%|██████▏   | 90/145 [00:41<00:22,  2.43it/s, loss=0.0790]
Ep   8 [train]:  62%|██████▏   | 90/145 [00:42<00:22,  2.43it/s, loss=0.0806]
Ep   8 [train]:  63%|██████▎   | 91/145 [00:42<00:28,  1.92it/s, loss=0.0806]
Ep   8 [train]:  63%|██████▎   | 91/145 [00:42<00:28,  1.92it/s, loss=0.0795]
Ep   8 [train]:  63%|██████▎   | 92/145 [00:42<00:22,  2.37it/s, loss=0.0795]
Ep   8 [train]:  63%|██████▎   | 92/145 [00:43<00:22,  2.37it/s, loss=0.0815]
Ep   8 [train]:  64%|██████▍   | 93/145 [00:43<00:27,  1.88it/s, loss=0.0815]
Ep   8 [train]:  64%|██████▍   | 93/145 [00:43<00:27,  1.88it/s, loss=0.0791]
Ep   8 [train]:  65%|██████▍   | 94/145 [00:43<00:21,  2.33it/s, loss=0.0791]
Ep   8 [train]:  65%|██████▍   | 94/145 [00:44<00:21,  2.33it/s, loss=0.0942]
Ep   8 [train]:  66%|██████▌   | 95/145 [00:44<00:26,  1.90it/s, loss=0.0942]
Ep   8 [train]:  66%|██████▌   | 95/145 [00:44<00:26,  1.90it/s, loss=0.0787]
Ep   8 [train]:  66%|██████▌   | 96/145 [00:44<00:20,  2.35it/s, loss=0.0787]
Ep   8 [train]:  66%|██████▌   | 96/145 [00:45<00:20,  2.35it/s, loss=0.0805]
Ep   8 [train]:  67%|██████▋   | 97/145 [00:45<00:25,  1.86it/s, loss=0.0805]
Ep   8 [train]:  67%|██████▋   | 97/145 [00:45<00:25,  1.86it/s, loss=0.0790]
Ep   8 [train]:  68%|██████▊   | 98/145 [00:45<00:20,  2.29it/s, loss=0.0790]
Ep   8 [train]:  68%|██████▊   | 98/145 [00:46<00:20,  2.29it/s, loss=0.0773]
Ep   8 [train]:  68%|██████▊   | 99/145 [00:46<00:24,  1.85it/s, loss=0.0773]
Ep   8 [train]:  68%|██████▊   | 99/145 [00:46<00:24,  1.85it/s, loss=0.0678]
Ep   8 [train]:  69%|██████▉   | 100/145 [00:46<00:19,  2.27it/s, loss=0.0678]
Ep   8 [train]:  69%|██████▉   | 100/145 [00:47<00:19,  2.27it/s, loss=0.0856]
Ep   8 [train]:  70%|██████▉   | 101/145 [00:47<00:25,  1.76it/s, loss=0.0856]
Ep   8 [train]:  70%|██████▉   | 101/145 [00:47<00:25,  1.76it/s, loss=0.0757]
Ep   8 [train]:  70%|███████   | 102/145 [00:47<00:19,  2.18it/s, loss=0.0757]
Ep   8 [train]:  70%|███████   | 102/145 [00:48<00:19,  2.18it/s, loss=0.0790]
Ep   8 [train]:  71%|███████   | 103/145 [00:48<00:22,  1.83it/s, loss=0.0790]
Ep   8 [train]:  71%|███████   | 103/145 [00:48<00:22,  1.83it/s, loss=0.0682]
Ep   8 [train]:  72%|███████▏  | 104/145 [00:48<00:18,  2.27it/s, loss=0.0682]
Ep   8 [train]:  72%|███████▏  | 104/145 [00:49<00:18,  2.27it/s, loss=0.0758]
Ep   8 [train]:  72%|███████▏  | 105/145 [00:49<00:19,  2.02it/s, loss=0.0758]
Ep   8 [train]:  72%|███████▏  | 105/145 [00:49<00:19,  2.02it/s, loss=0.0787]
Ep   8 [train]:  73%|███████▎  | 106/145 [00:49<00:15,  2.49it/s, loss=0.0787]
Ep   8 [train]:  73%|███████▎  | 106/145 [00:50<00:15,  2.49it/s, loss=0.0762]
Ep   8 [train]:  74%|███████▍  | 107/145 [00:50<00:19,  1.95it/s, loss=0.0762]
Ep   8 [train]:  74%|███████▍  | 107/145 [00:50<00:19,  1.95it/s, loss=0.0846]
Ep   8 [train]:  74%|███████▍  | 108/145 [00:50<00:15,  2.34it/s, loss=0.0846]
Ep   8 [train]:  74%|███████▍  | 108/145 [00:51<00:15,  2.34it/s, loss=0.0718]
Ep   8 [train]:  75%|███████▌  | 109/145 [00:51<00:18,  1.97it/s, loss=0.0718]
Ep   8 [train]:  75%|███████▌  | 109/145 [00:51<00:18,  1.97it/s, loss=0.0804]
Ep   8 [train]:  76%|███████▌  | 110/145 [00:51<00:14,  2.44it/s, loss=0.0804]
Ep   8 [train]:  76%|███████▌  | 110/145 [00:52<00:14,  2.44it/s, loss=0.0820]
Ep   8 [train]:  77%|███████▋  | 111/145 [00:52<00:20,  1.70it/s, loss=0.0820]
Ep   8 [train]:  77%|███████▋  | 111/145 [00:52<00:20,  1.70it/s, loss=0.0874]
Ep   8 [train]:  77%|███████▋  | 112/145 [00:52<00:15,  2.12it/s, loss=0.0874]
Ep   8 [train]:  77%|███████▋  | 112/145 [00:53<00:15,  2.12it/s, loss=0.0841]
Ep   8 [train]:  78%|███████▊  | 113/145 [00:53<00:19,  1.68it/s, loss=0.0841]
Ep   8 [train]:  78%|███████▊  | 113/145 [00:53<00:19,  1.68it/s, loss=0.0837]
Ep   8 [train]:  79%|███████▊  | 114/145 [00:53<00:14,  2.09it/s, loss=0.0837]
Ep   8 [train]:  79%|███████▊  | 114/145 [00:54<00:14,  2.09it/s, loss=0.0798]
Ep   8 [train]:  79%|███████▉  | 115/145 [00:54<00:17,  1.68it/s, loss=0.0798]
Ep   8 [train]:  79%|███████▉  | 115/145 [00:54<00:17,  1.68it/s, loss=0.0792]
Ep   8 [train]:  80%|████████  | 116/145 [00:54<00:13,  2.12it/s, loss=0.0792]
Ep   8 [train]:  80%|████████  | 116/145 [00:55<00:13,  2.12it/s, loss=0.0757]
Ep   8 [train]:  81%|████████  | 117/145 [00:55<00:16,  1.73it/s, loss=0.0757]
Ep   8 [train]:  81%|████████  | 117/145 [00:55<00:16,  1.73it/s, loss=0.0789]
Ep   8 [train]:  81%|████████▏ | 118/145 [00:55<00:12,  2.15it/s, loss=0.0789]
Ep   8 [train]:  81%|████████▏ | 118/145 [00:56<00:12,  2.15it/s, loss=0.0806]
Ep   8 [train]:  82%|████████▏ | 119/145 [00:56<00:14,  1.76it/s, loss=0.0806]
Ep   8 [train]:  82%|████████▏ | 119/145 [00:56<00:14,  1.76it/s, loss=0.0753]
Ep   8 [train]:  83%|████████▎ | 120/145 [00:56<00:11,  2.19it/s, loss=0.0753]
Ep   8 [train]:  83%|████████▎ | 120/145 [00:57<00:11,  2.19it/s, loss=0.0815]
Ep   8 [train]:  83%|████████▎ | 121/145 [00:57<00:13,  1.80it/s, loss=0.0815]
Ep   8 [train]:  83%|████████▎ | 121/145 [00:57<00:13,  1.80it/s, loss=0.0800]
Ep   8 [train]:  84%|████████▍ | 122/145 [00:57<00:10,  2.24it/s, loss=0.0800]
Ep   8 [train]:  84%|████████▍ | 122/145 [00:58<00:10,  2.24it/s, loss=0.0773]
Ep   8 [train]:  85%|████████▍ | 123/145 [00:58<00:11,  1.87it/s, loss=0.0773]
Ep   8 [train]:  85%|████████▍ | 123/145 [00:58<00:11,  1.87it/s, loss=0.0826]
Ep   8 [train]:  86%|████████▌ | 124/145 [00:58<00:08,  2.34it/s, loss=0.0826]
Ep   8 [train]:  86%|████████▌ | 124/145 [00:59<00:08,  2.34it/s, loss=0.0863]
Ep   8 [train]:  86%|████████▌ | 125/145 [00:59<00:09,  2.08it/s, loss=0.0863]
Ep   8 [train]:  86%|████████▌ | 125/145 [00:59<00:09,  2.08it/s, loss=0.0754]
Ep   8 [train]:  87%|████████▋ | 126/145 [00:59<00:07,  2.54it/s, loss=0.0754]
Ep   8 [train]:  87%|████████▋ | 126/145 [00:59<00:07,  2.54it/s, loss=0.0802]
Ep   8 [train]:  88%|████████▊ | 127/145 [00:59<00:08,  2.17it/s, loss=0.0802]
Ep   8 [train]:  88%|████████▊ | 127/145 [01:00<00:08,  2.17it/s, loss=0.0818]
Ep   8 [train]:  88%|████████▊ | 128/145 [01:00<00:06,  2.62it/s, loss=0.0818]
Ep   8 [train]:  88%|████████▊ | 128/145 [01:00<00:06,  2.62it/s, loss=0.0771]
Ep   8 [train]:  89%|████████▉ | 129/145 [01:00<00:07,  2.25it/s, loss=0.0771]
Ep   8 [train]:  89%|████████▉ | 129/145 [01:00<00:07,  2.25it/s, loss=0.0837]
Ep   8 [train]:  90%|████████▉ | 130/145 [01:00<00:05,  2.72it/s, loss=0.0837]
Ep   8 [train]:  90%|████████▉ | 130/145 [01:01<00:05,  2.72it/s, loss=0.0778]
Ep   8 [train]:  90%|█████████ | 131/145 [01:01<00:05,  2.37it/s, loss=0.0778]
Ep   8 [train]:  90%|█████████ | 131/145 [01:01<00:05,  2.37it/s, loss=0.0930]
Ep   8 [train]:  91%|█████████ | 132/145 [01:01<00:04,  2.85it/s, loss=0.0930]
Ep   8 [train]:  91%|█████████ | 132/145 [01:02<00:04,  2.85it/s, loss=0.0760]
Ep   8 [train]:  92%|█████████▏| 133/145 [01:02<00:04,  2.44it/s, loss=0.0760]
Ep   8 [train]:  92%|█████████▏| 133/145 [01:02<00:04,  2.44it/s, loss=0.0784]
Ep   8 [train]:  92%|█████████▏| 134/145 [01:02<00:03,  2.95it/s, loss=0.0784]
Ep   8 [train]:  92%|█████████▏| 134/145 [01:03<00:03,  2.95it/s, loss=0.0846]
Ep   8 [train]:  93%|█████████▎| 135/145 [01:03<00:04,  2.25it/s, loss=0.0846]
Ep   8 [train]:  93%|█████████▎| 135/145 [01:03<00:04,  2.25it/s, loss=0.0811]
Ep   8 [train]:  94%|█████████▍| 136/145 [01:03<00:03,  2.73it/s, loss=0.0811]
Ep   8 [train]:  94%|█████████▍| 136/145 [01:03<00:03,  2.73it/s, loss=0.0809]
Ep   8 [train]:  94%|█████████▍| 137/145 [01:03<00:03,  2.06it/s, loss=0.0809]
Ep   8 [train]:  94%|█████████▍| 137/145 [01:04<00:03,  2.06it/s, loss=0.0934]
Ep   8 [train]:  95%|█████████▌| 138/145 [01:04<00:02,  2.51it/s, loss=0.0934]
Ep   8 [train]:  95%|█████████▌| 138/145 [01:04<00:02,  2.51it/s, loss=0.0867]
Ep   8 [train]:  96%|█████████▌| 139/145 [01:04<00:03,  1.99it/s, loss=0.0867]
Ep   8 [train]:  96%|█████████▌| 139/145 [01:05<00:03,  1.99it/s, loss=0.0797]
Ep   8 [train]:  97%|█████████▋| 140/145 [01:05<00:02,  2.47it/s, loss=0.0797]
Ep   8 [train]:  97%|█████████▋| 140/145 [01:05<00:02,  2.47it/s, loss=0.0785]
Ep   8 [train]:  97%|█████████▋| 141/145 [01:05<00:01,  2.08it/s, loss=0.0785]
Ep   8 [train]:  97%|█████████▋| 141/145 [01:05<00:01,  2.08it/s, loss=0.0780]
Ep   8 [train]:  98%|█████████▊| 142/145 [01:05<00:01,  2.57it/s, loss=0.0780]
Ep   8 [train]:  98%|█████████▊| 142/145 [01:06<00:01,  2.57it/s, loss=0.0710]
Ep   8 [train]:  99%|█████████▊| 143/145 [01:06<00:00,  2.09it/s, loss=0.0710]
Ep   8 [train]:  99%|█████████▊| 143/145 [01:06<00:00,  2.09it/s, loss=0.0743]
Ep   8 [train]:  99%|█████████▉| 144/145 [01:06<00:00,  2.58it/s, loss=0.0743]
Ep   8 [train]:  99%|█████████▉| 144/145 [01:07<00:00,  2.58it/s, loss=0.0809]
Ep   8 [train]: 100%|██████████| 145/145 [01:07<00:00,  2.20it/s, loss=0.0809]
                                                                              
  Ep   8 [train]  loss=0.0816  rmse_c=0.2409  mae_c=0.2168  r2_c=0.006  rmse_h=0.3261  mae_h=0.2443  r2_h=0.387  sup=0.325

Ep   8 [val  ]:   0%|          | 0/39 [00:00<?, ?it/s]
Ep   8 [val  ]:   0%|          | 0/39 [00:00<?, ?it/s, loss=0.1012]
Ep   8 [val  ]:   3%|▎         | 1/39 [00:00<00:36,  1.05it/s, loss=0.1012]
Ep   8 [val  ]:   3%|▎         | 1/39 [00:01<00:36,  1.05it/s, loss=0.0984]
Ep   8 [val  ]:   5%|▌         | 2/39 [00:01<00:18,  2.00it/s, loss=0.0984]
Ep   8 [val  ]:   5%|▌         | 2/39 [00:01<00:18,  2.00it/s, loss=0.0788]
Ep   8 [val  ]:   8%|▊         | 3/39 [00:01<00:18,  1.98it/s, loss=0.0788]
Ep   8 [val  ]:   8%|▊         | 3/39 [00:02<00:18,  1.98it/s, loss=0.0750]
Ep   8 [val  ]:  10%|█         | 4/39 [00:02<00:15,  2.25it/s, loss=0.0750]
Ep   8 [val  ]:  10%|█         | 4/39 [00:02<00:15,  2.25it/s, loss=0.0795]
Ep   8 [val  ]:  13%|█▎        | 5/39 [00:02<00:14,  2.40it/s, loss=0.0795]
Ep   8 [val  ]:  13%|█▎        | 5/39 [00:02<00:14,  2.40it/s, loss=0.0891]
Ep   8 [val  ]:  15%|█▌        | 6/39 [00:02<00:14,  2.31it/s, loss=0.0891]
Ep   8 [val  ]:  15%|█▌        | 6/39 [00:03<00:14,  2.31it/s, loss=0.0789]
Ep   8 [val  ]:  18%|█▊        | 7/39 [00:03<00:12,  2.66it/s, loss=0.0789]
Ep   8 [val  ]:  18%|█▊        | 7/39 [00:03<00:12,  2.66it/s, loss=0.0795]
Ep   8 [val  ]:  21%|██        | 8/39 [00:03<00:14,  2.16it/s, loss=0.0795]
Ep   8 [val  ]:  21%|██        | 8/39 [00:03<00:14,  2.16it/s, loss=0.0826]
Ep   8 [val  ]:  23%|██▎       | 9/39 [00:03<00:10,  2.86it/s, loss=0.0826]
Ep   8 [val  ]:  23%|██▎       | 9/39 [00:04<00:10,  2.86it/s, loss=0.0756]
Ep   8 [val  ]:  26%|██▌       | 10/39 [00:04<00:14,  1.96it/s, loss=0.0756]
Ep   8 [val  ]:  26%|██▌       | 10/39 [00:04<00:14,  1.96it/s, loss=0.0791]
Ep   8 [val  ]:  26%|██▌       | 10/39 [00:05<00:14,  1.96it/s, loss=0.0793]
Ep   8 [val  ]:  31%|███       | 12/39 [00:05<00:12,  2.09it/s, loss=0.0793]
Ep   8 [val  ]:  31%|███       | 12/39 [00:05<00:12,  2.09it/s, loss=0.0786]
Ep   8 [val  ]:  31%|███       | 12/39 [00:06<00:12,  2.09it/s, loss=0.0869]
Ep   8 [val  ]:  36%|███▌      | 14/39 [00:06<00:11,  2.18it/s, loss=0.0869]
Ep   8 [val  ]:  36%|███▌      | 14/39 [00:06<00:11,  2.18it/s, loss=0.0977]
Ep   8 [val  ]:  36%|███▌      | 14/39 [00:07<00:11,  2.18it/s, loss=0.0979]
Ep   8 [val  ]:  41%|████      | 16/39 [00:07<00:10,  2.18it/s, loss=0.0979]
Ep   8 [val  ]:  41%|████      | 16/39 [00:07<00:10,  2.18it/s, loss=0.0957]
Ep   8 [val  ]:  41%|████      | 16/39 [00:08<00:10,  2.18it/s, loss=0.0883]
Ep   8 [val  ]:  46%|████▌     | 18/39 [00:08<00:09,  2.27it/s, loss=0.0883]
Ep   8 [val  ]:  46%|████▌     | 18/39 [00:08<00:09,  2.27it/s, loss=0.0800]
Ep   8 [val  ]:  46%|████▌     | 18/39 [00:09<00:09,  2.27it/s, loss=0.0678]
Ep   8 [val  ]:  51%|█████▏    | 20/39 [00:09<00:08,  2.22it/s, loss=0.0678]
Ep   8 [val  ]:  51%|█████▏    | 20/39 [00:09<00:08,  2.22it/s, loss=0.0597]
Ep   8 [val  ]:  51%|█████▏    | 20/39 [00:10<00:08,  2.22it/s, loss=0.0683]
Ep   8 [val  ]:  56%|█████▋    | 22/39 [00:10<00:07,  2.21it/s, loss=0.0683]
Ep   8 [val  ]:  56%|█████▋    | 22/39 [00:10<00:07,  2.21it/s, loss=0.0653]
Ep   8 [val  ]:  59%|█████▉    | 23/39 [00:10<00:06,  2.57it/s, loss=0.0653]
Ep   8 [val  ]:  59%|█████▉    | 23/39 [00:11<00:06,  2.57it/s, loss=0.0663]
Ep   8 [val  ]:  62%|██████▏   | 24/39 [00:11<00:07,  2.02it/s, loss=0.0663]
Ep   8 [val  ]:  62%|██████▏   | 24/39 [00:11<00:07,  2.02it/s, loss=0.0692]
Ep   8 [val  ]:  62%|██████▏   | 24/39 [00:11<00:07,  2.02it/s, loss=0.0770]
Ep   8 [val  ]:  67%|██████▋   | 26/39 [00:11<00:05,  2.27it/s, loss=0.0770]
Ep   8 [val  ]:  67%|██████▋   | 26/39 [00:11<00:05,  2.27it/s, loss=0.0872]
Ep   8 [val  ]:  67%|██████▋   | 26/39 [00:12<00:05,  2.27it/s, loss=0.1240]
Ep   8 [val  ]:  72%|███████▏  | 28/39 [00:12<00:04,  2.31it/s, loss=0.1240]
Ep   8 [val  ]:  72%|███████▏  | 28/39 [00:12<00:04,  2.31it/s, loss=0.0966]
Ep   8 [val  ]:  72%|███████▏  | 28/39 [00:13<00:04,  2.31it/s, loss=0.0895]
Ep   8 [val  ]:  77%|███████▋  | 30/39 [00:13<00:03,  2.36it/s, loss=0.0895]
Ep   8 [val  ]:  77%|███████▋  | 30/39 [00:13<00:03,  2.36it/s, loss=0.0845]
Ep   8 [val  ]:  77%|███████▋  | 30/39 [00:14<00:03,  2.36it/s, loss=0.0798]
Ep   8 [val  ]:  82%|████████▏ | 32/39 [00:14<00:02,  2.41it/s, loss=0.0798]
Ep   8 [val  ]:  82%|████████▏ | 32/39 [00:14<00:02,  2.41it/s, loss=0.0789]
Ep   8 [val  ]:  82%|████████▏ | 32/39 [00:14<00:02,  2.41it/s, loss=0.0740]
Ep   8 [val  ]:  87%|████████▋ | 34/39 [00:14<00:02,  2.45it/s, loss=0.0740]
Ep   8 [val  ]:  87%|████████▋ | 34/39 [00:15<00:02,  2.45it/s, loss=0.0775]
Ep   8 [val  ]:  87%|████████▋ | 34/39 [00:15<00:02,  2.45it/s, loss=0.0738]
Ep   8 [val  ]:  92%|█████████▏| 36/39 [00:15<00:01,  2.50it/s, loss=0.0738]
Ep   8 [val  ]:  92%|█████████▏| 36/39 [00:15<00:01,  2.50it/s, loss=0.0728]
Ep   8 [val  ]:  92%|█████████▏| 36/39 [00:16<00:01,  2.50it/s, loss=0.0644]
Ep   8 [val  ]:  97%|█████████▋| 38/39 [00:16<00:00,  2.52it/s, loss=0.0644]
Ep   8 [val  ]:  97%|█████████▋| 38/39 [00:16<00:00,  2.52it/s, loss=0.0768]
                                                                            
  Ep   8 [val  ]  loss=0.0814  rmse_c=0.2458  mae_c=0.2193  r2_c=0.007  rmse_h=0.3196  mae_h=0.2422  r2_h=0.364  sup=0.308
  [new best] combined_val_rmse=0.2827

Ep   9 [train]:   0%|          | 0/145 [00:00<?, ?it/s]
Ep   9 [train]:   0%|          | 0/145 [00:01<?, ?it/s, loss=0.0781]
Ep   9 [train]:   1%|          | 1/145 [00:01<02:36,  1.09s/it, loss=0.0781]
Ep   9 [train]:   1%|          | 1/145 [00:01<02:36,  1.09s/it, loss=0.0803]
Ep   9 [train]:   1%|▏         | 2/145 [00:01<01:19,  1.80it/s, loss=0.0803]
Ep   9 [train]:   1%|▏         | 2/145 [00:01<01:19,  1.80it/s, loss=0.0773]
Ep   9 [train]:   2%|▏         | 3/145 [00:01<01:21,  1.73it/s, loss=0.0773]
Ep   9 [train]:   2%|▏         | 3/145 [00:02<01:21,  1.73it/s, loss=0.0773]
Ep   9 [train]:   3%|▎         | 4/145 [00:02<00:59,  2.37it/s, loss=0.0773]
Ep   9 [train]:   3%|▎         | 4/145 [00:02<00:59,  2.37it/s, loss=0.0815]
Ep   9 [train]:   3%|▎         | 5/145 [00:02<01:10,  1.99it/s, loss=0.0815]
Ep   9 [train]:   3%|▎         | 5/145 [00:02<01:10,  1.99it/s, loss=0.0771]
Ep   9 [train]:   4%|▍         | 6/145 [00:02<00:54,  2.55it/s, loss=0.0771]
Ep   9 [train]:   4%|▍         | 6/145 [00:03<00:54,  2.55it/s, loss=0.0793]
Ep   9 [train]:   5%|▍         | 7/145 [00:03<01:07,  2.05it/s, loss=0.0793]
Ep   9 [train]:   5%|▍         | 7/145 [00:03<01:07,  2.05it/s, loss=0.0815]
Ep   9 [train]:   6%|▌         | 8/145 [00:03<00:53,  2.55it/s, loss=0.0815]
Ep   9 [train]:   6%|▌         | 8/145 [00:04<00:53,  2.55it/s, loss=0.0789]
Ep   9 [train]:   6%|▌         | 9/145 [00:04<01:04,  2.12it/s, loss=0.0789]
Ep   9 [train]:   6%|▌         | 9/145 [00:04<01:04,  2.12it/s, loss=0.0727]
Ep   9 [train]:   7%|▋         | 10/145 [00:04<00:51,  2.60it/s, loss=0.0727]
Ep   9 [train]:   7%|▋         | 10/145 [00:05<00:51,  2.60it/s, loss=0.0746]
Ep   9 [train]:   8%|▊         | 11/145 [00:05<01:03,  2.11it/s, loss=0.0746]
Ep   9 [train]:   8%|▊         | 11/145 [00:05<01:03,  2.11it/s, loss=0.0832]
Ep   9 [train]:   8%|▊         | 12/145 [00:05<00:51,  2.56it/s, loss=0.0832]
Ep   9 [train]:   8%|▊         | 12/145 [00:06<00:51,  2.56it/s, loss=0.0836]
Ep   9 [train]:   9%|▉         | 13/145 [00:06<01:03,  2.09it/s, loss=0.0836]
Ep   9 [train]:   9%|▉         | 13/145 [00:06<01:03,  2.09it/s, loss=0.0761]
Ep   9 [train]:  10%|▉         | 14/145 [00:06<00:51,  2.55it/s, loss=0.0761]
Ep   9 [train]:  10%|▉         | 14/145 [00:07<00:51,  2.55it/s, loss=0.0714]
Ep   9 [train]:  10%|█         | 15/145 [00:07<01:05,  1.98it/s, loss=0.0714]
Ep   9 [train]:  10%|█         | 15/145 [00:07<01:05,  1.98it/s, loss=0.0847]
Ep   9 [train]:  11%|█         | 16/145 [00:07<00:53,  2.43it/s, loss=0.0847]
Ep   9 [train]:  11%|█         | 16/145 [00:07<00:53,  2.43it/s, loss=0.0867]
Ep   9 [train]:  12%|█▏        | 17/145 [00:07<01:00,  2.12it/s, loss=0.0867]
Ep   9 [train]:  12%|█▏        | 17/145 [00:08<01:00,  2.12it/s, loss=0.0850]
Ep   9 [train]:  12%|█▏        | 18/145 [00:08<00:51,  2.48it/s, loss=0.0850]
Ep   9 [train]:  12%|█▏        | 18/145 [00:08<00:51,  2.48it/s, loss=0.0729]
Ep   9 [train]:  13%|█▎        | 19/145 [00:08<00:59,  2.13it/s, loss=0.0729]
Ep   9 [train]:  13%|█▎        | 19/145 [00:09<00:59,  2.13it/s, loss=0.0858]
Ep   9 [train]:  14%|█▍        | 20/145 [00:09<00:53,  2.32it/s, loss=0.0858]
Ep   9 [train]:  14%|█▍        | 20/145 [00:09<00:53,  2.32it/s, loss=0.0825]
Ep   9 [train]:  14%|█▍        | 21/145 [00:09<00:57,  2.14it/s, loss=0.0825]
Ep   9 [train]:  14%|█▍        | 21/145 [00:10<00:57,  2.14it/s, loss=0.0771]
Ep   9 [train]:  15%|█▌        | 22/145 [00:10<00:54,  2.26it/s, loss=0.0771]
Ep   9 [train]:  15%|█▌        | 22/145 [00:10<00:54,  2.26it/s, loss=0.0724]
Ep   9 [train]:  16%|█▌        | 23/145 [00:10<00:55,  2.18it/s, loss=0.0724]
Ep   9 [train]:  16%|█▌        | 23/145 [00:10<00:55,  2.18it/s, loss=0.0896]
Ep   9 [train]:  17%|█▋        | 24/145 [00:10<00:52,  2.29it/s, loss=0.0896]
Ep   9 [train]:  17%|█▋        | 24/145 [00:11<00:52,  2.29it/s, loss=0.0845]
Ep   9 [train]:  17%|█▋        | 25/145 [00:11<00:53,  2.25it/s, loss=0.0845]
Ep   9 [train]:  17%|█▋        | 25/145 [00:11<00:53,  2.25it/s, loss=0.0780]
Ep   9 [train]:  18%|█▊        | 26/145 [00:11<00:51,  2.31it/s, loss=0.0780]
Ep   9 [train]:  18%|█▊        | 26/145 [00:12<00:51,  2.31it/s, loss=0.0840]
Ep   9 [train]:  19%|█▊        | 27/145 [00:12<00:53,  2.21it/s, loss=0.0840]
Ep   9 [train]:  19%|█▊        | 27/145 [00:12<00:53,  2.21it/s, loss=0.0776]
Ep   9 [train]:  19%|█▉        | 28/145 [00:12<00:50,  2.34it/s, loss=0.0776]
Ep   9 [train]:  19%|█▉        | 28/145 [00:13<00:50,  2.34it/s, loss=0.0905]
Ep   9 [train]:  20%|██        | 29/145 [00:13<00:50,  2.30it/s, loss=0.0905]
Ep   9 [train]:  20%|██        | 29/145 [00:13<00:50,  2.30it/s, loss=0.0833]
Ep   9 [train]:  21%|██        | 30/145 [00:13<00:48,  2.36it/s, loss=0.0833]
Ep   9 [train]:  21%|██        | 30/145 [00:14<00:48,  2.36it/s, loss=0.0828]
Ep   9 [train]:  21%|██▏       | 31/145 [00:14<00:51,  2.20it/s, loss=0.0828]
Ep   9 [train]:  21%|██▏       | 31/145 [00:14<00:51,  2.20it/s, loss=0.0836]
Ep   9 [train]:  22%|██▏       | 32/145 [00:14<00:52,  2.14it/s, loss=0.0836]
Ep   9 [train]:  22%|██▏       | 32/145 [00:15<00:52,  2.14it/s, loss=0.0861]
Ep   9 [train]:  23%|██▎       | 33/145 [00:15<00:56,  2.00it/s, loss=0.0861]
Ep   9 [train]:  23%|██▎       | 33/145 [00:15<00:56,  2.00it/s, loss=0.0858]
Ep   9 [train]:  23%|██▎       | 34/145 [00:15<00:51,  2.15it/s, loss=0.0858]
Ep   9 [train]:  23%|██▎       | 34/145 [00:16<00:51,  2.15it/s, loss=0.0757]
Ep   9 [train]:  24%|██▍       | 35/145 [00:16<00:56,  1.96it/s, loss=0.0757]
Ep   9 [train]:  24%|██▍       | 35/145 [00:16<00:56,  1.96it/s, loss=0.0713]
Ep   9 [train]:  25%|██▍       | 36/145 [00:16<00:51,  2.13it/s, loss=0.0713]
Ep   9 [train]:  25%|██▍       | 36/145 [00:17<00:51,  2.13it/s, loss=0.0798]
Ep   9 [train]:  26%|██▌       | 37/145 [00:17<00:53,  2.01it/s, loss=0.0798]
Ep   9 [train]:  26%|██▌       | 37/145 [00:17<00:53,  2.01it/s, loss=0.0809]
Ep   9 [train]:  26%|██▌       | 38/145 [00:17<00:48,  2.20it/s, loss=0.0809]
Ep   9 [train]:  26%|██▌       | 38/145 [00:18<00:48,  2.20it/s, loss=0.0876]
Ep   9 [train]:  27%|██▋       | 39/145 [00:18<00:54,  1.93it/s, loss=0.0876]
Ep   9 [train]:  27%|██▋       | 39/145 [00:18<00:54,  1.93it/s, loss=0.0727]
Ep   9 [train]:  28%|██▊       | 40/145 [00:18<00:49,  2.12it/s, loss=0.0727]
Ep   9 [train]:  28%|██▊       | 40/145 [00:19<00:49,  2.12it/s, loss=0.0833]
Ep   9 [train]:  28%|██▊       | 41/145 [00:19<00:52,  1.97it/s, loss=0.0833]
Ep   9 [train]:  28%|██▊       | 41/145 [00:19<00:52,  1.97it/s, loss=0.0768]
Ep   9 [train]:  29%|██▉       | 42/145 [00:19<00:46,  2.22it/s, loss=0.0768]
Ep   9 [train]:  29%|██▉       | 42/145 [00:19<00:46,  2.22it/s, loss=0.0801]
Ep   9 [train]:  30%|██▉       | 43/145 [00:19<00:50,  2.01it/s, loss=0.0801]
Ep   9 [train]:  30%|██▉       | 43/145 [00:20<00:50,  2.01it/s, loss=0.0855]
Ep   9 [train]:  30%|███       | 44/145 [00:20<00:43,  2.33it/s, loss=0.0855]
Ep   9 [train]:  30%|███       | 44/145 [00:20<00:43,  2.33it/s, loss=0.0746]
Ep   9 [train]:  31%|███       | 45/145 [00:20<00:47,  2.09it/s, loss=0.0746]
Ep   9 [train]:  31%|███       | 45/145 [00:21<00:47,  2.09it/s, loss=0.0821]
Ep   9 [train]:  32%|███▏      | 46/145 [00:21<00:41,  2.39it/s, loss=0.0821]
Ep   9 [train]:  32%|███▏      | 46/145 [00:21<00:41,  2.39it/s, loss=0.0806]
Ep   9 [train]:  32%|███▏      | 47/145 [00:21<00:48,  2.01it/s, loss=0.0806]
Ep   9 [train]:  32%|███▏      | 47/145 [00:21<00:48,  2.01it/s, loss=0.0745]
Ep   9 [train]:  33%|███▎      | 48/145 [00:21<00:39,  2.45it/s, loss=0.0745]
Ep   9 [train]:  33%|███▎      | 48/145 [00:22<00:39,  2.45it/s, loss=0.0850]
Ep   9 [train]:  34%|███▍      | 49/145 [00:22<00:48,  1.99it/s, loss=0.0850]
Ep   9 [train]:  34%|███▍      | 49/145 [00:22<00:48,  1.99it/s, loss=0.0795]
Ep   9 [train]:  34%|███▍      | 50/145 [00:22<00:38,  2.47it/s, loss=0.0795]
Ep   9 [train]:  34%|███▍      | 50/145 [00:23<00:38,  2.47it/s, loss=0.0728]
Ep   9 [train]:  35%|███▌      | 51/145 [00:23<00:46,  2.03it/s, loss=0.0728]
Ep   9 [train]:  35%|███▌      | 51/145 [00:23<00:46,  2.03it/s, loss=0.0790]
Ep   9 [train]:  36%|███▌      | 52/145 [00:23<00:37,  2.50it/s, loss=0.0790]
Ep   9 [train]:  36%|███▌      | 52/145 [00:24<00:37,  2.50it/s, loss=0.0758]
Ep   9 [train]:  37%|███▋      | 53/145 [00:24<00:45,  2.03it/s, loss=0.0758]
Ep   9 [train]:  37%|███▋      | 53/145 [00:24<00:45,  2.03it/s, loss=0.0780]
Ep   9 [train]:  37%|███▋      | 54/145 [00:24<00:36,  2.46it/s, loss=0.0780]
Ep   9 [train]:  37%|███▋      | 54/145 [00:25<00:36,  2.46it/s, loss=0.0871]
Ep   9 [train]:  38%|███▊      | 55/145 [00:25<00:43,  2.06it/s, loss=0.0871]
Ep   9 [train]:  38%|███▊      | 55/145 [00:25<00:43,  2.06it/s, loss=0.0806]
Ep   9 [train]:  39%|███▊      | 56/145 [00:25<00:35,  2.53it/s, loss=0.0806]
Ep   9 [train]:  39%|███▊      | 56/145 [00:26<00:35,  2.53it/s, loss=0.0808]
Ep   9 [train]:  39%|███▉      | 57/145 [00:26<00:43,  2.04it/s, loss=0.0808]
Ep   9 [train]:  39%|███▉      | 57/145 [00:26<00:43,  2.04it/s, loss=0.0878]
Ep   9 [train]:  40%|████      | 58/145 [00:26<00:35,  2.44it/s, loss=0.0878]
Ep   9 [train]:  40%|████      | 58/145 [00:27<00:35,  2.44it/s, loss=0.0792]
Ep   9 [train]:  41%|████      | 59/145 [00:27<00:40,  2.12it/s, loss=0.0792]
Ep   9 [train]:  41%|████      | 59/145 [00:27<00:40,  2.12it/s, loss=0.0779]
Ep   9 [train]:  41%|████▏     | 60/145 [00:27<00:33,  2.54it/s, loss=0.0779]
Ep   9 [train]:  41%|████▏     | 60/145 [00:27<00:33,  2.54it/s, loss=0.0765]
Ep   9 [train]:  42%|████▏     | 61/145 [00:27<00:38,  2.17it/s, loss=0.0765]
Ep   9 [train]:  42%|████▏     | 61/145 [00:28<00:38,  2.17it/s, loss=0.0916]
Ep   9 [train]:  43%|████▎     | 62/145 [00:28<00:31,  2.63it/s, loss=0.0916]
Ep   9 [train]:  43%|████▎     | 62/145 [00:28<00:31,  2.63it/s, loss=0.0838]
Ep   9 [train]:  43%|████▎     | 63/145 [00:28<00:38,  2.13it/s, loss=0.0838]
Ep   9 [train]:  43%|████▎     | 63/145 [00:28<00:38,  2.13it/s, loss=0.0936]
Ep   9 [train]:  44%|████▍     | 64/145 [00:28<00:31,  2.60it/s, loss=0.0936]
Ep   9 [train]:  44%|████▍     | 64/145 [00:29<00:31,  2.60it/s, loss=0.0790]
Ep   9 [train]:  45%|████▍     | 65/145 [00:29<00:38,  2.10it/s, loss=0.0790]
Ep   9 [train]:  45%|████▍     | 65/145 [00:29<00:38,  2.10it/s, loss=0.0811]
Ep   9 [train]:  46%|████▌     | 66/145 [00:29<00:31,  2.50it/s, loss=0.0811]
Ep   9 [train]:  46%|████▌     | 66/145 [00:30<00:31,  2.50it/s, loss=0.0823]
Ep   9 [train]:  46%|████▌     | 67/145 [00:30<00:37,  2.09it/s, loss=0.0823]
Ep   9 [train]:  46%|████▌     | 67/145 [00:30<00:37,  2.09it/s, loss=0.0842]
Ep   9 [train]:  47%|████▋     | 68/145 [00:30<00:31,  2.44it/s, loss=0.0842]
Ep   9 [train]:  47%|████▋     | 68/145 [00:31<00:31,  2.44it/s, loss=0.0694]
Ep   9 [train]:  48%|████▊     | 69/145 [00:31<00:36,  2.07it/s, loss=0.0694]
Ep   9 [train]:  48%|████▊     | 69/145 [00:31<00:36,  2.07it/s, loss=0.0791]
Ep   9 [train]:  48%|████▊     | 70/145 [00:31<00:30,  2.44it/s, loss=0.0791]
Ep   9 [train]:  48%|████▊     | 70/145 [00:32<00:30,  2.44it/s, loss=0.0823]
Ep   9 [train]:  49%|████▉     | 71/145 [00:32<00:38,  1.94it/s, loss=0.0823]
Ep   9 [train]:  49%|████▉     | 71/145 [00:32<00:38,  1.94it/s, loss=0.0745]
Ep   9 [train]:  50%|████▉     | 72/145 [00:32<00:30,  2.41it/s, loss=0.0745]
Ep   9 [train]:  50%|████▉     | 72/145 [00:33<00:30,  2.41it/s, loss=0.0829]
Ep   9 [train]:  50%|█████     | 73/145 [00:33<00:36,  1.98it/s, loss=0.0829]
Ep   9 [train]:  50%|█████     | 73/145 [00:33<00:36,  1.98it/s, loss=0.0759]
Ep   9 [train]:  51%|█████     | 74/145 [00:33<00:29,  2.39it/s, loss=0.0759]
Ep   9 [train]:  51%|█████     | 74/145 [00:34<00:29,  2.39it/s, loss=0.0786]
Ep   9 [train]:  52%|█████▏    | 75/145 [00:34<00:35,  1.96it/s, loss=0.0786]
Ep   9 [train]:  52%|█████▏    | 75/145 [00:34<00:35,  1.96it/s, loss=0.0859]
Ep   9 [train]:  52%|█████▏    | 76/145 [00:34<00:28,  2.41it/s, loss=0.0859]
Ep   9 [train]:  52%|█████▏    | 76/145 [00:35<00:28,  2.41it/s, loss=0.0759]
Ep   9 [train]:  53%|█████▎    | 77/145 [00:35<00:31,  2.13it/s, loss=0.0759]
Ep   9 [train]:  53%|█████▎    | 77/145 [00:35<00:31,  2.13it/s, loss=0.0804]
Ep   9 [train]:  54%|█████▍    | 78/145 [00:35<00:25,  2.59it/s, loss=0.0804]
Ep   9 [train]:  54%|█████▍    | 78/145 [00:35<00:25,  2.59it/s, loss=0.0837]
Ep   9 [train]:  54%|█████▍    | 79/145 [00:35<00:31,  2.08it/s, loss=0.0837]
Ep   9 [train]:  54%|█████▍    | 79/145 [00:36<00:31,  2.08it/s, loss=0.0790]
Ep   9 [train]:  55%|█████▌    | 80/145 [00:36<00:27,  2.36it/s, loss=0.0790]
Ep   9 [train]:  55%|█████▌    | 80/145 [00:36<00:27,  2.36it/s, loss=0.0784]
Ep   9 [train]:  56%|█████▌    | 81/145 [00:36<00:32,  1.94it/s, loss=0.0784]
Ep   9 [train]:  56%|█████▌    | 81/145 [00:37<00:32,  1.94it/s, loss=0.0823]
Ep   9 [train]:  57%|█████▋    | 82/145 [00:37<00:26,  2.40it/s, loss=0.0823]
Ep   9 [train]:  57%|█████▋    | 82/145 [00:37<00:26,  2.40it/s, loss=0.0863]
Ep   9 [train]:  57%|█████▋    | 83/145 [00:37<00:31,  1.95it/s, loss=0.0863]
Ep   9 [train]:  57%|█████▋    | 83/145 [00:38<00:31,  1.95it/s, loss=0.0778]
Ep   9 [train]:  58%|█████▊    | 84/145 [00:38<00:25,  2.40it/s, loss=0.0778]
Ep   9 [train]:  58%|█████▊    | 84/145 [00:38<00:25,  2.40it/s, loss=0.0749]
Ep   9 [train]:  59%|█████▊    | 85/145 [00:38<00:30,  1.94it/s, loss=0.0749]
Ep   9 [train]:  59%|█████▊    | 85/145 [00:39<00:30,  1.94it/s, loss=0.0764]
Ep   9 [train]:  59%|█████▉    | 86/145 [00:39<00:24,  2.40it/s, loss=0.0764]
Ep   9 [train]:  59%|█████▉    | 86/145 [00:39<00:24,  2.40it/s, loss=0.0807]
Ep   9 [train]:  60%|██████    | 87/145 [00:39<00:28,  2.03it/s, loss=0.0807]
Ep   9 [train]:  60%|██████    | 87/145 [00:40<00:28,  2.03it/s, loss=0.0859]
Ep   9 [train]:  61%|██████    | 88/145 [00:40<00:24,  2.30it/s, loss=0.0859]
Ep   9 [train]:  61%|██████    | 88/145 [00:40<00:24,  2.30it/s, loss=0.0829]
Ep   9 [train]:  61%|██████▏   | 89/145 [00:40<00:27,  2.01it/s, loss=0.0829]
Ep   9 [train]:  61%|██████▏   | 89/145 [00:40<00:27,  2.01it/s, loss=0.0865]
Ep   9 [train]:  62%|██████▏   | 90/145 [00:40<00:24,  2.23it/s, loss=0.0865]
Ep   9 [train]:  62%|██████▏   | 90/145 [00:41<00:24,  2.23it/s, loss=0.0793]
Ep   9 [train]:  63%|██████▎   | 91/145 [00:41<00:26,  2.06it/s, loss=0.0793]
Ep   9 [train]:  63%|██████▎   | 91/145 [00:42<00:26,  2.06it/s, loss=0.0806]
Ep   9 [train]:  63%|██████▎   | 92/145 [00:42<00:25,  2.07it/s, loss=0.0806]
Ep   9 [train]:  63%|██████▎   | 92/145 [00:42<00:25,  2.07it/s, loss=0.0840]
Ep   9 [train]:  64%|██████▍   | 93/145 [00:42<00:25,  2.05it/s, loss=0.0840]
Ep   9 [train]:  64%|██████▍   | 93/145 [00:43<00:25,  2.05it/s, loss=0.0789]
Ep   9 [train]:  65%|██████▍   | 94/145 [00:43<00:25,  2.03it/s, loss=0.0789]
Ep   9 [train]:  65%|██████▍   | 94/145 [00:43<00:25,  2.03it/s, loss=0.0778]
Ep   9 [train]:  66%|██████▌   | 95/145 [00:43<00:23,  2.09it/s, loss=0.0778]
Ep   9 [train]:  66%|██████▌   | 95/145 [00:43<00:23,  2.09it/s, loss=0.0864]
Ep   9 [train]:  66%|██████▌   | 96/145 [00:43<00:23,  2.11it/s, loss=0.0864]
Ep   9 [train]:  66%|██████▌   | 96/145 [00:44<00:23,  2.11it/s, loss=0.0884]
Ep   9 [train]:  67%|██████▋   | 97/145 [00:44<00:21,  2.24it/s, loss=0.0884]
Ep   9 [train]:  67%|██████▋   | 97/145 [00:44<00:21,  2.24it/s, loss=0.0908]
Ep   9 [train]:  68%|██████▊   | 98/145 [00:44<00:22,  2.07it/s, loss=0.0908]
Ep   9 [train]:  68%|██████▊   | 98/145 [00:45<00:22,  2.07it/s, loss=0.0831]
Ep   9 [train]:  68%|██████▊   | 99/145 [00:45<00:20,  2.22it/s, loss=0.0831]
Ep   9 [train]:  68%|██████▊   | 99/145 [00:45<00:20,  2.22it/s, loss=0.0795]
Ep   9 [train]:  69%|██████▉   | 100/145 [00:45<00:21,  2.11it/s, loss=0.0795]
Ep   9 [train]:  69%|██████▉   | 100/145 [00:46<00:21,  2.11it/s, loss=0.0751]
Ep   9 [train]:  70%|██████▉   | 101/145 [00:46<00:19,  2.22it/s, loss=0.0751]
Ep   9 [train]:  70%|██████▉   | 101/145 [00:46<00:19,  2.22it/s, loss=0.0845]
Ep   9 [train]:  70%|███████   | 102/145 [00:46<00:20,  2.08it/s, loss=0.0845]
Ep   9 [train]:  70%|███████   | 102/145 [00:47<00:20,  2.08it/s, loss=0.0795]
Ep   9 [train]:  71%|███████   | 103/145 [00:47<00:19,  2.10it/s, loss=0.0795]
Ep   9 [train]:  71%|███████   | 103/145 [00:47<00:19,  2.10it/s, loss=0.0823]
Ep   9 [train]:  72%|███████▏  | 104/145 [00:47<00:19,  2.08it/s, loss=0.0823]
Ep   9 [train]:  72%|███████▏  | 104/145 [00:48<00:19,  2.08it/s, loss=0.0834]
Ep   9 [train]:  72%|███████▏  | 105/145 [00:48<00:19,  2.02it/s, loss=0.0834]
Ep   9 [train]:  72%|███████▏  | 105/145 [00:48<00:19,  2.02it/s, loss=0.0837]
Ep   9 [train]:  73%|███████▎  | 106/145 [00:48<00:18,  2.06it/s, loss=0.0837]
Ep   9 [train]:  73%|███████▎  | 106/145 [00:49<00:18,  2.06it/s, loss=0.0799]
Ep   9 [train]:  74%|███████▍  | 107/145 [00:49<00:18,  2.03it/s, loss=0.0799]
Ep   9 [train]:  74%|███████▍  | 107/145 [00:49<00:18,  2.03it/s, loss=0.0822]
Ep   9 [train]:  74%|███████▍  | 108/145 [00:49<00:17,  2.12it/s, loss=0.0822]
Ep   9 [train]:  74%|███████▍  | 108/145 [00:50<00:17,  2.12it/s, loss=0.0725]
Ep   9 [train]:  75%|███████▌  | 109/145 [00:50<00:18,  1.96it/s, loss=0.0725]
Ep   9 [train]:  75%|███████▌  | 109/145 [00:50<00:18,  1.96it/s, loss=0.0785]
Ep   9 [train]:  76%|███████▌  | 110/145 [00:50<00:16,  2.16it/s, loss=0.0785]
Ep   9 [train]:  76%|███████▌  | 110/145 [00:51<00:16,  2.16it/s, loss=0.0878]
Ep   9 [train]:  77%|███████▋  | 111/145 [00:51<00:17,  1.90it/s, loss=0.0878]
Ep   9 [train]:  77%|███████▋  | 111/145 [00:51<00:17,  1.90it/s, loss=0.0769]
Ep   9 [train]:  77%|███████▋  | 112/145 [00:51<00:14,  2.31it/s, loss=0.0769]
Ep   9 [train]:  77%|███████▋  | 112/145 [00:52<00:14,  2.31it/s, loss=0.0773]
Ep   9 [train]:  78%|███████▊  | 113/145 [00:52<00:17,  1.82it/s, loss=0.0773]
Ep   9 [train]:  78%|███████▊  | 113/145 [00:52<00:17,  1.82it/s, loss=0.0760]
Ep   9 [train]:  79%|███████▊  | 114/145 [00:52<00:13,  2.26it/s, loss=0.0760]
Ep   9 [train]:  79%|███████▊  | 114/145 [00:53<00:13,  2.26it/s, loss=0.0799]
Ep   9 [train]:  79%|███████▉  | 115/145 [00:53<00:15,  1.88it/s, loss=0.0799]
Ep   9 [train]:  79%|███████▉  | 115/145 [00:53<00:15,  1.88it/s, loss=0.0798]
Ep   9 [train]:  80%|████████  | 116/145 [00:53<00:12,  2.35it/s, loss=0.0798]
Ep   9 [train]:  80%|████████  | 116/145 [00:54<00:12,  2.35it/s, loss=0.0718]
Ep   9 [train]:  81%|████████  | 117/145 [00:54<00:13,  2.06it/s, loss=0.0718]
Ep   9 [train]:  81%|████████  | 117/145 [00:54<00:13,  2.06it/s, loss=0.0743]
Ep   9 [train]:  81%|████████▏ | 118/145 [00:54<00:10,  2.55it/s, loss=0.0743]
Ep   9 [train]:  81%|████████▏ | 118/145 [00:54<00:10,  2.55it/s, loss=0.0771]
Ep   9 [train]:  82%|████████▏ | 119/145 [00:54<00:12,  2.09it/s, loss=0.0771]
Ep   9 [train]:  82%|████████▏ | 119/145 [00:55<00:12,  2.09it/s, loss=0.0839]
Ep   9 [train]:  83%|████████▎ | 120/145 [00:55<00:09,  2.56it/s, loss=0.0839]
Ep   9 [train]:  83%|████████▎ | 120/145 [00:55<00:09,  2.56it/s, loss=0.0841]
Ep   9 [train]:  83%|████████▎ | 121/145 [00:55<00:11,  2.08it/s, loss=0.0841]
Ep   9 [train]:  83%|████████▎ | 121/145 [00:55<00:11,  2.08it/s, loss=0.0920]
Ep   9 [train]:  84%|████████▍ | 122/145 [00:55<00:09,  2.55it/s, loss=0.0920]
Ep   9 [train]:  84%|████████▍ | 122/145 [00:56<00:09,  2.55it/s, loss=0.0793]
Ep   9 [train]:  85%|████████▍ | 123/145 [00:56<00:10,  2.03it/s, loss=0.0793]
Ep   9 [train]:  85%|████████▍ | 123/145 [00:56<00:10,  2.03it/s, loss=0.0896]
Ep   9 [train]:  86%|████████▌ | 124/145 [00:56<00:08,  2.53it/s, loss=0.0896]
Ep   9 [train]:  86%|████████▌ | 124/145 [00:57<00:08,  2.53it/s, loss=0.0797]
Ep   9 [train]:  86%|████████▌ | 125/145 [00:57<00:10,  1.99it/s, loss=0.0797]
Ep   9 [train]:  86%|████████▌ | 125/145 [00:57<00:10,  1.99it/s, loss=0.0760]
Ep   9 [train]:  87%|████████▋ | 126/145 [00:57<00:07,  2.44it/s, loss=0.0760]
Ep   9 [train]:  87%|████████▋ | 126/145 [00:58<00:07,  2.44it/s, loss=0.0864]
Ep   9 [train]:  88%|████████▊ | 127/145 [00:58<00:08,  2.16it/s, loss=0.0864]
Ep   9 [train]:  88%|████████▊ | 127/145 [00:58<00:08,  2.16it/s, loss=0.0798]
Ep   9 [train]:  88%|████████▊ | 128/145 [00:58<00:06,  2.61it/s, loss=0.0798]
Ep   9 [train]:  88%|████████▊ | 128/145 [00:59<00:06,  2.61it/s, loss=0.0793]
Ep   9 [train]:  89%|████████▉ | 129/145 [00:59<00:07,  2.22it/s, loss=0.0793]
Ep   9 [train]:  89%|████████▉ | 129/145 [00:59<00:07,  2.22it/s, loss=0.0808]
Ep   9 [train]:  90%|████████▉ | 130/145 [00:59<00:05,  2.71it/s, loss=0.0808]
Ep   9 [train]:  90%|████████▉ | 130/145 [01:00<00:05,  2.71it/s, loss=0.0760]
Ep   9 [train]:  90%|█████████ | 131/145 [01:00<00:06,  2.06it/s, loss=0.0760]
Ep   9 [train]:  90%|█████████ | 131/145 [01:00<00:06,  2.06it/s, loss=0.0794]
Ep   9 [train]:  91%|█████████ | 132/145 [01:00<00:05,  2.53it/s, loss=0.0794]
Ep   9 [train]:  91%|█████████ | 132/145 [01:01<00:05,  2.53it/s, loss=0.0876]
Ep   9 [train]:  92%|█████████▏| 133/145 [01:01<00:05,  2.01it/s, loss=0.0876]
Ep   9 [train]:  92%|█████████▏| 133/145 [01:01<00:05,  2.01it/s, loss=0.0874]
Ep   9 [train]:  92%|█████████▏| 134/145 [01:01<00:04,  2.46it/s, loss=0.0874]
Ep   9 [train]:  92%|█████████▏| 134/145 [01:02<00:04,  2.46it/s, loss=0.0740]
Ep   9 [train]:  93%|█████████▎| 135/145 [01:02<00:05,  1.93it/s, loss=0.0740]
Ep   9 [train]:  93%|█████████▎| 135/145 [01:02<00:05,  1.93it/s, loss=0.0844]
Ep   9 [train]:  94%|█████████▍| 136/145 [01:02<00:03,  2.39it/s, loss=0.0844]
Ep   9 [train]:  94%|█████████▍| 136/145 [01:02<00:03,  2.39it/s, loss=0.0726]
Ep   9 [train]:  94%|█████████▍| 137/145 [01:02<00:04,  1.91it/s, loss=0.0726]
Ep   9 [train]:  94%|█████████▍| 137/145 [01:03<00:04,  1.91it/s, loss=0.0769]
Ep   9 [train]:  95%|█████████▌| 138/145 [01:03<00:02,  2.37it/s, loss=0.0769]
Ep   9 [train]:  95%|█████████▌| 138/145 [01:03<00:02,  2.37it/s, loss=0.0870]
Ep   9 [train]:  96%|█████████▌| 139/145 [01:03<00:03,  1.84it/s, loss=0.0870]
Ep   9 [train]:  96%|█████████▌| 139/145 [01:04<00:03,  1.84it/s, loss=0.0721]
Ep   9 [train]:  97%|█████████▋| 140/145 [01:04<00:02,  2.27it/s, loss=0.0721]
Ep   9 [train]:  97%|█████████▋| 140/145 [01:04<00:02,  2.27it/s, loss=0.0947]
Ep   9 [train]:  97%|█████████▋| 141/145 [01:04<00:02,  1.89it/s, loss=0.0947]
Ep   9 [train]:  97%|█████████▋| 141/145 [01:05<00:02,  1.89it/s, loss=0.0799]
Ep   9 [train]:  98%|█████████▊| 142/145 [01:05<00:01,  2.37it/s, loss=0.0799]
Ep   9 [train]:  98%|█████████▊| 142/145 [01:05<00:01,  2.37it/s, loss=0.0837]
Ep   9 [train]:  99%|█████████▊| 143/145 [01:05<00:01,  1.98it/s, loss=0.0837]
Ep   9 [train]:  99%|█████████▊| 143/145 [01:05<00:01,  1.98it/s, loss=0.0833]
Ep   9 [train]:  99%|█████████▉| 144/145 [01:05<00:00,  2.46it/s, loss=0.0833]
Ep   9 [train]:  99%|█████████▉| 144/145 [01:06<00:00,  2.46it/s, loss=0.0801]
Ep   9 [train]: 100%|██████████| 145/145 [01:06<00:00,  2.19it/s, loss=0.0801]
                                                                              
  Ep   9 [train]  loss=0.0807  rmse_c=0.2401  mae_c=0.2163  r2_c=0.008  rmse_h=0.3238  mae_h=0.2430  r2_h=0.391  sup=0.328

Ep   9 [val  ]:   0%|          | 0/39 [00:00<?, ?it/s]
Ep   9 [val  ]:   0%|          | 0/39 [00:00<?, ?it/s, loss=0.1011]
Ep   9 [val  ]:   3%|▎         | 1/39 [00:00<00:36,  1.05it/s, loss=0.1011]
Ep   9 [val  ]:   3%|▎         | 1/39 [00:01<00:36,  1.05it/s, loss=0.0947]
Ep   9 [val  ]:   5%|▌         | 2/39 [00:01<00:17,  2.18it/s, loss=0.0947]
Ep   9 [val  ]:   5%|▌         | 2/39 [00:01<00:17,  2.18it/s, loss=0.0787]
Ep   9 [val  ]:   8%|▊         | 3/39 [00:01<00:18,  1.92it/s, loss=0.0787]
Ep   9 [val  ]:   8%|▊         | 3/39 [00:01<00:18,  1.92it/s, loss=0.0746]
Ep   9 [val  ]:  10%|█         | 4/39 [00:01<00:14,  2.41it/s, loss=0.0746]
Ep   9 [val  ]:  10%|█         | 4/39 [00:02<00:14,  2.41it/s, loss=0.0778]
Ep   9 [val  ]:  13%|█▎        | 5/39 [00:02<00:15,  2.22it/s, loss=0.0778]
Ep   9 [val  ]:  13%|█▎        | 5/39 [00:02<00:15,  2.22it/s, loss=0.0878]
Ep   9 [val  ]:  15%|█▌        | 6/39 [00:02<00:13,  2.40it/s, loss=0.0878]
Ep   9 [val  ]:  15%|█▌        | 6/39 [00:03<00:13,  2.40it/s, loss=0.0776]
Ep   9 [val  ]:  18%|█▊        | 7/39 [00:03<00:12,  2.50it/s, loss=0.0776]
Ep   9 [val  ]:  18%|█▊        | 7/39 [00:03<00:12,  2.50it/s, loss=0.0763]
Ep   9 [val  ]:  21%|██        | 8/39 [00:03<00:13,  2.29it/s, loss=0.0763]
Ep   9 [val  ]:  21%|██        | 8/39 [00:03<00:13,  2.29it/s, loss=0.0792]
Ep   9 [val  ]:  23%|██▎       | 9/39 [00:03<00:10,  2.75it/s, loss=0.0792]
Ep   9 [val  ]:  23%|██▎       | 9/39 [00:04<00:10,  2.75it/s, loss=0.0737]
Ep   9 [val  ]:  26%|██▌       | 10/39 [00:04<00:14,  2.01it/s, loss=0.0737]
Ep   9 [val  ]:  26%|██▌       | 10/39 [00:04<00:14,  2.01it/s, loss=0.0772]
Ep   9 [val  ]:  26%|██▌       | 10/39 [00:05<00:14,  2.01it/s, loss=0.0768]
Ep   9 [val  ]:  31%|███       | 12/39 [00:05<00:12,  2.16it/s, loss=0.0768]
Ep   9 [val  ]:  31%|███       | 12/39 [00:05<00:12,  2.16it/s, loss=0.0789]
Ep   9 [val  ]:  31%|███       | 12/39 [00:06<00:12,  2.16it/s, loss=0.0891]
Ep   9 [val  ]:  36%|███▌      | 14/39 [00:06<00:11,  2.27it/s, loss=0.0891]
Ep   9 [val  ]:  36%|███▌      | 14/39 [00:06<00:11,  2.27it/s, loss=0.1012]
Ep   9 [val  ]:  36%|███▌      | 14/39 [00:07<00:11,  2.27it/s, loss=0.1029]
Ep   9 [val  ]:  41%|████      | 16/39 [00:07<00:10,  2.28it/s, loss=0.1029]
Ep   9 [val  ]:  41%|████      | 16/39 [00:07<00:10,  2.28it/s, loss=0.0989]
Ep   9 [val  ]:  41%|████      | 16/39 [00:08<00:10,  2.28it/s, loss=0.0912]
Ep   9 [val  ]:  46%|████▌     | 18/39 [00:08<00:09,  2.28it/s, loss=0.0912]
Ep   9 [val  ]:  46%|████▌     | 18/39 [00:08<00:09,  2.28it/s, loss=0.0798]
Ep   9 [val  ]:  46%|████▌     | 18/39 [00:09<00:09,  2.28it/s, loss=0.1241]
Ep   9 [val  ]:  51%|█████▏    | 20/39 [00:09<00:08,  2.23it/s, loss=0.1241]
Ep   9 [val  ]:  51%|█████▏    | 20/39 [00:09<00:08,  2.23it/s, loss=0.0611]
Ep   9 [val  ]:  51%|█████▏    | 20/39 [00:09<00:08,  2.23it/s, loss=0.0817]
Ep   9 [val  ]:  56%|█████▋    | 22/39 [00:09<00:07,  2.31it/s, loss=0.0817]
Ep   9 [val  ]:  56%|█████▋    | 22/39 [00:09<00:07,  2.31it/s, loss=0.0642]
Ep   9 [val  ]:  56%|█████▋    | 22/39 [00:10<00:07,  2.31it/s, loss=0.0674]
Ep   9 [val  ]:  62%|██████▏   | 24/39 [00:10<00:06,  2.36it/s, loss=0.0674]
Ep   9 [val  ]:  62%|██████▏   | 24/39 [00:10<00:06,  2.36it/s, loss=0.0668]
Ep   9 [val  ]:  62%|██████▏   | 24/39 [00:11<00:06,  2.36it/s, loss=0.0743]
Ep   9 [val  ]:  67%|██████▋   | 26/39 [00:11<00:05,  2.47it/s, loss=0.0743]
Ep   9 [val  ]:  67%|██████▋   | 26/39 [00:11<00:05,  2.47it/s, loss=0.0837]
Ep   9 [val  ]:  67%|██████▋   | 26/39 [00:12<00:05,  2.47it/s, loss=0.1223]
Ep   9 [val  ]:  72%|███████▏  | 28/39 [00:12<00:04,  2.52it/s, loss=0.1223]
Ep   9 [val  ]:  72%|███████▏  | 28/39 [00:12<00:04,  2.52it/s, loss=0.0950]
Ep   9 [val  ]:  72%|███████▏  | 28/39 [00:12<00:04,  2.52it/s, loss=0.0878]
Ep   9 [val  ]:  77%|███████▋  | 30/39 [00:12<00:03,  2.56it/s, loss=0.0878]
Ep   9 [val  ]:  77%|███████▋  | 30/39 [00:12<00:03,  2.56it/s, loss=0.0840]
Ep   9 [val  ]:  77%|███████▋  | 30/39 [00:13<00:03,  2.56it/s, loss=0.0757]
Ep   9 [val  ]:  82%|████████▏ | 32/39 [00:13<00:02,  2.62it/s, loss=0.0757]
Ep   9 [val  ]:  82%|████████▏ | 32/39 [00:13<00:02,  2.62it/s, loss=0.0742]
Ep   9 [val  ]:  82%|████████▏ | 32/39 [00:14<00:02,  2.62it/s, loss=0.0741]
Ep   9 [val  ]:  87%|████████▋ | 34/39 [00:14<00:01,  2.61it/s, loss=0.0741]
Ep   9 [val  ]:  87%|████████▋ | 34/39 [00:14<00:01,  2.61it/s, loss=0.0797]
Ep   9 [val  ]:  90%|████████▉ | 35/39 [00:14<00:01,  3.00it/s, loss=0.0797]
Ep   9 [val  ]:  90%|████████▉ | 35/39 [00:15<00:01,  3.00it/s, loss=0.0748]
Ep   9 [val  ]:  92%|█████████▏| 36/39 [00:15<00:01,  2.38it/s, loss=0.0748]
Ep   9 [val  ]:  92%|█████████▏| 36/39 [00:15<00:01,  2.38it/s, loss=0.0736]
Ep   9 [val  ]:  92%|█████████▏| 36/39 [00:15<00:01,  2.38it/s, loss=0.0665]
Ep   9 [val  ]:  97%|█████████▋| 38/39 [00:15<00:00,  2.49it/s, loss=0.0665]
Ep   9 [val  ]:  97%|█████████▋| 38/39 [00:15<00:00,  2.49it/s, loss=0.0756]
                                                                            
  Ep   9 [val  ]  loss=0.0827  rmse_c=0.2520  mae_c=0.2202  r2_c=-0.043  rmse_h=0.3365  mae_h=0.2386  r2_h=0.294  sup=0.308

Ep  10 [train]:   0%|          | 0/145 [00:00<?, ?it/s]
Ep  10 [train]:   0%|          | 0/145 [00:01<?, ?it/s, loss=0.0917]
Ep  10 [train]:   1%|          | 1/145 [00:01<02:41,  1.12s/it, loss=0.0917]
Ep  10 [train]:   1%|          | 1/145 [00:01<02:41,  1.12s/it, loss=0.0809]
Ep  10 [train]:   1%|▏         | 2/145 [00:01<01:22,  1.74it/s, loss=0.0809]
Ep  10 [train]:   1%|▏         | 2/145 [00:01<01:22,  1.74it/s, loss=0.0767]
Ep  10 [train]:   2%|▏         | 3/145 [00:01<01:26,  1.65it/s, loss=0.0767]
Ep  10 [train]:   2%|▏         | 3/145 [00:02<01:26,  1.65it/s, loss=0.0771]
Ep  10 [train]:   3%|▎         | 4/145 [00:02<01:02,  2.24it/s, loss=0.0771]
Ep  10 [train]:   3%|▎         | 4/145 [00:02<01:02,  2.24it/s, loss=0.0848]
Ep  10 [train]:   3%|▎         | 5/145 [00:02<01:16,  1.82it/s, loss=0.0848]
Ep  10 [train]:   3%|▎         | 5/145 [00:03<01:16,  1.82it/s, loss=0.0707]
Ep  10 [train]:   4%|▍         | 6/145 [00:03<00:59,  2.35it/s, loss=0.0707]
Ep  10 [train]:   4%|▍         | 6/145 [00:03<00:59,  2.35it/s, loss=0.0830]
Ep  10 [train]:   5%|▍         | 7/145 [00:03<01:12,  1.91it/s, loss=0.0830]
Ep  10 [train]:   5%|▍         | 7/145 [00:04<01:12,  1.91it/s, loss=0.0782]
Ep  10 [train]:   6%|▌         | 8/145 [00:04<00:57,  2.37it/s, loss=0.0782]
Ep  10 [train]:   6%|▌         | 8/145 [00:04<00:57,  2.37it/s, loss=0.0874]
Ep  10 [train]:   6%|▌         | 9/145 [00:04<01:10,  1.94it/s, loss=0.0874]
Ep  10 [train]:   6%|▌         | 9/145 [00:04<01:10,  1.94it/s, loss=0.0764]
Ep  10 [train]:   7%|▋         | 10/145 [00:04<00:56,  2.37it/s, loss=0.0764]
Ep  10 [train]:   7%|▋         | 10/145 [00:05<00:56,  2.37it/s, loss=0.0790]
Ep  10 [train]:   8%|▊         | 11/145 [00:05<01:07,  1.99it/s, loss=0.0790]
Ep  10 [train]:   8%|▊         | 11/145 [00:05<01:07,  1.99it/s, loss=0.0836]
Ep  10 [train]:   8%|▊         | 12/145 [00:05<00:54,  2.43it/s, loss=0.0836]
Ep  10 [train]:   8%|▊         | 12/145 [00:06<00:54,  2.43it/s, loss=0.0773]
Ep  10 [train]:   9%|▉         | 13/145 [00:06<01:04,  2.06it/s, loss=0.0773]
Ep  10 [train]:   9%|▉         | 13/145 [00:06<01:04,  2.06it/s, loss=0.0863]
Ep  10 [train]:  10%|▉         | 14/145 [00:06<00:51,  2.54it/s, loss=0.0863]
Ep  10 [train]:  10%|▉         | 14/145 [00:07<00:51,  2.54it/s, loss=0.0835]
Ep  10 [train]:  10%|█         | 15/145 [00:07<01:06,  1.97it/s, loss=0.0835]
Ep  10 [train]:  10%|█         | 15/145 [00:07<01:06,  1.97it/s, loss=0.0786]
Ep  10 [train]:  11%|█         | 16/145 [00:07<00:53,  2.41it/s, loss=0.0786]
Ep  10 [train]:  11%|█         | 16/145 [00:08<00:53,  2.41it/s, loss=0.0771]
Ep  10 [train]:  12%|█▏        | 17/145 [00:08<00:57,  2.24it/s, loss=0.0771]
Ep  10 [train]:  12%|█▏        | 17/145 [00:08<00:57,  2.24it/s, loss=0.0814]
Ep  10 [train]:  12%|█▏        | 18/145 [00:08<00:48,  2.64it/s, loss=0.0814]
Ep  10 [train]:  12%|█▏        | 18/145 [00:09<00:48,  2.64it/s, loss=0.0730]
Ep  10 [train]:  13%|█▎        | 19/145 [00:09<00:58,  2.14it/s, loss=0.0730]
Ep  10 [train]:  13%|█▎        | 19/145 [00:09<00:58,  2.14it/s, loss=0.0861]
Ep  10 [train]:  14%|█▍        | 20/145 [00:09<00:48,  2.59it/s, loss=0.0861]
Ep  10 [train]:  14%|█▍        | 20/145 [00:09<00:48,  2.59it/s, loss=0.0740]
Ep  10 [train]:  14%|█▍        | 21/145 [00:09<00:59,  2.08it/s, loss=0.0740]
Ep  10 [train]:  14%|█▍        | 21/145 [00:10<00:59,  2.08it/s, loss=0.0815]
Ep  10 [train]:  15%|█▌        | 22/145 [00:10<00:49,  2.51it/s, loss=0.0815]
Ep  10 [train]:  15%|█▌        | 22/145 [00:10<00:49,  2.51it/s, loss=0.0776]
Ep  10 [train]:  16%|█▌        | 23/145 [00:10<01:02,  1.96it/s, loss=0.0776]
Ep  10 [train]:  16%|█▌        | 23/145 [00:11<01:02,  1.96it/s, loss=0.0890]
Ep  10 [train]:  17%|█▋        | 24/145 [00:11<00:50,  2.40it/s, loss=0.0890]
Ep  10 [train]:  17%|█▋        | 24/145 [00:11<00:50,  2.40it/s, loss=0.0781]
Ep  10 [train]:  17%|█▋        | 25/145 [00:11<00:57,  2.09it/s, loss=0.0781]
Ep  10 [train]:  17%|█▋        | 25/145 [00:11<00:57,  2.09it/s, loss=0.0706]
Ep  10 [train]:  18%|█▊        | 26/145 [00:11<00:46,  2.54it/s, loss=0.0706]
Ep  10 [train]:  18%|█▊        | 26/145 [00:12<00:46,  2.54it/s, loss=0.0768]
Ep  10 [train]:  19%|█▊        | 27/145 [00:12<00:58,  2.03it/s, loss=0.0768]
Ep  10 [train]:  19%|█▊        | 27/145 [00:12<00:58,  2.03it/s, loss=0.0797]
Ep  10 [train]:  19%|█▉        | 28/145 [00:12<00:46,  2.50it/s, loss=0.0797]
Ep  10 [train]:  19%|█▉        | 28/145 [00:13<00:46,  2.50it/s, loss=0.0795]
Ep  10 [train]:  20%|██        | 29/145 [00:13<00:57,  2.01it/s, loss=0.0795]
Ep  10 [train]:  20%|██        | 29/145 [00:13<00:57,  2.01it/s, loss=0.0831]
Ep  10 [train]:  21%|██        | 30/145 [00:13<00:46,  2.50it/s, loss=0.0831]
Ep  10 [train]:  21%|██        | 30/145 [00:14<00:46,  2.50it/s, loss=0.0746]
Ep  10 [train]:  21%|██▏       | 31/145 [00:14<00:58,  1.94it/s, loss=0.0746]
Ep  10 [train]:  21%|██▏       | 31/145 [00:14<00:58,  1.94it/s, loss=0.0760]
Ep  10 [train]:  22%|██▏       | 32/145 [00:14<00:46,  2.41it/s, loss=0.0760]
Ep  10 [train]:  22%|██▏       | 32/145 [00:15<00:46,  2.41it/s, loss=0.0734]
Ep  10 [train]:  23%|██▎       | 33/145 [00:15<00:52,  2.12it/s, loss=0.0734]
Ep  10 [train]:  23%|██▎       | 33/145 [00:15<00:52,  2.12it/s, loss=0.0863]
Ep  10 [train]:  23%|██▎       | 34/145 [00:15<00:43,  2.58it/s, loss=0.0863]
Ep  10 [train]:  23%|██▎       | 34/145 [00:16<00:43,  2.58it/s, loss=0.0828]
Ep  10 [train]:  24%|██▍       | 35/145 [00:16<00:52,  2.08it/s, loss=0.0828]
Ep  10 [train]:  24%|██▍       | 35/145 [00:16<00:52,  2.08it/s, loss=0.0757]
Ep  10 [train]:  25%|██▍       | 36/145 [00:16<00:43,  2.51it/s, loss=0.0757]
Ep  10 [train]:  25%|██▍       | 36/145 [00:17<00:43,  2.51it/s, loss=0.0825]
Ep  10 [train]:  26%|██▌       | 37/145 [00:17<00:52,  2.06it/s, loss=0.0825]
Ep  10 [train]:  26%|██▌       | 37/145 [00:17<00:52,  2.06it/s, loss=0.0886]
Ep  10 [train]:  26%|██▌       | 38/145 [00:17<00:42,  2.49it/s, loss=0.0886]
Ep  10 [train]:  26%|██▌       | 38/145 [00:17<00:42,  2.49it/s, loss=0.0817]
Ep  10 [train]:  27%|██▋       | 39/145 [00:17<00:51,  2.05it/s, loss=0.0817]
Ep  10 [train]:  27%|██▋       | 39/145 [00:18<00:51,  2.05it/s, loss=0.0864]
Ep  10 [train]:  28%|██▊       | 40/145 [00:18<00:41,  2.52it/s, loss=0.0864]
Ep  10 [train]:  28%|██▊       | 40/145 [00:18<00:41,  2.52it/s, loss=0.0734]
Ep  10 [train]:  28%|██▊       | 41/145 [00:18<00:50,  2.07it/s, loss=0.0734]
Ep  10 [train]:  28%|██▊       | 41/145 [00:19<00:50,  2.07it/s, loss=0.0748]
Ep  10 [train]:  29%|██▉       | 42/145 [00:19<00:40,  2.55it/s, loss=0.0748]
Ep  10 [train]:  29%|██▉       | 42/145 [00:19<00:40,  2.55it/s, loss=0.0749]
Ep  10 [train]:  30%|██▉       | 43/145 [00:19<00:48,  2.10it/s, loss=0.0749]
Ep  10 [train]:  30%|██▉       | 43/145 [00:19<00:48,  2.10it/s, loss=0.0858]
Ep  10 [train]:  30%|███       | 44/145 [00:19<00:38,  2.59it/s, loss=0.0858]
Ep  10 [train]:  30%|███       | 44/145 [00:20<00:38,  2.59it/s, loss=0.0829]
Ep  10 [train]:  31%|███       | 45/145 [00:20<00:47,  2.10it/s, loss=0.0829]
Ep  10 [train]:  31%|███       | 45/145 [00:20<00:47,  2.10it/s, loss=0.0809]
Ep  10 [train]:  32%|███▏      | 46/145 [00:20<00:38,  2.55it/s, loss=0.0809]
Ep  10 [train]:  32%|███▏      | 46/145 [00:21<00:38,  2.55it/s, loss=0.0780]
Ep  10 [train]:  32%|███▏      | 47/145 [00:21<00:46,  2.11it/s, loss=0.0780]
Ep  10 [train]:  32%|███▏      | 47/145 [00:21<00:46,  2.11it/s, loss=0.0819]
Ep  10 [train]:  33%|███▎      | 48/145 [00:21<00:38,  2.54it/s, loss=0.0819]
Ep  10 [train]:  33%|███▎      | 48/145 [00:22<00:38,  2.54it/s, loss=0.0855]
Ep  10 [train]:  34%|███▍      | 49/145 [00:22<00:45,  2.13it/s, loss=0.0855]
Ep  10 [train]:  34%|███▍      | 49/145 [00:22<00:45,  2.13it/s, loss=0.0784]
Ep  10 [train]:  34%|███▍      | 50/145 [00:22<00:36,  2.61it/s, loss=0.0784]
Ep  10 [train]:  34%|███▍      | 50/145 [00:23<00:36,  2.61it/s, loss=0.0780]
Ep  10 [train]:  35%|███▌      | 51/145 [00:23<00:44,  2.10it/s, loss=0.0780]
Ep  10 [train]:  35%|███▌      | 51/145 [00:23<00:44,  2.10it/s, loss=0.0941]
Ep  10 [train]:  36%|███▌      | 52/145 [00:23<00:36,  2.51it/s, loss=0.0941]
Ep  10 [train]:  36%|███▌      | 52/145 [00:24<00:36,  2.51it/s, loss=0.0790]
Ep  10 [train]:  37%|███▋      | 53/145 [00:24<00:44,  2.06it/s, loss=0.0790]
Ep  10 [train]:  37%|███▋      | 53/145 [00:24<00:44,  2.06it/s, loss=0.0813]
Ep  10 [train]:  37%|███▋      | 54/145 [00:24<00:35,  2.54it/s, loss=0.0813]
Ep  10 [train]:  37%|███▋      | 54/145 [00:24<00:35,  2.54it/s, loss=0.0701]
Ep  10 [train]:  38%|███▊      | 55/145 [00:24<00:43,  2.09it/s, loss=0.0701]
Ep  10 [train]:  38%|███▊      | 55/145 [00:25<00:43,  2.09it/s, loss=0.0753]
Ep  10 [train]:  39%|███▊      | 56/145 [00:25<00:35,  2.51it/s, loss=0.0753]
Ep  10 [train]:  39%|███▊      | 56/145 [00:25<00:35,  2.51it/s, loss=0.0833]
Ep  10 [train]:  39%|███▉      | 57/145 [00:25<00:43,  2.02it/s, loss=0.0833]
Ep  10 [train]:  39%|███▉      | 57/145 [00:26<00:43,  2.02it/s, loss=0.0800]
Ep  10 [train]:  40%|████      | 58/145 [00:26<00:35,  2.47it/s, loss=0.0800]
Ep  10 [train]:  40%|████      | 58/145 [00:26<00:35,  2.47it/s, loss=0.0731]
Ep  10 [train]:  41%|████      | 59/145 [00:26<00:43,  1.96it/s, loss=0.0731]
Ep  10 [train]:  41%|████      | 59/145 [00:26<00:43,  1.96it/s, loss=0.0842]
Ep  10 [train]:  41%|████▏     | 60/145 [00:26<00:35,  2.42it/s, loss=0.0842]
Ep  10 [train]:  41%|████▏     | 60/145 [00:27<00:35,  2.42it/s, loss=0.0814]
Ep  10 [train]:  42%|████▏     | 61/145 [00:27<00:41,  2.01it/s, loss=0.0814]
Ep  10 [train]:  42%|████▏     | 61/145 [00:27<00:41,  2.01it/s, loss=0.0787]
Ep  10 [train]:  43%|████▎     | 62/145 [00:27<00:33,  2.44it/s, loss=0.0787]
Ep  10 [train]:  43%|████▎     | 62/145 [00:28<00:33,  2.44it/s, loss=0.0874]
Ep  10 [train]:  43%|████▎     | 63/145 [00:28<00:41,  2.00it/s, loss=0.0874]
Ep  10 [train]:  43%|████▎     | 63/145 [00:28<00:41,  2.00it/s, loss=0.0806]
Ep  10 [train]:  44%|████▍     | 64/145 [00:28<00:33,  2.40it/s, loss=0.0806]
Ep  10 [train]:  44%|████▍     | 64/145 [00:29<00:33,  2.40it/s, loss=0.0742]
Ep  10 [train]:  45%|████▍     | 65/145 [00:29<00:38,  2.07it/s, loss=0.0742]
Ep  10 [train]:  45%|████▍     | 65/145 [00:29<00:38,  2.07it/s, loss=0.0762]
Ep  10 [train]:  46%|████▌     | 66/145 [00:29<00:30,  2.56it/s, loss=0.0762]
Ep  10 [train]:  46%|████▌     | 66/145 [00:30<00:30,  2.56it/s, loss=0.0766]
Ep  10 [train]:  46%|████▌     | 67/145 [00:30<00:37,  2.07it/s, loss=0.0766]
Ep  10 [train]:  46%|████▌     | 67/145 [00:30<00:37,  2.07it/s, loss=0.0847]
Ep  10 [train]:  47%|████▋     | 68/145 [00:30<00:30,  2.53it/s, loss=0.0847]
Ep  10 [train]:  47%|████▋     | 68/145 [00:31<00:30,  2.53it/s, loss=0.0737]
Ep  10 [train]:  48%|████▊     | 69/145 [00:31<00:37,  2.05it/s, loss=0.0737]
Ep  10 [train]:  48%|████▊     | 69/145 [00:31<00:37,  2.05it/s, loss=0.0802]
Ep  10 [train]:  48%|████▊     | 70/145 [00:31<00:29,  2.54it/s, loss=0.0802]
Ep  10 [train]:  48%|████▊     | 70/145 [00:32<00:29,  2.54it/s, loss=0.0785]
Ep  10 [train]:  49%|████▉     | 71/145 [00:32<00:35,  2.11it/s, loss=0.0785]
Ep  10 [train]:  49%|████▉     | 71/145 [00:32<00:35,  2.11it/s, loss=0.0817]
Ep  10 [train]:  50%|████▉     | 72/145 [00:32<00:28,  2.57it/s, loss=0.0817]
Ep  10 [train]:  50%|████▉     | 72/145 [00:32<00:28,  2.57it/s, loss=0.0817]
Ep  10 [train]:  50%|█████     | 73/145 [00:32<00:34,  2.08it/s, loss=0.0817]
Ep  10 [train]:  50%|█████     | 73/145 [00:33<00:34,  2.08it/s, loss=0.0772]
Ep  10 [train]:  51%|█████     | 74/145 [00:33<00:28,  2.48it/s, loss=0.0772]
Ep  10 [train]:  51%|█████     | 74/145 [00:33<00:28,  2.48it/s, loss=0.0748]
Ep  10 [train]:  52%|█████▏    | 75/145 [00:33<00:34,  2.06it/s, loss=0.0748]
Ep  10 [train]:  52%|█████▏    | 75/145 [00:34<00:34,  2.06it/s, loss=0.0806]
Ep  10 [train]:  52%|█████▏    | 76/145 [00:34<00:28,  2.44it/s, loss=0.0806]
Ep  10 [train]:  52%|█████▏    | 76/145 [00:34<00:28,  2.44it/s, loss=0.0732]
Ep  10 [train]:  53%|█████▎    | 77/145 [00:34<00:34,  1.96it/s, loss=0.0732]
Ep  10 [train]:  53%|█████▎    | 77/145 [00:35<00:34,  1.96it/s, loss=0.0822]
Ep  10 [train]:  54%|█████▍    | 78/145 [00:35<00:27,  2.42it/s, loss=0.0822]
Ep  10 [train]:  54%|█████▍    | 78/145 [00:35<00:27,  2.42it/s, loss=0.0804]
Ep  10 [train]:  54%|█████▍    | 79/145 [00:35<00:34,  1.93it/s, loss=0.0804]
Ep  10 [train]:  54%|█████▍    | 79/145 [00:36<00:34,  1.93it/s, loss=0.0801]
Ep  10 [train]:  55%|█████▌    | 80/145 [00:36<00:27,  2.32it/s, loss=0.0801]
Ep  10 [train]:  55%|█████▌    | 80/145 [00:36<00:27,  2.32it/s, loss=0.0753]
Ep  10 [train]:  56%|█████▌    | 81/145 [00:36<00:32,  1.96it/s, loss=0.0753]
Ep  10 [train]:  56%|█████▌    | 81/145 [00:36<00:32,  1.96it/s, loss=0.0781]
Ep  10 [train]:  57%|█████▋    | 82/145 [00:36<00:26,  2.37it/s, loss=0.0781]
Ep  10 [train]:  57%|█████▋    | 82/145 [00:37<00:26,  2.37it/s, loss=0.0795]
Ep  10 [train]:  57%|█████▋    | 83/145 [00:37<00:31,  2.00it/s, loss=0.0795]
Ep  10 [train]:  57%|█████▋    | 83/145 [00:37<00:31,  2.00it/s, loss=0.0762]
Ep  10 [train]:  58%|█████▊    | 84/145 [00:37<00:25,  2.36it/s, loss=0.0762]
Ep  10 [train]:  58%|█████▊    | 84/145 [00:38<00:25,  2.36it/s, loss=0.0725]
Ep  10 [train]:  59%|█████▊    | 85/145 [00:38<00:28,  2.08it/s, loss=0.0725]
Ep  10 [train]:  59%|█████▊    | 85/145 [00:38<00:28,  2.08it/s, loss=0.0706]
Ep  10 [train]:  59%|█████▉    | 86/145 [00:38<00:24,  2.36it/s, loss=0.0706]
Ep  10 [train]:  59%|█████▉    | 86/145 [00:39<00:24,  2.36it/s, loss=0.0770]
Ep  10 [train]:  60%|██████    | 87/145 [00:39<00:27,  2.08it/s, loss=0.0770]
Ep  10 [train]:  60%|██████    | 87/145 [00:39<00:27,  2.08it/s, loss=0.0819]
Ep  10 [train]:  61%|██████    | 88/145 [00:39<00:25,  2.26it/s, loss=0.0819]
Ep  10 [train]:  61%|██████    | 88/145 [00:40<00:25,  2.26it/s, loss=0.0795]
Ep  10 [train]:  61%|██████▏   | 89/145 [00:40<00:26,  2.12it/s, loss=0.0795]
Ep  10 [train]:  61%|██████▏   | 89/145 [00:40<00:26,  2.12it/s, loss=0.0789]
Ep  10 [train]:  62%|██████▏   | 90/145 [00:40<00:24,  2.22it/s, loss=0.0789]
Ep  10 [train]:  62%|██████▏   | 90/145 [00:41<00:24,  2.22it/s, loss=0.0812]
Ep  10 [train]:  63%|██████▎   | 91/145 [00:41<00:25,  2.13it/s, loss=0.0812]
Ep  10 [train]:  63%|██████▎   | 91/145 [00:41<00:25,  2.13it/s, loss=0.0883]
Ep  10 [train]:  63%|██████▎   | 92/145 [00:41<00:24,  2.19it/s, loss=0.0883]
Ep  10 [train]:  63%|██████▎   | 92/145 [00:42<00:24,  2.19it/s, loss=0.0762]
Ep  10 [train]:  64%|██████▍   | 93/145 [00:42<00:23,  2.20it/s, loss=0.0762]
Ep  10 [train]:  64%|██████▍   | 93/145 [00:42<00:23,  2.20it/s, loss=0.0723]
Ep  10 [train]:  65%|██████▍   | 94/145 [00:42<00:23,  2.21it/s, loss=0.0723]
Ep  10 [train]:  65%|██████▍   | 94/145 [00:42<00:23,  2.21it/s, loss=0.0863]
Ep  10 [train]:  66%|██████▌   | 95/145 [00:42<00:22,  2.18it/s, loss=0.0863]
Ep  10 [train]:  66%|██████▌   | 95/145 [00:43<00:22,  2.18it/s, loss=0.0843]
Ep  10 [train]:  66%|██████▌   | 96/145 [00:43<00:23,  2.11it/s, loss=0.0843]
Ep  10 [train]:  66%|██████▌   | 96/145 [00:43<00:23,  2.11it/s, loss=0.0769]
Ep  10 [train]:  67%|██████▋   | 97/145 [00:43<00:21,  2.22it/s, loss=0.0769]
Ep  10 [train]:  67%|██████▋   | 97/145 [00:44<00:21,  2.22it/s, loss=0.0763]
Ep  10 [train]:  68%|██████▊   | 98/145 [00:44<00:23,  2.02it/s, loss=0.0763]
Ep  10 [train]:  68%|██████▊   | 98/145 [00:44<00:23,  2.02it/s, loss=0.0814]
Ep  10 [train]:  68%|██████▊   | 99/145 [00:44<00:20,  2.23it/s, loss=0.0814]
Ep  10 [train]:  68%|██████▊   | 99/145 [00:45<00:20,  2.23it/s, loss=0.0814]
Ep  10 [train]:  69%|██████▉   | 100/145 [00:45<00:23,  1.92it/s, loss=0.0814]
Ep  10 [train]:  69%|██████▉   | 100/145 [00:45<00:23,  1.92it/s, loss=0.0769]
Ep  10 [train]:  70%|██████▉   | 101/145 [00:45<00:19,  2.31it/s, loss=0.0769]
Ep  10 [train]:  70%|██████▉   | 101/145 [00:46<00:19,  2.31it/s, loss=0.0769]
Ep  10 [train]:  70%|███████   | 102/145 [00:46<00:22,  1.92it/s, loss=0.0769]
Ep  10 [train]:  70%|███████   | 102/145 [00:46<00:22,  1.92it/s, loss=0.0924]
Ep  10 [train]:  71%|███████   | 103/145 [00:46<00:17,  2.34it/s, loss=0.0924]
Ep  10 [train]:  71%|███████   | 103/145 [00:47<00:17,  2.34it/s, loss=0.0771]
Ep  10 [train]:  72%|███████▏  | 104/145 [00:47<00:21,  1.87it/s, loss=0.0771]
Ep  10 [train]:  72%|███████▏  | 104/145 [00:47<00:21,  1.87it/s, loss=0.0807]
Ep  10 [train]:  72%|███████▏  | 105/145 [00:47<00:17,  2.32it/s, loss=0.0807]
Ep  10 [train]:  72%|███████▏  | 105/145 [00:48<00:17,  2.32it/s, loss=0.0792]
Ep  10 [train]:  73%|███████▎  | 106/145 [00:48<00:20,  1.93it/s, loss=0.0792]
Ep  10 [train]:  73%|███████▎  | 106/145 [00:48<00:20,  1.93it/s, loss=0.0837]
Ep  10 [train]:  74%|███████▍  | 107/145 [00:48<00:16,  2.33it/s, loss=0.0837]
Ep  10 [train]:  74%|███████▍  | 107/145 [00:49<00:16,  2.33it/s, loss=0.0798]
Ep  10 [train]:  74%|███████▍  | 108/145 [00:49<00:18,  2.03it/s, loss=0.0798]
Ep  10 [train]:  74%|███████▍  | 108/145 [00:49<00:18,  2.03it/s, loss=0.0854]
Ep  10 [train]:  75%|███████▌  | 109/145 [00:49<00:14,  2.49it/s, loss=0.0854]
Ep  10 [train]:  75%|███████▌  | 109/145 [00:50<00:14,  2.49it/s, loss=0.0841]
Ep  10 [train]:  76%|███████▌  | 110/145 [00:50<00:17,  2.03it/s, loss=0.0841]
Ep  10 [train]:  76%|███████▌  | 110/145 [00:50<00:17,  2.03it/s, loss=0.0814]
Ep  10 [train]:  77%|███████▋  | 111/145 [00:50<00:13,  2.49it/s, loss=0.0814]
Ep  10 [train]:  77%|███████▋  | 111/145 [00:50<00:13,  2.49it/s, loss=0.0754]
Ep  10 [train]:  77%|███████▋  | 112/145 [00:50<00:15,  2.07it/s, loss=0.0754]
Ep  10 [train]:  77%|███████▋  | 112/145 [00:51<00:15,  2.07it/s, loss=0.0842]
Ep  10 [train]:  78%|███████▊  | 113/145 [00:51<00:12,  2.52it/s, loss=0.0842]
Ep  10 [train]:  78%|███████▊  | 113/145 [00:51<00:12,  2.52it/s, loss=0.0756]
Ep  10 [train]:  79%|███████▊  | 114/145 [00:51<00:15,  2.01it/s, loss=0.0756]
Ep  10 [train]:  79%|███████▊  | 114/145 [00:52<00:15,  2.01it/s, loss=0.0856]
Ep  10 [train]:  79%|███████▉  | 115/145 [00:52<00:12,  2.41it/s, loss=0.0856]
Ep  10 [train]:  79%|███████▉  | 115/145 [00:52<00:12,  2.41it/s, loss=0.0814]
Ep  10 [train]:  80%|████████  | 116/145 [00:52<00:13,  2.10it/s, loss=0.0814]
Ep  10 [train]:  80%|████████  | 116/145 [00:52<00:13,  2.10it/s, loss=0.0762]
Ep  10 [train]:  81%|████████  | 117/145 [00:52<00:11,  2.49it/s, loss=0.0762]
Ep  10 [train]:  81%|████████  | 117/145 [00:53<00:11,  2.49it/s, loss=0.0770]
Ep  10 [train]:  81%|████████▏ | 118/145 [00:53<00:11,  2.27it/s, loss=0.0770]
Ep  10 [train]:  81%|████████▏ | 118/145 [00:53<00:11,  2.27it/s, loss=0.0699]
Ep  10 [train]:  82%|████████▏ | 119/145 [00:53<00:10,  2.57it/s, loss=0.0699]
Ep  10 [train]:  82%|████████▏ | 119/145 [00:54<00:10,  2.57it/s, loss=0.0753]
Ep  10 [train]:  83%|████████▎ | 120/145 [00:54<00:10,  2.44it/s, loss=0.0753]
Ep  10 [train]:  83%|████████▎ | 120/145 [00:54<00:10,  2.44it/s, loss=0.0770]
Ep  10 [train]:  83%|████████▎ | 121/145 [00:54<00:09,  2.50it/s, loss=0.0770]
Ep  10 [train]:  83%|████████▎ | 121/145 [00:55<00:09,  2.50it/s, loss=0.0807]
Ep  10 [train]:  84%|████████▍ | 122/145 [00:55<00:09,  2.54it/s, loss=0.0807]
Ep  10 [train]:  84%|████████▍ | 122/145 [00:55<00:09,  2.54it/s, loss=0.0730]
Ep  10 [train]:  85%|████████▍ | 123/145 [00:55<00:08,  2.59it/s, loss=0.0730]
Ep  10 [train]:  85%|████████▍ | 123/145 [00:55<00:08,  2.59it/s, loss=0.0747]
Ep  10 [train]:  86%|████████▌ | 124/145 [00:55<00:08,  2.59it/s, loss=0.0747]
Ep  10 [train]:  86%|████████▌ | 124/145 [00:56<00:08,  2.59it/s, loss=0.0735]
Ep  10 [train]:  86%|████████▌ | 125/145 [00:56<00:07,  2.56it/s, loss=0.0735]
Ep  10 [train]:  86%|████████▌ | 125/145 [00:56<00:07,  2.56it/s, loss=0.0776]
Ep  10 [train]:  87%|████████▋ | 126/145 [00:56<00:07,  2.56it/s, loss=0.0776]
Ep  10 [train]:  87%|████████▋ | 126/145 [00:57<00:07,  2.56it/s, loss=0.0797]
Ep  10 [train]:  88%|████████▊ | 127/145 [00:57<00:07,  2.41it/s, loss=0.0797]
Ep  10 [train]:  88%|████████▊ | 127/145 [00:57<00:07,  2.41it/s, loss=0.0735]
Ep  10 [train]:  88%|████████▊ | 128/145 [00:57<00:06,  2.51it/s, loss=0.0735]
Ep  10 [train]:  88%|████████▊ | 128/145 [00:57<00:06,  2.51it/s, loss=0.0714]
Ep  10 [train]:  89%|████████▉ | 129/145 [00:57<00:07,  2.21it/s, loss=0.0714]
Ep  10 [train]:  89%|████████▉ | 129/145 [00:58<00:07,  2.21it/s, loss=0.0807]
Ep  10 [train]:  90%|████████▉ | 130/145 [00:58<00:06,  2.39it/s, loss=0.0807]
Ep  10 [train]:  90%|████████▉ | 130/145 [00:58<00:06,  2.39it/s, loss=0.0754]
Ep  10 [train]:  90%|█████████ | 131/145 [00:58<00:06,  2.20it/s, loss=0.0754]
Ep  10 [train]:  90%|█████████ | 131/145 [00:59<00:06,  2.20it/s, loss=0.0728]
Ep  10 [train]:  91%|█████████ | 132/145 [00:59<00:05,  2.33it/s, loss=0.0728]
Ep  10 [train]:  91%|█████████ | 132/145 [00:59<00:05,  2.33it/s, loss=0.0880]
Ep  10 [train]:  92%|█████████▏| 133/145 [00:59<00:05,  2.29it/s, loss=0.0880]
Ep  10 [train]:  92%|█████████▏| 133/145 [01:00<00:05,  2.29it/s, loss=0.0916]
Ep  10 [train]:  92%|█████████▏| 134/145 [01:00<00:04,  2.44it/s, loss=0.0916]
Ep  10 [train]:  92%|█████████▏| 134/145 [01:00<00:04,  2.44it/s, loss=0.0754]
Ep  10 [train]:  93%|█████████▎| 135/145 [01:00<00:04,  2.24it/s, loss=0.0754]
Ep  10 [train]:  93%|█████████▎| 135/145 [01:00<00:04,  2.24it/s, loss=0.0811]
Ep  10 [train]:  94%|█████████▍| 136/145 [01:00<00:03,  2.38it/s, loss=0.0811]
Ep  10 [train]:  94%|█████████▍| 136/145 [01:01<00:03,  2.38it/s, loss=0.0853]
Ep  10 [train]:  94%|█████████▍| 137/145 [01:01<00:03,  2.06it/s, loss=0.0853]
Ep  10 [train]:  94%|█████████▍| 137/145 [01:01<00:03,  2.06it/s, loss=0.0816]
Ep  10 [train]:  95%|█████████▌| 138/145 [01:01<00:03,  2.32it/s, loss=0.0816]
Ep  10 [train]:  95%|█████████▌| 138/145 [01:02<00:03,  2.32it/s, loss=0.0769]
Ep  10 [train]:  96%|█████████▌| 139/145 [01:02<00:02,  2.01it/s, loss=0.0769]
Ep  10 [train]:  96%|█████████▌| 139/145 [01:02<00:02,  2.01it/s, loss=0.0821]
Ep  10 [train]:  97%|█████████▋| 140/145 [01:02<00:02,  2.28it/s, loss=0.0821]
Ep  10 [train]:  97%|█████████▋| 140/145 [01:03<00:02,  2.28it/s, loss=0.0734]
Ep  10 [train]:  97%|█████████▋| 141/145 [01:03<00:01,  2.03it/s, loss=0.0734]
Ep  10 [train]:  97%|█████████▋| 141/145 [01:03<00:01,  2.03it/s, loss=0.0836]
Ep  10 [train]:  98%|█████████▊| 142/145 [01:03<00:01,  2.36it/s, loss=0.0836]
Ep  10 [train]:  98%|█████████▊| 142/145 [01:04<00:01,  2.36it/s, loss=0.0725]
Ep  10 [train]:  99%|█████████▊| 143/145 [01:04<00:01,  1.88it/s, loss=0.0725]
Ep  10 [train]:  99%|█████████▊| 143/145 [01:04<00:01,  1.88it/s, loss=0.0771]
Ep  10 [train]:  99%|█████████▉| 144/145 [01:04<00:00,  2.31it/s, loss=0.0771]
Ep  10 [train]:  99%|█████████▉| 144/145 [01:05<00:00,  2.31it/s, loss=0.0764]
Ep  10 [train]: 100%|██████████| 145/145 [01:05<00:00,  1.94it/s, loss=0.0764]
                                                                              
  Ep  10 [train]  loss=0.0794  rmse_c=0.2401  mae_c=0.2164  r2_c=0.011  rmse_h=0.3199  mae_h=0.2392  r2_h=0.407  sup=0.322

Ep  10 [val  ]:   0%|          | 0/39 [00:00<?, ?it/s]
Ep  10 [val  ]:   0%|          | 0/39 [00:01<?, ?it/s, loss=0.1091]
Ep  10 [val  ]:   3%|▎         | 1/39 [00:01<00:41,  1.08s/it, loss=0.1091]
Ep  10 [val  ]:   3%|▎         | 1/39 [00:01<00:41,  1.08s/it, loss=0.1030]
Ep  10 [val  ]:   3%|▎         | 1/39 [00:02<00:41,  1.08s/it, loss=0.0999]
Ep  10 [val  ]:   8%|▊         | 3/39 [00:02<00:22,  1.60it/s, loss=0.0999]
Ep  10 [val  ]:   8%|▊         | 3/39 [00:02<00:22,  1.60it/s, loss=0.0833]
Ep  10 [val  ]:  10%|█         | 4/39 [00:02<00:16,  2.11it/s, loss=0.0833]
Ep  10 [val  ]:  10%|█         | 4/39 [00:02<00:16,  2.11it/s, loss=0.0804]
Ep  10 [val  ]:  13%|█▎        | 5/39 [00:02<00:18,  1.79it/s, loss=0.0804]
Ep  10 [val  ]:  13%|█▎        | 5/39 [00:03<00:18,  1.79it/s, loss=0.1533]
Ep  10 [val  ]:  15%|█▌        | 6/39 [00:03<00:14,  2.20it/s, loss=0.1533]
Ep  10 [val  ]:  15%|█▌        | 6/39 [00:03<00:14,  2.20it/s, loss=0.0868]
Ep  10 [val  ]:  18%|█▊        | 7/39 [00:03<00:17,  1.86it/s, loss=0.0868]
Ep  10 [val  ]:  18%|█▊        | 7/39 [00:04<00:17,  1.86it/s, loss=0.0748]
Ep  10 [val  ]:  21%|██        | 8/39 [00:04<00:14,  2.13it/s, loss=0.0748]
Ep  10 [val  ]:  21%|██        | 8/39 [00:04<00:14,  2.13it/s, loss=0.0753]
Ep  10 [val  ]:  23%|██▎       | 9/39 [00:04<00:15,  1.95it/s, loss=0.0753]
Ep  10 [val  ]:  23%|██▎       | 9/39 [00:05<00:15,  1.95it/s, loss=0.0714]
Ep  10 [val  ]:  26%|██▌       | 10/39 [00:05<00:13,  2.09it/s, loss=0.0714]
Ep  10 [val  ]:  26%|██▌       | 10/39 [00:05<00:13,  2.09it/s, loss=0.0733]
Ep  10 [val  ]:  28%|██▊       | 11/39 [00:05<00:14,  1.94it/s, loss=0.0733]
Ep  10 [val  ]:  28%|██▊       | 11/39 [00:06<00:14,  1.94it/s, loss=0.0770]
Ep  10 [val  ]:  31%|███       | 12/39 [00:06<00:12,  2.19it/s, loss=0.0770]
Ep  10 [val  ]:  31%|███       | 12/39 [00:06<00:12,  2.19it/s, loss=0.0807]
Ep  10 [val  ]:  33%|███▎      | 13/39 [00:06<00:13,  1.91it/s, loss=0.0807]
Ep  10 [val  ]:  33%|███▎      | 13/39 [00:07<00:13,  1.91it/s, loss=0.1180]
Ep  10 [val  ]:  36%|███▌      | 14/39 [00:07<00:10,  2.28it/s, loss=0.1180]
Ep  10 [val  ]:  36%|███▌      | 14/39 [00:07<00:10,  2.28it/s, loss=0.1241]
Ep  10 [val  ]:  38%|███▊      | 15/39 [00:07<00:12,  1.98it/s, loss=0.1241]
Ep  10 [val  ]:  38%|███▊      | 15/39 [00:08<00:12,  1.98it/s, loss=0.1360]
Ep  10 [val  ]:  41%|████      | 16/39 [00:08<00:10,  2.25it/s, loss=0.1360]
Ep  10 [val  ]:  41%|████      | 16/39 [00:08<00:10,  2.25it/s, loss=0.1453]
Ep  10 [val  ]:  44%|████▎     | 17/39 [00:08<00:10,  2.09it/s, loss=0.1453]
Ep  10 [val  ]:  44%|████▎     | 17/39 [00:08<00:10,  2.09it/s, loss=0.1538]
Ep  10 [val  ]:  46%|████▌     | 18/39 [00:08<00:08,  2.39it/s, loss=0.1538]
Ep  10 [val  ]:  46%|████▌     | 18/39 [00:09<00:08,  2.39it/s, loss=0.1443]
Ep  10 [val  ]:  49%|████▊     | 19/39 [00:09<00:09,  2.18it/s, loss=0.1443]
Ep  10 [val  ]:  49%|████▊     | 19/39 [00:09<00:09,  2.18it/s, loss=0.0747]
Ep  10 [val  ]:  51%|█████▏    | 20/39 [00:09<00:07,  2.40it/s, loss=0.0747]
Ep  10 [val  ]:  51%|█████▏    | 20/39 [00:10<00:07,  2.40it/s, loss=0.0588]
Ep  10 [val  ]:  54%|█████▍    | 21/39 [00:10<00:08,  2.18it/s, loss=0.0588]
Ep  10 [val  ]:  54%|█████▍    | 21/39 [00:10<00:08,  2.18it/s, loss=0.0673]
Ep  10 [val  ]:  56%|█████▋    | 22/39 [00:10<00:07,  2.15it/s, loss=0.0673]
Ep  10 [val  ]:  56%|█████▋    | 22/39 [00:11<00:07,  2.15it/s, loss=0.0638]
Ep  10 [val  ]:  59%|█████▉    | 23/39 [00:11<00:07,  2.09it/s, loss=0.0638]
Ep  10 [val  ]:  59%|█████▉    | 23/39 [00:11<00:07,  2.09it/s, loss=0.0651]
Ep  10 [val  ]:  62%|██████▏   | 24/39 [00:11<00:06,  2.15it/s, loss=0.0651]
Ep  10 [val  ]:  62%|██████▏   | 24/39 [00:12<00:06,  2.15it/s, loss=0.0666]
Ep  10 [val  ]:  64%|██████▍   | 25/39 [00:12<00:06,  2.23it/s, loss=0.0666]
Ep  10 [val  ]:  64%|██████▍   | 25/39 [00:12<00:06,  2.23it/s, loss=0.0735]
Ep  10 [val  ]:  67%|██████▋   | 26/39 [00:12<00:05,  2.23it/s, loss=0.0735]
Ep  10 [val  ]:  67%|██████▋   | 26/39 [00:12<00:05,  2.23it/s, loss=0.0891]
Ep  10 [val  ]:  69%|██████▉   | 27/39 [00:12<00:04,  2.49it/s, loss=0.0891]
Ep  10 [val  ]:  69%|██████▉   | 27/39 [00:13<00:04,  2.49it/s, loss=0.1265]
Ep  10 [val  ]:  72%|███████▏  | 28/39 [00:13<00:04,  2.27it/s, loss=0.1265]
Ep  10 [val  ]:  72%|███████▏  | 28/39 [00:13<00:04,  2.27it/s, loss=0.0973]
Ep  10 [val  ]:  74%|███████▍  | 29/39 [00:13<00:04,  2.45it/s, loss=0.0973]
Ep  10 [val  ]:  74%|███████▍  | 29/39 [00:14<00:04,  2.45it/s, loss=0.0886]
Ep  10 [val  ]:  77%|███████▋  | 30/39 [00:14<00:03,  2.37it/s, loss=0.0886]
Ep  10 [val  ]:  77%|███████▋  | 30/39 [00:14<00:03,  2.37it/s, loss=0.0980]
Ep  10 [val  ]:  79%|███████▉  | 31/39 [00:14<00:03,  2.61it/s, loss=0.0980]
Ep  10 [val  ]:  79%|███████▉  | 31/39 [00:14<00:03,  2.61it/s, loss=0.0748]
Ep  10 [val  ]:  82%|████████▏ | 32/39 [00:14<00:02,  2.49it/s, loss=0.0748]
Ep  10 [val  ]:  82%|████████▏ | 32/39 [00:15<00:02,  2.49it/s, loss=0.0818]
Ep  10 [val  ]:  85%|████████▍ | 33/39 [00:15<00:02,  2.68it/s, loss=0.0818]
Ep  10 [val  ]:  85%|████████▍ | 33/39 [00:15<00:02,  2.68it/s, loss=0.0771]
Ep  10 [val  ]:  87%|████████▋ | 34/39 [00:15<00:01,  2.57it/s, loss=0.0771]
Ep  10 [val  ]:  87%|████████▋ | 34/39 [00:15<00:01,  2.57it/s, loss=0.0771]
Ep  10 [val  ]:  90%|████████▉ | 35/39 [00:15<00:01,  2.67it/s, loss=0.0771]
Ep  10 [val  ]:  90%|████████▉ | 35/39 [00:16<00:01,  2.67it/s, loss=0.0729]
Ep  10 [val  ]:  92%|█████████▏| 36/39 [00:16<00:01,  2.55it/s, loss=0.0729]
Ep  10 [val  ]:  92%|█████████▏| 36/39 [00:16<00:01,  2.55it/s, loss=0.0734]
Ep  10 [val  ]:  95%|█████████▍| 37/39 [00:16<00:00,  2.69it/s, loss=0.0734]
Ep  10 [val  ]:  95%|█████████▍| 37/39 [00:17<00:00,  2.69it/s, loss=0.0659]
Ep  10 [val  ]:  97%|█████████▋| 38/39 [00:17<00:00,  2.59it/s, loss=0.0659]
Ep  10 [val  ]:  97%|█████████▋| 38/39 [00:17<00:00,  2.59it/s, loss=0.0777]
                                                                            
  Ep  10 [val  ]  loss=0.0913  rmse_c=0.2495  mae_c=0.2200  r2_c=-0.022  rmse_h=0.3545  mae_h=0.2424  r2_h=0.217  sup=0.308

Ep  11 [train]:   0%|          | 0/145 [00:00<?, ?it/s]
Ep  11 [train]:   0%|          | 0/145 [00:01<?, ?it/s, loss=0.0815]
Ep  11 [train]:   1%|          | 1/145 [00:01<02:34,  1.07s/it, loss=0.0815]
Ep  11 [train]:   1%|          | 1/145 [00:01<02:34,  1.07s/it, loss=0.0728]
Ep  11 [train]:   1%|▏         | 2/145 [00:01<01:19,  1.80it/s, loss=0.0728]
Ep  11 [train]:   1%|▏         | 2/145 [00:01<01:19,  1.80it/s, loss=0.0761]
Ep  11 [train]:   2%|▏         | 3/145 [00:01<01:19,  1.78it/s, loss=0.0761]
Ep  11 [train]:   2%|▏         | 3/145 [00:02<01:19,  1.78it/s, loss=0.0740]
Ep  11 [train]:   3%|▎         | 4/145 [00:02<00:59,  2.38it/s, loss=0.0740]
Ep  11 [train]:   3%|▎         | 4/145 [00:02<00:59,  2.38it/s, loss=0.0781]
Ep  11 [train]:   3%|▎         | 5/145 [00:02<01:10,  1.97it/s, loss=0.0781]
Ep  11 [train]:   3%|▎         | 5/145 [00:02<01:10,  1.97it/s, loss=0.0786]
Ep  11 [train]:   4%|▍         | 6/145 [00:02<00:56,  2.48it/s, loss=0.0786]
Ep  11 [train]:   4%|▍         | 6/145 [00:03<00:56,  2.48it/s, loss=0.0765]
Ep  11 [train]:   5%|▍         | 7/145 [00:03<01:10,  1.95it/s, loss=0.0765]
Ep  11 [train]:   5%|▍         | 7/145 [00:03<01:10,  1.95it/s, loss=0.0753]
Ep  11 [train]:   6%|▌         | 8/145 [00:03<00:56,  2.41it/s, loss=0.0753]
Ep  11 [train]:   6%|▌         | 8/145 [00:04<00:56,  2.41it/s, loss=0.0884]
Ep  11 [train]:   6%|▌         | 9/145 [00:04<01:07,  2.02it/s, loss=0.0884]
Ep  11 [train]:   6%|▌         | 9/145 [00:04<01:07,  2.02it/s, loss=0.0758]
Ep  11 [train]:   7%|▋         | 10/145 [00:04<00:53,  2.50it/s, loss=0.0758]
Ep  11 [train]:   7%|▋         | 10/145 [00:05<00:53,  2.50it/s, loss=0.0752]
Ep  11 [train]:   8%|▊         | 11/145 [00:05<01:07,  1.98it/s, loss=0.0752]
Ep  11 [train]:   8%|▊         | 11/145 [00:05<01:07,  1.98it/s, loss=0.0803]
Ep  11 [train]:   8%|▊         | 12/145 [00:05<00:54,  2.43it/s, loss=0.0803]
Ep  11 [train]:   8%|▊         | 12/145 [00:06<00:54,  2.43it/s, loss=0.0775]
Ep  11 [train]:   9%|▉         | 13/145 [00:06<01:03,  2.06it/s, loss=0.0775]
Ep  11 [train]:   9%|▉         | 13/145 [00:06<01:03,  2.06it/s, loss=0.0916]
Ep  11 [train]:  10%|▉         | 14/145 [00:06<00:52,  2.48it/s, loss=0.0916]
Ep  11 [train]:  10%|▉         | 14/145 [00:07<00:52,  2.48it/s, loss=0.0693]
Ep  11 [train]:  10%|█         | 15/145 [00:07<01:02,  2.08it/s, loss=0.0693]
Ep  11 [train]:  10%|█         | 15/145 [00:07<01:02,  2.08it/s, loss=0.0796]
Ep  11 [train]:  11%|█         | 16/145 [00:07<00:54,  2.36it/s, loss=0.0796]
Ep  11 [train]:  11%|█         | 16/145 [00:08<00:54,  2.36it/s, loss=0.0827]
Ep  11 [train]:  12%|█▏        | 17/145 [00:08<01:01,  2.09it/s, loss=0.0827]
Ep  11 [train]:  12%|█▏        | 17/145 [00:08<01:01,  2.09it/s, loss=0.0865]
Ep  11 [train]:  12%|█▏        | 18/145 [00:08<00:59,  2.14it/s, loss=0.0865]
Ep  11 [train]:  12%|█▏        | 18/145 [00:08<00:59,  2.14it/s, loss=0.0781]
Ep  11 [train]:  13%|█▎        | 19/145 [00:08<00:57,  2.20it/s, loss=0.0781]
Ep  11 [train]:  13%|█▎        | 19/145 [00:09<00:57,  2.20it/s, loss=0.0842]
Ep  11 [train]:  14%|█▍        | 20/145 [00:09<00:55,  2.26it/s, loss=0.0842]
Ep  11 [train]:  14%|█▍        | 20/145 [00:09<00:55,  2.26it/s, loss=0.0806]
Ep  11 [train]:  14%|█▍        | 21/145 [00:09<00:54,  2.26it/s, loss=0.0806]
Ep  11 [train]:  14%|█▍        | 21/145 [00:10<00:54,  2.26it/s, loss=0.0775]
Ep  11 [train]:  15%|█▌        | 22/145 [00:10<00:57,  2.13it/s, loss=0.0775]
Ep  11 [train]:  15%|█▌        | 22/145 [00:10<00:57,  2.13it/s, loss=0.0764]
Ep  11 [train]:  16%|█▌        | 23/145 [00:10<00:51,  2.35it/s, loss=0.0764]
Ep  11 [train]:  16%|█▌        | 23/145 [00:11<00:51,  2.35it/s, loss=0.0787]
Ep  11 [train]:  17%|█▋        | 24/145 [00:11<00:57,  2.11it/s, loss=0.0787]
Ep  11 [train]:  17%|█▋        | 24/145 [00:11<00:57,  2.11it/s, loss=0.0724]
Ep  11 [train]:  17%|█▋        | 25/145 [00:11<00:54,  2.22it/s, loss=0.0724]
Ep  11 [train]:  17%|█▋        | 25/145 [00:12<00:54,  2.22it/s, loss=0.0744]
Ep  11 [train]:  18%|█▊        | 26/145 [00:12<00:56,  2.10it/s, loss=0.0744]
Ep  11 [train]:  18%|█▊        | 26/145 [00:12<00:56,  2.10it/s, loss=0.0735]
Ep  11 [train]:  19%|█▊        | 27/145 [00:12<00:52,  2.23it/s, loss=0.0735]
Ep  11 [train]:  19%|█▊        | 27/145 [00:13<00:52,  2.23it/s, loss=0.0807]
Ep  11 [train]:  19%|█▉        | 28/145 [00:13<00:54,  2.14it/s, loss=0.0807]
Ep  11 [train]:  19%|█▉        | 28/145 [00:13<00:54,  2.14it/s, loss=0.0770]
Ep  11 [train]:  20%|██        | 29/145 [00:13<00:50,  2.31it/s, loss=0.0770]
Ep  11 [train]:  20%|██        | 29/145 [00:13<00:50,  2.31it/s, loss=0.0762]
Ep  11 [train]:  21%|██        | 30/145 [00:13<00:52,  2.17it/s, loss=0.0762]
Ep  11 [train]:  21%|██        | 30/145 [00:14<00:52,  2.17it/s, loss=0.0830]
Ep  11 [train]:  21%|██▏       | 31/145 [00:14<00:49,  2.32it/s, loss=0.0830]
Ep  11 [train]:  21%|██▏       | 31/145 [00:14<00:49,  2.32it/s, loss=0.0811]
Ep  11 [train]:  22%|██▏       | 32/145 [00:14<00:52,  2.16it/s, loss=0.0811]
Ep  11 [train]:  22%|██▏       | 32/145 [00:15<00:52,  2.16it/s, loss=0.0793]
Ep  11 [train]:  23%|██▎       | 33/145 [00:15<00:47,  2.37it/s, loss=0.0793]
Ep  11 [train]:  23%|██▎       | 33/145 [00:15<00:47,  2.37it/s, loss=0.0814]
Ep  11 [train]:  23%|██▎       | 34/145 [00:15<00:51,  2.14it/s, loss=0.0814]
Ep  11 [train]:  23%|██▎       | 34/145 [00:16<00:51,  2.14it/s, loss=0.0728]
Ep  11 [train]:  24%|██▍       | 35/145 [00:16<00:46,  2.35it/s, loss=0.0728]
Ep  11 [train]:  24%|██▍       | 35/145 [00:16<00:46,  2.35it/s, loss=0.0740]
Ep  11 [train]:  25%|██▍       | 36/145 [00:16<00:51,  2.14it/s, loss=0.0740]
Ep  11 [train]:  25%|██▍       | 36/145 [00:17<00:51,  2.14it/s, loss=0.0898]
Ep  11 [train]:  26%|██▌       | 37/145 [00:17<00:47,  2.27it/s, loss=0.0898]
Ep  11 [train]:  26%|██▌       | 37/145 [00:17<00:47,  2.27it/s, loss=0.0770]
Ep  11 [train]:  26%|██▌       | 38/145 [00:17<00:48,  2.22it/s, loss=0.0770]
Ep  11 [train]:  26%|██▌       | 38/145 [00:17<00:48,  2.22it/s, loss=0.0747]
Ep  11 [train]:  27%|██▋       | 39/145 [00:17<00:46,  2.27it/s, loss=0.0747]
Ep  11 [train]:  27%|██▋       | 39/145 [00:18<00:46,  2.27it/s, loss=0.0725]
Ep  11 [train]:  28%|██▊       | 40/145 [00:18<00:47,  2.19it/s, loss=0.0725]
Ep  11 [train]:  28%|██▊       | 40/145 [00:18<00:47,  2.19it/s, loss=0.0741]
Ep  11 [train]:  28%|██▊       | 41/145 [00:18<00:44,  2.32it/s, loss=0.0741]
Ep  11 [train]:  28%|██▊       | 41/145 [00:19<00:44,  2.32it/s, loss=0.0790]
Ep  11 [train]:  29%|██▉       | 42/145 [00:19<00:46,  2.20it/s, loss=0.0790]
Ep  11 [train]:  29%|██▉       | 42/145 [00:19<00:46,  2.20it/s, loss=0.0753]
Ep  11 [train]:  30%|██▉       | 43/145 [00:19<00:43,  2.32it/s, loss=0.0753]
Ep  11 [train]:  30%|██▉       | 43/145 [00:20<00:43,  2.32it/s, loss=0.0846]
Ep  11 [train]:  30%|███       | 44/145 [00:20<00:48,  2.10it/s, loss=0.0846]
Ep  11 [train]:  30%|███       | 44/145 [00:20<00:48,  2.10it/s, loss=0.0784]
Ep  11 [train]:  31%|███       | 45/145 [00:20<00:42,  2.33it/s, loss=0.0784]
Ep  11 [train]:  31%|███       | 45/145 [00:21<00:42,  2.33it/s, loss=0.0783]
Ep  11 [train]:  32%|███▏      | 46/145 [00:21<00:46,  2.13it/s, loss=0.0783]
Ep  11 [train]:  32%|███▏      | 46/145 [00:21<00:46,  2.13it/s, loss=0.0922]
Ep  11 [train]:  32%|███▏      | 47/145 [00:21<00:41,  2.39it/s, loss=0.0922]
Ep  11 [train]:  32%|███▏      | 47/145 [00:21<00:41,  2.39it/s, loss=0.0801]
Ep  11 [train]:  33%|███▎      | 48/145 [00:21<00:44,  2.20it/s, loss=0.0801]
Ep  11 [train]:  33%|███▎      | 48/145 [00:22<00:44,  2.20it/s, loss=0.0758]
Ep  11 [train]:  34%|███▍      | 49/145 [00:22<00:40,  2.34it/s, loss=0.0758]
Ep  11 [train]:  34%|███▍      | 49/145 [00:22<00:40,  2.34it/s, loss=0.0768]
Ep  11 [train]:  34%|███▍      | 50/145 [00:22<00:45,  2.08it/s, loss=0.0768]
Ep  11 [train]:  34%|███▍      | 50/145 [00:23<00:45,  2.08it/s, loss=0.0916]
Ep  11 [train]:  35%|███▌      | 51/145 [00:23<00:40,  2.34it/s, loss=0.0916]
Ep  11 [train]:  35%|███▌      | 51/145 [00:23<00:40,  2.34it/s, loss=0.0763]
Ep  11 [train]:  36%|███▌      | 52/145 [00:23<00:44,  2.07it/s, loss=0.0763]
Ep  11 [train]:  36%|███▌      | 52/145 [00:24<00:44,  2.07it/s, loss=0.0803]
Ep  11 [train]:  37%|███▋      | 53/145 [00:24<00:37,  2.47it/s, loss=0.0803]
Ep  11 [train]:  37%|███▋      | 53/145 [00:24<00:37,  2.47it/s, loss=0.0800]
Ep  11 [train]:  37%|███▋      | 54/145 [00:24<00:48,  1.87it/s, loss=0.0800]
Ep  11 [train]:  37%|███▋      | 54/145 [00:25<00:48,  1.87it/s, loss=0.0803]
Ep  11 [train]:  38%|███▊      | 55/145 [00:25<00:38,  2.33it/s, loss=0.0803]
Ep  11 [train]:  38%|███▊      | 55/145 [00:25<00:38,  2.33it/s, loss=0.0735]
Ep  11 [train]:  39%|███▊      | 56/145 [00:25<00:44,  2.00it/s, loss=0.0735]
Ep  11 [train]:  39%|███▊      | 56/145 [00:25<00:44,  2.00it/s, loss=0.0771]
Ep  11 [train]:  39%|███▉      | 57/145 [00:25<00:36,  2.43it/s, loss=0.0771]
Ep  11 [train]:  39%|███▉      | 57/145 [00:26<00:36,  2.43it/s, loss=0.0791]
Ep  11 [train]:  40%|████      | 58/145 [00:26<00:43,  1.98it/s, loss=0.0791]
Ep  11 [train]:  40%|████      | 58/145 [00:26<00:43,  1.98it/s, loss=0.0721]
Ep  11 [train]:  41%|████      | 59/145 [00:26<00:36,  2.34it/s, loss=0.0721]
Ep  11 [train]:  41%|████      | 59/145 [00:27<00:36,  2.34it/s, loss=0.0820]
Ep  11 [train]:  41%|████▏     | 60/145 [00:27<00:41,  2.03it/s, loss=0.0820]
Ep  11 [train]:  41%|████▏     | 60/145 [00:27<00:41,  2.03it/s, loss=0.0717]
Ep  11 [train]:  42%|████▏     | 61/145 [00:27<00:33,  2.47it/s, loss=0.0717]
Ep  11 [train]:  42%|████▏     | 61/145 [00:28<00:33,  2.47it/s, loss=0.0800]
Ep  11 [train]:  43%|████▎     | 62/145 [00:28<00:41,  2.02it/s, loss=0.0800]
Ep  11 [train]:  43%|████▎     | 62/145 [00:28<00:41,  2.02it/s, loss=0.0775]
Ep  11 [train]:  43%|████▎     | 63/145 [00:28<00:33,  2.48it/s, loss=0.0775]
Ep  11 [train]:  43%|████▎     | 63/145 [00:29<00:33,  2.48it/s, loss=0.0860]
Ep  11 [train]:  44%|████▍     | 64/145 [00:29<00:43,  1.85it/s, loss=0.0860]
Ep  11 [train]:  44%|████▍     | 64/145 [00:29<00:43,  1.85it/s, loss=0.0746]
Ep  11 [train]:  45%|████▍     | 65/145 [00:29<00:34,  2.31it/s, loss=0.0746]
Ep  11 [train]:  45%|████▍     | 65/145 [00:30<00:34,  2.31it/s, loss=0.0824]
Ep  11 [train]:  46%|████▌     | 66/145 [00:30<00:39,  1.98it/s, loss=0.0824]
Ep  11 [train]:  46%|████▌     | 66/145 [00:30<00:39,  1.98it/s, loss=0.0812]
Ep  11 [train]:  46%|████▌     | 67/145 [00:30<00:31,  2.44it/s, loss=0.0812]
Ep  11 [train]:  46%|████▌     | 67/145 [00:31<00:31,  2.44it/s, loss=0.0796]
Ep  11 [train]:  47%|████▋     | 68/145 [00:31<00:37,  2.03it/s, loss=0.0796]
Ep  11 [train]:  47%|████▋     | 68/145 [00:31<00:37,  2.03it/s, loss=0.0812]
Ep  11 [train]:  48%|████▊     | 69/145 [00:31<00:30,  2.50it/s, loss=0.0812]
Ep  11 [train]:  48%|████▊     | 69/145 [00:32<00:30,  2.50it/s, loss=0.0856]
Ep  11 [train]:  48%|████▊     | 70/145 [00:32<00:37,  2.01it/s, loss=0.0856]
Ep  11 [train]:  48%|████▊     | 70/145 [00:32<00:37,  2.01it/s, loss=0.0791]
Ep  11 [train]:  49%|████▉     | 71/145 [00:32<00:29,  2.48it/s, loss=0.0791]
Ep  11 [train]:  49%|████▉     | 71/145 [00:33<00:29,  2.48it/s, loss=0.0773]
Ep  11 [train]:  50%|████▉     | 72/145 [00:33<00:36,  2.02it/s, loss=0.0773]
Ep  11 [train]:  50%|████▉     | 72/145 [00:33<00:36,  2.02it/s, loss=0.0781]
Ep  11 [train]:  50%|█████     | 73/145 [00:33<00:28,  2.51it/s, loss=0.0781]
Ep  11 [train]:  50%|█████     | 73/145 [00:33<00:28,  2.51it/s, loss=0.0764]
Ep  11 [train]:  51%|█████     | 74/145 [00:33<00:34,  2.09it/s, loss=0.0764]
Ep  11 [train]:  51%|█████     | 74/145 [00:34<00:34,  2.09it/s, loss=0.0748]
Ep  11 [train]:  52%|█████▏    | 75/145 [00:34<00:27,  2.57it/s, loss=0.0748]
Ep  11 [train]:  52%|█████▏    | 75/145 [00:34<00:27,  2.57it/s, loss=0.0738]
Ep  11 [train]:  52%|█████▏    | 76/145 [00:34<00:36,  1.89it/s, loss=0.0738]
Ep  11 [train]:  52%|█████▏    | 76/145 [00:35<00:36,  1.89it/s, loss=0.0907]
Ep  11 [train]:  53%|█████▎    | 77/145 [00:35<00:29,  2.34it/s, loss=0.0907]
Ep  11 [train]:  53%|█████▎    | 77/145 [00:35<00:29,  2.34it/s, loss=0.0740]
Ep  11 [train]:  54%|█████▍    | 78/145 [00:35<00:34,  1.93it/s, loss=0.0740]
Ep  11 [train]:  54%|█████▍    | 78/145 [00:36<00:34,  1.93it/s, loss=0.0757]
Ep  11 [train]:  54%|█████▍    | 79/145 [00:36<00:27,  2.39it/s, loss=0.0757]
Ep  11 [train]:  54%|█████▍    | 79/145 [00:36<00:27,  2.39it/s, loss=0.0748]
Ep  11 [train]:  55%|█████▌    | 80/145 [00:36<00:33,  1.95it/s, loss=0.0748]
Ep  11 [train]:  55%|█████▌    | 80/145 [00:36<00:33,  1.95it/s, loss=0.0757]
Ep  11 [train]:  56%|█████▌    | 81/145 [00:36<00:26,  2.42it/s, loss=0.0757]
Ep  11 [train]:  56%|█████▌    | 81/145 [00:37<00:26,  2.42it/s, loss=0.0771]
Ep  11 [train]:  57%|█████▋    | 82/145 [00:37<00:32,  1.96it/s, loss=0.0771]
Ep  11 [train]:  57%|█████▋    | 82/145 [00:37<00:32,  1.96it/s, loss=0.0721]
Ep  11 [train]:  57%|█████▋    | 83/145 [00:37<00:25,  2.44it/s, loss=0.0721]
Ep  11 [train]:  57%|█████▋    | 83/145 [00:38<00:25,  2.44it/s, loss=0.0853]
Ep  11 [train]:  58%|█████▊    | 84/145 [00:38<00:30,  1.97it/s, loss=0.0853]
Ep  11 [train]:  58%|█████▊    | 84/145 [00:38<00:30,  1.97it/s, loss=0.0760]
Ep  11 [train]:  59%|█████▊    | 85/145 [00:38<00:24,  2.41it/s, loss=0.0760]
Ep  11 [train]:  59%|█████▊    | 85/145 [00:39<00:24,  2.41it/s, loss=0.0847]
Ep  11 [train]:  59%|█████▉    | 86/145 [00:39<00:30,  1.93it/s, loss=0.0847]
Ep  11 [train]:  59%|█████▉    | 86/145 [00:39<00:30,  1.93it/s, loss=0.0765]
Ep  11 [train]:  60%|██████    | 87/145 [00:39<00:24,  2.41it/s, loss=0.0765]
Ep  11 [train]:  60%|██████    | 87/145 [00:40<00:24,  2.41it/s, loss=0.0833]
Ep  11 [train]:  61%|██████    | 88/145 [00:40<00:28,  1.97it/s, loss=0.0833]
Ep  11 [train]:  61%|██████    | 88/145 [00:40<00:28,  1.97it/s, loss=0.0774]
Ep  11 [train]:  61%|██████▏   | 89/145 [00:40<00:23,  2.43it/s, loss=0.0774]
Ep  11 [train]:  61%|██████▏   | 89/145 [00:41<00:23,  2.43it/s, loss=0.0854]
Ep  11 [train]:  62%|██████▏   | 90/145 [00:41<00:28,  1.95it/s, loss=0.0854]
Ep  11 [train]:  62%|██████▏   | 90/145 [00:41<00:28,  1.95it/s, loss=0.0745]
Ep  11 [train]:  63%|██████▎   | 91/145 [00:41<00:22,  2.41it/s, loss=0.0745]
Ep  11 [train]:  63%|██████▎   | 91/145 [00:42<00:22,  2.41it/s, loss=0.0770]
Ep  11 [train]:  63%|██████▎   | 92/145 [00:42<00:27,  1.94it/s, loss=0.0770]
Ep  11 [train]:  63%|██████▎   | 92/145 [00:42<00:27,  1.94it/s, loss=0.0777]
Ep  11 [train]:  64%|██████▍   | 93/145 [00:42<00:21,  2.39it/s, loss=0.0777]
Ep  11 [train]:  64%|██████▍   | 93/145 [00:43<00:21,  2.39it/s, loss=0.0829]
Ep  11 [train]:  65%|██████▍   | 94/145 [00:43<00:26,  1.90it/s, loss=0.0829]
Ep  11 [train]:  65%|██████▍   | 94/145 [00:43<00:26,  1.90it/s, loss=0.0734]
Ep  11 [train]:  66%|██████▌   | 95/145 [00:43<00:21,  2.31it/s, loss=0.0734]
Ep  11 [train]:  66%|██████▌   | 95/145 [00:44<00:21,  2.31it/s, loss=0.0811]
Ep  11 [train]:  66%|██████▌   | 96/145 [00:44<00:25,  1.89it/s, loss=0.0811]
Ep  11 [train]:  66%|██████▌   | 96/145 [00:44<00:25,  1.89it/s, loss=0.0757]
Ep  11 [train]:  67%|██████▋   | 97/145 [00:44<00:20,  2.33it/s, loss=0.0757]
Ep  11 [train]:  67%|██████▋   | 97/145 [00:45<00:20,  2.33it/s, loss=0.0806]
Ep  11 [train]:  68%|██████▊   | 98/145 [00:45<00:24,  1.90it/s, loss=0.0806]
Ep  11 [train]:  68%|██████▊   | 98/145 [00:45<00:24,  1.90it/s, loss=0.0733]
Ep  11 [train]:  68%|██████▊   | 99/145 [00:45<00:19,  2.36it/s, loss=0.0733]
Ep  11 [train]:  68%|██████▊   | 99/145 [00:46<00:19,  2.36it/s, loss=0.0771]
Ep  11 [train]:  69%|██████▉   | 100/145 [00:46<00:23,  1.95it/s, loss=0.0771]
Ep  11 [train]:  69%|██████▉   | 100/145 [00:46<00:23,  1.95it/s, loss=0.0842]
Ep  11 [train]:  70%|██████▉   | 101/145 [00:46<00:18,  2.36it/s, loss=0.0842]
Ep  11 [train]:  70%|██████▉   | 101/145 [00:47<00:18,  2.36it/s, loss=0.0809]
Ep  11 [train]:  70%|███████   | 102/145 [00:47<00:23,  1.86it/s, loss=0.0809]
Ep  11 [train]:  70%|███████   | 102/145 [00:47<00:23,  1.86it/s, loss=0.0812]
Ep  11 [train]:  71%|███████   | 103/145 [00:47<00:18,  2.27it/s, loss=0.0812]
Ep  11 [train]:  71%|███████   | 103/145 [00:48<00:18,  2.27it/s, loss=0.0729]
Ep  11 [train]:  72%|███████▏  | 104/145 [00:48<00:22,  1.79it/s, loss=0.0729]
Ep  11 [train]:  72%|███████▏  | 104/145 [00:48<00:22,  1.79it/s, loss=0.0752]
Ep  11 [train]:  72%|███████▏  | 105/145 [00:48<00:17,  2.23it/s, loss=0.0752]
Ep  11 [train]:  72%|███████▏  | 105/145 [00:49<00:17,  2.23it/s, loss=0.0807]
Ep  11 [train]:  73%|███████▎  | 106/145 [00:49<00:20,  1.87it/s, loss=0.0807]
Ep  11 [train]:  73%|███████▎  | 106/145 [00:49<00:20,  1.87it/s, loss=0.0747]
Ep  11 [train]:  74%|███████▍  | 107/145 [00:49<00:16,  2.33it/s, loss=0.0747]
Ep  11 [train]:  74%|███████▍  | 107/145 [00:50<00:16,  2.33it/s, loss=0.0831]
Ep  11 [train]:  74%|███████▍  | 108/145 [00:50<00:19,  1.93it/s, loss=0.0831]
Ep  11 [train]:  74%|███████▍  | 108/145 [00:50<00:19,  1.93it/s, loss=0.0831]
Ep  11 [train]:  75%|███████▌  | 109/145 [00:50<00:15,  2.38it/s, loss=0.0831]
Ep  11 [train]:  75%|███████▌  | 109/145 [00:50<00:15,  2.38it/s, loss=0.0869]
Ep  11 [train]:  76%|███████▌  | 110/145 [00:50<00:17,  1.98it/s, loss=0.0869]
Ep  11 [train]:  76%|███████▌  | 110/145 [00:51<00:17,  1.98it/s, loss=0.0737]
Ep  11 [train]:  77%|███████▋  | 111/145 [00:51<00:13,  2.45it/s, loss=0.0737]
Ep  11 [train]:  77%|███████▋  | 111/145 [00:51<00:13,  2.45it/s, loss=0.0828]
Ep  11 [train]:  77%|███████▋  | 112/145 [00:51<00:16,  2.00it/s, loss=0.0828]
Ep  11 [train]:  77%|███████▋  | 112/145 [00:51<00:16,  2.00it/s, loss=0.0927]
Ep  11 [train]:  78%|███████▊  | 113/145 [00:51<00:12,  2.47it/s, loss=0.0927]
Ep  11 [train]:  78%|███████▊  | 113/145 [00:52<00:12,  2.47it/s, loss=0.0737]
Ep  11 [train]:  79%|███████▊  | 114/145 [00:52<00:14,  2.14it/s, loss=0.0737]
Ep  11 [train]:  79%|███████▊  | 114/145 [00:52<00:14,  2.14it/s, loss=0.0828]
Ep  11 [train]:  79%|███████▉  | 115/145 [00:52<00:11,  2.62it/s, loss=0.0828]
Ep  11 [train]:  79%|███████▉  | 115/145 [00:53<00:11,  2.62it/s, loss=0.0742]
Ep  11 [train]:  80%|████████  | 116/145 [00:53<00:12,  2.23it/s, loss=0.0742]
Ep  11 [train]:  80%|████████  | 116/145 [00:53<00:12,  2.23it/s, loss=0.0882]
Ep  11 [train]:  81%|████████  | 117/145 [00:53<00:10,  2.74it/s, loss=0.0882]
Ep  11 [train]:  81%|████████  | 117/145 [00:54<00:10,  2.74it/s, loss=0.0867]
Ep  11 [train]:  81%|████████▏ | 118/145 [00:54<00:11,  2.28it/s, loss=0.0867]
Ep  11 [train]:  81%|████████▏ | 118/145 [00:54<00:11,  2.28it/s, loss=0.0720]
Ep  11 [train]:  82%|████████▏ | 119/145 [00:54<00:09,  2.76it/s, loss=0.0720]
Ep  11 [train]:  82%|████████▏ | 119/145 [00:55<00:09,  2.76it/s, loss=0.0847]
Ep  11 [train]:  83%|████████▎ | 120/145 [00:55<00:11,  2.19it/s, loss=0.0847]
Ep  11 [train]:  83%|████████▎ | 120/145 [00:55<00:11,  2.19it/s, loss=0.0785]
Ep  11 [train]:  83%|████████▎ | 121/145 [00:55<00:08,  2.68it/s, loss=0.0785]
Ep  11 [train]:  83%|████████▎ | 121/145 [00:55<00:08,  2.68it/s, loss=0.0779]
Ep  11 [train]:  84%|████████▍ | 122/145 [00:55<00:10,  2.14it/s, loss=0.0779]
Ep  11 [train]:  84%|████████▍ | 122/145 [00:56<00:10,  2.14it/s, loss=0.0832]
Ep  11 [train]:  85%|████████▍ | 123/145 [00:56<00:08,  2.62it/s, loss=0.0832]
Ep  11 [train]:  85%|████████▍ | 123/145 [00:56<00:08,  2.62it/s, loss=0.0828]
Ep  11 [train]:  86%|████████▌ | 124/145 [00:56<00:10,  2.05it/s, loss=0.0828]
Ep  11 [train]:  86%|████████▌ | 124/145 [00:57<00:10,  2.05it/s, loss=0.0833]
Ep  11 [train]:  86%|████████▌ | 125/145 [00:57<00:08,  2.50it/s, loss=0.0833]
Ep  11 [train]:  86%|████████▌ | 125/145 [00:57<00:08,  2.50it/s, loss=0.0752]
Ep  11 [train]:  87%|████████▋ | 126/145 [00:57<00:09,  2.07it/s, loss=0.0752]
Ep  11 [train]:  87%|████████▋ | 126/145 [00:57<00:09,  2.07it/s, loss=0.0830]
Ep  11 [train]:  88%|████████▊ | 127/145 [00:57<00:07,  2.50it/s, loss=0.0830]
Ep  11 [train]:  88%|████████▊ | 127/145 [00:58<00:07,  2.50it/s, loss=0.0803]
Ep  11 [train]:  88%|████████▊ | 128/145 [00:58<00:08,  2.03it/s, loss=0.0803]
Ep  11 [train]:  88%|████████▊ | 128/145 [00:58<00:08,  2.03it/s, loss=0.0774]
Ep  11 [train]:  89%|████████▉ | 129/145 [00:58<00:06,  2.50it/s, loss=0.0774]
Ep  11 [train]:  89%|████████▉ | 129/145 [00:59<00:06,  2.50it/s, loss=0.0896]
Ep  11 [train]:  90%|████████▉ | 130/145 [00:59<00:07,  1.89it/s, loss=0.0896]
Ep  11 [train]:  90%|████████▉ | 130/145 [00:59<00:07,  1.89it/s, loss=0.0753]
Ep  11 [train]:  90%|█████████ | 131/145 [00:59<00:05,  2.37it/s, loss=0.0753]
Ep  11 [train]:  90%|█████████ | 131/145 [01:00<00:05,  2.37it/s, loss=0.0732]
Ep  11 [train]:  91%|█████████ | 132/145 [01:00<00:06,  1.86it/s, loss=0.0732]
Ep  11 [train]:  91%|█████████ | 132/145 [01:00<00:06,  1.86it/s, loss=0.0761]
Ep  11 [train]:  92%|█████████▏| 133/145 [01:00<00:05,  2.28it/s, loss=0.0761]
Ep  11 [train]:  92%|█████████▏| 133/145 [01:01<00:05,  2.28it/s, loss=0.0847]
Ep  11 [train]:  92%|█████████▏| 134/145 [01:01<00:05,  1.93it/s, loss=0.0847]
Ep  11 [train]:  92%|█████████▏| 134/145 [01:01<00:05,  1.93it/s, loss=0.0775]
Ep  11 [train]:  93%|█████████▎| 135/145 [01:01<00:04,  2.37it/s, loss=0.0775]
Ep  11 [train]:  93%|█████████▎| 135/145 [01:02<00:04,  2.37it/s, loss=0.0815]
Ep  11 [train]:  94%|█████████▍| 136/145 [01:02<00:04,  2.04it/s, loss=0.0815]
Ep  11 [train]:  94%|█████████▍| 136/145 [01:02<00:04,  2.04it/s, loss=0.0813]
Ep  11 [train]:  94%|█████████▍| 137/145 [01:02<00:03,  2.52it/s, loss=0.0813]
Ep  11 [train]:  94%|█████████▍| 137/145 [01:03<00:03,  2.52it/s, loss=0.0787]
Ep  11 [train]:  95%|█████████▌| 138/145 [01:03<00:03,  2.06it/s, loss=0.0787]
Ep  11 [train]:  95%|█████████▌| 138/145 [01:03<00:03,  2.06it/s, loss=0.0724]
Ep  11 [train]:  96%|█████████▌| 139/145 [01:03<00:02,  2.49it/s, loss=0.0724]
Ep  11 [train]:  96%|█████████▌| 139/145 [01:04<00:02,  2.49it/s, loss=0.0806]
Ep  11 [train]:  97%|█████████▋| 140/145 [01:04<00:02,  1.83it/s, loss=0.0806]
Ep  11 [train]:  97%|█████████▋| 140/145 [01:04<00:02,  1.83it/s, loss=0.0835]
Ep  11 [train]:  97%|█████████▋| 141/145 [01:04<00:01,  2.27it/s, loss=0.0835]
Ep  11 [train]:  97%|█████████▋| 141/145 [01:05<00:01,  2.27it/s, loss=0.0782]
Ep  11 [train]:  98%|█████████▊| 142/145 [01:05<00:01,  1.74it/s, loss=0.0782]
Ep  11 [train]:  98%|█████████▊| 142/145 [01:05<00:01,  1.74it/s, loss=0.0818]
Ep  11 [train]:  99%|█████████▊| 143/145 [01:05<00:00,  2.17it/s, loss=0.0818]
Ep  11 [train]:  99%|█████████▊| 143/145 [01:06<00:00,  2.17it/s, loss=0.0763]
Ep  11 [train]:  99%|█████████▉| 144/145 [01:06<00:00,  1.94it/s, loss=0.0763]
Ep  11 [train]:  99%|█████████▉| 144/145 [01:06<00:00,  1.94it/s, loss=0.0793]
Ep  11 [train]: 100%|██████████| 145/145 [01:06<00:00,  2.42it/s, loss=0.0793]
                                                                              
  Ep  11 [train]  loss=0.0791  rmse_c=0.2400  mae_c=0.2163  r2_c=0.014  rmse_h=0.3182  mae_h=0.2372  r2_h=0.420  sup=0.324

Ep  11 [val  ]:   0%|          | 0/39 [00:00<?, ?it/s]
Ep  11 [val  ]:   0%|          | 0/39 [00:01<?, ?it/s, loss=0.1075]
Ep  11 [val  ]:   3%|▎         | 1/39 [00:01<00:40,  1.07s/it, loss=0.1075]
Ep  11 [val  ]:   3%|▎         | 1/39 [00:01<00:40,  1.07s/it, loss=0.0994]
Ep  11 [val  ]:   3%|▎         | 1/39 [00:01<00:40,  1.07s/it, loss=0.0840]
Ep  11 [val  ]:   8%|▊         | 3/39 [00:01<00:20,  1.79it/s, loss=0.0840]
Ep  11 [val  ]:   8%|▊         | 3/39 [00:01<00:20,  1.79it/s, loss=0.0895]
Ep  11 [val  ]:  10%|█         | 4/39 [00:01<00:14,  2.37it/s, loss=0.0895]
Ep  11 [val  ]:  10%|█         | 4/39 [00:02<00:14,  2.37it/s, loss=0.0782]
Ep  11 [val  ]:  13%|█▎        | 5/39 [00:02<00:16,  2.06it/s, loss=0.0782]
Ep  11 [val  ]:  13%|█▎        | 5/39 [00:02<00:16,  2.06it/s, loss=0.1243]
Ep  11 [val  ]:  15%|█▌        | 6/39 [00:02<00:14,  2.35it/s, loss=0.1243]
Ep  11 [val  ]:  15%|█▌        | 6/39 [00:03<00:14,  2.35it/s, loss=0.0858]
Ep  11 [val  ]:  18%|█▊        | 7/39 [00:03<00:13,  2.33it/s, loss=0.0858]
Ep  11 [val  ]:  18%|█▊        | 7/39 [00:03<00:13,  2.33it/s, loss=0.0738]
Ep  11 [val  ]:  21%|██        | 8/39 [00:03<00:13,  2.27it/s, loss=0.0738]
Ep  11 [val  ]:  21%|██        | 8/39 [00:04<00:13,  2.27it/s, loss=0.0809]
Ep  11 [val  ]:  23%|██▎       | 9/39 [00:04<00:11,  2.59it/s, loss=0.0809]
Ep  11 [val  ]:  23%|██▎       | 9/39 [00:04<00:11,  2.59it/s, loss=0.0712]
Ep  11 [val  ]:  26%|██▌       | 10/39 [00:04<00:13,  2.18it/s, loss=0.0712]
Ep  11 [val  ]:  26%|██▌       | 10/39 [00:04<00:13,  2.18it/s, loss=0.0731]
Ep  11 [val  ]:  28%|██▊       | 11/39 [00:04<00:09,  2.81it/s, loss=0.0731]
Ep  11 [val  ]:  28%|██▊       | 11/39 [00:05<00:09,  2.81it/s, loss=0.0762]
Ep  11 [val  ]:  31%|███       | 12/39 [00:05<00:13,  2.07it/s, loss=0.0762]
Ep  11 [val  ]:  31%|███       | 12/39 [00:05<00:13,  2.07it/s, loss=0.0948]
Ep  11 [val  ]:  31%|███       | 12/39 [00:06<00:13,  2.07it/s, loss=0.1396]
Ep  11 [val  ]:  36%|███▌      | 14/39 [00:06<00:11,  2.19it/s, loss=0.1396]
Ep  11 [val  ]:  36%|███▌      | 14/39 [00:06<00:11,  2.19it/s, loss=0.1627]
Ep  11 [val  ]:  36%|███▌      | 14/39 [00:07<00:11,  2.19it/s, loss=0.1417]
Ep  11 [val  ]:  41%|████      | 16/39 [00:07<00:10,  2.18it/s, loss=0.1417]
Ep  11 [val  ]:  41%|████      | 16/39 [00:07<00:10,  2.18it/s, loss=0.1340]
Ep  11 [val  ]:  41%|████      | 16/39 [00:08<00:10,  2.18it/s, loss=0.2239]
Ep  11 [val  ]:  46%|████▌     | 18/39 [00:08<00:09,  2.23it/s, loss=0.2239]
Ep  11 [val  ]:  46%|████▌     | 18/39 [00:08<00:09,  2.23it/s, loss=0.5439]
Ep  11 [val  ]:  46%|████▌     | 18/39 [00:09<00:09,  2.23it/s, loss=0.1205]
Ep  11 [val  ]:  51%|█████▏    | 20/39 [00:09<00:08,  2.25it/s, loss=0.1205]
Ep  11 [val  ]:  51%|█████▏    | 20/39 [00:09<00:08,  2.25it/s, loss=0.0595]
Ep  11 [val  ]:  51%|█████▏    | 20/39 [00:10<00:08,  2.25it/s, loss=0.0692]
Ep  11 [val  ]:  56%|█████▋    | 22/39 [00:10<00:07,  2.17it/s, loss=0.0692]
Ep  11 [val  ]:  56%|█████▋    | 22/39 [00:10<00:07,  2.17it/s, loss=0.0636]
Ep  11 [val  ]:  56%|█████▋    | 22/39 [00:10<00:07,  2.17it/s, loss=0.0652]
Ep  11 [val  ]:  62%|██████▏   | 24/39 [00:10<00:06,  2.22it/s, loss=0.0652]
Ep  11 [val  ]:  62%|██████▏   | 24/39 [00:11<00:06,  2.22it/s, loss=0.0663]
Ep  11 [val  ]:  62%|██████▏   | 24/39 [00:11<00:06,  2.22it/s, loss=0.0818]
Ep  11 [val  ]:  67%|██████▋   | 26/39 [00:11<00:05,  2.25it/s, loss=0.0818]
Ep  11 [val  ]:  67%|██████▋   | 26/39 [00:11<00:05,  2.25it/s, loss=0.0961]
Ep  11 [val  ]:  67%|██████▋   | 26/39 [00:12<00:05,  2.25it/s, loss=0.1233]
Ep  11 [val  ]:  72%|███████▏  | 28/39 [00:12<00:04,  2.23it/s, loss=0.1233]
Ep  11 [val  ]:  72%|███████▏  | 28/39 [00:12<00:04,  2.23it/s, loss=0.0958]
Ep  11 [val  ]:  72%|███████▏  | 28/39 [00:13<00:04,  2.23it/s, loss=0.0859]
Ep  11 [val  ]:  77%|███████▋  | 30/39 [00:13<00:04,  2.14it/s, loss=0.0859]
Ep  11 [val  ]:  77%|███████▋  | 30/39 [00:13<00:04,  2.14it/s, loss=0.0817]
Ep  11 [val  ]:  77%|███████▋  | 30/39 [00:14<00:04,  2.14it/s, loss=0.0782]
Ep  11 [val  ]:  82%|████████▏ | 32/39 [00:14<00:03,  2.27it/s, loss=0.0782]
Ep  11 [val  ]:  82%|████████▏ | 32/39 [00:14<00:03,  2.27it/s, loss=0.0745]
Ep  11 [val  ]:  82%|████████▏ | 32/39 [00:15<00:03,  2.27it/s, loss=0.0726]
Ep  11 [val  ]:  87%|████████▋ | 34/39 [00:15<00:02,  2.37it/s, loss=0.0726]
Ep  11 [val  ]:  87%|████████▋ | 34/39 [00:15<00:02,  2.37it/s, loss=0.0790]
Ep  11 [val  ]:  87%|████████▋ | 34/39 [00:15<00:02,  2.37it/s, loss=0.0747]
Ep  11 [val  ]:  92%|█████████▏| 36/39 [00:15<00:01,  2.47it/s, loss=0.0747]
Ep  11 [val  ]:  92%|█████████▏| 36/39 [00:16<00:01,  2.47it/s, loss=0.0709]
Ep  11 [val  ]:  92%|█████████▏| 36/39 [00:16<00:01,  2.47it/s, loss=0.0626]
Ep  11 [val  ]:  97%|█████████▋| 38/39 [00:16<00:00,  2.60it/s, loss=0.0626]
Ep  11 [val  ]:  97%|█████████▋| 38/39 [00:16<00:00,  2.60it/s, loss=0.0824]
                                                                            
  Ep  11 [val  ]  loss=0.1048  rmse_c=0.2769  mae_c=0.2261  r2_c=-0.259  rmse_h=0.4180  mae_h=0.2416  r2_h=-0.089  sup=0.308

Ep  12 [train]:   0%|          | 0/145 [00:00<?, ?it/s]
Ep  12 [train]:   0%|          | 0/145 [00:01<?, ?it/s, loss=0.0804]
Ep  12 [train]:   1%|          | 1/145 [00:01<02:24,  1.00s/it, loss=0.0804]
Ep  12 [train]:   1%|          | 1/145 [00:01<02:24,  1.00s/it, loss=0.0908]
Ep  12 [train]:   1%|▏         | 2/145 [00:01<01:15,  1.91it/s, loss=0.0908]
Ep  12 [train]:   1%|▏         | 2/145 [00:01<01:15,  1.91it/s, loss=0.0749]
Ep  12 [train]:   2%|▏         | 3/145 [00:01<01:20,  1.76it/s, loss=0.0749]
Ep  12 [train]:   2%|▏         | 3/145 [00:02<01:20,  1.76it/s, loss=0.0734]
Ep  12 [train]:   3%|▎         | 4/145 [00:02<00:59,  2.36it/s, loss=0.0734]
Ep  12 [train]:   3%|▎         | 4/145 [00:02<00:59,  2.36it/s, loss=0.0731]
Ep  12 [train]:   3%|▎         | 5/145 [00:02<01:11,  1.95it/s, loss=0.0731]
Ep  12 [train]:   3%|▎         | 5/145 [00:02<01:11,  1.95it/s, loss=0.0916]
Ep  12 [train]:   4%|▍         | 6/145 [00:02<01:00,  2.29it/s, loss=0.0916]
Ep  12 [train]:   4%|▍         | 6/145 [00:03<01:00,  2.29it/s, loss=0.0750]
Ep  12 [train]:   5%|▍         | 7/145 [00:03<01:07,  2.05it/s, loss=0.0750]
Ep  12 [train]:   5%|▍         | 7/145 [00:03<01:07,  2.05it/s, loss=0.0787]
Ep  12 [train]:   6%|▌         | 8/145 [00:03<00:59,  2.29it/s, loss=0.0787]
Ep  12 [train]:   6%|▌         | 8/145 [00:04<00:59,  2.29it/s, loss=0.0790]
Ep  12 [train]:   6%|▌         | 9/145 [00:04<01:04,  2.10it/s, loss=0.0790]
Ep  12 [train]:   6%|▌         | 9/145 [00:04<01:04,  2.10it/s, loss=0.0729]
Ep  12 [train]:   7%|▋         | 10/145 [00:04<01:03,  2.12it/s, loss=0.0729]
Ep  12 [train]:   7%|▋         | 10/145 [00:05<01:03,  2.12it/s, loss=0.0739]
Ep  12 [train]:   8%|▊         | 11/145 [00:05<01:05,  2.03it/s, loss=0.0739]
Ep  12 [train]:   8%|▊         | 11/145 [00:05<01:05,  2.03it/s, loss=0.0830]
Ep  12 [train]:   8%|▊         | 12/145 [00:05<01:01,  2.15it/s, loss=0.0830]
Ep  12 [train]:   8%|▊         | 12/145 [00:06<01:01,  2.15it/s, loss=0.0742]
Ep  12 [train]:   9%|▉         | 13/145 [00:06<01:03,  2.06it/s, loss=0.0742]
Ep  12 [train]:   9%|▉         | 13/145 [00:06<01:03,  2.06it/s, loss=0.0769]
Ep  12 [train]:  10%|▉         | 14/145 [00:06<00:59,  2.19it/s, loss=0.0769]
Ep  12 [train]:  10%|▉         | 14/145 [00:07<00:59,  2.19it/s, loss=0.0731]
Ep  12 [train]:  10%|█         | 15/145 [00:07<01:01,  2.12it/s, loss=0.0731]
Ep  12 [train]:  10%|█         | 15/145 [00:07<01:01,  2.12it/s, loss=0.0791]
Ep  12 [train]:  11%|█         | 16/145 [00:07<00:58,  2.22it/s, loss=0.0791]
Ep  12 [train]:  11%|█         | 16/145 [00:08<00:58,  2.22it/s, loss=0.0865]
Ep  12 [train]:  12%|█▏        | 17/145 [00:08<01:00,  2.10it/s, loss=0.0865]
Ep  12 [train]:  12%|█▏        | 17/145 [00:08<01:00,  2.10it/s, loss=0.0779]
Ep  12 [train]:  12%|█▏        | 18/145 [00:08<01:01,  2.07it/s, loss=0.0779]
Ep  12 [train]:  12%|█▏        | 18/145 [00:09<01:01,  2.07it/s, loss=0.0759]
Ep  12 [train]:  13%|█▎        | 19/145 [00:09<00:58,  2.15it/s, loss=0.0759]
Ep  12 [train]:  13%|█▎        | 19/145 [00:09<00:58,  2.15it/s, loss=0.0740]
Ep  12 [train]:  14%|█▍        | 20/145 [00:09<00:58,  2.13it/s, loss=0.0740]
Ep  12 [train]:  14%|█▍        | 20/145 [00:10<00:58,  2.13it/s, loss=0.0823]
Ep  12 [train]:  14%|█▍        | 21/145 [00:10<00:55,  2.25it/s, loss=0.0823]
Ep  12 [train]:  14%|█▍        | 21/145 [00:10<00:55,  2.25it/s, loss=0.0840]
Ep  12 [train]:  15%|█▌        | 22/145 [00:10<00:58,  2.11it/s, loss=0.0840]
Ep  12 [train]:  15%|█▌        | 22/145 [00:10<00:58,  2.11it/s, loss=0.0792]
Ep  12 [train]:  16%|█▌        | 23/145 [00:10<00:54,  2.26it/s, loss=0.0792]
Ep  12 [train]:  16%|█▌        | 23/145 [00:11<00:54,  2.26it/s, loss=0.0876]
Ep  12 [train]:  17%|█▋        | 24/145 [00:11<00:57,  2.10it/s, loss=0.0876]
Ep  12 [train]:  17%|█▋        | 24/145 [00:11<00:57,  2.10it/s, loss=0.0707]
Ep  12 [train]:  17%|█▋        | 25/145 [00:11<00:54,  2.20it/s, loss=0.0707]
Ep  12 [train]:  17%|█▋        | 25/145 [00:12<00:54,  2.20it/s, loss=0.0722]
Ep  12 [train]:  18%|█▊        | 26/145 [00:12<00:59,  1.99it/s, loss=0.0722]
Ep  12 [train]:  18%|█▊        | 26/145 [00:12<00:59,  1.99it/s, loss=0.0895]
Ep  12 [train]:  19%|█▊        | 27/145 [00:12<00:47,  2.46it/s, loss=0.0895]
Ep  12 [train]:  19%|█▊        | 27/145 [00:13<00:47,  2.46it/s, loss=0.0779]
Ep  12 [train]:  19%|█▉        | 28/145 [00:13<00:58,  2.02it/s, loss=0.0779]
Ep  12 [train]:  19%|█▉        | 28/145 [00:13<00:58,  2.02it/s, loss=0.0767]
Ep  12 [train]:  20%|██        | 29/145 [00:13<00:47,  2.45it/s, loss=0.0767]
Ep  12 [train]:  20%|██        | 29/145 [00:14<00:47,  2.45it/s, loss=0.0701]
Ep  12 [train]:  21%|██        | 30/145 [00:14<00:56,  2.02it/s, loss=0.0701]
Ep  12 [train]:  21%|██        | 30/145 [00:14<00:56,  2.02it/s, loss=0.0754]
Ep  12 [train]:  21%|██▏       | 31/145 [00:14<00:46,  2.43it/s, loss=0.0754]
Ep  12 [train]:  21%|██▏       | 31/145 [00:15<00:46,  2.43it/s, loss=0.0820]
Ep  12 [train]:  22%|██▏       | 32/145 [00:15<00:55,  2.04it/s, loss=0.0820]
Ep  12 [train]:  22%|██▏       | 32/145 [00:15<00:55,  2.04it/s, loss=0.0843]
Ep  12 [train]:  23%|██▎       | 33/145 [00:15<00:45,  2.48it/s, loss=0.0843]
Ep  12 [train]:  23%|██▎       | 33/145 [00:16<00:45,  2.48it/s, loss=0.0770]
Ep  12 [train]:  23%|██▎       | 34/145 [00:16<00:56,  1.95it/s, loss=0.0770]
Ep  12 [train]:  23%|██▎       | 34/145 [00:16<00:56,  1.95it/s, loss=0.0745]
Ep  12 [train]:  24%|██▍       | 35/145 [00:16<00:46,  2.39it/s, loss=0.0745]
Ep  12 [train]:  24%|██▍       | 35/145 [00:17<00:46,  2.39it/s, loss=0.0726]
Ep  12 [train]:  25%|██▍       | 36/145 [00:17<00:58,  1.85it/s, loss=0.0726]
Ep  12 [train]:  25%|██▍       | 36/145 [00:17<00:58,  1.85it/s, loss=0.0654]
Ep  12 [train]:  26%|██▌       | 37/145 [00:17<00:46,  2.31it/s, loss=0.0654]
Ep  12 [train]:  26%|██▌       | 37/145 [00:18<00:46,  2.31it/s, loss=0.0778]
Ep  12 [train]:  26%|██▌       | 38/145 [00:18<00:53,  1.99it/s, loss=0.0778]
Ep  12 [train]:  26%|██▌       | 38/145 [00:18<00:53,  1.99it/s, loss=0.0809]
Ep  12 [train]:  27%|██▋       | 39/145 [00:18<00:43,  2.44it/s, loss=0.0809]
Ep  12 [train]:  27%|██▋       | 39/145 [00:18<00:43,  2.44it/s, loss=0.0768]
Ep  12 [train]:  28%|██▊       | 40/145 [00:18<00:51,  2.04it/s, loss=0.0768]
Ep  12 [train]:  28%|██▊       | 40/145 [00:19<00:51,  2.04it/s, loss=0.0796]
Ep  12 [train]:  28%|██▊       | 41/145 [00:19<00:42,  2.44it/s, loss=0.0796]
Ep  12 [train]:  28%|██▊       | 41/145 [00:19<00:42,  2.44it/s, loss=0.0733]
Ep  12 [train]:  29%|██▉       | 42/145 [00:19<00:47,  2.15it/s, loss=0.0733]
Ep  12 [train]:  29%|██▉       | 42/145 [00:19<00:47,  2.15it/s, loss=0.0800]
Ep  12 [train]:  30%|██▉       | 43/145 [00:19<00:39,  2.56it/s, loss=0.0800]
Ep  12 [train]:  30%|██▉       | 43/145 [00:20<00:39,  2.56it/s, loss=0.0878]
Ep  12 [train]:  30%|███       | 44/145 [00:20<00:46,  2.15it/s, loss=0.0878]
Ep  12 [train]:  30%|███       | 44/145 [00:20<00:46,  2.15it/s, loss=0.0785]
Ep  12 [train]:  31%|███       | 45/145 [00:20<00:38,  2.58it/s, loss=0.0785]
Ep  12 [train]:  31%|███       | 45/145 [00:21<00:38,  2.58it/s, loss=0.0795]
Ep  12 [train]:  32%|███▏      | 46/145 [00:21<00:45,  2.16it/s, loss=0.0795]
Ep  12 [train]:  32%|███▏      | 46/145 [00:21<00:45,  2.16it/s, loss=0.0758]
Ep  12 [train]:  32%|███▏      | 47/145 [00:21<00:37,  2.63it/s, loss=0.0758]
Ep  12 [train]:  32%|███▏      | 47/145 [00:22<00:37,  2.63it/s, loss=0.0786]
Ep  12 [train]:  33%|███▎      | 48/145 [00:22<00:45,  2.11it/s, loss=0.0786]
Ep  12 [train]:  33%|███▎      | 48/145 [00:22<00:45,  2.11it/s, loss=0.0759]
Ep  12 [train]:  34%|███▍      | 49/145 [00:22<00:37,  2.56it/s, loss=0.0759]
Ep  12 [train]:  34%|███▍      | 49/145 [00:23<00:37,  2.56it/s, loss=0.0865]
Ep  12 [train]:  34%|███▍      | 50/145 [00:23<00:44,  2.14it/s, loss=0.0865]
Ep  12 [train]:  34%|███▍      | 50/145 [00:23<00:44,  2.14it/s, loss=0.0778]
Ep  12 [train]:  35%|███▌      | 51/145 [00:23<00:36,  2.61it/s, loss=0.0778]
Ep  12 [train]:  35%|███▌      | 51/145 [00:23<00:36,  2.61it/s, loss=0.0793]
Ep  12 [train]:  36%|███▌      | 52/145 [00:23<00:43,  2.16it/s, loss=0.0793]
Ep  12 [train]:  36%|███▌      | 52/145 [00:24<00:43,  2.16it/s, loss=0.0729]
Ep  12 [train]:  37%|███▋      | 53/145 [00:24<00:35,  2.57it/s, loss=0.0729]
Ep  12 [train]:  37%|███▋      | 53/145 [00:24<00:35,  2.57it/s, loss=0.0741]
Ep  12 [train]:  37%|███▋      | 54/145 [00:24<00:44,  2.04it/s, loss=0.0741]
Ep  12 [train]:  37%|███▋      | 54/145 [00:25<00:44,  2.04it/s, loss=0.0828]
Ep  12 [train]:  38%|███▊      | 55/145 [00:25<00:35,  2.53it/s, loss=0.0828]
Ep  12 [train]:  38%|███▊      | 55/145 [00:25<00:35,  2.53it/s, loss=0.0807]
Ep  12 [train]:  39%|███▊      | 56/145 [00:25<00:43,  2.05it/s, loss=0.0807]
Ep  12 [train]:  39%|███▊      | 56/145 [00:25<00:43,  2.05it/s, loss=0.0758]
Ep  12 [train]:  39%|███▉      | 57/145 [00:25<00:35,  2.47it/s, loss=0.0758]
Ep  12 [train]:  39%|███▉      | 57/145 [00:26<00:35,  2.47it/s, loss=0.0810]
Ep  12 [train]:  40%|████      | 58/145 [00:26<00:42,  2.06it/s, loss=0.0810]
Ep  12 [train]:  40%|████      | 58/145 [00:26<00:42,  2.06it/s, loss=0.0786]
Ep  12 [train]:  41%|████      | 59/145 [00:26<00:33,  2.54it/s, loss=0.0786]
Ep  12 [train]:  41%|████      | 59/145 [00:27<00:33,  2.54it/s, loss=0.0852]
Ep  12 [train]:  41%|████▏     | 60/145 [00:27<00:40,  2.09it/s, loss=0.0852]
Ep  12 [train]:  41%|████▏     | 60/145 [00:27<00:40,  2.09it/s, loss=0.0784]
Ep  12 [train]:  42%|████▏     | 61/145 [00:27<00:33,  2.52it/s, loss=0.0784]
Ep  12 [train]:  42%|████▏     | 61/145 [00:28<00:33,  2.52it/s, loss=0.0837]
Ep  12 [train]:  43%|████▎     | 62/145 [00:28<00:39,  2.08it/s, loss=0.0837]
Ep  12 [train]:  43%|████▎     | 62/145 [00:28<00:39,  2.08it/s, loss=0.0762]
Ep  12 [train]:  43%|████▎     | 63/145 [00:28<00:33,  2.48it/s, loss=0.0762]
Ep  12 [train]:  43%|████▎     | 63/145 [00:29<00:33,  2.48it/s, loss=0.0826]
Ep  12 [train]:  44%|████▍     | 64/145 [00:29<00:39,  2.06it/s, loss=0.0826]
Ep  12 [train]:  44%|████▍     | 64/145 [00:29<00:39,  2.06it/s, loss=0.0771]
Ep  12 [train]:  45%|████▍     | 65/145 [00:29<00:33,  2.42it/s, loss=0.0771]
Ep  12 [train]:  45%|████▍     | 65/145 [00:30<00:33,  2.42it/s, loss=0.0766]
Ep  12 [train]:  46%|████▌     | 66/145 [00:30<00:38,  2.06it/s, loss=0.0766]
Ep  12 [train]:  46%|████▌     | 66/145 [00:30<00:38,  2.06it/s, loss=0.0773]
Ep  12 [train]:  46%|████▌     | 67/145 [00:30<00:32,  2.37it/s, loss=0.0773]
Ep  12 [train]:  46%|████▌     | 67/145 [00:31<00:32,  2.37it/s, loss=0.0779]
Ep  12 [train]:  47%|████▋     | 68/145 [00:31<00:36,  2.13it/s, loss=0.0779]
Ep  12 [train]:  47%|████▋     | 68/145 [00:31<00:36,  2.13it/s, loss=0.0839]
Ep  12 [train]:  48%|████▊     | 69/145 [00:31<00:30,  2.47it/s, loss=0.0839]
Ep  12 [train]:  48%|████▊     | 69/145 [00:31<00:30,  2.47it/s, loss=0.0723]
Ep  12 [train]:  48%|████▊     | 70/145 [00:31<00:35,  2.14it/s, loss=0.0723]
Ep  12 [train]:  48%|████▊     | 70/145 [00:32<00:35,  2.14it/s, loss=0.0751]
Ep  12 [train]:  49%|████▉     | 71/145 [00:32<00:32,  2.31it/s, loss=0.0751]
Ep  12 [train]:  49%|████▉     | 71/145 [00:32<00:32,  2.31it/s, loss=0.0754]
Ep  12 [train]:  50%|████▉     | 72/145 [00:32<00:35,  2.07it/s, loss=0.0754]
Ep  12 [train]:  50%|████▉     | 72/145 [00:33<00:35,  2.07it/s, loss=0.0713]
Ep  12 [train]:  50%|█████     | 73/145 [00:33<00:30,  2.34it/s, loss=0.0713]
Ep  12 [train]:  50%|█████     | 73/145 [00:33<00:30,  2.34it/s, loss=0.0956]
Ep  12 [train]:  51%|█████     | 74/145 [00:33<00:33,  2.09it/s, loss=0.0956]
Ep  12 [train]:  51%|█████     | 74/145 [00:34<00:33,  2.09it/s, loss=0.0803]
Ep  12 [train]:  52%|█████▏    | 75/145 [00:34<00:30,  2.31it/s, loss=0.0803]
Ep  12 [train]:  52%|█████▏    | 75/145 [00:34<00:30,  2.31it/s, loss=0.0861]
Ep  12 [train]:  52%|█████▏    | 76/145 [00:34<00:32,  2.10it/s, loss=0.0861]
Ep  12 [train]:  52%|█████▏    | 76/145 [00:35<00:32,  2.10it/s, loss=0.0783]
Ep  12 [train]:  53%|█████▎    | 77/145 [00:35<00:29,  2.30it/s, loss=0.0783]
Ep  12 [train]:  53%|█████▎    | 77/145 [00:35<00:29,  2.30it/s, loss=0.0773]
Ep  12 [train]:  54%|█████▍    | 78/145 [00:35<00:31,  2.12it/s, loss=0.0773]
Ep  12 [train]:  54%|█████▍    | 78/145 [00:35<00:31,  2.12it/s, loss=0.0818]
Ep  12 [train]:  54%|█████▍    | 79/145 [00:35<00:29,  2.27it/s, loss=0.0818]
Ep  12 [train]:  54%|█████▍    | 79/145 [00:36<00:29,  2.27it/s, loss=0.0775]
Ep  12 [train]:  55%|█████▌    | 80/145 [00:36<00:30,  2.12it/s, loss=0.0775]
Ep  12 [train]:  55%|█████▌    | 80/145 [00:36<00:30,  2.12it/s, loss=0.0793]
Ep  12 [train]:  56%|█████▌    | 81/145 [00:36<00:28,  2.25it/s, loss=0.0793]
Ep  12 [train]:  56%|█████▌    | 81/145 [00:37<00:28,  2.25it/s, loss=0.0679]
Ep  12 [train]:  57%|█████▋    | 82/145 [00:37<00:30,  2.09it/s, loss=0.0679]
Ep  12 [train]:  57%|█████▋    | 82/145 [00:37<00:30,  2.09it/s, loss=0.0765]
Ep  12 [train]:  57%|█████▋    | 83/145 [00:37<00:27,  2.26it/s, loss=0.0765]
Ep  12 [train]:  57%|█████▋    | 83/145 [00:38<00:27,  2.26it/s, loss=0.0782]
Ep  12 [train]:  58%|█████▊    | 84/145 [00:38<00:28,  2.17it/s, loss=0.0782]
Ep  12 [train]:  58%|█████▊    | 84/145 [00:38<00:28,  2.17it/s, loss=0.0730]
Ep  12 [train]:  59%|█████▊    | 85/145 [00:38<00:27,  2.21it/s, loss=0.0730]
Ep  12 [train]:  59%|█████▊    | 85/145 [00:39<00:27,  2.21it/s, loss=0.0892]
Ep  12 [train]:  59%|█████▉    | 86/145 [00:39<00:26,  2.23it/s, loss=0.0892]
Ep  12 [train]:  59%|█████▉    | 86/145 [00:39<00:26,  2.23it/s, loss=0.0853]
Ep  12 [train]:  60%|██████    | 87/145 [00:39<00:27,  2.14it/s, loss=0.0853]
Ep  12 [train]:  60%|██████    | 87/145 [00:40<00:27,  2.14it/s, loss=0.0731]
Ep  12 [train]:  61%|██████    | 88/145 [00:40<00:24,  2.30it/s, loss=0.0731]
Ep  12 [train]:  61%|██████    | 88/145 [00:40<00:24,  2.30it/s, loss=0.0707]
Ep  12 [train]:  61%|██████▏   | 89/145 [00:40<00:26,  2.10it/s, loss=0.0707]
Ep  12 [train]:  61%|██████▏   | 89/145 [00:40<00:26,  2.10it/s, loss=0.0781]
Ep  12 [train]:  62%|██████▏   | 90/145 [00:40<00:23,  2.32it/s, loss=0.0781]
Ep  12 [train]:  62%|██████▏   | 90/145 [00:41<00:23,  2.32it/s, loss=0.0829]
Ep  12 [train]:  63%|██████▎   | 91/145 [00:41<00:25,  2.10it/s, loss=0.0829]
Ep  12 [train]:  63%|██████▎   | 91/145 [00:41<00:25,  2.10it/s, loss=0.0767]
Ep  12 [train]:  63%|██████▎   | 92/145 [00:41<00:22,  2.34it/s, loss=0.0767]
Ep  12 [train]:  63%|██████▎   | 92/145 [00:42<00:22,  2.34it/s, loss=0.0818]
Ep  12 [train]:  64%|██████▍   | 93/145 [00:42<00:25,  2.05it/s, loss=0.0818]
Ep  12 [train]:  64%|██████▍   | 93/145 [00:42<00:25,  2.05it/s, loss=0.0779]
Ep  12 [train]:  65%|██████▍   | 94/145 [00:42<00:21,  2.33it/s, loss=0.0779]
Ep  12 [train]:  65%|██████▍   | 94/145 [00:43<00:21,  2.33it/s, loss=0.0795]
Ep  12 [train]:  66%|██████▌   | 95/145 [00:43<00:25,  1.98it/s, loss=0.0795]
Ep  12 [train]:  66%|██████▌   | 95/145 [00:43<00:25,  1.98it/s, loss=0.0737]
Ep  12 [train]:  66%|██████▌   | 96/145 [00:43<00:20,  2.39it/s, loss=0.0737]
Ep  12 [train]:  66%|██████▌   | 96/145 [00:44<00:20,  2.39it/s, loss=0.0732]
Ep  12 [train]:  67%|██████▋   | 97/145 [00:44<00:24,  1.98it/s, loss=0.0732]
Ep  12 [train]:  67%|██████▋   | 97/145 [00:44<00:24,  1.98it/s, loss=0.0872]
Ep  12 [train]:  68%|██████▊   | 98/145 [00:44<00:19,  2.39it/s, loss=0.0872]
Ep  12 [train]:  68%|██████▊   | 98/145 [00:45<00:19,  2.39it/s, loss=0.0757]
Ep  12 [train]:  68%|██████▊   | 99/145 [00:45<00:23,  1.97it/s, loss=0.0757]
Ep  12 [train]:  68%|██████▊   | 99/145 [00:45<00:23,  1.97it/s, loss=0.0793]
Ep  12 [train]:  69%|██████▉   | 100/145 [00:45<00:18,  2.43it/s, loss=0.0793]
Ep  12 [train]:  69%|██████▉   | 100/145 [00:46<00:18,  2.43it/s, loss=0.0849]
Ep  12 [train]:  70%|██████▉   | 101/145 [00:46<00:21,  2.02it/s, loss=0.0849]
Ep  12 [train]:  70%|██████▉   | 101/145 [00:46<00:21,  2.02it/s, loss=0.0779]
Ep  12 [train]:  70%|███████   | 102/145 [00:46<00:17,  2.40it/s, loss=0.0779]
Ep  12 [train]:  70%|███████   | 102/145 [00:47<00:17,  2.40it/s, loss=0.0778]
Ep  12 [train]:  71%|███████   | 103/145 [00:47<00:20,  2.00it/s, loss=0.0778]
Ep  12 [train]:  71%|███████   | 103/145 [00:47<00:20,  2.00it/s, loss=0.0920]
Ep  12 [train]:  72%|███████▏  | 104/145 [00:47<00:17,  2.35it/s, loss=0.0920]
Ep  12 [train]:  72%|███████▏  | 104/145 [00:48<00:17,  2.35it/s, loss=0.0820]
Ep  12 [train]:  72%|███████▏  | 105/145 [00:48<00:22,  1.81it/s, loss=0.0820]
Ep  12 [train]:  72%|███████▏  | 105/145 [00:48<00:22,  1.81it/s, loss=0.0763]
Ep  12 [train]:  73%|███████▎  | 106/145 [00:48<00:17,  2.28it/s, loss=0.0763]
Ep  12 [train]:  73%|███████▎  | 106/145 [00:48<00:17,  2.28it/s, loss=0.0837]
Ep  12 [train]:  74%|███████▍  | 107/145 [00:48<00:18,  2.05it/s, loss=0.0837]
Ep  12 [train]:  74%|███████▍  | 107/145 [00:49<00:18,  2.05it/s, loss=0.0754]
Ep  12 [train]:  74%|███████▍  | 108/145 [00:49<00:14,  2.54it/s, loss=0.0754]
Ep  12 [train]:  74%|███████▍  | 108/145 [00:49<00:14,  2.54it/s, loss=0.0720]
Ep  12 [train]:  75%|███████▌  | 109/145 [00:49<00:17,  2.08it/s, loss=0.0720]
Ep  12 [train]:  75%|███████▌  | 109/145 [00:50<00:17,  2.08it/s, loss=0.0894]
Ep  12 [train]:  76%|███████▌  | 110/145 [00:50<00:13,  2.54it/s, loss=0.0894]
Ep  12 [train]:  76%|███████▌  | 110/145 [00:50<00:13,  2.54it/s, loss=0.0759]
Ep  12 [train]:  77%|███████▋  | 111/145 [00:50<00:15,  2.22it/s, loss=0.0759]
Ep  12 [train]:  77%|███████▋  | 111/145 [00:50<00:15,  2.22it/s, loss=0.0765]
Ep  12 [train]:  77%|███████▋  | 112/145 [00:50<00:12,  2.70it/s, loss=0.0765]
Ep  12 [train]:  77%|███████▋  | 112/145 [00:51<00:12,  2.70it/s, loss=0.0914]
Ep  12 [train]:  78%|███████▊  | 113/145 [00:51<00:12,  2.54it/s, loss=0.0914]
Ep  12 [train]:  78%|███████▊  | 113/145 [00:51<00:12,  2.54it/s, loss=0.0781]
Ep  12 [train]:  79%|███████▊  | 114/145 [00:51<00:10,  2.99it/s, loss=0.0781]
Ep  12 [train]:  79%|███████▊  | 114/145 [00:51<00:10,  2.99it/s, loss=0.0726]
Ep  12 [train]:  79%|███████▉  | 115/145 [00:51<00:11,  2.57it/s, loss=0.0726]
Ep  12 [train]:  79%|███████▉  | 115/145 [00:52<00:11,  2.57it/s, loss=0.0779]
Ep  12 [train]:  80%|████████  | 116/145 [00:52<00:09,  3.04it/s, loss=0.0779]
Ep  12 [train]:  80%|████████  | 116/145 [00:52<00:09,  3.04it/s, loss=0.0704]
Ep  12 [train]:  81%|████████  | 117/145 [00:52<00:11,  2.44it/s, loss=0.0704]
Ep  12 [train]:  81%|████████  | 117/145 [00:52<00:11,  2.44it/s, loss=0.0777]
Ep  12 [train]:  81%|████████▏ | 118/145 [00:52<00:09,  2.92it/s, loss=0.0777]
Ep  12 [train]:  81%|████████▏ | 118/145 [00:53<00:09,  2.92it/s, loss=0.0740]
Ep  12 [train]:  82%|████████▏ | 119/145 [00:53<00:10,  2.49it/s, loss=0.0740]
Ep  12 [train]:  82%|████████▏ | 119/145 [00:53<00:10,  2.49it/s, loss=0.0770]
Ep  12 [train]:  83%|████████▎ | 120/145 [00:53<00:08,  2.87it/s, loss=0.0770]
Ep  12 [train]:  83%|████████▎ | 120/145 [00:54<00:08,  2.87it/s, loss=0.0750]
Ep  12 [train]:  83%|████████▎ | 121/145 [00:54<00:09,  2.47it/s, loss=0.0750]
Ep  12 [train]:  83%|████████▎ | 121/145 [00:54<00:09,  2.47it/s, loss=0.0748]
Ep  12 [train]:  84%|████████▍ | 122/145 [00:54<00:08,  2.59it/s, loss=0.0748]
Ep  12 [train]:  84%|████████▍ | 122/145 [00:55<00:08,  2.59it/s, loss=0.0755]
Ep  12 [train]:  85%|████████▍ | 123/145 [00:55<00:09,  2.38it/s, loss=0.0755]
Ep  12 [train]:  85%|████████▍ | 123/145 [00:55<00:09,  2.38it/s, loss=0.0732]
Ep  12 [train]:  86%|████████▌ | 124/145 [00:55<00:07,  2.65it/s, loss=0.0732]
Ep  12 [train]:  86%|████████▌ | 124/145 [00:55<00:07,  2.65it/s, loss=0.0730]
Ep  12 [train]:  86%|████████▌ | 125/145 [00:55<00:08,  2.36it/s, loss=0.0730]
Ep  12 [train]:  86%|████████▌ | 125/145 [00:56<00:08,  2.36it/s, loss=0.0791]
Ep  12 [train]:  87%|████████▋ | 126/145 [00:56<00:07,  2.65it/s, loss=0.0791]
Ep  12 [train]:  87%|████████▋ | 126/145 [00:56<00:07,  2.65it/s, loss=0.0726]
Ep  12 [train]:  88%|████████▊ | 127/145 [00:56<00:07,  2.35it/s, loss=0.0726]
Ep  12 [train]:  88%|████████▊ | 127/145 [00:57<00:07,  2.35it/s, loss=0.0718]
Ep  12 [train]:  88%|████████▊ | 128/145 [00:57<00:06,  2.50it/s, loss=0.0718]
Ep  12 [train]:  88%|████████▊ | 128/145 [00:57<00:06,  2.50it/s, loss=0.0736]
Ep  12 [train]:  89%|████████▉ | 129/145 [00:57<00:06,  2.30it/s, loss=0.0736]
Ep  12 [train]:  89%|████████▉ | 129/145 [00:57<00:06,  2.30it/s, loss=0.0752]
Ep  12 [train]:  90%|████████▉ | 130/145 [00:57<00:05,  2.67it/s, loss=0.0752]
Ep  12 [train]:  90%|████████▉ | 130/145 [00:58<00:05,  2.67it/s, loss=0.0809]
Ep  12 [train]:  90%|█████████ | 131/145 [00:58<00:06,  2.26it/s, loss=0.0809]
Ep  12 [train]:  90%|█████████ | 131/145 [00:58<00:06,  2.26it/s, loss=0.0717]
Ep  12 [train]:  91%|█████████ | 132/145 [00:58<00:04,  2.69it/s, loss=0.0717]
Ep  12 [train]:  91%|█████████ | 132/145 [00:59<00:04,  2.69it/s, loss=0.0760]
Ep  12 [train]:  92%|█████████▏| 133/145 [00:59<00:05,  2.25it/s, loss=0.0760]
Ep  12 [train]:  92%|█████████▏| 133/145 [00:59<00:05,  2.25it/s, loss=0.0801]
Ep  12 [train]:  92%|█████████▏| 134/145 [00:59<00:04,  2.62it/s, loss=0.0801]
Ep  12 [train]:  92%|█████████▏| 134/145 [01:00<00:04,  2.62it/s, loss=0.0734]
Ep  12 [train]:  93%|█████████▎| 135/145 [01:00<00:04,  2.25it/s, loss=0.0734]
Ep  12 [train]:  93%|█████████▎| 135/145 [01:00<00:04,  2.25it/s, loss=0.0748]
Ep  12 [train]:  94%|█████████▍| 136/145 [01:00<00:03,  2.71it/s, loss=0.0748]
Ep  12 [train]:  94%|█████████▍| 136/145 [01:00<00:03,  2.71it/s, loss=0.0825]
Ep  12 [train]:  94%|█████████▍| 137/145 [01:00<00:03,  2.33it/s, loss=0.0825]
Ep  12 [train]:  94%|█████████▍| 137/145 [01:00<00:03,  2.33it/s, loss=0.0735]
Ep  12 [train]:  95%|█████████▌| 138/145 [01:00<00:02,  2.76it/s, loss=0.0735]
Ep  12 [train]:  95%|█████████▌| 138/145 [01:01<00:02,  2.76it/s, loss=0.0758]
Ep  12 [train]:  96%|█████████▌| 139/145 [01:01<00:02,  2.34it/s, loss=0.0758]
Ep  12 [train]:  96%|█████████▌| 139/145 [01:01<00:02,  2.34it/s, loss=0.0802]
Ep  12 [train]:  97%|█████████▋| 140/145 [01:01<00:01,  2.75it/s, loss=0.0802]
Ep  12 [train]:  97%|█████████▋| 140/145 [01:02<00:01,  2.75it/s, loss=0.0822]
Ep  12 [train]:  97%|█████████▋| 141/145 [01:02<00:01,  2.47it/s, loss=0.0822]
Ep  12 [train]:  97%|█████████▋| 141/145 [01:02<00:01,  2.47it/s, loss=0.0702]
Ep  12 [train]:  98%|█████████▊| 142/145 [01:02<00:01,  2.80it/s, loss=0.0702]
Ep  12 [train]:  98%|█████████▊| 142/145 [01:03<00:01,  2.80it/s, loss=0.0760]
Ep  12 [train]:  99%|█████████▊| 143/145 [01:03<00:00,  2.52it/s, loss=0.0760]
Ep  12 [train]:  99%|█████████▊| 143/145 [01:03<00:00,  2.52it/s, loss=0.0826]
Ep  12 [train]:  99%|█████████▉| 144/145 [01:03<00:00,  2.75it/s, loss=0.0826]
Ep  12 [train]:  99%|█████████▉| 144/145 [01:03<00:00,  2.75it/s, loss=0.0725]
Ep  12 [train]: 100%|██████████| 145/145 [01:03<00:00,  2.61it/s, loss=0.0725]
                                                                              
  Ep  12 [train]  loss=0.0781  rmse_c=0.2404  mae_c=0.2166  r2_c=0.015  rmse_h=0.3146  mae_h=0.2348  r2_h=0.429  sup=0.325

Ep  12 [val  ]:   0%|          | 0/39 [00:00<?, ?it/s]
Ep  12 [val  ]:   0%|          | 0/39 [00:00<?, ?it/s, loss=0.0979]
Ep  12 [val  ]:   3%|▎         | 1/39 [00:00<00:34,  1.11it/s, loss=0.0979]
Ep  12 [val  ]:   3%|▎         | 1/39 [00:01<00:34,  1.11it/s, loss=0.0939]
Ep  12 [val  ]:   5%|▌         | 2/39 [00:01<00:18,  2.03it/s, loss=0.0939]
Ep  12 [val  ]:   5%|▌         | 2/39 [00:01<00:18,  2.03it/s, loss=0.0770]
Ep  12 [val  ]:   8%|▊         | 3/39 [00:01<00:17,  2.03it/s, loss=0.0770]
Ep  12 [val  ]:   8%|▊         | 3/39 [00:02<00:17,  2.03it/s, loss=0.0734]
Ep  12 [val  ]:  10%|█         | 4/39 [00:02<00:16,  2.08it/s, loss=0.0734]
Ep  12 [val  ]:  10%|█         | 4/39 [00:02<00:16,  2.08it/s, loss=0.0759]
Ep  12 [val  ]:  13%|█▎        | 5/39 [00:02<00:13,  2.45it/s, loss=0.0759]
Ep  12 [val  ]:  13%|█▎        | 5/39 [00:02<00:13,  2.45it/s, loss=0.0825]
Ep  12 [val  ]:  15%|█▌        | 6/39 [00:02<00:15,  2.13it/s, loss=0.0825]
Ep  12 [val  ]:  15%|█▌        | 6/39 [00:03<00:15,  2.13it/s, loss=0.0746]
Ep  12 [val  ]:  18%|█▊        | 7/39 [00:03<00:11,  2.83it/s, loss=0.0746]
Ep  12 [val  ]:  18%|█▊        | 7/39 [00:03<00:11,  2.83it/s, loss=0.0739]
Ep  12 [val  ]:  21%|██        | 8/39 [00:03<00:15,  1.94it/s, loss=0.0739]
Ep  12 [val  ]:  21%|██        | 8/39 [00:04<00:15,  1.94it/s, loss=0.0751]
Ep  12 [val  ]:  21%|██        | 8/39 [00:04<00:15,  1.94it/s, loss=0.0709]
Ep  12 [val  ]:  26%|██▌       | 10/39 [00:04<00:14,  2.02it/s, loss=0.0709]
Ep  12 [val  ]:  26%|██▌       | 10/39 [00:04<00:14,  2.02it/s, loss=0.0736]
Ep  12 [val  ]:  26%|██▌       | 10/39 [00:05<00:14,  2.02it/s, loss=0.0759]
Ep  12 [val  ]:  31%|███       | 12/39 [00:05<00:13,  2.08it/s, loss=0.0759]
Ep  12 [val  ]:  31%|███       | 12/39 [00:05<00:13,  2.08it/s, loss=0.0781]
Ep  12 [val  ]:  31%|███       | 12/39 [00:06<00:13,  2.08it/s, loss=0.0851]
Ep  12 [val  ]:  36%|███▌      | 14/39 [00:06<00:11,  2.12it/s, loss=0.0851]
Ep  12 [val  ]:  36%|███▌      | 14/39 [00:06<00:11,  2.12it/s, loss=0.0961]
Ep  12 [val  ]:  36%|███▌      | 14/39 [00:07<00:11,  2.12it/s, loss=0.0983]
Ep  12 [val  ]:  41%|████      | 16/39 [00:07<00:10,  2.20it/s, loss=0.0983]
Ep  12 [val  ]:  41%|████      | 16/39 [00:07<00:10,  2.20it/s, loss=0.0953]
Ep  12 [val  ]:  41%|████      | 16/39 [00:08<00:10,  2.20it/s, loss=0.0878]
Ep  12 [val  ]:  46%|████▌     | 18/39 [00:08<00:09,  2.23it/s, loss=0.0878]
Ep  12 [val  ]:  46%|████▌     | 18/39 [00:08<00:09,  2.23it/s, loss=0.0791]
Ep  12 [val  ]:  46%|████▌     | 18/39 [00:09<00:09,  2.23it/s, loss=0.0666]
Ep  12 [val  ]:  51%|█████▏    | 20/39 [00:09<00:08,  2.28it/s, loss=0.0666]
Ep  12 [val  ]:  51%|█████▏    | 20/39 [00:09<00:08,  2.28it/s, loss=0.0584]
Ep  12 [val  ]:  51%|█████▏    | 20/39 [00:10<00:08,  2.28it/s, loss=0.0668]
Ep  12 [val  ]:  56%|█████▋    | 22/39 [00:10<00:07,  2.23it/s, loss=0.0668]
Ep  12 [val  ]:  56%|█████▋    | 22/39 [00:10<00:07,  2.23it/s, loss=0.0626]
Ep  12 [val  ]:  56%|█████▋    | 22/39 [00:11<00:07,  2.23it/s, loss=0.0649]
Ep  12 [val  ]:  62%|██████▏   | 24/39 [00:11<00:06,  2.27it/s, loss=0.0649]
Ep  12 [val  ]:  62%|██████▏   | 24/39 [00:11<00:06,  2.27it/s, loss=0.0660]
Ep  12 [val  ]:  62%|██████▏   | 24/39 [00:11<00:06,  2.27it/s, loss=0.0765]
Ep  12 [val  ]:  67%|██████▋   | 26/39 [00:11<00:05,  2.26it/s, loss=0.0765]
Ep  12 [val  ]:  67%|██████▋   | 26/39 [00:11<00:05,  2.26it/s, loss=0.0848]
Ep  12 [val  ]:  67%|██████▋   | 26/39 [00:12<00:05,  2.26it/s, loss=0.1225]
Ep  12 [val  ]:  72%|███████▏  | 28/39 [00:12<00:04,  2.28it/s, loss=0.1225]
Ep  12 [val  ]:  72%|███████▏  | 28/39 [00:12<00:04,  2.28it/s, loss=0.0941]
Ep  12 [val  ]:  72%|███████▏  | 28/39 [00:13<00:04,  2.28it/s, loss=0.0844]
Ep  12 [val  ]:  77%|███████▋  | 30/39 [00:13<00:04,  2.23it/s, loss=0.0844]
Ep  12 [val  ]:  77%|███████▋  | 30/39 [00:13<00:04,  2.23it/s, loss=0.0853]
Ep  12 [val  ]:  77%|███████▋  | 30/39 [00:14<00:04,  2.23it/s, loss=0.0735]
Ep  12 [val  ]:  82%|████████▏ | 32/39 [00:14<00:03,  2.16it/s, loss=0.0735]
Ep  12 [val  ]:  82%|████████▏ | 32/39 [00:14<00:03,  2.16it/s, loss=0.0784]
Ep  12 [val  ]:  82%|████████▏ | 32/39 [00:15<00:03,  2.16it/s, loss=0.0729]
Ep  12 [val  ]:  87%|████████▋ | 34/39 [00:15<00:02,  2.23it/s, loss=0.0729]
Ep  12 [val  ]:  87%|████████▋ | 34/39 [00:15<00:02,  2.23it/s, loss=0.0765]
Ep  12 [val  ]:  87%|████████▋ | 34/39 [00:16<00:02,  2.23it/s, loss=0.0720]
Ep  12 [val  ]:  92%|█████████▏| 36/39 [00:16<00:01,  2.33it/s, loss=0.0720]
Ep  12 [val  ]:  92%|█████████▏| 36/39 [00:16<00:01,  2.33it/s, loss=0.0703]
Ep  12 [val  ]:  92%|█████████▏| 36/39 [00:17<00:01,  2.33it/s, loss=0.0624]
Ep  12 [val  ]:  97%|█████████▋| 38/39 [00:17<00:00,  2.42it/s, loss=0.0624]
Ep  12 [val  ]:  97%|█████████▋| 38/39 [00:17<00:00,  2.42it/s, loss=0.0741]
                                                                            
  Ep  12 [val  ]  loss=0.0789  rmse_c=0.2449  mae_c=0.2196  r2_c=0.014  rmse_h=0.3133  mae_h=0.2308  r2_h=0.388  sup=0.308
  [new best] combined_val_rmse=0.2791

Ep  13 [train]:   0%|          | 0/145 [00:00<?, ?it/s]
Ep  13 [train]:   0%|          | 0/145 [00:01<?, ?it/s, loss=0.0700]
Ep  13 [train]:   1%|          | 1/145 [00:01<02:40,  1.11s/it, loss=0.0700]
Ep  13 [train]:   1%|          | 1/145 [00:01<02:40,  1.11s/it, loss=0.0758]
Ep  13 [train]:   1%|▏         | 2/145 [00:01<01:20,  1.77it/s, loss=0.0758]
Ep  13 [train]:   1%|▏         | 2/145 [00:01<01:20,  1.77it/s, loss=0.0752]
Ep  13 [train]:   2%|▏         | 3/145 [00:01<01:25,  1.66it/s, loss=0.0752]
Ep  13 [train]:   2%|▏         | 3/145 [00:02<01:25,  1.66it/s, loss=0.0707]
Ep  13 [train]:   3%|▎         | 4/145 [00:02<01:01,  2.30it/s, loss=0.0707]
Ep  13 [train]:   3%|▎         | 4/145 [00:02<01:01,  2.30it/s, loss=0.0742]
Ep  13 [train]:   3%|▎         | 5/145 [00:02<01:09,  2.02it/s, loss=0.0742]
Ep  13 [train]:   3%|▎         | 5/145 [00:02<01:09,  2.02it/s, loss=0.0869]
Ep  13 [train]:   4%|▍         | 6/145 [00:02<00:54,  2.57it/s, loss=0.0869]
Ep  13 [train]:   4%|▍         | 6/145 [00:03<00:54,  2.57it/s, loss=0.0768]
Ep  13 [train]:   5%|▍         | 7/145 [00:03<01:04,  2.15it/s, loss=0.0768]
Ep  13 [train]:   5%|▍         | 7/145 [00:03<01:04,  2.15it/s, loss=0.0782]
Ep  13 [train]:   6%|▌         | 8/145 [00:03<00:51,  2.67it/s, loss=0.0782]
Ep  13 [train]:   6%|▌         | 8/145 [00:04<00:51,  2.67it/s, loss=0.0728]
Ep  13 [train]:   6%|▌         | 9/145 [00:04<01:02,  2.19it/s, loss=0.0728]
Ep  13 [train]:   6%|▌         | 9/145 [00:04<01:02,  2.19it/s, loss=0.0767]
Ep  13 [train]:   7%|▋         | 10/145 [00:04<00:49,  2.71it/s, loss=0.0767]
Ep  13 [train]:   7%|▋         | 10/145 [00:05<00:49,  2.71it/s, loss=0.0715]
Ep  13 [train]:   8%|▊         | 11/145 [00:05<00:58,  2.31it/s, loss=0.0715]
Ep  13 [train]:   8%|▊         | 11/145 [00:05<00:58,  2.31it/s, loss=0.0806]
Ep  13 [train]:   8%|▊         | 12/145 [00:05<00:47,  2.80it/s, loss=0.0806]
Ep  13 [train]:   8%|▊         | 12/145 [00:05<00:47,  2.80it/s, loss=0.0734]
Ep  13 [train]:   9%|▉         | 13/145 [00:05<00:56,  2.34it/s, loss=0.0734]
Ep  13 [train]:   9%|▉         | 13/145 [00:06<00:56,  2.34it/s, loss=0.0776]
Ep  13 [train]:  10%|▉         | 14/145 [00:06<00:46,  2.83it/s, loss=0.0776]
Ep  13 [train]:  10%|▉         | 14/145 [00:06<00:46,  2.83it/s, loss=0.0705]
Ep  13 [train]:  10%|█         | 15/145 [00:06<00:57,  2.26it/s, loss=0.0705]
Ep  13 [train]:  10%|█         | 15/145 [00:06<00:57,  2.26it/s, loss=0.0755]
Ep  13 [train]:  11%|█         | 16/145 [00:06<00:47,  2.73it/s, loss=0.0755]
Ep  13 [train]:  11%|█         | 16/145 [00:07<00:47,  2.73it/s, loss=0.0760]
Ep  13 [train]:  12%|█▏        | 17/145 [00:07<00:54,  2.34it/s, loss=0.0760]
Ep  13 [train]:  12%|█▏        | 17/145 [00:07<00:54,  2.34it/s, loss=0.0739]
Ep  13 [train]:  12%|█▏        | 18/145 [00:07<00:45,  2.81it/s, loss=0.0739]
Ep  13 [train]:  12%|█▏        | 18/145 [00:08<00:45,  2.81it/s, loss=0.0779]
Ep  13 [train]:  13%|█▎        | 19/145 [00:08<00:54,  2.32it/s, loss=0.0779]
Ep  13 [train]:  13%|█▎        | 19/145 [00:08<00:54,  2.32it/s, loss=0.0759]
Ep  13 [train]:  14%|█▍        | 20/145 [00:08<00:44,  2.81it/s, loss=0.0759]
Ep  13 [train]:  14%|█▍        | 20/145 [00:09<00:44,  2.81it/s, loss=0.0771]
Ep  13 [train]:  14%|█▍        | 21/145 [00:09<00:54,  2.26it/s, loss=0.0771]
Ep  13 [train]:  14%|█▍        | 21/145 [00:09<00:54,  2.26it/s, loss=0.0838]
Ep  13 [train]:  15%|█▌        | 22/145 [00:09<00:46,  2.66it/s, loss=0.0838]
Ep  13 [train]:  15%|█▌        | 22/145 [00:09<00:46,  2.66it/s, loss=0.0726]
Ep  13 [train]:  16%|█▌        | 23/145 [00:09<00:51,  2.38it/s, loss=0.0726]
Ep  13 [train]:  16%|█▌        | 23/145 [00:10<00:51,  2.38it/s, loss=0.0859]
Ep  13 [train]:  17%|█▋        | 24/145 [00:10<00:42,  2.87it/s, loss=0.0859]
Ep  13 [train]:  17%|█▋        | 24/145 [00:10<00:42,  2.87it/s, loss=0.0741]
Ep  13 [train]:  17%|█▋        | 25/145 [00:10<00:51,  2.34it/s, loss=0.0741]
Ep  13 [train]:  17%|█▋        | 25/145 [00:10<00:51,  2.34it/s, loss=0.0910]
Ep  13 [train]:  18%|█▊        | 26/145 [00:10<00:42,  2.82it/s, loss=0.0910]
Ep  13 [train]:  18%|█▊        | 26/145 [00:11<00:42,  2.82it/s, loss=0.0737]
Ep  13 [train]:  19%|█▊        | 27/145 [00:11<00:51,  2.31it/s, loss=0.0737]
Ep  13 [train]:  19%|█▊        | 27/145 [00:11<00:51,  2.31it/s, loss=0.0873]
Ep  13 [train]:  19%|█▉        | 28/145 [00:11<00:41,  2.80it/s, loss=0.0873]
Ep  13 [train]:  19%|█▉        | 28/145 [00:12<00:41,  2.80it/s, loss=0.0709]
Ep  13 [train]:  20%|██        | 29/145 [00:12<00:48,  2.39it/s, loss=0.0709]
Ep  13 [train]:  20%|██        | 29/145 [00:12<00:48,  2.39it/s, loss=0.0754]
Ep  13 [train]:  21%|██        | 30/145 [00:12<00:39,  2.89it/s, loss=0.0754]
Ep  13 [train]:  21%|██        | 30/145 [00:12<00:39,  2.89it/s, loss=0.0714]
Ep  13 [train]:  21%|██▏       | 31/145 [00:12<00:49,  2.31it/s, loss=0.0714]
Ep  13 [train]:  21%|██▏       | 31/145 [00:13<00:49,  2.31it/s, loss=0.0839]
Ep  13 [train]:  22%|██▏       | 32/145 [00:13<00:40,  2.77it/s, loss=0.0839]
Ep  13 [train]:  22%|██▏       | 32/145 [00:13<00:40,  2.77it/s, loss=0.0738]
Ep  13 [train]:  23%|██▎       | 33/145 [00:13<00:47,  2.36it/s, loss=0.0738]
Ep  13 [train]:  23%|██▎       | 33/145 [00:13<00:47,  2.36it/s, loss=0.0747]
Ep  13 [train]:  23%|██▎       | 34/145 [00:13<00:41,  2.68it/s, loss=0.0747]
Ep  13 [train]:  23%|██▎       | 34/145 [00:14<00:41,  2.68it/s, loss=0.0955]
Ep  13 [train]:  24%|██▍       | 35/145 [00:14<00:44,  2.45it/s, loss=0.0955]
Ep  13 [train]:  24%|██▍       | 35/145 [00:14<00:44,  2.45it/s, loss=0.0759]
Ep  13 [train]:  25%|██▍       | 36/145 [00:14<00:43,  2.53it/s, loss=0.0759]
Ep  13 [train]:  25%|██▍       | 36/145 [00:15<00:43,  2.53it/s, loss=0.0747]
Ep  13 [train]:  26%|██▌       | 37/145 [00:15<00:42,  2.52it/s, loss=0.0747]
Ep  13 [train]:  26%|██▌       | 37/145 [00:15<00:42,  2.52it/s, loss=0.0718]
Ep  13 [train]:  26%|██▌       | 38/145 [00:15<00:44,  2.39it/s, loss=0.0718]
Ep  13 [train]:  26%|██▌       | 38/145 [00:16<00:44,  2.39it/s, loss=0.0881]
Ep  13 [train]:  27%|██▋       | 39/145 [00:16<00:41,  2.55it/s, loss=0.0881]
Ep  13 [train]:  27%|██▋       | 39/145 [00:16<00:41,  2.55it/s, loss=0.0770]
Ep  13 [train]:  28%|██▊       | 40/145 [00:16<00:45,  2.33it/s, loss=0.0770]
Ep  13 [train]:  28%|██▊       | 40/145 [00:16<00:45,  2.33it/s, loss=0.0802]
Ep  13 [train]:  28%|██▊       | 41/145 [00:16<00:36,  2.83it/s, loss=0.0802]
Ep  13 [train]:  28%|██▊       | 41/145 [00:17<00:36,  2.83it/s, loss=0.0793]
Ep  13 [train]:  29%|██▉       | 42/145 [00:17<00:50,  2.02it/s, loss=0.0793]
Ep  13 [train]:  29%|██▉       | 42/145 [00:17<00:50,  2.02it/s, loss=0.0698]
Ep  13 [train]:  30%|██▉       | 43/145 [00:17<00:40,  2.50it/s, loss=0.0698]
Ep  13 [train]:  30%|██▉       | 43/145 [00:18<00:40,  2.50it/s, loss=0.0745]
Ep  13 [train]:  30%|███       | 44/145 [00:18<00:49,  2.06it/s, loss=0.0745]
Ep  13 [train]:  30%|███       | 44/145 [00:18<00:49,  2.06it/s, loss=0.0769]
Ep  13 [train]:  31%|███       | 45/145 [00:18<00:39,  2.52it/s, loss=0.0769]
Ep  13 [train]:  31%|███       | 45/145 [00:19<00:39,  2.52it/s, loss=0.0774]
Ep  13 [train]:  32%|███▏      | 46/145 [00:19<00:45,  2.15it/s, loss=0.0774]
Ep  13 [train]:  32%|███▏      | 46/145 [00:19<00:45,  2.15it/s, loss=0.0796]
Ep  13 [train]:  32%|███▏      | 47/145 [00:19<00:38,  2.54it/s, loss=0.0796]
Ep  13 [train]:  32%|███▏      | 47/145 [00:20<00:38,  2.54it/s, loss=0.0787]
Ep  13 [train]:  33%|███▎      | 48/145 [00:20<00:45,  2.13it/s, loss=0.0787]
Ep  13 [train]:  33%|███▎      | 48/145 [00:20<00:45,  2.13it/s, loss=0.0822]
Ep  13 [train]:  34%|███▍      | 49/145 [00:20<00:38,  2.49it/s, loss=0.0822]
Ep  13 [train]:  34%|███▍      | 49/145 [00:20<00:38,  2.49it/s, loss=0.0725]
Ep  13 [train]:  34%|███▍      | 50/145 [00:20<00:43,  2.20it/s, loss=0.0725]
Ep  13 [train]:  34%|███▍      | 50/145 [00:21<00:43,  2.20it/s, loss=0.0788]
Ep  13 [train]:  35%|███▌      | 51/145 [00:21<00:35,  2.66it/s, loss=0.0788]
Ep  13 [train]:  35%|███▌      | 51/145 [00:21<00:35,  2.66it/s, loss=0.0834]
Ep  13 [train]:  36%|███▌      | 52/145 [00:21<00:44,  2.08it/s, loss=0.0834]
Ep  13 [train]:  36%|███▌      | 52/145 [00:22<00:44,  2.08it/s, loss=0.0825]
Ep  13 [train]:  37%|███▋      | 53/145 [00:22<00:36,  2.55it/s, loss=0.0825]
Ep  13 [train]:  37%|███▋      | 53/145 [00:22<00:36,  2.55it/s, loss=0.0792]
Ep  13 [train]:  37%|███▋      | 54/145 [00:22<00:42,  2.16it/s, loss=0.0792]
Ep  13 [train]:  37%|███▋      | 54/145 [00:22<00:42,  2.16it/s, loss=0.0798]
Ep  13 [train]:  38%|███▊      | 55/145 [00:22<00:34,  2.64it/s, loss=0.0798]
Ep  13 [train]:  38%|███▊      | 55/145 [00:23<00:34,  2.64it/s, loss=0.0738]
Ep  13 [train]:  39%|███▊      | 56/145 [00:23<00:40,  2.19it/s, loss=0.0738]
Ep  13 [train]:  39%|███▊      | 56/145 [00:23<00:40,  2.19it/s, loss=0.0747]
Ep  13 [train]:  39%|███▉      | 57/145 [00:23<00:33,  2.64it/s, loss=0.0747]
Ep  13 [train]:  39%|███▉      | 57/145 [00:24<00:33,  2.64it/s, loss=0.0709]
Ep  13 [train]:  40%|████      | 58/145 [00:24<00:40,  2.13it/s, loss=0.0709]
Ep  13 [train]:  40%|████      | 58/145 [00:24<00:40,  2.13it/s, loss=0.0812]
Ep  13 [train]:  41%|████      | 59/145 [00:24<00:33,  2.60it/s, loss=0.0812]
Ep  13 [train]:  41%|████      | 59/145 [00:25<00:33,  2.60it/s, loss=0.0773]
Ep  13 [train]:  41%|████▏     | 60/145 [00:25<00:41,  2.07it/s, loss=0.0773]
Ep  13 [train]:  41%|████▏     | 60/145 [00:25<00:41,  2.07it/s, loss=0.0775]
Ep  13 [train]:  42%|████▏     | 61/145 [00:25<00:32,  2.56it/s, loss=0.0775]
Ep  13 [train]:  42%|████▏     | 61/145 [00:26<00:32,  2.56it/s, loss=0.0754]
Ep  13 [train]:  43%|████▎     | 62/145 [00:26<00:38,  2.18it/s, loss=0.0754]
Ep  13 [train]:  43%|████▎     | 62/145 [00:26<00:38,  2.18it/s, loss=0.0775]
Ep  13 [train]:  43%|████▎     | 63/145 [00:26<00:31,  2.63it/s, loss=0.0775]
Ep  13 [train]:  43%|████▎     | 63/145 [00:26<00:31,  2.63it/s, loss=0.0869]
Ep  13 [train]:  44%|████▍     | 64/145 [00:26<00:38,  2.12it/s, loss=0.0869]
Ep  13 [train]:  44%|████▍     | 64/145 [00:27<00:38,  2.12it/s, loss=0.0774]
Ep  13 [train]:  45%|████▍     | 65/145 [00:27<00:31,  2.58it/s, loss=0.0774]
Ep  13 [train]:  45%|████▍     | 65/145 [00:27<00:31,  2.58it/s, loss=0.0693]
Ep  13 [train]:  46%|████▌     | 66/145 [00:27<00:37,  2.08it/s, loss=0.0693]
Ep  13 [train]:  46%|████▌     | 66/145 [00:28<00:37,  2.08it/s, loss=0.0853]
Ep  13 [train]:  46%|████▌     | 67/145 [00:28<00:30,  2.57it/s, loss=0.0853]
Ep  13 [train]:  46%|████▌     | 67/145 [00:28<00:30,  2.57it/s, loss=0.0757]
Ep  13 [train]:  47%|████▋     | 68/145 [00:28<00:36,  2.13it/s, loss=0.0757]
Ep  13 [train]:  47%|████▋     | 68/145 [00:28<00:36,  2.13it/s, loss=0.0815]
Ep  13 [train]:  48%|████▊     | 69/145 [00:28<00:29,  2.59it/s, loss=0.0815]
Ep  13 [train]:  48%|████▊     | 69/145 [00:29<00:29,  2.59it/s, loss=0.0792]
Ep  13 [train]:  48%|████▊     | 70/145 [00:29<00:37,  2.01it/s, loss=0.0792]
Ep  13 [train]:  48%|████▊     | 70/145 [00:29<00:37,  2.01it/s, loss=0.0814]
Ep  13 [train]:  49%|████▉     | 71/145 [00:29<00:30,  2.45it/s, loss=0.0814]
Ep  13 [train]:  49%|████▉     | 71/145 [00:30<00:30,  2.45it/s, loss=0.0751]
Ep  13 [train]:  50%|████▉     | 72/145 [00:30<00:36,  2.01it/s, loss=0.0751]
Ep  13 [train]:  50%|████▉     | 72/145 [00:30<00:36,  2.01it/s, loss=0.0833]
Ep  13 [train]:  50%|█████     | 73/145 [00:30<00:29,  2.45it/s, loss=0.0833]
Ep  13 [train]:  50%|█████     | 73/145 [00:31<00:29,  2.45it/s, loss=0.0720]
Ep  13 [train]:  51%|█████     | 74/145 [00:31<00:35,  2.02it/s, loss=0.0720]
Ep  13 [train]:  51%|█████     | 74/145 [00:31<00:35,  2.02it/s, loss=0.0812]
Ep  13 [train]:  52%|█████▏    | 75/145 [00:31<00:28,  2.47it/s, loss=0.0812]
Ep  13 [train]:  52%|█████▏    | 75/145 [00:32<00:28,  2.47it/s, loss=0.0730]
Ep  13 [train]:  52%|█████▏    | 76/145 [00:32<00:35,  1.96it/s, loss=0.0730]
Ep  13 [train]:  52%|█████▏    | 76/145 [00:32<00:35,  1.96it/s, loss=0.0765]
Ep  13 [train]:  53%|█████▎    | 77/145 [00:32<00:28,  2.42it/s, loss=0.0765]
Ep  13 [train]:  53%|█████▎    | 77/145 [00:33<00:28,  2.42it/s, loss=0.0799]
Ep  13 [train]:  54%|█████▍    | 78/145 [00:33<00:34,  1.92it/s, loss=0.0799]
Ep  13 [train]:  54%|█████▍    | 78/145 [00:33<00:34,  1.92it/s, loss=0.0815]
Ep  13 [train]:  54%|█████▍    | 79/145 [00:33<00:27,  2.40it/s, loss=0.0815]
Ep  13 [train]:  54%|█████▍    | 79/145 [00:34<00:27,  2.40it/s, loss=0.0769]
Ep  13 [train]:  55%|█████▌    | 80/145 [00:34<00:33,  1.95it/s, loss=0.0769]
Ep  13 [train]:  55%|█████▌    | 80/145 [00:34<00:33,  1.95it/s, loss=0.0813]
Ep  13 [train]:  56%|█████▌    | 81/145 [00:34<00:26,  2.43it/s, loss=0.0813]
Ep  13 [train]:  56%|█████▌    | 81/145 [00:35<00:26,  2.43it/s, loss=0.0748]
Ep  13 [train]:  57%|█████▋    | 82/145 [00:35<00:32,  1.91it/s, loss=0.0748]
Ep  13 [train]:  57%|█████▋    | 82/145 [00:35<00:32,  1.91it/s, loss=0.0790]
Ep  13 [train]:  57%|█████▋    | 83/145 [00:35<00:26,  2.38it/s, loss=0.0790]
Ep  13 [train]:  57%|█████▋    | 83/145 [00:36<00:26,  2.38it/s, loss=0.0776]
Ep  13 [train]:  58%|█████▊    | 84/145 [00:36<00:31,  1.91it/s, loss=0.0776]
Ep  13 [train]:  58%|█████▊    | 84/145 [00:36<00:31,  1.91it/s, loss=0.0694]
Ep  13 [train]:  59%|█████▊    | 85/145 [00:36<00:25,  2.35it/s, loss=0.0694]
Ep  13 [train]:  59%|█████▊    | 85/145 [00:36<00:25,  2.35it/s, loss=0.0840]
Ep  13 [train]:  59%|█████▉    | 86/145 [00:36<00:29,  2.01it/s, loss=0.0840]
Ep  13 [train]:  59%|█████▉    | 86/145 [00:37<00:29,  2.01it/s, loss=0.0709]
Ep  13 [train]:  60%|██████    | 87/145 [00:37<00:23,  2.48it/s, loss=0.0709]
Ep  13 [train]:  60%|██████    | 87/145 [00:37<00:23,  2.48it/s, loss=0.0923]
Ep  13 [train]:  61%|██████    | 88/145 [00:37<00:29,  1.92it/s, loss=0.0923]
Ep  13 [train]:  61%|██████    | 88/145 [00:38<00:29,  1.92it/s, loss=0.0916]
Ep  13 [train]:  61%|██████▏   | 89/145 [00:38<00:23,  2.39it/s, loss=0.0916]
Ep  13 [train]:  61%|██████▏   | 89/145 [00:38<00:23,  2.39it/s, loss=0.0709]
Ep  13 [train]:  62%|██████▏   | 90/145 [00:38<00:28,  1.90it/s, loss=0.0709]
Ep  13 [train]:  62%|██████▏   | 90/145 [00:39<00:28,  1.90it/s, loss=0.0804]
Ep  13 [train]:  63%|██████▎   | 91/145 [00:39<00:23,  2.34it/s, loss=0.0804]
Ep  13 [train]:  63%|██████▎   | 91/145 [00:39<00:23,  2.34it/s, loss=0.0753]
Ep  13 [train]:  63%|██████▎   | 92/145 [00:39<00:28,  1.89it/s, loss=0.0753]
Ep  13 [train]:  63%|██████▎   | 92/145 [00:40<00:28,  1.89it/s, loss=0.0815]
Ep  13 [train]:  64%|██████▍   | 93/145 [00:40<00:22,  2.33it/s, loss=0.0815]
Ep  13 [train]:  64%|██████▍   | 93/145 [00:40<00:22,  2.33it/s, loss=0.0762]
Ep  13 [train]:  65%|██████▍   | 94/145 [00:40<00:27,  1.88it/s, loss=0.0762]
Ep  13 [train]:  65%|██████▍   | 94/145 [00:41<00:27,  1.88it/s, loss=0.0781]
Ep  13 [train]:  66%|██████▌   | 95/145 [00:41<00:21,  2.33it/s, loss=0.0781]
Ep  13 [train]:  66%|██████▌   | 95/145 [00:41<00:21,  2.33it/s, loss=0.0757]
Ep  13 [train]:  66%|██████▌   | 96/145 [00:41<00:25,  1.96it/s, loss=0.0757]
Ep  13 [train]:  66%|██████▌   | 96/145 [00:41<00:25,  1.96it/s, loss=0.0768]
Ep  13 [train]:  67%|██████▋   | 97/145 [00:41<00:19,  2.40it/s, loss=0.0768]
Ep  13 [train]:  67%|██████▋   | 97/145 [00:42<00:19,  2.40it/s, loss=0.0747]
Ep  13 [train]:  68%|██████▊   | 98/145 [00:42<00:24,  1.95it/s, loss=0.0747]
Ep  13 [train]:  68%|██████▊   | 98/145 [00:42<00:24,  1.95it/s, loss=0.0756]
Ep  13 [train]:  68%|██████▊   | 99/145 [00:42<00:19,  2.39it/s, loss=0.0756]
Ep  13 [train]:  68%|██████▊   | 99/145 [00:43<00:19,  2.39it/s, loss=0.0773]
Ep  13 [train]:  69%|██████▉   | 100/145 [00:43<00:20,  2.16it/s, loss=0.0773]
Ep  13 [train]:  69%|██████▉   | 100/145 [00:43<00:20,  2.16it/s, loss=0.0804]
Ep  13 [train]:  70%|██████▉   | 101/145 [00:43<00:16,  2.60it/s, loss=0.0804]
Ep  13 [train]:  70%|██████▉   | 101/145 [00:44<00:16,  2.60it/s, loss=0.0743]
Ep  13 [train]:  70%|███████   | 102/145 [00:44<00:18,  2.28it/s, loss=0.0743]
Ep  13 [train]:  70%|███████   | 102/145 [00:44<00:18,  2.28it/s, loss=0.0775]
Ep  13 [train]:  71%|███████   | 103/145 [00:44<00:15,  2.73it/s, loss=0.0775]
Ep  13 [train]:  71%|███████   | 103/145 [00:45<00:15,  2.73it/s, loss=0.0789]
Ep  13 [train]:  72%|███████▏  | 104/145 [00:45<00:17,  2.31it/s, loss=0.0789]
Ep  13 [train]:  72%|███████▏  | 104/145 [00:45<00:17,  2.31it/s, loss=0.0738]
Ep  13 [train]:  72%|███████▏  | 105/145 [00:45<00:14,  2.78it/s, loss=0.0738]
Ep  13 [train]:  72%|███████▏  | 105/145 [00:45<00:14,  2.78it/s, loss=0.0702]
Ep  13 [train]:  73%|███████▎  | 106/145 [00:45<00:16,  2.30it/s, loss=0.0702]
Ep  13 [train]:  73%|███████▎  | 106/145 [00:45<00:16,  2.30it/s, loss=0.0881]
Ep  13 [train]:  74%|███████▍  | 107/145 [00:45<00:13,  2.78it/s, loss=0.0881]
Ep  13 [train]:  74%|███████▍  | 107/145 [00:46<00:13,  2.78it/s, loss=0.0724]
Ep  13 [train]:  74%|███████▍  | 108/145 [00:46<00:15,  2.34it/s, loss=0.0724]
Ep  13 [train]:  74%|███████▍  | 108/145 [00:46<00:15,  2.34it/s, loss=0.0773]
Ep  13 [train]:  75%|███████▌  | 109/145 [00:46<00:12,  2.84it/s, loss=0.0773]
Ep  13 [train]:  75%|███████▌  | 109/145 [00:47<00:12,  2.84it/s, loss=0.0822]
Ep  13 [train]:  76%|███████▌  | 110/145 [00:47<00:15,  2.27it/s, loss=0.0822]
Ep  13 [train]:  76%|███████▌  | 110/145 [00:47<00:15,  2.27it/s, loss=0.0756]
Ep  13 [train]:  77%|███████▋  | 111/145 [00:47<00:12,  2.72it/s, loss=0.0756]
Ep  13 [train]:  77%|███████▋  | 111/145 [00:48<00:12,  2.72it/s, loss=0.0722]
Ep  13 [train]:  77%|███████▋  | 112/145 [00:48<00:14,  2.24it/s, loss=0.0722]
Ep  13 [train]:  77%|███████▋  | 112/145 [00:48<00:14,  2.24it/s, loss=0.0811]
Ep  13 [train]:  78%|███████▊  | 113/145 [00:48<00:11,  2.75it/s, loss=0.0811]
Ep  13 [train]:  78%|███████▊  | 113/145 [00:49<00:11,  2.75it/s, loss=0.0766]
Ep  13 [train]:  79%|███████▊  | 114/145 [00:49<00:14,  2.20it/s, loss=0.0766]
Ep  13 [train]:  79%|███████▊  | 114/145 [00:49<00:14,  2.20it/s, loss=0.0731]
Ep  13 [train]:  79%|███████▉  | 115/145 [00:49<00:11,  2.65it/s, loss=0.0731]
Ep  13 [train]:  79%|███████▉  | 115/145 [00:49<00:11,  2.65it/s, loss=0.0756]
Ep  13 [train]:  80%|████████  | 116/145 [00:49<00:13,  2.15it/s, loss=0.0756]
Ep  13 [train]:  80%|████████  | 116/145 [00:50<00:13,  2.15it/s, loss=0.0745]
Ep  13 [train]:  81%|████████  | 117/145 [00:50<00:10,  2.64it/s, loss=0.0745]
Ep  13 [train]:  81%|████████  | 117/145 [00:50<00:10,  2.64it/s, loss=0.0751]
Ep  13 [train]:  81%|████████▏ | 118/145 [00:50<00:12,  2.13it/s, loss=0.0751]
Ep  13 [train]:  81%|████████▏ | 118/145 [00:50<00:12,  2.13it/s, loss=0.0921]
Ep  13 [train]:  82%|████████▏ | 119/145 [00:50<00:09,  2.63it/s, loss=0.0921]
Ep  13 [train]:  82%|████████▏ | 119/145 [00:51<00:09,  2.63it/s, loss=0.0715]
Ep  13 [train]:  83%|████████▎ | 120/145 [00:51<00:11,  2.16it/s, loss=0.0715]
Ep  13 [train]:  83%|████████▎ | 120/145 [00:51<00:11,  2.16it/s, loss=0.0741]
Ep  13 [train]:  83%|████████▎ | 121/145 [00:51<00:09,  2.64it/s, loss=0.0741]
Ep  13 [train]:  83%|████████▎ | 121/145 [00:52<00:09,  2.64it/s, loss=0.0726]
Ep  13 [train]:  84%|████████▍ | 122/145 [00:52<00:10,  2.13it/s, loss=0.0726]
Ep  13 [train]:  84%|████████▍ | 122/145 [00:52<00:10,  2.13it/s, loss=0.0765]
Ep  13 [train]:  85%|████████▍ | 123/145 [00:52<00:08,  2.63it/s, loss=0.0765]
Ep  13 [train]:  85%|████████▍ | 123/145 [00:53<00:08,  2.63it/s, loss=0.0804]
Ep  13 [train]:  86%|████████▌ | 124/145 [00:53<00:09,  2.17it/s, loss=0.0804]
Ep  13 [train]:  86%|████████▌ | 124/145 [00:53<00:09,  2.17it/s, loss=0.0870]
Ep  13 [train]:  86%|████████▌ | 125/145 [00:53<00:07,  2.66it/s, loss=0.0870]
Ep  13 [train]:  86%|████████▌ | 125/145 [00:54<00:07,  2.66it/s, loss=0.0779]
Ep  13 [train]:  87%|████████▋ | 126/145 [00:54<00:08,  2.19it/s, loss=0.0779]
Ep  13 [train]:  87%|████████▋ | 126/145 [00:54<00:08,  2.19it/s, loss=0.0761]
Ep  13 [train]:  88%|████████▊ | 127/145 [00:54<00:06,  2.65it/s, loss=0.0761]
Ep  13 [train]:  88%|████████▊ | 127/145 [00:54<00:06,  2.65it/s, loss=0.0834]
Ep  13 [train]:  88%|████████▊ | 128/145 [00:54<00:07,  2.21it/s, loss=0.0834]
Ep  13 [train]:  88%|████████▊ | 128/145 [00:55<00:07,  2.21it/s, loss=0.0811]
Ep  13 [train]:  89%|████████▉ | 129/145 [00:55<00:05,  2.70it/s, loss=0.0811]
Ep  13 [train]:  89%|████████▉ | 129/145 [00:55<00:05,  2.70it/s, loss=0.0735]
Ep  13 [train]:  90%|████████▉ | 130/145 [00:55<00:06,  2.24it/s, loss=0.0735]
Ep  13 [train]:  90%|████████▉ | 130/145 [00:55<00:06,  2.24it/s, loss=0.0745]
Ep  13 [train]:  90%|█████████ | 131/145 [00:55<00:05,  2.71it/s, loss=0.0745]
Ep  13 [train]:  90%|█████████ | 131/145 [00:56<00:05,  2.71it/s, loss=0.0785]
Ep  13 [train]:  91%|█████████ | 132/145 [00:56<00:05,  2.30it/s, loss=0.0785]
Ep  13 [train]:  91%|█████████ | 132/145 [00:56<00:05,  2.30it/s, loss=0.0789]
Ep  13 [train]:  92%|█████████▏| 133/145 [00:56<00:04,  2.77it/s, loss=0.0789]
Ep  13 [train]:  92%|█████████▏| 133/145 [00:57<00:04,  2.77it/s, loss=0.0720]
Ep  13 [train]:  92%|█████████▏| 134/145 [00:57<00:04,  2.38it/s, loss=0.0720]
Ep  13 [train]:  92%|█████████▏| 134/145 [00:57<00:04,  2.38it/s, loss=0.0750]
Ep  13 [train]:  93%|█████████▎| 135/145 [00:57<00:03,  2.87it/s, loss=0.0750]
Ep  13 [train]:  93%|█████████▎| 135/145 [00:58<00:03,  2.87it/s, loss=0.0778]
Ep  13 [train]:  94%|█████████▍| 136/145 [00:58<00:03,  2.27it/s, loss=0.0778]
Ep  13 [train]:  94%|█████████▍| 136/145 [00:58<00:03,  2.27it/s, loss=0.0771]
Ep  13 [train]:  94%|█████████▍| 137/145 [00:58<00:02,  2.77it/s, loss=0.0771]
Ep  13 [train]:  94%|█████████▍| 137/145 [00:58<00:02,  2.77it/s, loss=0.0879]
Ep  13 [train]:  95%|█████████▌| 138/145 [00:58<00:03,  2.21it/s, loss=0.0879]
Ep  13 [train]:  95%|█████████▌| 138/145 [00:59<00:03,  2.21it/s, loss=0.0786]
Ep  13 [train]:  96%|█████████▌| 139/145 [00:59<00:02,  2.71it/s, loss=0.0786]
Ep  13 [train]:  96%|█████████▌| 139/145 [00:59<00:02,  2.71it/s, loss=0.0784]
Ep  13 [train]:  97%|█████████▋| 140/145 [00:59<00:02,  2.19it/s, loss=0.0784]
Ep  13 [train]:  97%|█████████▋| 140/145 [00:59<00:02,  2.19it/s, loss=0.0813]
Ep  13 [train]:  97%|█████████▋| 141/145 [00:59<00:01,  2.66it/s, loss=0.0813]
Ep  13 [train]:  97%|█████████▋| 141/145 [01:00<00:01,  2.66it/s, loss=0.0713]
Ep  13 [train]:  98%|█████████▊| 142/145 [01:00<00:01,  2.21it/s, loss=0.0713]
Ep  13 [train]:  98%|█████████▊| 142/145 [01:00<00:01,  2.21it/s, loss=0.0850]
Ep  13 [train]:  99%|█████████▊| 143/145 [01:00<00:00,  2.66it/s, loss=0.0850]
Ep  13 [train]:  99%|█████████▊| 143/145 [01:01<00:00,  2.66it/s, loss=0.0762]
Ep  13 [train]:  99%|█████████▉| 144/145 [01:01<00:00,  2.25it/s, loss=0.0762]
Ep  13 [train]:  99%|█████████▉| 144/145 [01:01<00:00,  2.25it/s, loss=0.0720]
Ep  13 [train]: 100%|██████████| 145/145 [01:01<00:00,  2.76it/s, loss=0.0720]
                                                                              
  Ep  13 [train]  loss=0.0777  rmse_c=0.2399  mae_c=0.2163  r2_c=0.017  rmse_h=0.3134  mae_h=0.2333  r2_h=0.439  sup=0.321

Ep  13 [val  ]:   0%|          | 0/39 [00:00<?, ?it/s]
Ep  13 [val  ]:   0%|          | 0/39 [00:00<?, ?it/s, loss=0.0974]
Ep  13 [val  ]:   3%|▎         | 1/39 [00:00<00:35,  1.06it/s, loss=0.0974]
Ep  13 [val  ]:   3%|▎         | 1/39 [00:01<00:35,  1.06it/s, loss=0.0930]
Ep  13 [val  ]:   3%|▎         | 1/39 [00:01<00:35,  1.06it/s, loss=0.0770]
Ep  13 [val  ]:   8%|▊         | 3/39 [00:01<00:18,  1.97it/s, loss=0.0770]
Ep  13 [val  ]:   8%|▊         | 3/39 [00:02<00:18,  1.97it/s, loss=0.0725]
Ep  13 [val  ]:  10%|█         | 4/39 [00:02<00:15,  2.19it/s, loss=0.0725]
Ep  13 [val  ]:  10%|█         | 4/39 [00:02<00:15,  2.19it/s, loss=0.0756]
Ep  13 [val  ]:  13%|█▎        | 5/39 [00:02<00:14,  2.39it/s, loss=0.0756]
Ep  13 [val  ]:  13%|█▎        | 5/39 [00:02<00:14,  2.39it/s, loss=0.0830]
Ep  13 [val  ]:  15%|█▌        | 6/39 [00:02<00:14,  2.29it/s, loss=0.0830]
Ep  13 [val  ]:  15%|█▌        | 6/39 [00:03<00:14,  2.29it/s, loss=0.0751]
Ep  13 [val  ]:  18%|█▊        | 7/39 [00:03<00:11,  2.69it/s, loss=0.0751]
Ep  13 [val  ]:  18%|█▊        | 7/39 [00:03<00:11,  2.69it/s, loss=0.0726]
Ep  13 [val  ]:  21%|██        | 8/39 [00:03<00:14,  2.16it/s, loss=0.0726]
Ep  13 [val  ]:  21%|██        | 8/39 [00:03<00:14,  2.16it/s, loss=0.0730]
Ep  13 [val  ]:  21%|██        | 8/39 [00:04<00:14,  2.16it/s, loss=0.0698]
Ep  13 [val  ]:  26%|██▌       | 10/39 [00:04<00:13,  2.21it/s, loss=0.0698]
Ep  13 [val  ]:  26%|██▌       | 10/39 [00:04<00:13,  2.21it/s, loss=0.0718]
Ep  13 [val  ]:  26%|██▌       | 10/39 [00:05<00:13,  2.21it/s, loss=0.0748]
Ep  13 [val  ]:  31%|███       | 12/39 [00:05<00:12,  2.25it/s, loss=0.0748]
Ep  13 [val  ]:  31%|███       | 12/39 [00:05<00:12,  2.25it/s, loss=0.0771]
Ep  13 [val  ]:  31%|███       | 12/39 [00:06<00:12,  2.25it/s, loss=0.0850]
Ep  13 [val  ]:  36%|███▌      | 14/39 [00:06<00:10,  2.35it/s, loss=0.0850]
Ep  13 [val  ]:  36%|███▌      | 14/39 [00:06<00:10,  2.35it/s, loss=0.0967]
Ep  13 [val  ]:  36%|███▌      | 14/39 [00:07<00:10,  2.35it/s, loss=0.0988]
Ep  13 [val  ]:  41%|████      | 16/39 [00:07<00:09,  2.37it/s, loss=0.0988]
Ep  13 [val  ]:  41%|████      | 16/39 [00:07<00:09,  2.37it/s, loss=0.0945]
Ep  13 [val  ]:  41%|████      | 16/39 [00:07<00:09,  2.37it/s, loss=0.0886]
Ep  13 [val  ]:  46%|████▌     | 18/39 [00:07<00:08,  2.36it/s, loss=0.0886]
Ep  13 [val  ]:  46%|████▌     | 18/39 [00:08<00:08,  2.36it/s, loss=0.0793]
Ep  13 [val  ]:  46%|████▌     | 18/39 [00:08<00:08,  2.36it/s, loss=0.0677]
Ep  13 [val  ]:  51%|█████▏    | 20/39 [00:08<00:08,  2.36it/s, loss=0.0677]
Ep  13 [val  ]:  51%|█████▏    | 20/39 [00:08<00:08,  2.36it/s, loss=0.0592]
Ep  13 [val  ]:  54%|█████▍    | 21/39 [00:08<00:06,  2.75it/s, loss=0.0592]
Ep  13 [val  ]:  54%|█████▍    | 21/39 [00:09<00:06,  2.75it/s, loss=0.0687]
Ep  13 [val  ]:  56%|█████▋    | 22/39 [00:09<00:07,  2.23it/s, loss=0.0687]
Ep  13 [val  ]:  56%|█████▋    | 22/39 [00:09<00:07,  2.23it/s, loss=0.0630]
Ep  13 [val  ]:  56%|█████▋    | 22/39 [00:10<00:07,  2.23it/s, loss=0.0644]
Ep  13 [val  ]:  62%|██████▏   | 24/39 [00:10<00:06,  2.31it/s, loss=0.0644]
Ep  13 [val  ]:  62%|██████▏   | 24/39 [00:10<00:06,  2.31it/s, loss=0.0657]
Ep  13 [val  ]:  62%|██████▏   | 24/39 [00:11<00:06,  2.31it/s, loss=0.0723]
Ep  13 [val  ]:  67%|██████▋   | 26/39 [00:11<00:05,  2.32it/s, loss=0.0723]
Ep  13 [val  ]:  67%|██████▋   | 26/39 [00:11<00:05,  2.32it/s, loss=0.0814]
Ep  13 [val  ]:  67%|██████▋   | 26/39 [00:12<00:05,  2.32it/s, loss=0.1206]
Ep  13 [val  ]:  72%|███████▏  | 28/39 [00:12<00:04,  2.46it/s, loss=0.1206]
Ep  13 [val  ]:  72%|███████▏  | 28/39 [00:12<00:04,  2.46it/s, loss=0.0922]
Ep  13 [val  ]:  72%|███████▏  | 28/39 [00:12<00:04,  2.46it/s, loss=0.0853]
Ep  13 [val  ]:  77%|███████▋  | 30/39 [00:12<00:03,  2.54it/s, loss=0.0853]
Ep  13 [val  ]:  77%|███████▋  | 30/39 [00:12<00:03,  2.54it/s, loss=0.0808]
Ep  13 [val  ]:  77%|███████▋  | 30/39 [00:13<00:03,  2.54it/s, loss=0.0800]
Ep  13 [val  ]:  82%|████████▏ | 32/39 [00:13<00:02,  2.55it/s, loss=0.0800]
Ep  13 [val  ]:  82%|████████▏ | 32/39 [00:13<00:02,  2.55it/s, loss=0.0741]
Ep  13 [val  ]:  82%|████████▏ | 32/39 [00:14<00:02,  2.55it/s, loss=0.0758]
Ep  13 [val  ]:  87%|████████▋ | 34/39 [00:14<00:01,  2.61it/s, loss=0.0758]
Ep  13 [val  ]:  87%|████████▋ | 34/39 [00:14<00:01,  2.61it/s, loss=0.0834]
Ep  13 [val  ]:  87%|████████▋ | 34/39 [00:15<00:01,  2.61it/s, loss=0.0773]
Ep  13 [val  ]:  92%|█████████▏| 36/39 [00:15<00:01,  2.65it/s, loss=0.0773]
Ep  13 [val  ]:  92%|█████████▏| 36/39 [00:15<00:01,  2.65it/s, loss=0.0726]
Ep  13 [val  ]:  92%|█████████▏| 36/39 [00:15<00:01,  2.65it/s, loss=0.0638]
Ep  13 [val  ]:  97%|█████████▋| 38/39 [00:15<00:00,  2.66it/s, loss=0.0638]
Ep  13 [val  ]:  97%|█████████▋| 38/39 [00:15<00:00,  2.66it/s, loss=0.0778]
                                                                            
  Ep  13 [val  ]  loss=0.0790  rmse_c=0.2443  mae_c=0.2198  r2_c=0.019  rmse_h=0.3127  mae_h=0.2268  r2_h=0.391  sup=0.308
  [new best] combined_val_rmse=0.2785

Ep  14 [train]:   0%|          | 0/145 [00:00<?, ?it/s]
Ep  14 [train]:   0%|          | 0/145 [00:01<?, ?it/s, loss=0.0798]
Ep  14 [train]:   1%|          | 1/145 [00:01<02:46,  1.15s/it, loss=0.0798]
Ep  14 [train]:   1%|          | 1/145 [00:01<02:46,  1.15s/it, loss=0.0787]
Ep  14 [train]:   1%|▏         | 2/145 [00:01<01:23,  1.71it/s, loss=0.0787]
Ep  14 [train]:   1%|▏         | 2/145 [00:02<01:23,  1.71it/s, loss=0.0900]
Ep  14 [train]:   2%|▏         | 3/145 [00:02<01:29,  1.59it/s, loss=0.0900]
Ep  14 [train]:   2%|▏         | 3/145 [00:02<01:29,  1.59it/s, loss=0.0859]
Ep  14 [train]:   3%|▎         | 4/145 [00:02<01:04,  2.20it/s, loss=0.0859]
Ep  14 [train]:   3%|▎         | 4/145 [00:02<01:04,  2.20it/s, loss=0.0836]
Ep  14 [train]:   3%|▎         | 5/145 [00:02<01:09,  2.00it/s, loss=0.0836]
Ep  14 [train]:   3%|▎         | 5/145 [00:02<01:09,  2.00it/s, loss=0.0763]
Ep  14 [train]:   4%|▍         | 6/145 [00:02<00:54,  2.53it/s, loss=0.0763]
Ep  14 [train]:   4%|▍         | 6/145 [00:03<00:54,  2.53it/s, loss=0.0776]
Ep  14 [train]:   5%|▍         | 7/145 [00:03<01:03,  2.17it/s, loss=0.0776]
Ep  14 [train]:   5%|▍         | 7/145 [00:03<01:03,  2.17it/s, loss=0.0782]
Ep  14 [train]:   6%|▌         | 8/145 [00:03<00:51,  2.64it/s, loss=0.0782]
Ep  14 [train]:   6%|▌         | 8/145 [00:04<00:51,  2.64it/s, loss=0.0775]
Ep  14 [train]:   6%|▌         | 9/145 [00:04<00:56,  2.41it/s, loss=0.0775]
Ep  14 [train]:   6%|▌         | 9/145 [00:04<00:56,  2.41it/s, loss=0.0823]
Ep  14 [train]:   7%|▋         | 10/145 [00:04<00:46,  2.92it/s, loss=0.0823]
Ep  14 [train]:   7%|▋         | 10/145 [00:05<00:46,  2.92it/s, loss=0.0828]
Ep  14 [train]:   8%|▊         | 11/145 [00:05<00:56,  2.36it/s, loss=0.0828]
Ep  14 [train]:   8%|▊         | 11/145 [00:05<00:56,  2.36it/s, loss=0.0805]
Ep  14 [train]:   8%|▊         | 12/145 [00:05<00:46,  2.84it/s, loss=0.0805]
Ep  14 [train]:   8%|▊         | 12/145 [00:05<00:46,  2.84it/s, loss=0.0698]
Ep  14 [train]:   9%|▉         | 13/145 [00:05<00:54,  2.40it/s, loss=0.0698]
Ep  14 [train]:   9%|▉         | 13/145 [00:06<00:54,  2.40it/s, loss=0.0745]
Ep  14 [train]:  10%|▉         | 14/145 [00:06<00:46,  2.83it/s, loss=0.0745]
Ep  14 [train]:  10%|▉         | 14/145 [00:06<00:46,  2.83it/s, loss=0.0779]
Ep  14 [train]:  10%|█         | 15/145 [00:06<00:54,  2.38it/s, loss=0.0779]
Ep  14 [train]:  10%|█         | 15/145 [00:06<00:54,  2.38it/s, loss=0.0750]
Ep  14 [train]:  11%|█         | 16/145 [00:06<00:47,  2.72it/s, loss=0.0750]
Ep  14 [train]:  11%|█         | 16/145 [00:07<00:47,  2.72it/s, loss=0.0723]
Ep  14 [train]:  12%|█▏        | 17/145 [00:07<00:54,  2.35it/s, loss=0.0723]
Ep  14 [train]:  12%|█▏        | 17/145 [00:07<00:54,  2.35it/s, loss=0.0996]
Ep  14 [train]:  12%|█▏        | 18/145 [00:07<00:47,  2.65it/s, loss=0.0996]
Ep  14 [train]:  12%|█▏        | 18/145 [00:08<00:47,  2.65it/s, loss=0.0778]
Ep  14 [train]:  13%|█▎        | 19/145 [00:08<00:54,  2.33it/s, loss=0.0778]
Ep  14 [train]:  13%|█▎        | 19/145 [00:08<00:54,  2.33it/s, loss=0.0739]
Ep  14 [train]:  14%|█▍        | 20/145 [00:08<00:49,  2.53it/s, loss=0.0739]
Ep  14 [train]:  14%|█▍        | 20/145 [00:09<00:49,  2.53it/s, loss=0.0816]
Ep  14 [train]:  14%|█▍        | 21/145 [00:09<00:52,  2.38it/s, loss=0.0816]
Ep  14 [train]:  14%|█▍        | 21/145 [00:09<00:52,  2.38it/s, loss=0.0726]
Ep  14 [train]:  15%|█▌        | 22/145 [00:09<00:51,  2.39it/s, loss=0.0726]
Ep  14 [train]:  15%|█▌        | 22/145 [00:09<00:51,  2.39it/s, loss=0.0704]
Ep  14 [train]:  16%|█▌        | 23/145 [00:09<00:48,  2.53it/s, loss=0.0704]
Ep  14 [train]:  16%|█▌        | 23/145 [00:10<00:48,  2.53it/s, loss=0.0822]
Ep  14 [train]:  17%|█▋        | 24/145 [00:10<00:53,  2.28it/s, loss=0.0822]
Ep  14 [train]:  17%|█▋        | 24/145 [00:10<00:53,  2.28it/s, loss=0.0773]
Ep  14 [train]:  17%|█▋        | 25/145 [00:10<00:43,  2.79it/s, loss=0.0773]
Ep  14 [train]:  17%|█▋        | 25/145 [00:11<00:43,  2.79it/s, loss=0.0719]
Ep  14 [train]:  18%|█▊        | 26/145 [00:11<00:54,  2.19it/s, loss=0.0719]
Ep  14 [train]:  18%|█▊        | 26/145 [00:11<00:54,  2.19it/s, loss=0.0789]
Ep  14 [train]:  19%|█▊        | 27/145 [00:11<00:44,  2.63it/s, loss=0.0789]
Ep  14 [train]:  19%|█▊        | 27/145 [00:12<00:44,  2.63it/s, loss=0.0857]
Ep  14 [train]:  19%|█▉        | 28/145 [00:12<00:54,  2.13it/s, loss=0.0857]
Ep  14 [train]:  19%|█▉        | 28/145 [00:12<00:54,  2.13it/s, loss=0.0682]
Ep  14 [train]:  20%|██        | 29/145 [00:12<00:44,  2.60it/s, loss=0.0682]
Ep  14 [train]:  20%|██        | 29/145 [00:12<00:44,  2.60it/s, loss=0.0794]
Ep  14 [train]:  21%|██        | 30/145 [00:12<00:51,  2.22it/s, loss=0.0794]
Ep  14 [train]:  21%|██        | 30/145 [00:13<00:51,  2.22it/s, loss=0.0764]
Ep  14 [train]:  21%|██▏       | 31/145 [00:13<00:42,  2.68it/s, loss=0.0764]
Ep  14 [train]:  21%|██▏       | 31/145 [00:13<00:42,  2.68it/s, loss=0.0796]
Ep  14 [train]:  22%|██▏       | 32/145 [00:13<00:52,  2.17it/s, loss=0.0796]
Ep  14 [train]:  22%|██▏       | 32/145 [00:13<00:52,  2.17it/s, loss=0.0770]
Ep  14 [train]:  23%|██▎       | 33/145 [00:13<00:42,  2.62it/s, loss=0.0770]
Ep  14 [train]:  23%|██▎       | 33/145 [00:14<00:42,  2.62it/s, loss=0.0706]
Ep  14 [train]:  23%|██▎       | 34/145 [00:14<00:50,  2.19it/s, loss=0.0706]
Ep  14 [train]:  23%|██▎       | 34/145 [00:14<00:50,  2.19it/s, loss=0.0672]
Ep  14 [train]:  24%|██▍       | 35/145 [00:14<00:41,  2.67it/s, loss=0.0672]
Ep  14 [train]:  24%|██▍       | 35/145 [00:15<00:41,  2.67it/s, loss=0.0740]
Ep  14 [train]:  25%|██▍       | 36/145 [00:15<00:52,  2.09it/s, loss=0.0740]
Ep  14 [train]:  25%|██▍       | 36/145 [00:15<00:52,  2.09it/s, loss=0.0783]
Ep  14 [train]:  26%|██▌       | 37/145 [00:15<00:42,  2.53it/s, loss=0.0783]
Ep  14 [train]:  26%|██▌       | 37/145 [00:16<00:42,  2.53it/s, loss=0.0760]
Ep  14 [train]:  26%|██▌       | 38/145 [00:16<00:50,  2.10it/s, loss=0.0760]
Ep  14 [train]:  26%|██▌       | 38/145 [00:16<00:50,  2.10it/s, loss=0.0851]
Ep  14 [train]:  27%|██▋       | 39/145 [00:16<00:41,  2.58it/s, loss=0.0851]
Ep  14 [train]:  27%|██▋       | 39/145 [00:17<00:41,  2.58it/s, loss=0.0754]
Ep  14 [train]:  28%|██▊       | 40/145 [00:17<00:50,  2.06it/s, loss=0.0754]
Ep  14 [train]:  28%|██▊       | 40/145 [00:17<00:50,  2.06it/s, loss=0.0758]
Ep  14 [train]:  28%|██▊       | 41/145 [00:17<00:42,  2.45it/s, loss=0.0758]
Ep  14 [train]:  28%|██▊       | 41/145 [00:18<00:42,  2.45it/s, loss=0.0766]
Ep  14 [train]:  29%|██▉       | 42/145 [00:18<00:48,  2.11it/s, loss=0.0766]
Ep  14 [train]:  29%|██▉       | 42/145 [00:18<00:48,  2.11it/s, loss=0.0704]
Ep  14 [train]:  30%|██▉       | 43/145 [00:18<00:40,  2.53it/s, loss=0.0704]
Ep  14 [train]:  30%|██▉       | 43/145 [00:18<00:40,  2.53it/s, loss=0.0785]
Ep  14 [train]:  30%|███       | 44/145 [00:18<00:47,  2.13it/s, loss=0.0785]
Ep  14 [train]:  30%|███       | 44/145 [00:19<00:47,  2.13it/s, loss=0.0712]
Ep  14 [train]:  31%|███       | 45/145 [00:19<00:39,  2.55it/s, loss=0.0712]
Ep  14 [train]:  31%|███       | 45/145 [00:19<00:39,  2.55it/s, loss=0.0808]
Ep  14 [train]:  32%|███▏      | 46/145 [00:19<00:44,  2.21it/s, loss=0.0808]
Ep  14 [train]:  32%|███▏      | 46/145 [00:19<00:44,  2.21it/s, loss=0.0707]
Ep  14 [train]:  32%|███▏      | 47/145 [00:19<00:36,  2.67it/s, loss=0.0707]
Ep  14 [train]:  32%|███▏      | 47/145 [00:20<00:36,  2.67it/s, loss=0.0732]
Ep  14 [train]:  33%|███▎      | 48/145 [00:20<00:44,  2.20it/s, loss=0.0732]
Ep  14 [train]:  33%|███▎      | 48/145 [00:20<00:44,  2.20it/s, loss=0.0728]
Ep  14 [train]:  34%|███▍      | 49/145 [00:20<00:35,  2.68it/s, loss=0.0728]
Ep  14 [train]:  34%|███▍      | 49/145 [00:21<00:35,  2.68it/s, loss=0.0787]
Ep  14 [train]:  34%|███▍      | 50/145 [00:21<00:43,  2.18it/s, loss=0.0787]
Ep  14 [train]:  34%|███▍      | 50/145 [00:21<00:43,  2.18it/s, loss=0.0846]
Ep  14 [train]:  35%|███▌      | 51/145 [00:21<00:35,  2.65it/s, loss=0.0846]
Ep  14 [train]:  35%|███▌      | 51/145 [00:22<00:35,  2.65it/s, loss=0.0739]
Ep  14 [train]:  36%|███▌      | 52/145 [00:22<00:42,  2.19it/s, loss=0.0739]
Ep  14 [train]:  36%|███▌      | 52/145 [00:22<00:42,  2.19it/s, loss=0.0721]
Ep  14 [train]:  37%|███▋      | 53/145 [00:22<00:34,  2.69it/s, loss=0.0721]
Ep  14 [train]:  37%|███▋      | 53/145 [00:23<00:34,  2.69it/s, loss=0.0781]
Ep  14 [train]:  37%|███▋      | 54/145 [00:23<00:41,  2.17it/s, loss=0.0781]
Ep  14 [train]:  37%|███▋      | 54/145 [00:23<00:41,  2.17it/s, loss=0.0739]
Ep  14 [train]:  38%|███▊      | 55/145 [00:23<00:34,  2.62it/s, loss=0.0739]
Ep  14 [train]:  38%|███▊      | 55/145 [00:23<00:34,  2.62it/s, loss=0.0763]
Ep  14 [train]:  39%|███▊      | 56/145 [00:23<00:43,  2.07it/s, loss=0.0763]
Ep  14 [train]:  39%|███▊      | 56/145 [00:24<00:43,  2.07it/s, loss=0.0885]
Ep  14 [train]:  39%|███▉      | 57/145 [00:24<00:34,  2.55it/s, loss=0.0885]
Ep  14 [train]:  39%|███▉      | 57/145 [00:24<00:34,  2.55it/s, loss=0.0750]
Ep  14 [train]:  40%|████      | 58/145 [00:24<00:40,  2.14it/s, loss=0.0750]
Ep  14 [train]:  40%|████      | 58/145 [00:24<00:40,  2.14it/s, loss=0.0757]
Ep  14 [train]:  41%|████      | 59/145 [00:24<00:32,  2.63it/s, loss=0.0757]
Ep  14 [train]:  41%|████      | 59/145 [00:25<00:32,  2.63it/s, loss=0.0845]
Ep  14 [train]:  41%|████▏     | 60/145 [00:25<00:40,  2.11it/s, loss=0.0845]
Ep  14 [train]:  41%|████▏     | 60/145 [00:25<00:40,  2.11it/s, loss=0.0799]
Ep  14 [train]:  42%|████▏     | 61/145 [00:25<00:32,  2.59it/s, loss=0.0799]
Ep  14 [train]:  42%|████▏     | 61/145 [00:26<00:32,  2.59it/s, loss=0.0742]
Ep  14 [train]:  43%|████▎     | 62/145 [00:26<00:37,  2.19it/s, loss=0.0742]
Ep  14 [train]:  43%|████▎     | 62/145 [00:26<00:37,  2.19it/s, loss=0.0778]
Ep  14 [train]:  43%|████▎     | 63/145 [00:26<00:30,  2.67it/s, loss=0.0778]
Ep  14 [train]:  43%|████▎     | 63/145 [00:27<00:30,  2.67it/s, loss=0.0783]
Ep  14 [train]:  44%|████▍     | 64/145 [00:27<00:35,  2.26it/s, loss=0.0783]
Ep  14 [train]:  44%|████▍     | 64/145 [00:27<00:35,  2.26it/s, loss=0.0828]
Ep  14 [train]:  45%|████▍     | 65/145 [00:27<00:29,  2.75it/s, loss=0.0828]
Ep  14 [train]:  45%|████▍     | 65/145 [00:28<00:29,  2.75it/s, loss=0.0731]
Ep  14 [train]:  46%|████▌     | 66/145 [00:28<00:36,  2.18it/s, loss=0.0731]
Ep  14 [train]:  46%|████▌     | 66/145 [00:28<00:36,  2.18it/s, loss=0.0788]
Ep  14 [train]:  46%|████▌     | 67/145 [00:28<00:29,  2.67it/s, loss=0.0788]
Ep  14 [train]:  46%|████▌     | 67/145 [00:28<00:29,  2.67it/s, loss=0.0778]
Ep  14 [train]:  47%|████▋     | 68/145 [00:28<00:35,  2.16it/s, loss=0.0778]
Ep  14 [train]:  47%|████▋     | 68/145 [00:29<00:35,  2.16it/s, loss=0.0842]
Ep  14 [train]:  48%|████▊     | 69/145 [00:29<00:28,  2.64it/s, loss=0.0842]
Ep  14 [train]:  48%|████▊     | 69/145 [00:29<00:28,  2.64it/s, loss=0.0750]
Ep  14 [train]:  48%|████▊     | 70/145 [00:29<00:34,  2.17it/s, loss=0.0750]
Ep  14 [train]:  48%|████▊     | 70/145 [00:29<00:34,  2.17it/s, loss=0.0761]
Ep  14 [train]:  49%|████▉     | 71/145 [00:29<00:28,  2.59it/s, loss=0.0761]
Ep  14 [train]:  49%|████▉     | 71/145 [00:30<00:28,  2.59it/s, loss=0.0841]
Ep  14 [train]:  50%|████▉     | 72/145 [00:30<00:33,  2.19it/s, loss=0.0841]
Ep  14 [train]:  50%|████▉     | 72/145 [00:30<00:33,  2.19it/s, loss=0.0880]
Ep  14 [train]:  50%|█████     | 73/145 [00:30<00:26,  2.67it/s, loss=0.0880]
Ep  14 [train]:  50%|█████     | 73/145 [00:31<00:26,  2.67it/s, loss=0.0709]
Ep  14 [train]:  51%|█████     | 74/145 [00:31<00:32,  2.17it/s, loss=0.0709]
Ep  14 [train]:  51%|█████     | 74/145 [00:31<00:32,  2.17it/s, loss=0.0727]
Ep  14 [train]:  52%|█████▏    | 75/145 [00:31<00:26,  2.66it/s, loss=0.0727]
Ep  14 [train]:  52%|█████▏    | 75/145 [00:32<00:26,  2.66it/s, loss=0.0756]
Ep  14 [train]:  52%|█████▏    | 76/145 [00:32<00:31,  2.16it/s, loss=0.0756]
Ep  14 [train]:  52%|█████▏    | 76/145 [00:32<00:31,  2.16it/s, loss=0.0775]
Ep  14 [train]:  53%|█████▎    | 77/145 [00:32<00:25,  2.63it/s, loss=0.0775]
Ep  14 [train]:  53%|█████▎    | 77/145 [00:33<00:25,  2.63it/s, loss=0.0709]
Ep  14 [train]:  54%|█████▍    | 78/145 [00:33<00:32,  2.05it/s, loss=0.0709]
Ep  14 [train]:  54%|█████▍    | 78/145 [00:33<00:32,  2.05it/s, loss=0.0745]
Ep  14 [train]:  54%|█████▍    | 79/145 [00:33<00:26,  2.51it/s, loss=0.0745]
Ep  14 [train]:  54%|█████▍    | 79/145 [00:34<00:26,  2.51it/s, loss=0.0795]
Ep  14 [train]:  55%|█████▌    | 80/145 [00:34<00:30,  2.10it/s, loss=0.0795]
Ep  14 [train]:  55%|█████▌    | 80/145 [00:34<00:30,  2.10it/s, loss=0.0767]
Ep  14 [train]:  56%|█████▌    | 81/145 [00:34<00:24,  2.58it/s, loss=0.0767]
Ep  14 [train]:  56%|█████▌    | 81/145 [00:34<00:24,  2.58it/s, loss=0.0829]
Ep  14 [train]:  57%|█████▋    | 82/145 [00:34<00:30,  2.05it/s, loss=0.0829]
Ep  14 [train]:  57%|█████▋    | 82/145 [00:35<00:30,  2.05it/s, loss=0.0906]
Ep  14 [train]:  57%|█████▋    | 83/145 [00:35<00:24,  2.54it/s, loss=0.0906]
Ep  14 [train]:  57%|█████▋    | 83/145 [00:35<00:24,  2.54it/s, loss=0.0753]
Ep  14 [train]:  58%|█████▊    | 84/145 [00:35<00:28,  2.15it/s, loss=0.0753]
Ep  14 [train]:  58%|█████▊    | 84/145 [00:35<00:28,  2.15it/s, loss=0.0786]
Ep  14 [train]:  59%|█████▊    | 85/145 [00:35<00:22,  2.61it/s, loss=0.0786]
Ep  14 [train]:  59%|█████▊    | 85/145 [00:36<00:22,  2.61it/s, loss=0.0698]
Ep  14 [train]:  59%|█████▉    | 86/145 [00:36<00:26,  2.19it/s, loss=0.0698]
Ep  14 [train]:  59%|█████▉    | 86/145 [00:36<00:26,  2.19it/s, loss=0.0802]
Ep  14 [train]:  60%|██████    | 87/145 [00:36<00:21,  2.68it/s, loss=0.0802]
Ep  14 [train]:  60%|██████    | 87/145 [00:37<00:21,  2.68it/s, loss=0.0750]
Ep  14 [train]:  61%|██████    | 88/145 [00:37<00:26,  2.11it/s, loss=0.0750]
Ep  14 [train]:  61%|██████    | 88/145 [00:37<00:26,  2.11it/s, loss=0.0735]
Ep  14 [train]:  61%|██████▏   | 89/145 [00:37<00:21,  2.60it/s, loss=0.0735]
Ep  14 [train]:  61%|██████▏   | 89/145 [00:38<00:21,  2.60it/s, loss=0.0718]
Ep  14 [train]:  62%|██████▏   | 90/145 [00:38<00:26,  2.10it/s, loss=0.0718]
Ep  14 [train]:  62%|██████▏   | 90/145 [00:38<00:26,  2.10it/s, loss=0.0833]
Ep  14 [train]:  63%|██████▎   | 91/145 [00:38<00:21,  2.56it/s, loss=0.0833]
Ep  14 [train]:  63%|██████▎   | 91/145 [00:39<00:21,  2.56it/s, loss=0.0750]
Ep  14 [train]:  63%|██████▎   | 92/145 [00:39<00:25,  2.09it/s, loss=0.0750]
Ep  14 [train]:  63%|██████▎   | 92/145 [00:39<00:25,  2.09it/s, loss=0.0806]
Ep  14 [train]:  64%|██████▍   | 93/145 [00:39<00:21,  2.46it/s, loss=0.0806]
Ep  14 [train]:  64%|██████▍   | 93/145 [00:40<00:21,  2.46it/s, loss=0.0757]
Ep  14 [train]:  65%|██████▍   | 94/145 [00:40<00:23,  2.13it/s, loss=0.0757]
Ep  14 [train]:  65%|██████▍   | 94/145 [00:40<00:23,  2.13it/s, loss=0.0771]
Ep  14 [train]:  66%|██████▌   | 95/145 [00:40<00:19,  2.63it/s, loss=0.0771]
Ep  14 [train]:  66%|██████▌   | 95/145 [00:40<00:19,  2.63it/s, loss=0.0729]
Ep  14 [train]:  66%|██████▌   | 96/145 [00:40<00:22,  2.16it/s, loss=0.0729]
Ep  14 [train]:  66%|██████▌   | 96/145 [00:41<00:22,  2.16it/s, loss=0.0833]
Ep  14 [train]:  67%|██████▋   | 97/145 [00:41<00:18,  2.63it/s, loss=0.0833]
Ep  14 [train]:  67%|██████▋   | 97/145 [00:41<00:18,  2.63it/s, loss=0.0768]
Ep  14 [train]:  68%|██████▊   | 98/145 [00:41<00:22,  2.11it/s, loss=0.0768]
Ep  14 [train]:  68%|██████▊   | 98/145 [00:41<00:22,  2.11it/s, loss=0.0734]
Ep  14 [train]:  68%|██████▊   | 99/145 [00:41<00:18,  2.54it/s, loss=0.0734]
Ep  14 [train]:  68%|██████▊   | 99/145 [00:42<00:18,  2.54it/s, loss=0.0839]
Ep  14 [train]:  69%|██████▉   | 100/145 [00:42<00:22,  2.01it/s, loss=0.0839]
Ep  14 [train]:  69%|██████▉   | 100/145 [00:42<00:22,  2.01it/s, loss=0.0815]
Ep  14 [train]:  70%|██████▉   | 101/145 [00:42<00:17,  2.46it/s, loss=0.0815]
Ep  14 [train]:  70%|██████▉   | 101/145 [00:43<00:17,  2.46it/s, loss=0.0779]
Ep  14 [train]:  70%|███████   | 102/145 [00:43<00:20,  2.06it/s, loss=0.0779]
Ep  14 [train]:  70%|███████   | 102/145 [00:43<00:20,  2.06it/s, loss=0.0757]
Ep  14 [train]:  71%|███████   | 103/145 [00:43<00:16,  2.50it/s, loss=0.0757]
Ep  14 [train]:  71%|███████   | 103/145 [00:44<00:16,  2.50it/s, loss=0.0809]
Ep  14 [train]:  72%|███████▏  | 104/145 [00:44<00:18,  2.24it/s, loss=0.0809]
Ep  14 [train]:  72%|███████▏  | 104/145 [00:44<00:18,  2.24it/s, loss=0.0731]
Ep  14 [train]:  72%|███████▏  | 105/145 [00:44<00:14,  2.68it/s, loss=0.0731]
Ep  14 [train]:  72%|███████▏  | 105/145 [00:45<00:14,  2.68it/s, loss=0.0916]
Ep  14 [train]:  73%|███████▎  | 106/145 [00:45<00:16,  2.35it/s, loss=0.0916]
Ep  14 [train]:  73%|███████▎  | 106/145 [00:45<00:16,  2.35it/s, loss=0.0797]
Ep  14 [train]:  74%|███████▍  | 107/145 [00:45<00:13,  2.84it/s, loss=0.0797]
Ep  14 [train]:  74%|███████▍  | 107/145 [00:45<00:13,  2.84it/s, loss=0.0714]
Ep  14 [train]:  74%|███████▍  | 108/145 [00:45<00:15,  2.37it/s, loss=0.0714]
Ep  14 [train]:  74%|███████▍  | 108/145 [00:46<00:15,  2.37it/s, loss=0.0728]
Ep  14 [train]:  75%|███████▌  | 109/145 [00:46<00:12,  2.86it/s, loss=0.0728]
Ep  14 [train]:  75%|███████▌  | 109/145 [00:46<00:12,  2.86it/s, loss=0.0712]
Ep  14 [train]:  76%|███████▌  | 110/145 [00:46<00:14,  2.45it/s, loss=0.0712]
Ep  14 [train]:  76%|███████▌  | 110/145 [00:46<00:14,  2.45it/s, loss=0.0831]
Ep  14 [train]:  77%|███████▋  | 111/145 [00:46<00:11,  2.95it/s, loss=0.0831]
Ep  14 [train]:  77%|███████▋  | 111/145 [00:47<00:11,  2.95it/s, loss=0.0751]
Ep  14 [train]:  77%|███████▋  | 112/145 [00:47<00:13,  2.47it/s, loss=0.0751]
Ep  14 [train]:  77%|███████▋  | 112/145 [00:47<00:13,  2.47it/s, loss=0.0698]
Ep  14 [train]:  78%|███████▊  | 113/145 [00:47<00:10,  2.97it/s, loss=0.0698]
Ep  14 [train]:  78%|███████▊  | 113/145 [00:48<00:10,  2.97it/s, loss=0.0739]
Ep  14 [train]:  79%|███████▊  | 114/145 [00:48<00:12,  2.44it/s, loss=0.0739]
Ep  14 [train]:  79%|███████▊  | 114/145 [00:48<00:12,  2.44it/s, loss=0.0728]
Ep  14 [train]:  79%|███████▉  | 115/145 [00:48<00:10,  2.78it/s, loss=0.0728]
Ep  14 [train]:  79%|███████▉  | 115/145 [00:48<00:10,  2.78it/s, loss=0.0754]
Ep  14 [train]:  80%|████████  | 116/145 [00:48<00:12,  2.34it/s, loss=0.0754]
Ep  14 [train]:  80%|████████  | 116/145 [00:49<00:12,  2.34it/s, loss=0.0771]
Ep  14 [train]:  81%|████████  | 117/145 [00:49<00:09,  2.85it/s, loss=0.0771]
Ep  14 [train]:  81%|████████  | 117/145 [00:49<00:09,  2.85it/s, loss=0.0771]
Ep  14 [train]:  81%|████████▏ | 118/145 [00:49<00:11,  2.31it/s, loss=0.0771]
Ep  14 [train]:  81%|████████▏ | 118/145 [00:49<00:11,  2.31it/s, loss=0.0743]
Ep  14 [train]:  82%|████████▏ | 119/145 [00:49<00:09,  2.79it/s, loss=0.0743]
Ep  14 [train]:  82%|████████▏ | 119/145 [00:50<00:09,  2.79it/s, loss=0.0829]
Ep  14 [train]:  83%|████████▎ | 120/145 [00:50<00:12,  2.07it/s, loss=0.0829]
Ep  14 [train]:  83%|████████▎ | 120/145 [00:50<00:12,  2.07it/s, loss=0.0733]
Ep  14 [train]:  83%|████████▎ | 121/145 [00:50<00:09,  2.55it/s, loss=0.0733]
Ep  14 [train]:  83%|████████▎ | 121/145 [00:51<00:09,  2.55it/s, loss=0.0717]
Ep  14 [train]:  84%|████████▍ | 122/145 [00:51<00:11,  2.00it/s, loss=0.0717]
Ep  14 [train]:  84%|████████▍ | 122/145 [00:51<00:11,  2.00it/s, loss=0.0760]
Ep  14 [train]:  85%|████████▍ | 123/145 [00:51<00:09,  2.44it/s, loss=0.0760]
Ep  14 [train]:  85%|████████▍ | 123/145 [00:52<00:09,  2.44it/s, loss=0.0745]
Ep  14 [train]:  86%|████████▌ | 124/145 [00:52<00:10,  2.07it/s, loss=0.0745]
Ep  14 [train]:  86%|████████▌ | 124/145 [00:52<00:10,  2.07it/s, loss=0.0714]
Ep  14 [train]:  86%|████████▌ | 125/145 [00:52<00:07,  2.53it/s, loss=0.0714]
Ep  14 [train]:  86%|████████▌ | 125/145 [00:53<00:07,  2.53it/s, loss=0.0735]
Ep  14 [train]:  87%|████████▋ | 126/145 [00:53<00:09,  2.09it/s, loss=0.0735]
Ep  14 [train]:  87%|████████▋ | 126/145 [00:53<00:09,  2.09it/s, loss=0.0765]
Ep  14 [train]:  88%|████████▊ | 127/145 [00:53<00:06,  2.58it/s, loss=0.0765]
Ep  14 [train]:  88%|████████▊ | 127/145 [00:54<00:06,  2.58it/s, loss=0.0743]
Ep  14 [train]:  88%|████████▊ | 128/145 [00:54<00:08,  2.08it/s, loss=0.0743]
Ep  14 [train]:  88%|████████▊ | 128/145 [00:54<00:08,  2.08it/s, loss=0.0786]
Ep  14 [train]:  89%|████████▉ | 129/145 [00:54<00:06,  2.56it/s, loss=0.0786]
Ep  14 [train]:  89%|████████▉ | 129/145 [00:55<00:06,  2.56it/s, loss=0.0754]
Ep  14 [train]:  90%|████████▉ | 130/145 [00:55<00:07,  2.01it/s, loss=0.0754]
Ep  14 [train]:  90%|████████▉ | 130/145 [00:55<00:07,  2.01it/s, loss=0.0825]
Ep  14 [train]:  90%|█████████ | 131/145 [00:55<00:05,  2.48it/s, loss=0.0825]
Ep  14 [train]:  90%|█████████ | 131/145 [00:55<00:05,  2.48it/s, loss=0.0754]
Ep  14 [train]:  91%|█████████ | 132/145 [00:55<00:06,  2.06it/s, loss=0.0754]
Ep  14 [train]:  91%|█████████ | 132/145 [00:56<00:06,  2.06it/s, loss=0.0796]
Ep  14 [train]:  92%|█████████▏| 133/145 [00:56<00:04,  2.54it/s, loss=0.0796]
Ep  14 [train]:  92%|█████████▏| 133/145 [00:56<00:04,  2.54it/s, loss=0.0762]
Ep  14 [train]:  92%|█████████▏| 134/145 [00:56<00:05,  2.11it/s, loss=0.0762]
Ep  14 [train]:  92%|█████████▏| 134/145 [00:57<00:05,  2.11it/s, loss=0.0754]
Ep  14 [train]:  93%|█████████▎| 135/145 [00:57<00:03,  2.57it/s, loss=0.0754]
Ep  14 [train]:  93%|█████████▎| 135/145 [00:57<00:03,  2.57it/s, loss=0.0726]
Ep  14 [train]:  94%|█████████▍| 136/145 [00:57<00:04,  2.18it/s, loss=0.0726]
Ep  14 [train]:  94%|█████████▍| 136/145 [00:57<00:04,  2.18it/s, loss=0.0757]
Ep  14 [train]:  94%|█████████▍| 137/145 [00:57<00:03,  2.65it/s, loss=0.0757]
Ep  14 [train]:  94%|█████████▍| 137/145 [00:58<00:03,  2.65it/s, loss=0.0818]
Ep  14 [train]:  95%|█████████▌| 138/145 [00:58<00:03,  2.12it/s, loss=0.0818]
Ep  14 [train]:  95%|█████████▌| 138/145 [00:58<00:03,  2.12it/s, loss=0.0692]
Ep  14 [train]:  96%|█████████▌| 139/145 [00:58<00:02,  2.59it/s, loss=0.0692]
Ep  14 [train]:  96%|█████████▌| 139/145 [00:59<00:02,  2.59it/s, loss=0.0802]
Ep  14 [train]:  97%|█████████▋| 140/145 [00:59<00:02,  1.99it/s, loss=0.0802]
Ep  14 [train]:  97%|█████████▋| 140/145 [00:59<00:02,  1.99it/s, loss=0.0823]
Ep  14 [train]:  97%|█████████▋| 141/145 [00:59<00:01,  2.48it/s, loss=0.0823]
Ep  14 [train]:  97%|█████████▋| 141/145 [01:00<00:01,  2.48it/s, loss=0.0705]
Ep  14 [train]:  98%|█████████▊| 142/145 [01:00<00:01,  2.04it/s, loss=0.0705]
Ep  14 [train]:  98%|█████████▊| 142/145 [01:00<00:01,  2.04it/s, loss=0.0753]
Ep  14 [train]:  99%|█████████▊| 143/145 [01:00<00:00,  2.51it/s, loss=0.0753]
Ep  14 [train]:  99%|█████████▊| 143/145 [01:01<00:00,  2.51it/s, loss=0.0773]
Ep  14 [train]:  99%|█████████▉| 144/145 [01:01<00:00,  2.13it/s, loss=0.0773]
Ep  14 [train]:  99%|█████████▉| 144/145 [01:01<00:00,  2.13it/s, loss=0.0764]
Ep  14 [train]: 100%|██████████| 145/145 [01:01<00:00,  2.62it/s, loss=0.0764]
                                                                              
  Ep  14 [train]  loss=0.0772  rmse_c=0.2398  mae_c=0.2162  r2_c=0.019  rmse_h=0.3118  mae_h=0.2324  r2_h=0.440  sup=0.327

Ep  14 [val  ]:   0%|          | 0/39 [00:00<?, ?it/s]
Ep  14 [val  ]:   0%|          | 0/39 [00:00<?, ?it/s, loss=0.0965]
Ep  14 [val  ]:   3%|▎         | 1/39 [00:00<00:34,  1.11it/s, loss=0.0965]
Ep  14 [val  ]:   3%|▎         | 1/39 [00:01<00:34,  1.11it/s, loss=0.0923]
Ep  14 [val  ]:   5%|▌         | 2/39 [00:01<00:16,  2.24it/s, loss=0.0923]
Ep  14 [val  ]:   5%|▌         | 2/39 [00:01<00:16,  2.24it/s, loss=0.0759]
Ep  14 [val  ]:   8%|▊         | 3/39 [00:01<00:18,  1.90it/s, loss=0.0759]
Ep  14 [val  ]:   8%|▊         | 3/39 [00:01<00:18,  1.90it/s, loss=0.0743]
Ep  14 [val  ]:  10%|█         | 4/39 [00:01<00:15,  2.27it/s, loss=0.0743]
Ep  14 [val  ]:  10%|█         | 4/39 [00:02<00:15,  2.27it/s, loss=0.0826]
Ep  14 [val  ]:  13%|█▎        | 5/39 [00:02<00:14,  2.40it/s, loss=0.0826]
Ep  14 [val  ]:  13%|█▎        | 5/39 [00:02<00:14,  2.40it/s, loss=0.0795]
Ep  14 [val  ]:  15%|█▌        | 6/39 [00:02<00:14,  2.35it/s, loss=0.0795]
Ep  14 [val  ]:  15%|█▌        | 6/39 [00:03<00:14,  2.35it/s, loss=0.0746]
Ep  14 [val  ]:  18%|█▊        | 7/39 [00:03<00:12,  2.59it/s, loss=0.0746]
Ep  14 [val  ]:  18%|█▊        | 7/39 [00:03<00:12,  2.59it/s, loss=0.0724]
Ep  14 [val  ]:  21%|██        | 8/39 [00:03<00:13,  2.23it/s, loss=0.0724]
Ep  14 [val  ]:  21%|██        | 8/39 [00:03<00:13,  2.23it/s, loss=0.0729]
Ep  14 [val  ]:  23%|██▎       | 9/39 [00:03<00:11,  2.73it/s, loss=0.0729]
Ep  14 [val  ]:  23%|██▎       | 9/39 [00:04<00:11,  2.73it/s, loss=0.0697]
Ep  14 [val  ]:  26%|██▌       | 10/39 [00:04<00:13,  2.12it/s, loss=0.0697]
Ep  14 [val  ]:  26%|██▌       | 10/39 [00:04<00:13,  2.12it/s, loss=0.0718]
Ep  14 [val  ]:  26%|██▌       | 10/39 [00:05<00:13,  2.12it/s, loss=0.0737]
Ep  14 [val  ]:  31%|███       | 12/39 [00:05<00:12,  2.14it/s, loss=0.0737]
Ep  14 [val  ]:  31%|███       | 12/39 [00:05<00:12,  2.14it/s, loss=0.0763]
Ep  14 [val  ]:  31%|███       | 12/39 [00:06<00:12,  2.14it/s, loss=0.0839]
Ep  14 [val  ]:  36%|███▌      | 14/39 [00:06<00:11,  2.25it/s, loss=0.0839]
Ep  14 [val  ]:  36%|███▌      | 14/39 [00:06<00:11,  2.25it/s, loss=0.0964]
Ep  14 [val  ]:  36%|███▌      | 14/39 [00:07<00:11,  2.25it/s, loss=0.0975]
Ep  14 [val  ]:  41%|████      | 16/39 [00:07<00:10,  2.25it/s, loss=0.0975]
Ep  14 [val  ]:  41%|████      | 16/39 [00:07<00:10,  2.25it/s, loss=0.0958]
Ep  14 [val  ]:  41%|████      | 16/39 [00:08<00:10,  2.25it/s, loss=0.0876]
Ep  14 [val  ]:  46%|████▌     | 18/39 [00:08<00:09,  2.27it/s, loss=0.0876]
Ep  14 [val  ]:  46%|████▌     | 18/39 [00:08<00:09,  2.27it/s, loss=0.0770]
Ep  14 [val  ]:  46%|████▌     | 18/39 [00:08<00:09,  2.27it/s, loss=0.0664]
Ep  14 [val  ]:  51%|█████▏    | 20/39 [00:08<00:08,  2.22it/s, loss=0.0664]
Ep  14 [val  ]:  51%|█████▏    | 20/39 [00:09<00:08,  2.22it/s, loss=0.0579]
Ep  14 [val  ]:  51%|█████▏    | 20/39 [00:09<00:08,  2.22it/s, loss=0.0662]
Ep  14 [val  ]:  56%|█████▋    | 22/39 [00:09<00:07,  2.17it/s, loss=0.0662]
Ep  14 [val  ]:  56%|█████▋    | 22/39 [00:10<00:07,  2.17it/s, loss=0.0632]
Ep  14 [val  ]:  59%|█████▉    | 23/39 [00:10<00:06,  2.53it/s, loss=0.0632]
Ep  14 [val  ]:  59%|█████▉    | 23/39 [00:10<00:06,  2.53it/s, loss=0.0641]
Ep  14 [val  ]:  62%|██████▏   | 24/39 [00:10<00:07,  2.02it/s, loss=0.0641]
Ep  14 [val  ]:  62%|██████▏   | 24/39 [00:11<00:07,  2.02it/s, loss=0.0679]
Ep  14 [val  ]:  64%|██████▍   | 25/39 [00:11<00:05,  2.46it/s, loss=0.0679]
Ep  14 [val  ]:  64%|██████▍   | 25/39 [00:11<00:05,  2.46it/s, loss=0.0723]
Ep  14 [val  ]:  67%|██████▋   | 26/39 [00:11<00:06,  2.08it/s, loss=0.0723]
Ep  14 [val  ]:  67%|██████▋   | 26/39 [00:11<00:06,  2.08it/s, loss=0.0795]
Ep  14 [val  ]:  67%|██████▋   | 26/39 [00:12<00:06,  2.08it/s, loss=0.1195]
Ep  14 [val  ]:  72%|███████▏  | 28/39 [00:12<00:05,  2.17it/s, loss=0.1195]
Ep  14 [val  ]:  72%|███████▏  | 28/39 [00:12<00:05,  2.17it/s, loss=0.0917]
Ep  14 [val  ]:  72%|███████▏  | 28/39 [00:13<00:05,  2.17it/s, loss=0.0829]
Ep  14 [val  ]:  77%|███████▋  | 30/39 [00:13<00:03,  2.28it/s, loss=0.0829]
Ep  14 [val  ]:  77%|███████▋  | 30/39 [00:13<00:03,  2.28it/s, loss=0.0814]
Ep  14 [val  ]:  77%|███████▋  | 30/39 [00:14<00:03,  2.28it/s, loss=0.0742]
Ep  14 [val  ]:  82%|████████▏ | 32/39 [00:14<00:02,  2.38it/s, loss=0.0742]
Ep  14 [val  ]:  82%|████████▏ | 32/39 [00:14<00:02,  2.38it/s, loss=0.0735]
Ep  14 [val  ]:  82%|████████▏ | 32/39 [00:14<00:02,  2.38it/s, loss=0.0734]
Ep  14 [val  ]:  87%|████████▋ | 34/39 [00:14<00:02,  2.45it/s, loss=0.0734]
Ep  14 [val  ]:  87%|████████▋ | 34/39 [00:15<00:02,  2.45it/s, loss=0.0767]
Ep  14 [val  ]:  87%|████████▋ | 34/39 [00:15<00:02,  2.45it/s, loss=0.0716]
Ep  14 [val  ]:  92%|█████████▏| 36/39 [00:15<00:01,  2.52it/s, loss=0.0716]
Ep  14 [val  ]:  92%|█████████▏| 36/39 [00:15<00:01,  2.52it/s, loss=0.0719]
Ep  14 [val  ]:  92%|█████████▏| 36/39 [00:16<00:01,  2.52it/s, loss=0.0641]
Ep  14 [val  ]:  97%|█████████▋| 38/39 [00:16<00:00,  2.48it/s, loss=0.0641]
Ep  14 [val  ]:  97%|█████████▋| 38/39 [00:16<00:00,  2.48it/s, loss=0.0739]
                                                                            
  Ep  14 [val  ]  loss=0.0780  rmse_c=0.2442  mae_c=0.2181  r2_c=0.020  rmse_h=0.3092  mae_h=0.2295  r2_h=0.404  sup=0.308
  [new best] combined_val_rmse=0.2767

Ep  15 [train]:   0%|          | 0/145 [00:00<?, ?it/s]
Ep  15 [train]:   0%|          | 0/145 [00:01<?, ?it/s, loss=0.0802]
Ep  15 [train]:   1%|          | 1/145 [00:01<02:51,  1.19s/it, loss=0.0802]
Ep  15 [train]:   1%|          | 1/145 [00:01<02:51,  1.19s/it, loss=0.0736]
Ep  15 [train]:   1%|▏         | 2/145 [00:01<01:25,  1.68it/s, loss=0.0736]
Ep  15 [train]:   1%|▏         | 2/145 [00:02<01:25,  1.68it/s, loss=0.0779]
Ep  15 [train]:   2%|▏         | 3/145 [00:02<01:27,  1.62it/s, loss=0.0779]
Ep  15 [train]:   2%|▏         | 3/145 [00:02<01:27,  1.62it/s, loss=0.0681]
Ep  15 [train]:   3%|▎         | 4/145 [00:02<01:03,  2.23it/s, loss=0.0681]
Ep  15 [train]:   3%|▎         | 4/145 [00:02<01:03,  2.23it/s, loss=0.0773]
Ep  15 [train]:   3%|▎         | 5/145 [00:02<01:12,  1.92it/s, loss=0.0773]
Ep  15 [train]:   3%|▎         | 5/145 [00:03<01:12,  1.92it/s, loss=0.0798]
Ep  15 [train]:   4%|▍         | 6/145 [00:03<00:56,  2.44it/s, loss=0.0798]
Ep  15 [train]:   4%|▍         | 6/145 [00:03<00:56,  2.44it/s, loss=0.0699]
Ep  15 [train]:   5%|▍         | 7/145 [00:03<01:05,  2.09it/s, loss=0.0699]
Ep  15 [train]:   5%|▍         | 7/145 [00:03<01:05,  2.09it/s, loss=0.0731]
Ep  15 [train]:   6%|▌         | 8/145 [00:03<00:52,  2.63it/s, loss=0.0731]
Ep  15 [train]:   6%|▌         | 8/145 [00:04<00:52,  2.63it/s, loss=0.0760]
Ep  15 [train]:   6%|▌         | 9/145 [00:04<01:03,  2.13it/s, loss=0.0760]
Ep  15 [train]:   6%|▌         | 9/145 [00:04<01:03,  2.13it/s, loss=0.0732]
Ep  15 [train]:   7%|▋         | 10/145 [00:04<00:51,  2.64it/s, loss=0.0732]
Ep  15 [train]:   7%|▋         | 10/145 [00:05<00:51,  2.64it/s, loss=0.0820]
Ep  15 [train]:   8%|▊         | 11/145 [00:05<01:01,  2.18it/s, loss=0.0820]
Ep  15 [train]:   8%|▊         | 11/145 [00:05<01:01,  2.18it/s, loss=0.0716]
Ep  15 [train]:   8%|▊         | 12/145 [00:05<00:50,  2.66it/s, loss=0.0716]
Ep  15 [train]:   8%|▊         | 12/145 [00:06<00:50,  2.66it/s, loss=0.0725]
Ep  15 [train]:   9%|▉         | 13/145 [00:06<00:59,  2.24it/s, loss=0.0725]
Ep  15 [train]:   9%|▉         | 13/145 [00:06<00:59,  2.24it/s, loss=0.0732]
Ep  15 [train]:  10%|▉         | 14/145 [00:06<00:47,  2.74it/s, loss=0.0732]
Ep  15 [train]:  10%|▉         | 14/145 [00:06<00:47,  2.74it/s, loss=0.0725]
Ep  15 [train]:  10%|█         | 15/145 [00:06<00:55,  2.32it/s, loss=0.0725]
Ep  15 [train]:  10%|█         | 15/145 [00:07<00:55,  2.32it/s, loss=0.0756]
Ep  15 [train]:  11%|█         | 16/145 [00:07<00:46,  2.76it/s, loss=0.0756]
Ep  15 [train]:  11%|█         | 16/145 [00:07<00:46,  2.76it/s, loss=0.0791]
Ep  15 [train]:  12%|█▏        | 17/145 [00:07<00:55,  2.32it/s, loss=0.0791]
Ep  15 [train]:  12%|█▏        | 17/145 [00:07<00:55,  2.32it/s, loss=0.0721]
Ep  15 [train]:  12%|█▏        | 18/145 [00:07<00:45,  2.82it/s, loss=0.0721]
Ep  15 [train]:  12%|█▏        | 18/145 [00:08<00:45,  2.82it/s, loss=0.0703]
Ep  15 [train]:  13%|█▎        | 19/145 [00:08<00:54,  2.32it/s, loss=0.0703]
Ep  15 [train]:  13%|█▎        | 19/145 [00:08<00:54,  2.32it/s, loss=0.0809]
Ep  15 [train]:  14%|█▍        | 20/145 [00:08<00:45,  2.76it/s, loss=0.0809]
Ep  15 [train]:  14%|█▍        | 20/145 [00:09<00:45,  2.76it/s, loss=0.0764]
Ep  15 [train]:  14%|█▍        | 21/145 [00:09<00:50,  2.46it/s, loss=0.0764]
Ep  15 [train]:  14%|█▍        | 21/145 [00:09<00:50,  2.46it/s, loss=0.0693]
Ep  15 [train]:  15%|█▌        | 22/145 [00:09<00:45,  2.72it/s, loss=0.0693]
Ep  15 [train]:  15%|█▌        | 22/145 [00:09<00:45,  2.72it/s, loss=0.0757]
Ep  15 [train]:  16%|█▌        | 23/145 [00:09<00:50,  2.41it/s, loss=0.0757]
Ep  15 [train]:  16%|█▌        | 23/145 [00:10<00:50,  2.41it/s, loss=0.0764]
Ep  15 [train]:  17%|█▋        | 24/145 [00:10<00:46,  2.58it/s, loss=0.0764]
Ep  15 [train]:  17%|█▋        | 24/145 [00:10<00:46,  2.58it/s, loss=0.0728]
Ep  15 [train]:  17%|█▋        | 25/145 [00:10<00:47,  2.54it/s, loss=0.0728]
Ep  15 [train]:  17%|█▋        | 25/145 [00:11<00:47,  2.54it/s, loss=0.0727]
Ep  15 [train]:  18%|█▊        | 26/145 [00:11<00:52,  2.27it/s, loss=0.0727]
Ep  15 [train]:  18%|█▊        | 26/145 [00:11<00:52,  2.27it/s, loss=0.0724]
Ep  15 [train]:  19%|█▊        | 27/145 [00:11<00:44,  2.63it/s, loss=0.0724]
Ep  15 [train]:  19%|█▊        | 27/145 [00:12<00:44,  2.63it/s, loss=0.0791]
Ep  15 [train]:  19%|█▉        | 28/145 [00:12<00:54,  2.15it/s, loss=0.0791]
Ep  15 [train]:  19%|█▉        | 28/145 [00:12<00:54,  2.15it/s, loss=0.0694]
Ep  15 [train]:  20%|██        | 29/145 [00:12<00:44,  2.60it/s, loss=0.0694]
Ep  15 [train]:  20%|██        | 29/145 [00:12<00:44,  2.60it/s, loss=0.0807]
Ep  15 [train]:  21%|██        | 30/145 [00:12<00:52,  2.20it/s, loss=0.0807]
Ep  15 [train]:  21%|██        | 30/145 [00:13<00:52,  2.20it/s, loss=0.0807]
Ep  15 [train]:  21%|██▏       | 31/145 [00:13<00:42,  2.67it/s, loss=0.0807]
Ep  15 [train]:  21%|██▏       | 31/145 [00:13<00:42,  2.67it/s, loss=0.0807]
Ep  15 [train]:  22%|██▏       | 32/145 [00:13<00:52,  2.16it/s, loss=0.0807]
Ep  15 [train]:  22%|██▏       | 32/145 [00:14<00:52,  2.16it/s, loss=0.0823]
Ep  15 [train]:  23%|██▎       | 33/145 [00:14<00:43,  2.59it/s, loss=0.0823]
Ep  15 [train]:  23%|██▎       | 33/145 [00:14<00:43,  2.59it/s, loss=0.0784]
Ep  15 [train]:  23%|██▎       | 34/145 [00:14<00:50,  2.18it/s, loss=0.0784]
Ep  15 [train]:  23%|██▎       | 34/145 [00:14<00:50,  2.18it/s, loss=0.0747]
Ep  15 [train]:  24%|██▍       | 35/145 [00:14<00:41,  2.65it/s, loss=0.0747]
Ep  15 [train]:  24%|██▍       | 35/145 [00:15<00:41,  2.65it/s, loss=0.0810]
Ep  15 [train]:  25%|██▍       | 36/145 [00:15<00:51,  2.11it/s, loss=0.0810]
Ep  15 [train]:  25%|██▍       | 36/145 [00:15<00:51,  2.11it/s, loss=0.0780]
Ep  15 [train]:  26%|██▌       | 37/145 [00:15<00:42,  2.54it/s, loss=0.0780]
Ep  15 [train]:  26%|██▌       | 37/145 [00:16<00:42,  2.54it/s, loss=0.0781]
Ep  15 [train]:  26%|██▌       | 38/145 [00:16<00:49,  2.15it/s, loss=0.0781]
Ep  15 [train]:  26%|██▌       | 38/145 [00:16<00:49,  2.15it/s, loss=0.0790]
Ep  15 [train]:  27%|██▋       | 39/145 [00:16<00:41,  2.58it/s, loss=0.0790]
Ep  15 [train]:  27%|██▋       | 39/145 [00:17<00:41,  2.58it/s, loss=0.0773]
Ep  15 [train]:  28%|██▊       | 40/145 [00:17<00:49,  2.12it/s, loss=0.0773]
Ep  15 [train]:  28%|██▊       | 40/145 [00:17<00:49,  2.12it/s, loss=0.0784]
Ep  15 [train]:  28%|██▊       | 41/145 [00:17<00:40,  2.55it/s, loss=0.0784]
Ep  15 [train]:  28%|██▊       | 41/145 [00:18<00:40,  2.55it/s, loss=0.0795]
Ep  15 [train]:  29%|██▉       | 42/145 [00:18<00:51,  2.02it/s, loss=0.0795]
Ep  15 [train]:  29%|██▉       | 42/145 [00:18<00:51,  2.02it/s, loss=0.0766]
Ep  15 [train]:  30%|██▉       | 43/145 [00:18<00:41,  2.44it/s, loss=0.0766]
Ep  15 [train]:  30%|██▉       | 43/145 [00:19<00:41,  2.44it/s, loss=0.0827]
Ep  15 [train]:  30%|███       | 44/145 [00:19<00:48,  2.10it/s, loss=0.0827]
Ep  15 [train]:  30%|███       | 44/145 [00:19<00:48,  2.10it/s, loss=0.0693]
Ep  15 [train]:  31%|███       | 45/145 [00:19<00:39,  2.53it/s, loss=0.0693]
Ep  15 [train]:  31%|███       | 45/145 [00:19<00:39,  2.53it/s, loss=0.0793]
Ep  15 [train]:  32%|███▏      | 46/145 [00:19<00:46,  2.15it/s, loss=0.0793]
Ep  15 [train]:  32%|███▏      | 46/145 [00:20<00:46,  2.15it/s, loss=0.0734]
Ep  15 [train]:  32%|███▏      | 47/145 [00:20<00:37,  2.59it/s, loss=0.0734]
Ep  15 [train]:  32%|███▏      | 47/145 [00:20<00:37,  2.59it/s, loss=0.0685]
Ep  15 [train]:  33%|███▎      | 48/145 [00:20<00:42,  2.27it/s, loss=0.0685]
Ep  15 [train]:  33%|███▎      | 48/145 [00:20<00:42,  2.27it/s, loss=0.0765]
Ep  15 [train]:  34%|███▍      | 49/145 [00:20<00:34,  2.75it/s, loss=0.0765]
Ep  15 [train]:  34%|███▍      | 49/145 [00:21<00:34,  2.75it/s, loss=0.0813]
Ep  15 [train]:  34%|███▍      | 50/145 [00:21<00:44,  2.13it/s, loss=0.0813]
Ep  15 [train]:  34%|███▍      | 50/145 [00:21<00:44,  2.13it/s, loss=0.0757]
Ep  15 [train]:  35%|███▌      | 51/145 [00:21<00:36,  2.57it/s, loss=0.0757]
Ep  15 [train]:  35%|███▌      | 51/145 [00:22<00:36,  2.57it/s, loss=0.0775]
Ep  15 [train]:  36%|███▌      | 52/145 [00:22<00:44,  2.09it/s, loss=0.0775]
Ep  15 [train]:  36%|███▌      | 52/145 [00:22<00:44,  2.09it/s, loss=0.0771]
Ep  15 [train]:  37%|███▋      | 53/145 [00:22<00:35,  2.57it/s, loss=0.0771]
Ep  15 [train]:  37%|███▋      | 53/145 [00:23<00:35,  2.57it/s, loss=0.0721]
Ep  15 [train]:  37%|███▋      | 54/145 [00:23<00:44,  2.04it/s, loss=0.0721]
Ep  15 [train]:  37%|███▋      | 54/145 [00:23<00:44,  2.04it/s, loss=0.0737]
Ep  15 [train]:  38%|███▊      | 55/145 [00:23<00:36,  2.49it/s, loss=0.0737]
Ep  15 [train]:  38%|███▊      | 55/145 [00:24<00:36,  2.49it/s, loss=0.0786]
Ep  15 [train]:  39%|███▊      | 56/145 [00:24<00:42,  2.11it/s, loss=0.0786]
Ep  15 [train]:  39%|███▊      | 56/145 [00:24<00:42,  2.11it/s, loss=0.0737]
Ep  15 [train]:  39%|███▉      | 57/145 [00:24<00:34,  2.54it/s, loss=0.0737]
Ep  15 [train]:  39%|███▉      | 57/145 [00:25<00:34,  2.54it/s, loss=0.0806]
Ep  15 [train]:  40%|████      | 58/145 [00:25<00:40,  2.15it/s, loss=0.0806]
Ep  15 [train]:  40%|████      | 58/145 [00:25<00:40,  2.15it/s, loss=0.0801]
Ep  15 [train]:  41%|████      | 59/145 [00:25<00:32,  2.61it/s, loss=0.0801]
Ep  15 [train]:  41%|████      | 59/145 [00:25<00:32,  2.61it/s, loss=0.0741]
Ep  15 [train]:  41%|████▏     | 60/145 [00:25<00:39,  2.14it/s, loss=0.0741]
Ep  15 [train]:  41%|████▏     | 60/145 [00:26<00:39,  2.14it/s, loss=0.0781]
Ep  15 [train]:  42%|████▏     | 61/145 [00:26<00:32,  2.61it/s, loss=0.0781]
Ep  15 [train]:  42%|████▏     | 61/145 [00:26<00:32,  2.61it/s, loss=0.0706]
Ep  15 [train]:  43%|████▎     | 62/145 [00:26<00:38,  2.17it/s, loss=0.0706]
Ep  15 [train]:  43%|████▎     | 62/145 [00:26<00:38,  2.17it/s, loss=0.0718]
Ep  15 [train]:  43%|████▎     | 63/145 [00:26<00:32,  2.54it/s, loss=0.0718]
Ep  15 [train]:  43%|████▎     | 63/145 [00:27<00:32,  2.54it/s, loss=0.0762]
Ep  15 [train]:  44%|████▍     | 64/145 [00:27<00:39,  2.04it/s, loss=0.0762]
Ep  15 [train]:  44%|████▍     | 64/145 [00:27<00:39,  2.04it/s, loss=0.0745]
Ep  15 [train]:  45%|████▍     | 65/145 [00:27<00:31,  2.52it/s, loss=0.0745]
Ep  15 [train]:  45%|████▍     | 65/145 [00:28<00:31,  2.52it/s, loss=0.0787]
Ep  15 [train]:  46%|████▌     | 66/145 [00:28<00:38,  2.05it/s, loss=0.0787]
Ep  15 [train]:  46%|████▌     | 66/145 [00:28<00:38,  2.05it/s, loss=0.0778]
Ep  15 [train]:  46%|████▌     | 67/145 [00:28<00:31,  2.51it/s, loss=0.0778]
Ep  15 [train]:  46%|████▌     | 67/145 [00:29<00:31,  2.51it/s, loss=0.0737]
Ep  15 [train]:  47%|████▋     | 68/145 [00:29<00:37,  2.08it/s, loss=0.0737]
Ep  15 [train]:  47%|████▋     | 68/145 [00:29<00:37,  2.08it/s, loss=0.0702]
Ep  15 [train]:  48%|████▊     | 69/145 [00:29<00:30,  2.49it/s, loss=0.0702]
Ep  15 [train]:  48%|████▊     | 69/145 [00:30<00:30,  2.49it/s, loss=0.0771]
Ep  15 [train]:  48%|████▊     | 70/145 [00:30<00:37,  1.97it/s, loss=0.0771]
Ep  15 [train]:  48%|████▊     | 70/145 [00:30<00:37,  1.97it/s, loss=0.0715]
Ep  15 [train]:  49%|████▉     | 71/145 [00:30<00:30,  2.41it/s, loss=0.0715]
Ep  15 [train]:  49%|████▉     | 71/145 [00:31<00:30,  2.41it/s, loss=0.0740]
Ep  15 [train]:  50%|████▉     | 72/145 [00:31<00:35,  2.04it/s, loss=0.0740]
Ep  15 [train]:  50%|████▉     | 72/145 [00:31<00:35,  2.04it/s, loss=0.0833]
Ep  15 [train]:  50%|█████     | 73/145 [00:31<00:28,  2.50it/s, loss=0.0833]
Ep  15 [train]:  50%|█████     | 73/145 [00:32<00:28,  2.50it/s, loss=0.0809]
Ep  15 [train]:  51%|█████     | 74/145 [00:32<00:34,  2.09it/s, loss=0.0809]
Ep  15 [train]:  51%|█████     | 74/145 [00:32<00:34,  2.09it/s, loss=0.0739]
Ep  15 [train]:  52%|█████▏    | 75/145 [00:32<00:27,  2.54it/s, loss=0.0739]
Ep  15 [train]:  52%|█████▏    | 75/145 [00:33<00:27,  2.54it/s, loss=0.0749]
Ep  15 [train]:  52%|█████▏    | 76/145 [00:33<00:34,  2.02it/s, loss=0.0749]
Ep  15 [train]:  52%|█████▏    | 76/145 [00:33<00:34,  2.02it/s, loss=0.0754]
Ep  15 [train]:  53%|█████▎    | 77/145 [00:33<00:27,  2.46it/s, loss=0.0754]
Ep  15 [train]:  53%|█████▎    | 77/145 [00:33<00:27,  2.46it/s, loss=0.0745]
Ep  15 [train]:  54%|█████▍    | 78/145 [00:33<00:32,  2.04it/s, loss=0.0745]
Ep  15 [train]:  54%|█████▍    | 78/145 [00:34<00:32,  2.04it/s, loss=0.0800]
Ep  15 [train]:  54%|█████▍    | 79/145 [00:34<00:26,  2.50it/s, loss=0.0800]
Ep  15 [train]:  54%|█████▍    | 79/145 [00:34<00:26,  2.50it/s, loss=0.0739]
Ep  15 [train]:  55%|█████▌    | 80/145 [00:34<00:31,  2.08it/s, loss=0.0739]
Ep  15 [train]:  55%|█████▌    | 80/145 [00:34<00:31,  2.08it/s, loss=0.0693]
Ep  15 [train]:  56%|█████▌    | 81/145 [00:34<00:25,  2.55it/s, loss=0.0693]
Ep  15 [train]:  56%|█████▌    | 81/145 [00:35<00:25,  2.55it/s, loss=0.0886]
Ep  15 [train]:  57%|█████▋    | 82/145 [00:35<00:29,  2.12it/s, loss=0.0886]
Ep  15 [train]:  57%|█████▋    | 82/145 [00:35<00:29,  2.12it/s, loss=0.0761]
Ep  15 [train]:  57%|█████▋    | 83/145 [00:35<00:23,  2.61it/s, loss=0.0761]
Ep  15 [train]:  57%|█████▋    | 83/145 [00:36<00:23,  2.61it/s, loss=0.0730]
Ep  15 [train]:  58%|█████▊    | 84/145 [00:36<00:28,  2.11it/s, loss=0.0730]
Ep  15 [train]:  58%|█████▊    | 84/145 [00:36<00:28,  2.11it/s, loss=0.0801]
Ep  15 [train]:  59%|█████▊    | 85/145 [00:36<00:23,  2.59it/s, loss=0.0801]
Ep  15 [train]:  59%|█████▊    | 85/145 [00:37<00:23,  2.59it/s, loss=0.0743]
Ep  15 [train]:  59%|█████▉    | 86/145 [00:37<00:29,  2.03it/s, loss=0.0743]
Ep  15 [train]:  59%|█████▉    | 86/145 [00:37<00:29,  2.03it/s, loss=0.0721]
Ep  15 [train]:  60%|██████    | 87/145 [00:37<00:23,  2.50it/s, loss=0.0721]
Ep  15 [train]:  60%|██████    | 87/145 [00:38<00:23,  2.50it/s, loss=0.0842]
Ep  15 [train]:  61%|██████    | 88/145 [00:38<00:27,  2.07it/s, loss=0.0842]
Ep  15 [train]:  61%|██████    | 88/145 [00:38<00:27,  2.07it/s, loss=0.0743]
Ep  15 [train]:  61%|██████▏   | 89/145 [00:38<00:21,  2.55it/s, loss=0.0743]
Ep  15 [train]:  61%|██████▏   | 89/145 [00:39<00:21,  2.55it/s, loss=0.0707]
Ep  15 [train]:  62%|██████▏   | 90/145 [00:39<00:27,  2.02it/s, loss=0.0707]
Ep  15 [train]:  62%|██████▏   | 90/145 [00:39<00:27,  2.02it/s, loss=0.0723]
Ep  15 [train]:  63%|██████▎   | 91/145 [00:39<00:21,  2.49it/s, loss=0.0723]
Ep  15 [train]:  63%|██████▎   | 91/145 [00:40<00:21,  2.49it/s, loss=0.0817]
Ep  15 [train]:  63%|██████▎   | 92/145 [00:40<00:25,  2.05it/s, loss=0.0817]
Ep  15 [train]:  63%|██████▎   | 92/145 [00:40<00:25,  2.05it/s, loss=0.0698]
Ep  15 [train]:  64%|██████▍   | 93/145 [00:40<00:20,  2.50it/s, loss=0.0698]
Ep  15 [train]:  64%|██████▍   | 93/145 [00:40<00:20,  2.50it/s, loss=0.0880]
Ep  15 [train]:  65%|██████▍   | 94/145 [00:40<00:24,  2.05it/s, loss=0.0880]
Ep  15 [train]:  65%|██████▍   | 94/145 [00:41<00:24,  2.05it/s, loss=0.0735]
Ep  15 [train]:  66%|██████▌   | 95/145 [00:41<00:19,  2.52it/s, loss=0.0735]
Ep  15 [train]:  66%|██████▌   | 95/145 [00:41<00:19,  2.52it/s, loss=0.0858]
Ep  15 [train]:  66%|██████▌   | 96/145 [00:41<00:23,  2.05it/s, loss=0.0858]
Ep  15 [train]:  66%|██████▌   | 96/145 [00:41<00:23,  2.05it/s, loss=0.0739]
Ep  15 [train]:  67%|██████▋   | 97/145 [00:41<00:19,  2.52it/s, loss=0.0739]
Ep  15 [train]:  67%|██████▋   | 97/145 [00:42<00:19,  2.52it/s, loss=0.0745]
Ep  15 [train]:  68%|██████▊   | 98/145 [00:42<00:22,  2.06it/s, loss=0.0745]
Ep  15 [train]:  68%|██████▊   | 98/145 [00:42<00:22,  2.06it/s, loss=0.0740]
Ep  15 [train]:  68%|██████▊   | 99/145 [00:42<00:18,  2.54it/s, loss=0.0740]
Ep  15 [train]:  68%|██████▊   | 99/145 [00:43<00:18,  2.54it/s, loss=0.0756]
Ep  15 [train]:  69%|██████▉   | 100/145 [00:43<00:20,  2.17it/s, loss=0.0756]
Ep  15 [train]:  69%|██████▉   | 100/145 [00:43<00:20,  2.17it/s, loss=0.0814]
Ep  15 [train]:  70%|██████▉   | 101/145 [00:43<00:16,  2.67it/s, loss=0.0814]
Ep  15 [train]:  70%|██████▉   | 101/145 [00:44<00:16,  2.67it/s, loss=0.0765]
Ep  15 [train]:  70%|███████   | 102/145 [00:44<00:19,  2.21it/s, loss=0.0765]
Ep  15 [train]:  70%|███████   | 102/145 [00:44<00:19,  2.21it/s, loss=0.0774]
Ep  15 [train]:  71%|███████   | 103/145 [00:44<00:15,  2.70it/s, loss=0.0774]
Ep  15 [train]:  71%|███████   | 103/145 [00:45<00:15,  2.70it/s, loss=0.0706]
Ep  15 [train]:  72%|███████▏  | 104/145 [00:45<00:17,  2.31it/s, loss=0.0706]
Ep  15 [train]:  72%|███████▏  | 104/145 [00:45<00:17,  2.31it/s, loss=0.0739]
Ep  15 [train]:  72%|███████▏  | 105/145 [00:45<00:14,  2.81it/s, loss=0.0739]
Ep  15 [train]:  72%|███████▏  | 105/145 [00:45<00:14,  2.81it/s, loss=0.0767]
Ep  15 [train]:  73%|███████▎  | 106/145 [00:45<00:16,  2.30it/s, loss=0.0767]
Ep  15 [train]:  73%|███████▎  | 106/145 [00:46<00:16,  2.30it/s, loss=0.0754]
Ep  15 [train]:  74%|███████▍  | 107/145 [00:46<00:13,  2.77it/s, loss=0.0754]
Ep  15 [train]:  74%|███████▍  | 107/145 [00:46<00:13,  2.77it/s, loss=0.0745]
Ep  15 [train]:  74%|███████▍  | 108/145 [00:46<00:16,  2.24it/s, loss=0.0745]
Ep  15 [train]:  74%|███████▍  | 108/145 [00:46<00:16,  2.24it/s, loss=0.0758]
Ep  15 [train]:  75%|███████▌  | 109/145 [00:46<00:13,  2.69it/s, loss=0.0758]
Ep  15 [train]:  75%|███████▌  | 109/145 [00:47<00:13,  2.69it/s, loss=0.0724]
Ep  15 [train]:  76%|███████▌  | 110/145 [00:47<00:16,  2.15it/s, loss=0.0724]
Ep  15 [train]:  76%|███████▌  | 110/145 [00:47<00:16,  2.15it/s, loss=0.0752]
Ep  15 [train]:  77%|███████▋  | 111/145 [00:47<00:13,  2.59it/s, loss=0.0752]
Ep  15 [train]:  77%|███████▋  | 111/145 [00:48<00:13,  2.59it/s, loss=0.0699]
Ep  15 [train]:  77%|███████▋  | 112/145 [00:48<00:15,  2.07it/s, loss=0.0699]
Ep  15 [train]:  77%|███████▋  | 112/145 [00:48<00:15,  2.07it/s, loss=0.0753]
Ep  15 [train]:  78%|███████▊  | 113/145 [00:48<00:12,  2.51it/s, loss=0.0753]
Ep  15 [train]:  78%|███████▊  | 113/145 [00:49<00:12,  2.51it/s, loss=0.0739]
Ep  15 [train]:  79%|███████▊  | 114/145 [00:49<00:15,  2.02it/s, loss=0.0739]
Ep  15 [train]:  79%|███████▊  | 114/145 [00:49<00:15,  2.02it/s, loss=0.0723]
Ep  15 [train]:  79%|███████▉  | 115/145 [00:49<00:12,  2.49it/s, loss=0.0723]
Ep  15 [train]:  79%|███████▉  | 115/145 [00:50<00:12,  2.49it/s, loss=0.0723]
Ep  15 [train]:  80%|████████  | 116/145 [00:50<00:14,  2.05it/s, loss=0.0723]
Ep  15 [train]:  80%|████████  | 116/145 [00:50<00:14,  2.05it/s, loss=0.0742]
Ep  15 [train]:  81%|████████  | 117/145 [00:50<00:11,  2.47it/s, loss=0.0742]
Ep  15 [train]:  81%|████████  | 117/145 [00:51<00:11,  2.47it/s, loss=0.0758]
Ep  15 [train]:  81%|████████▏ | 118/145 [00:51<00:13,  2.00it/s, loss=0.0758]
Ep  15 [train]:  81%|████████▏ | 118/145 [00:51<00:13,  2.00it/s, loss=0.0721]
Ep  15 [train]:  82%|████████▏ | 119/145 [00:51<00:10,  2.44it/s, loss=0.0721]
Ep  15 [train]:  82%|████████▏ | 119/145 [00:52<00:10,  2.44it/s, loss=0.0779]
Ep  15 [train]:  83%|████████▎ | 120/145 [00:52<00:12,  2.02it/s, loss=0.0779]
Ep  15 [train]:  83%|████████▎ | 120/145 [00:52<00:12,  2.02it/s, loss=0.0776]
Ep  15 [train]:  83%|████████▎ | 121/145 [00:52<00:09,  2.43it/s, loss=0.0776]
Ep  15 [train]:  83%|████████▎ | 121/145 [00:53<00:09,  2.43it/s, loss=0.0739]
Ep  15 [train]:  84%|████████▍ | 122/145 [00:53<00:11,  1.97it/s, loss=0.0739]
Ep  15 [train]:  84%|████████▍ | 122/145 [00:53<00:11,  1.97it/s, loss=0.0845]
Ep  15 [train]:  85%|████████▍ | 123/145 [00:53<00:09,  2.40it/s, loss=0.0845]
Ep  15 [train]:  85%|████████▍ | 123/145 [00:53<00:09,  2.40it/s, loss=0.0801]
Ep  15 [train]:  86%|████████▌ | 124/145 [00:53<00:10,  1.99it/s, loss=0.0801]
Ep  15 [train]:  86%|████████▌ | 124/145 [00:54<00:10,  1.99it/s, loss=0.0767]
Ep  15 [train]:  86%|████████▌ | 125/145 [00:54<00:08,  2.46it/s, loss=0.0767]
Ep  15 [train]:  86%|████████▌ | 125/145 [00:54<00:08,  2.46it/s, loss=0.0719]
Ep  15 [train]:  87%|████████▋ | 126/145 [00:54<00:09,  2.06it/s, loss=0.0719]
Ep  15 [train]:  87%|████████▋ | 126/145 [00:54<00:09,  2.06it/s, loss=0.0758]
Ep  15 [train]:  88%|████████▊ | 127/145 [00:54<00:07,  2.53it/s, loss=0.0758]
Ep  15 [train]:  88%|████████▊ | 127/145 [00:55<00:07,  2.53it/s, loss=0.0806]
Ep  15 [train]:  88%|████████▊ | 128/145 [00:55<00:08,  1.98it/s, loss=0.0806]
Ep  15 [train]:  88%|████████▊ | 128/145 [00:55<00:08,  1.98it/s, loss=0.0822]
Ep  15 [train]:  89%|████████▉ | 129/145 [00:55<00:06,  2.44it/s, loss=0.0822]
Ep  15 [train]:  89%|████████▉ | 129/145 [00:56<00:06,  2.44it/s, loss=0.0743]
Ep  15 [train]:  90%|████████▉ | 130/145 [00:56<00:07,  2.00it/s, loss=0.0743]
Ep  15 [train]:  90%|████████▉ | 130/145 [00:56<00:07,  2.00it/s, loss=0.0763]
Ep  15 [train]:  90%|█████████ | 131/145 [00:56<00:05,  2.45it/s, loss=0.0763]
Ep  15 [train]:  90%|█████████ | 131/145 [00:57<00:05,  2.45it/s, loss=0.0737]
Ep  15 [train]:  91%|█████████ | 132/145 [00:57<00:06,  1.99it/s, loss=0.0737]
Ep  15 [train]:  91%|█████████ | 132/145 [00:57<00:06,  1.99it/s, loss=0.0867]
Ep  15 [train]:  92%|█████████▏| 133/145 [00:57<00:04,  2.44it/s, loss=0.0867]
Ep  15 [train]:  92%|█████████▏| 133/145 [00:58<00:04,  2.44it/s, loss=0.0732]
Ep  15 [train]:  92%|█████████▏| 134/145 [00:58<00:05,  2.02it/s, loss=0.0732]
Ep  15 [train]:  92%|█████████▏| 134/145 [00:58<00:05,  2.02it/s, loss=0.0798]
Ep  15 [train]:  93%|█████████▎| 135/145 [00:58<00:04,  2.48it/s, loss=0.0798]
Ep  15 [train]:  93%|█████████▎| 135/145 [00:59<00:04,  2.48it/s, loss=0.0818]
Ep  15 [train]:  94%|█████████▍| 136/145 [00:59<00:04,  1.93it/s, loss=0.0818]
Ep  15 [train]:  94%|█████████▍| 136/145 [00:59<00:04,  1.93it/s, loss=0.0748]
Ep  15 [train]:  94%|█████████▍| 137/145 [00:59<00:03,  2.32it/s, loss=0.0748]
Ep  15 [train]:  94%|█████████▍| 137/145 [01:00<00:03,  2.32it/s, loss=0.0787]
Ep  15 [train]:  95%|█████████▌| 138/145 [01:00<00:03,  2.06it/s, loss=0.0787]
Ep  15 [train]:  95%|█████████▌| 138/145 [01:00<00:03,  2.06it/s, loss=0.0819]
Ep  15 [train]:  96%|█████████▌| 139/145 [01:00<00:02,  2.47it/s, loss=0.0819]
Ep  15 [train]:  96%|█████████▌| 139/145 [01:01<00:02,  2.47it/s, loss=0.0717]
Ep  15 [train]:  97%|█████████▋| 140/145 [01:01<00:02,  2.03it/s, loss=0.0717]
Ep  15 [train]:  97%|█████████▋| 140/145 [01:01<00:02,  2.03it/s, loss=0.0722]
Ep  15 [train]:  97%|█████████▋| 141/145 [01:01<00:01,  2.52it/s, loss=0.0722]
Ep  15 [train]:  97%|█████████▋| 141/145 [01:02<00:01,  2.52it/s, loss=0.0880]
Ep  15 [train]:  98%|█████████▊| 142/145 [01:02<00:01,  1.99it/s, loss=0.0880]
Ep  15 [train]:  98%|█████████▊| 142/145 [01:02<00:01,  1.99it/s, loss=0.0784]
Ep  15 [train]:  99%|█████████▊| 143/145 [01:02<00:00,  2.48it/s, loss=0.0784]
Ep  15 [train]:  99%|█████████▊| 143/145 [01:02<00:00,  2.48it/s, loss=0.0834]
Ep  15 [train]:  99%|█████████▉| 144/145 [01:02<00:00,  2.20it/s, loss=0.0834]
Ep  15 [train]:  99%|█████████▉| 144/145 [01:03<00:00,  2.20it/s, loss=0.0699]
Ep  15 [train]: 100%|██████████| 145/145 [01:03<00:00,  2.70it/s, loss=0.0699]
                                                                              
  Ep  15 [train]  loss=0.0762  rmse_c=0.2389  mae_c=0.2157  r2_c=0.019  rmse_h=0.3093  mae_h=0.2302  r2_h=0.447  sup=0.321

Ep  15 [val  ]:   0%|          | 0/39 [00:00<?, ?it/s]
Ep  15 [val  ]:   0%|          | 0/39 [00:01<?, ?it/s, loss=0.0956]
Ep  15 [val  ]:   3%|▎         | 1/39 [00:01<00:43,  1.15s/it, loss=0.0956]
Ep  15 [val  ]:   3%|▎         | 1/39 [00:01<00:43,  1.15s/it, loss=0.0918]
Ep  15 [val  ]:   3%|▎         | 1/39 [00:01<00:43,  1.15s/it, loss=0.0775]
Ep  15 [val  ]:   8%|▊         | 3/39 [00:01<00:20,  1.77it/s, loss=0.0775]
Ep  15 [val  ]:   8%|▊         | 3/39 [00:02<00:20,  1.77it/s, loss=0.0739]
Ep  15 [val  ]:  10%|█         | 4/39 [00:02<00:15,  2.33it/s, loss=0.0739]
Ep  15 [val  ]:  10%|█         | 4/39 [00:02<00:15,  2.33it/s, loss=0.0748]
Ep  15 [val  ]:  13%|█▎        | 5/39 [00:02<00:15,  2.15it/s, loss=0.0748]
Ep  15 [val  ]:  13%|█▎        | 5/39 [00:02<00:15,  2.15it/s, loss=0.0798]
Ep  15 [val  ]:  15%|█▌        | 6/39 [00:02<00:13,  2.44it/s, loss=0.0798]
Ep  15 [val  ]:  15%|█▌        | 6/39 [00:03<00:13,  2.44it/s, loss=0.0758]
Ep  15 [val  ]:  18%|█▊        | 7/39 [00:03<00:13,  2.42it/s, loss=0.0758]
Ep  15 [val  ]:  18%|█▊        | 7/39 [00:03<00:13,  2.42it/s, loss=0.0735]
Ep  15 [val  ]:  21%|██        | 8/39 [00:03<00:13,  2.29it/s, loss=0.0735]
Ep  15 [val  ]:  21%|██        | 8/39 [00:04<00:13,  2.29it/s, loss=0.0732]
Ep  15 [val  ]:  23%|██▎       | 9/39 [00:04<00:11,  2.68it/s, loss=0.0732]
Ep  15 [val  ]:  23%|██▎       | 9/39 [00:04<00:11,  2.68it/s, loss=0.0703]
Ep  15 [val  ]:  26%|██▌       | 10/39 [00:04<00:13,  2.16it/s, loss=0.0703]
Ep  15 [val  ]:  26%|██▌       | 10/39 [00:04<00:13,  2.16it/s, loss=0.0706]
Ep  15 [val  ]:  26%|██▌       | 10/39 [00:05<00:13,  2.16it/s, loss=0.0746]
Ep  15 [val  ]:  31%|███       | 12/39 [00:05<00:12,  2.13it/s, loss=0.0746]
Ep  15 [val  ]:  31%|███       | 12/39 [00:05<00:12,  2.13it/s, loss=0.0789]
Ep  15 [val  ]:  31%|███       | 12/39 [00:06<00:12,  2.13it/s, loss=0.0859]
Ep  15 [val  ]:  36%|███▌      | 14/39 [00:06<00:11,  2.21it/s, loss=0.0859]
Ep  15 [val  ]:  36%|███▌      | 14/39 [00:06<00:11,  2.21it/s, loss=0.0972]
Ep  15 [val  ]:  36%|███▌      | 14/39 [00:07<00:11,  2.21it/s, loss=0.0981]
Ep  15 [val  ]:  41%|████      | 16/39 [00:07<00:10,  2.20it/s, loss=0.0981]
Ep  15 [val  ]:  41%|████      | 16/39 [00:07<00:10,  2.20it/s, loss=0.0988]
Ep  15 [val  ]:  41%|████      | 16/39 [00:08<00:10,  2.20it/s, loss=0.0907]
Ep  15 [val  ]:  46%|████▌     | 18/39 [00:08<00:09,  2.26it/s, loss=0.0907]
Ep  15 [val  ]:  46%|████▌     | 18/39 [00:08<00:09,  2.26it/s, loss=0.0876]
Ep  15 [val  ]:  46%|████▌     | 18/39 [00:09<00:09,  2.26it/s, loss=0.0668]
Ep  15 [val  ]:  51%|█████▏    | 20/39 [00:09<00:08,  2.29it/s, loss=0.0668]
Ep  15 [val  ]:  51%|█████▏    | 20/39 [00:09<00:08,  2.29it/s, loss=0.0590]
Ep  15 [val  ]:  51%|█████▏    | 20/39 [00:09<00:08,  2.29it/s, loss=0.0668]
Ep  15 [val  ]:  56%|█████▋    | 22/39 [00:09<00:07,  2.29it/s, loss=0.0668]
Ep  15 [val  ]:  56%|█████▋    | 22/39 [00:10<00:07,  2.29it/s, loss=0.0613]
Ep  15 [val  ]:  56%|█████▋    | 22/39 [00:10<00:07,  2.29it/s, loss=0.0633]
Ep  15 [val  ]:  62%|██████▏   | 24/39 [00:10<00:06,  2.33it/s, loss=0.0633]
Ep  15 [val  ]:  62%|██████▏   | 24/39 [00:10<00:06,  2.33it/s, loss=0.0641]
Ep  15 [val  ]:  62%|██████▏   | 24/39 [00:11<00:06,  2.33it/s, loss=0.0734]
Ep  15 [val  ]:  67%|██████▋   | 26/39 [00:11<00:05,  2.39it/s, loss=0.0734]
Ep  15 [val  ]:  67%|██████▋   | 26/39 [00:11<00:05,  2.39it/s, loss=0.0838]
Ep  15 [val  ]:  67%|██████▋   | 26/39 [00:12<00:05,  2.39it/s, loss=0.1263]
Ep  15 [val  ]:  72%|███████▏  | 28/39 [00:12<00:04,  2.49it/s, loss=0.1263]
Ep  15 [val  ]:  72%|███████▏  | 28/39 [00:12<00:04,  2.49it/s, loss=0.0972]
Ep  15 [val  ]:  72%|███████▏  | 28/39 [00:13<00:04,  2.49it/s, loss=0.0834]
Ep  15 [val  ]:  77%|███████▋  | 30/39 [00:13<00:03,  2.52it/s, loss=0.0834]
Ep  15 [val  ]:  77%|███████▋  | 30/39 [00:13<00:03,  2.52it/s, loss=0.0812]
Ep  15 [val  ]:  77%|███████▋  | 30/39 [00:13<00:03,  2.52it/s, loss=0.0719]
Ep  15 [val  ]:  82%|████████▏ | 32/39 [00:13<00:02,  2.52it/s, loss=0.0719]
Ep  15 [val  ]:  82%|████████▏ | 32/39 [00:13<00:02,  2.52it/s, loss=0.0738]
Ep  15 [val  ]:  82%|████████▏ | 32/39 [00:14<00:02,  2.52it/s, loss=0.0702]
Ep  15 [val  ]:  87%|████████▋ | 34/39 [00:14<00:01,  2.52it/s, loss=0.0702]
Ep  15 [val  ]:  87%|████████▋ | 34/39 [00:14<00:01,  2.52it/s, loss=0.0768]
Ep  15 [val  ]:  90%|████████▉ | 35/39 [00:14<00:01,  2.90it/s, loss=0.0768]
Ep  15 [val  ]:  90%|████████▉ | 35/39 [00:15<00:01,  2.90it/s, loss=0.0706]
Ep  15 [val  ]:  92%|█████████▏| 36/39 [00:15<00:01,  2.39it/s, loss=0.0706]
Ep  15 [val  ]:  92%|█████████▏| 36/39 [00:15<00:01,  2.39it/s, loss=0.0706]
Ep  15 [val  ]:  92%|█████████▏| 36/39 [00:16<00:01,  2.39it/s, loss=0.0620]
Ep  15 [val  ]:  97%|█████████▋| 38/39 [00:16<00:00,  2.43it/s, loss=0.0620]
Ep  15 [val  ]:  97%|█████████▋| 38/39 [00:16<00:00,  2.43it/s, loss=0.0746]
                                                                            
  Ep  15 [val  ]  loss=0.0786  rmse_c=0.2446  mae_c=0.2189  r2_c=0.017  rmse_h=0.3113  mae_h=0.2260  r2_h=0.396  sup=0.308

Ep  16 [train]:   0%|          | 0/145 [00:00<?, ?it/s]
Ep  16 [train]:   0%|          | 0/145 [00:01<?, ?it/s, loss=0.0730]
Ep  16 [train]:   1%|          | 1/145 [00:01<02:35,  1.08s/it, loss=0.0730]
Ep  16 [train]:   1%|          | 1/145 [00:01<02:35,  1.08s/it, loss=0.0809]
Ep  16 [train]:   1%|▏         | 2/145 [00:01<01:20,  1.78it/s, loss=0.0809]
Ep  16 [train]:   1%|▏         | 2/145 [00:01<01:20,  1.78it/s, loss=0.0723]
Ep  16 [train]:   2%|▏         | 3/145 [00:01<01:20,  1.76it/s, loss=0.0723]
Ep  16 [train]:   2%|▏         | 3/145 [00:02<01:20,  1.76it/s, loss=0.0768]
Ep  16 [train]:   3%|▎         | 4/145 [00:02<00:59,  2.36it/s, loss=0.0768]
Ep  16 [train]:   3%|▎         | 4/145 [00:02<00:59,  2.36it/s, loss=0.0771]
Ep  16 [train]:   3%|▎         | 5/145 [00:02<01:09,  2.01it/s, loss=0.0771]
Ep  16 [train]:   3%|▎         | 5/145 [00:02<01:09,  2.01it/s, loss=0.0851]
Ep  16 [train]:   4%|▍         | 6/145 [00:02<00:54,  2.54it/s, loss=0.0851]
Ep  16 [train]:   4%|▍         | 6/145 [00:03<00:54,  2.54it/s, loss=0.0886]
Ep  16 [train]:   5%|▍         | 7/145 [00:03<01:05,  2.12it/s, loss=0.0886]
Ep  16 [train]:   5%|▍         | 7/145 [00:03<01:05,  2.12it/s, loss=0.0735]
Ep  16 [train]:   6%|▌         | 8/145 [00:03<00:52,  2.60it/s, loss=0.0735]
Ep  16 [train]:   6%|▌         | 8/145 [00:04<00:52,  2.60it/s, loss=0.0780]
Ep  16 [train]:   6%|▌         | 9/145 [00:04<01:01,  2.23it/s, loss=0.0780]
Ep  16 [train]:   6%|▌         | 9/145 [00:04<01:01,  2.23it/s, loss=0.0702]
Ep  16 [train]:   7%|▋         | 10/145 [00:04<00:49,  2.73it/s, loss=0.0702]
Ep  16 [train]:   7%|▋         | 10/145 [00:05<00:49,  2.73it/s, loss=0.0764]
Ep  16 [train]:   8%|▊         | 11/145 [00:05<01:00,  2.22it/s, loss=0.0764]
Ep  16 [train]:   8%|▊         | 11/145 [00:05<01:00,  2.22it/s, loss=0.0745]
Ep  16 [train]:   8%|▊         | 12/145 [00:05<00:48,  2.72it/s, loss=0.0745]
Ep  16 [train]:   8%|▊         | 12/145 [00:05<00:48,  2.72it/s, loss=0.0731]
Ep  16 [train]:   9%|▉         | 13/145 [00:05<00:59,  2.21it/s, loss=0.0731]
Ep  16 [train]:   9%|▉         | 13/145 [00:06<00:59,  2.21it/s, loss=0.0787]
Ep  16 [train]:  10%|▉         | 14/145 [00:06<00:48,  2.69it/s, loss=0.0787]
Ep  16 [train]:  10%|▉         | 14/145 [00:06<00:48,  2.69it/s, loss=0.0707]
Ep  16 [train]:  10%|█         | 15/145 [00:06<00:56,  2.29it/s, loss=0.0707]
Ep  16 [train]:  10%|█         | 15/145 [00:06<00:56,  2.29it/s, loss=0.0689]
Ep  16 [train]:  11%|█         | 16/145 [00:06<00:46,  2.79it/s, loss=0.0689]
Ep  16 [train]:  11%|█         | 16/145 [00:07<00:46,  2.79it/s, loss=0.0663]
Ep  16 [train]:  12%|█▏        | 17/145 [00:07<00:56,  2.26it/s, loss=0.0663]
Ep  16 [train]:  12%|█▏        | 17/145 [00:07<00:56,  2.26it/s, loss=0.0704]
Ep  16 [train]:  12%|█▏        | 18/145 [00:07<00:46,  2.71it/s, loss=0.0704]
Ep  16 [train]:  12%|█▏        | 18/145 [00:08<00:46,  2.71it/s, loss=0.0781]
Ep  16 [train]:  13%|█▎        | 19/145 [00:08<00:55,  2.26it/s, loss=0.0781]
Ep  16 [train]:  13%|█▎        | 19/145 [00:08<00:55,  2.26it/s, loss=0.0862]
Ep  16 [train]:  14%|█▍        | 20/145 [00:08<00:45,  2.75it/s, loss=0.0862]
Ep  16 [train]:  14%|█▍        | 20/145 [00:09<00:45,  2.75it/s, loss=0.0718]
Ep  16 [train]:  14%|█▍        | 21/145 [00:09<00:53,  2.32it/s, loss=0.0718]
Ep  16 [train]:  14%|█▍        | 21/145 [00:09<00:53,  2.32it/s, loss=0.0748]
Ep  16 [train]:  15%|█▌        | 22/145 [00:09<00:45,  2.71it/s, loss=0.0748]
Ep  16 [train]:  15%|█▌        | 22/145 [00:09<00:45,  2.71it/s, loss=0.0813]
Ep  16 [train]:  16%|█▌        | 23/145 [00:09<00:52,  2.31it/s, loss=0.0813]
Ep  16 [train]:  16%|█▌        | 23/145 [00:10<00:52,  2.31it/s, loss=0.0699]
Ep  16 [train]:  17%|█▋        | 24/145 [00:10<00:45,  2.68it/s, loss=0.0699]
Ep  16 [train]:  17%|█▋        | 24/145 [00:10<00:45,  2.68it/s, loss=0.0781]
Ep  16 [train]:  17%|█▋        | 25/145 [00:10<00:51,  2.33it/s, loss=0.0781]
Ep  16 [train]:  17%|█▋        | 25/145 [00:11<00:51,  2.33it/s, loss=0.0840]
Ep  16 [train]:  18%|█▊        | 26/145 [00:11<00:46,  2.56it/s, loss=0.0840]
Ep  16 [train]:  18%|█▊        | 26/145 [00:11<00:46,  2.56it/s, loss=0.0798]
Ep  16 [train]:  19%|█▊        | 27/145 [00:11<00:49,  2.38it/s, loss=0.0798]
Ep  16 [train]:  19%|█▊        | 27/145 [00:11<00:49,  2.38it/s, loss=0.0718]
Ep  16 [train]:  19%|█▉        | 28/145 [00:11<00:47,  2.48it/s, loss=0.0718]
Ep  16 [train]:  19%|█▉        | 28/145 [00:12<00:47,  2.48it/s, loss=0.0732]
Ep  16 [train]:  20%|██        | 29/145 [00:12<00:46,  2.50it/s, loss=0.0732]
Ep  16 [train]:  20%|██        | 29/145 [00:12<00:46,  2.50it/s, loss=0.0757]
Ep  16 [train]:  21%|██        | 30/145 [00:12<00:46,  2.46it/s, loss=0.0757]
Ep  16 [train]:  21%|██        | 30/145 [00:13<00:46,  2.46it/s, loss=0.0746]
Ep  16 [train]:  21%|██▏       | 31/145 [00:13<00:46,  2.47it/s, loss=0.0746]
Ep  16 [train]:  21%|██▏       | 31/145 [00:13<00:46,  2.47it/s, loss=0.0706]
Ep  16 [train]:  22%|██▏       | 32/145 [00:13<00:46,  2.42it/s, loss=0.0706]
Ep  16 [train]:  22%|██▏       | 32/145 [00:13<00:46,  2.42it/s, loss=0.0765]
Ep  16 [train]:  23%|██▎       | 33/145 [00:13<00:46,  2.43it/s, loss=0.0765]
Ep  16 [train]:  23%|██▎       | 33/145 [00:14<00:46,  2.43it/s, loss=0.0852]
Ep  16 [train]:  23%|██▎       | 34/145 [00:14<00:45,  2.45it/s, loss=0.0852]
Ep  16 [train]:  23%|██▎       | 34/145 [00:14<00:45,  2.45it/s, loss=0.0806]
Ep  16 [train]:  24%|██▍       | 35/145 [00:14<00:43,  2.51it/s, loss=0.0806]
Ep  16 [train]:  24%|██▍       | 35/145 [00:15<00:43,  2.51it/s, loss=0.0740]
Ep  16 [train]:  25%|██▍       | 36/145 [00:15<00:42,  2.54it/s, loss=0.0740]
Ep  16 [train]:  25%|██▍       | 36/145 [00:15<00:42,  2.54it/s, loss=0.0782]
Ep  16 [train]:  26%|██▌       | 37/145 [00:15<00:42,  2.55it/s, loss=0.0782]
Ep  16 [train]:  26%|██▌       | 37/145 [00:15<00:42,  2.55it/s, loss=0.0784]
Ep  16 [train]:  26%|██▌       | 38/145 [00:15<00:43,  2.46it/s, loss=0.0784]
Ep  16 [train]:  26%|██▌       | 38/145 [00:16<00:43,  2.46it/s, loss=0.0757]
Ep  16 [train]:  27%|██▋       | 39/145 [00:16<00:41,  2.57it/s, loss=0.0757]
Ep  16 [train]:  27%|██▋       | 39/145 [00:16<00:41,  2.57it/s, loss=0.0737]
Ep  16 [train]:  28%|██▊       | 40/145 [00:16<00:41,  2.54it/s, loss=0.0737]
Ep  16 [train]:  28%|██▊       | 40/145 [00:17<00:41,  2.54it/s, loss=0.0867]
Ep  16 [train]:  28%|██▊       | 41/145 [00:17<00:42,  2.46it/s, loss=0.0867]
Ep  16 [train]:  28%|██▊       | 41/145 [00:17<00:42,  2.46it/s, loss=0.0875]
Ep  16 [train]:  29%|██▉       | 42/145 [00:17<00:41,  2.48it/s, loss=0.0875]
Ep  16 [train]:  29%|██▉       | 42/145 [00:17<00:41,  2.48it/s, loss=0.0862]
Ep  16 [train]:  30%|██▉       | 43/145 [00:17<00:40,  2.54it/s, loss=0.0862]
Ep  16 [train]:  30%|██▉       | 43/145 [00:18<00:40,  2.54it/s, loss=0.0898]
Ep  16 [train]:  30%|███       | 44/145 [00:18<00:40,  2.50it/s, loss=0.0898]
Ep  16 [train]:  30%|███       | 44/145 [00:18<00:40,  2.50it/s, loss=0.0875]
Ep  16 [train]:  31%|███       | 45/145 [00:18<00:39,  2.52it/s, loss=0.0875]
Ep  16 [train]:  31%|███       | 45/145 [00:19<00:39,  2.52it/s, loss=0.0776]
Ep  16 [train]:  32%|███▏      | 46/145 [00:19<00:40,  2.44it/s, loss=0.0776]
Ep  16 [train]:  32%|███▏      | 46/145 [00:19<00:40,  2.44it/s, loss=0.0773]
Ep  16 [train]:  32%|███▏      | 47/145 [00:19<00:37,  2.58it/s, loss=0.0773]
Ep  16 [train]:  32%|███▏      | 47/145 [00:19<00:37,  2.58it/s, loss=0.0792]
Ep  16 [train]:  33%|███▎      | 48/145 [00:19<00:39,  2.48it/s, loss=0.0792]
Ep  16 [train]:  33%|███▎      | 48/145 [00:20<00:39,  2.48it/s, loss=0.0757]
Ep  16 [train]:  34%|███▍      | 49/145 [00:20<00:36,  2.60it/s, loss=0.0757]
Ep  16 [train]:  34%|███▍      | 49/145 [00:20<00:36,  2.60it/s, loss=0.0744]
Ep  16 [train]:  34%|███▍      | 50/145 [00:20<00:40,  2.37it/s, loss=0.0744]
Ep  16 [train]:  34%|███▍      | 50/145 [00:21<00:40,  2.37it/s, loss=0.0751]
Ep  16 [train]:  35%|███▌      | 51/145 [00:21<00:35,  2.63it/s, loss=0.0751]
Ep  16 [train]:  35%|███▌      | 51/145 [00:21<00:35,  2.63it/s, loss=0.0737]
Ep  16 [train]:  36%|███▌      | 52/145 [00:21<00:38,  2.41it/s, loss=0.0737]
Ep  16 [train]:  36%|███▌      | 52/145 [00:21<00:38,  2.41it/s, loss=0.0789]
Ep  16 [train]:  37%|███▋      | 53/145 [00:21<00:34,  2.67it/s, loss=0.0789]
Ep  16 [train]:  37%|███▋      | 53/145 [00:22<00:34,  2.67it/s, loss=0.0681]
Ep  16 [train]:  37%|███▋      | 54/145 [00:22<00:38,  2.34it/s, loss=0.0681]
Ep  16 [train]:  37%|███▋      | 54/145 [00:22<00:38,  2.34it/s, loss=0.0730]
Ep  16 [train]:  38%|███▊      | 55/145 [00:22<00:32,  2.75it/s, loss=0.0730]
Ep  16 [train]:  38%|███▊      | 55/145 [00:23<00:32,  2.75it/s, loss=0.0730]
Ep  16 [train]:  39%|███▊      | 56/145 [00:23<00:36,  2.42it/s, loss=0.0730]
Ep  16 [train]:  39%|███▊      | 56/145 [00:23<00:36,  2.42it/s, loss=0.0762]
Ep  16 [train]:  39%|███▉      | 57/145 [00:23<00:30,  2.90it/s, loss=0.0762]
Ep  16 [train]:  39%|███▉      | 57/145 [00:23<00:30,  2.90it/s, loss=0.0760]
Ep  16 [train]:  40%|████      | 58/145 [00:23<00:37,  2.33it/s, loss=0.0760]
Ep  16 [train]:  40%|████      | 58/145 [00:24<00:37,  2.33it/s, loss=0.0746]
Ep  16 [train]:  41%|████      | 59/145 [00:24<00:31,  2.76it/s, loss=0.0746]
Ep  16 [train]:  41%|████      | 59/145 [00:24<00:31,  2.76it/s, loss=0.0765]
Ep  16 [train]:  41%|████▏     | 60/145 [00:24<00:40,  2.10it/s, loss=0.0765]
Ep  16 [train]:  41%|████▏     | 60/145 [00:25<00:40,  2.10it/s, loss=0.0748]
Ep  16 [train]:  42%|████▏     | 61/145 [00:25<00:32,  2.57it/s, loss=0.0748]
Ep  16 [train]:  42%|████▏     | 61/145 [00:25<00:32,  2.57it/s, loss=0.0852]
Ep  16 [train]:  43%|████▎     | 62/145 [00:25<00:39,  2.08it/s, loss=0.0852]
Ep  16 [train]:  43%|████▎     | 62/145 [00:25<00:39,  2.08it/s, loss=0.0688]
Ep  16 [train]:  43%|████▎     | 63/145 [00:25<00:32,  2.56it/s, loss=0.0688]
Ep  16 [train]:  43%|████▎     | 63/145 [00:26<00:32,  2.56it/s, loss=0.0803]
Ep  16 [train]:  44%|████▍     | 64/145 [00:26<00:37,  2.13it/s, loss=0.0803]
Ep  16 [train]:  44%|████▍     | 64/145 [00:26<00:37,  2.13it/s, loss=0.0806]
Ep  16 [train]:  45%|████▍     | 65/145 [00:26<00:30,  2.61it/s, loss=0.0806]
Ep  16 [train]:  45%|████▍     | 65/145 [00:27<00:30,  2.61it/s, loss=0.0770]
Ep  16 [train]:  46%|████▌     | 66/145 [00:27<00:36,  2.16it/s, loss=0.0770]
Ep  16 [train]:  46%|████▌     | 66/145 [00:27<00:36,  2.16it/s, loss=0.0702]
Ep  16 [train]:  46%|████▌     | 67/145 [00:27<00:29,  2.65it/s, loss=0.0702]
Ep  16 [train]:  46%|████▌     | 67/145 [00:28<00:29,  2.65it/s, loss=0.0712]
Ep  16 [train]:  47%|████▋     | 68/145 [00:28<00:36,  2.10it/s, loss=0.0712]
Ep  16 [train]:  47%|████▋     | 68/145 [00:28<00:36,  2.10it/s, loss=0.0765]
Ep  16 [train]:  48%|████▊     | 69/145 [00:28<00:30,  2.52it/s, loss=0.0765]
Ep  16 [train]:  48%|████▊     | 69/145 [00:29<00:30,  2.52it/s, loss=0.0728]
Ep  16 [train]:  48%|████▊     | 70/145 [00:29<00:36,  2.03it/s, loss=0.0728]
Ep  16 [train]:  48%|████▊     | 70/145 [00:29<00:36,  2.03it/s, loss=0.0729]
Ep  16 [train]:  49%|████▉     | 71/145 [00:29<00:29,  2.47it/s, loss=0.0729]
Ep  16 [train]:  49%|████▉     | 71/145 [00:30<00:29,  2.47it/s, loss=0.0767]
Ep  16 [train]:  50%|████▉     | 72/145 [00:30<00:36,  1.98it/s, loss=0.0767]
Ep  16 [train]:  50%|████▉     | 72/145 [00:30<00:36,  1.98it/s, loss=0.0742]
Ep  16 [train]:  50%|█████     | 73/145 [00:30<00:30,  2.37it/s, loss=0.0742]
Ep  16 [train]:  50%|█████     | 73/145 [00:31<00:30,  2.37it/s, loss=0.0734]
Ep  16 [train]:  51%|█████     | 74/145 [00:31<00:36,  1.92it/s, loss=0.0734]
Ep  16 [train]:  51%|█████     | 74/145 [00:31<00:36,  1.92it/s, loss=0.0741]
Ep  16 [train]:  52%|█████▏    | 75/145 [00:31<00:29,  2.35it/s, loss=0.0741]
Ep  16 [train]:  52%|█████▏    | 75/145 [00:32<00:29,  2.35it/s, loss=0.0768]
Ep  16 [train]:  52%|█████▏    | 76/145 [00:32<00:34,  1.99it/s, loss=0.0768]
Ep  16 [train]:  52%|█████▏    | 76/145 [00:32<00:34,  1.99it/s, loss=0.0732]
Ep  16 [train]:  53%|█████▎    | 77/145 [00:32<00:27,  2.45it/s, loss=0.0732]
Ep  16 [train]:  53%|█████▎    | 77/145 [00:32<00:27,  2.45it/s, loss=0.0692]
Ep  16 [train]:  54%|█████▍    | 78/145 [00:32<00:33,  1.98it/s, loss=0.0692]
Ep  16 [train]:  54%|█████▍    | 78/145 [00:33<00:33,  1.98it/s, loss=0.0764]
Ep  16 [train]:  54%|█████▍    | 79/145 [00:33<00:26,  2.45it/s, loss=0.0764]
Ep  16 [train]:  54%|█████▍    | 79/145 [00:33<00:26,  2.45it/s, loss=0.0769]
Ep  16 [train]:  55%|█████▌    | 80/145 [00:33<00:32,  2.03it/s, loss=0.0769]
Ep  16 [train]:  55%|█████▌    | 80/145 [00:34<00:32,  2.03it/s, loss=0.0720]
Ep  16 [train]:  56%|█████▌    | 81/145 [00:34<00:26,  2.45it/s, loss=0.0720]
Ep  16 [train]:  56%|█████▌    | 81/145 [00:34<00:26,  2.45it/s, loss=0.0749]
Ep  16 [train]:  57%|█████▋    | 82/145 [00:34<00:31,  2.01it/s, loss=0.0749]
Ep  16 [train]:  57%|█████▋    | 82/145 [00:34<00:31,  2.01it/s, loss=0.0716]
Ep  16 [train]:  57%|█████▋    | 83/145 [00:34<00:25,  2.47it/s, loss=0.0716]
Ep  16 [train]:  57%|█████▋    | 83/145 [00:35<00:25,  2.47it/s, loss=0.0776]
Ep  16 [train]:  58%|█████▊    | 84/145 [00:35<00:30,  2.03it/s, loss=0.0776]
Ep  16 [train]:  58%|█████▊    | 84/145 [00:35<00:30,  2.03it/s, loss=0.0744]
Ep  16 [train]:  59%|█████▊    | 85/145 [00:35<00:24,  2.49it/s, loss=0.0744]
Ep  16 [train]:  59%|█████▊    | 85/145 [00:36<00:24,  2.49it/s, loss=0.0715]
Ep  16 [train]:  59%|█████▉    | 86/145 [00:36<00:29,  1.98it/s, loss=0.0715]
Ep  16 [train]:  59%|█████▉    | 86/145 [00:36<00:29,  1.98it/s, loss=0.0713]
Ep  16 [train]:  60%|██████    | 87/145 [00:36<00:23,  2.44it/s, loss=0.0713]
Ep  16 [train]:  60%|██████    | 87/145 [00:37<00:23,  2.44it/s, loss=0.0719]
Ep  16 [train]:  61%|██████    | 88/145 [00:37<00:27,  2.09it/s, loss=0.0719]
Ep  16 [train]:  61%|██████    | 88/145 [00:37<00:27,  2.09it/s, loss=0.0732]
Ep  16 [train]:  61%|██████▏   | 89/145 [00:37<00:21,  2.57it/s, loss=0.0732]
Ep  16 [train]:  61%|██████▏   | 89/145 [00:38<00:21,  2.57it/s, loss=0.0736]
Ep  16 [train]:  62%|██████▏   | 90/145 [00:38<00:26,  2.07it/s, loss=0.0736]
Ep  16 [train]:  62%|██████▏   | 90/145 [00:38<00:26,  2.07it/s, loss=0.0837]
Ep  16 [train]:  63%|██████▎   | 91/145 [00:38<00:21,  2.55it/s, loss=0.0837]
Ep  16 [train]:  63%|██████▎   | 91/145 [00:39<00:21,  2.55it/s, loss=0.0742]
Ep  16 [train]:  63%|██████▎   | 92/145 [00:39<00:25,  2.06it/s, loss=0.0742]
Ep  16 [train]:  63%|██████▎   | 92/145 [00:39<00:25,  2.06it/s, loss=0.0818]
Ep  16 [train]:  64%|██████▍   | 93/145 [00:39<00:20,  2.55it/s, loss=0.0818]
Ep  16 [train]:  64%|██████▍   | 93/145 [00:39<00:20,  2.55it/s, loss=0.0737]
Ep  16 [train]:  65%|██████▍   | 94/145 [00:39<00:23,  2.16it/s, loss=0.0737]
Ep  16 [train]:  65%|██████▍   | 94/145 [00:40<00:23,  2.16it/s, loss=0.0770]
Ep  16 [train]:  66%|██████▌   | 95/145 [00:40<00:19,  2.63it/s, loss=0.0770]
Ep  16 [train]:  66%|██████▌   | 95/145 [00:40<00:19,  2.63it/s, loss=0.0714]
Ep  16 [train]:  66%|██████▌   | 96/145 [00:40<00:21,  2.26it/s, loss=0.0714]
Ep  16 [train]:  66%|██████▌   | 96/145 [00:40<00:21,  2.26it/s, loss=0.0774]
Ep  16 [train]:  67%|██████▋   | 97/145 [00:40<00:17,  2.75it/s, loss=0.0774]
Ep  16 [train]:  67%|██████▋   | 97/145 [00:41<00:17,  2.75it/s, loss=0.0701]
Ep  16 [train]:  68%|██████▊   | 98/145 [00:41<00:19,  2.35it/s, loss=0.0701]
Ep  16 [train]:  68%|██████▊   | 98/145 [00:41<00:19,  2.35it/s, loss=0.0717]
Ep  16 [train]:  68%|██████▊   | 99/145 [00:41<00:17,  2.61it/s, loss=0.0717]
Ep  16 [train]:  68%|██████▊   | 99/145 [00:42<00:17,  2.61it/s, loss=0.0747]
Ep  16 [train]:  69%|██████▉   | 100/145 [00:42<00:18,  2.42it/s, loss=0.0747]
Ep  16 [train]:  69%|██████▉   | 100/145 [00:42<00:18,  2.42it/s, loss=0.0809]
Ep  16 [train]:  70%|██████▉   | 101/145 [00:42<00:18,  2.36it/s, loss=0.0809]
Ep  16 [train]:  70%|██████▉   | 101/145 [00:42<00:18,  2.36it/s, loss=0.0761]
Ep  16 [train]:  70%|███████   | 102/145 [00:42<00:16,  2.60it/s, loss=0.0761]
Ep  16 [train]:  70%|███████   | 102/145 [00:43<00:16,  2.60it/s, loss=0.0955]
Ep  16 [train]:  71%|███████   | 103/145 [00:43<00:18,  2.28it/s, loss=0.0955]
Ep  16 [train]:  71%|███████   | 103/145 [00:43<00:18,  2.28it/s, loss=0.0702]
Ep  16 [train]:  72%|███████▏  | 104/145 [00:43<00:14,  2.78it/s, loss=0.0702]
Ep  16 [train]:  72%|███████▏  | 104/145 [00:44<00:14,  2.78it/s, loss=0.0811]
Ep  16 [train]:  72%|███████▏  | 105/145 [00:44<00:17,  2.22it/s, loss=0.0811]
Ep  16 [train]:  72%|███████▏  | 105/145 [00:44<00:17,  2.22it/s, loss=0.0884]
Ep  16 [train]:  73%|███████▎  | 106/145 [00:44<00:14,  2.70it/s, loss=0.0884]
Ep  16 [train]:  73%|███████▎  | 106/145 [00:45<00:14,  2.70it/s, loss=0.0750]
Ep  16 [train]:  74%|███████▍  | 107/145 [00:45<00:17,  2.20it/s, loss=0.0750]
Ep  16 [train]:  74%|███████▍  | 107/145 [00:45<00:17,  2.20it/s, loss=0.0787]
Ep  16 [train]:  74%|███████▍  | 108/145 [00:45<00:14,  2.63it/s, loss=0.0787]
Ep  16 [train]:  74%|███████▍  | 108/145 [00:46<00:14,  2.63it/s, loss=0.0716]
Ep  16 [train]:  75%|███████▌  | 109/145 [00:46<00:17,  2.03it/s, loss=0.0716]
Ep  16 [train]:  75%|███████▌  | 109/145 [00:46<00:17,  2.03it/s, loss=0.0781]
Ep  16 [train]:  76%|███████▌  | 110/145 [00:46<00:13,  2.51it/s, loss=0.0781]
Ep  16 [train]:  76%|███████▌  | 110/145 [00:47<00:13,  2.51it/s, loss=0.0778]
Ep  16 [train]:  77%|███████▋  | 111/145 [00:47<00:17,  1.99it/s, loss=0.0778]
Ep  16 [train]:  77%|███████▋  | 111/145 [00:47<00:17,  1.99it/s, loss=0.0714]
Ep  16 [train]:  77%|███████▋  | 112/145 [00:47<00:13,  2.42it/s, loss=0.0714]
Ep  16 [train]:  77%|███████▋  | 112/145 [00:48<00:13,  2.42it/s, loss=0.0748]
Ep  16 [train]:  78%|███████▊  | 113/145 [00:48<00:16,  1.96it/s, loss=0.0748]
Ep  16 [train]:  78%|███████▊  | 113/145 [00:48<00:16,  1.96it/s, loss=0.0814]
Ep  16 [train]:  79%|███████▊  | 114/145 [00:48<00:12,  2.42it/s, loss=0.0814]
Ep  16 [train]:  79%|███████▊  | 114/145 [00:49<00:12,  2.42it/s, loss=0.0701]
Ep  16 [train]:  79%|███████▉  | 115/145 [00:49<00:15,  1.90it/s, loss=0.0701]
Ep  16 [train]:  79%|███████▉  | 115/145 [00:49<00:15,  1.90it/s, loss=0.0770]
Ep  16 [train]:  80%|████████  | 116/145 [00:49<00:12,  2.33it/s, loss=0.0770]
Ep  16 [train]:  80%|████████  | 116/145 [00:50<00:12,  2.33it/s, loss=0.0786]
Ep  16 [train]:  81%|████████  | 117/145 [00:50<00:16,  1.75it/s, loss=0.0786]
Ep  16 [train]:  81%|████████  | 117/145 [00:50<00:16,  1.75it/s, loss=0.0768]
Ep  16 [train]:  81%|████████▏ | 118/145 [00:50<00:12,  2.17it/s, loss=0.0768]
Ep  16 [train]:  81%|████████▏ | 118/145 [00:51<00:12,  2.17it/s, loss=0.0690]
Ep  16 [train]:  82%|████████▏ | 119/145 [00:51<00:14,  1.85it/s, loss=0.0690]
Ep  16 [train]:  82%|████████▏ | 119/145 [00:51<00:14,  1.85it/s, loss=0.0815]
Ep  16 [train]:  83%|████████▎ | 120/145 [00:51<00:11,  2.24it/s, loss=0.0815]
Ep  16 [train]:  83%|████████▎ | 120/145 [00:51<00:11,  2.24it/s, loss=0.0746]
Ep  16 [train]:  83%|████████▎ | 121/145 [00:51<00:12,  1.98it/s, loss=0.0746]
Ep  16 [train]:  83%|████████▎ | 121/145 [00:52<00:12,  1.98it/s, loss=0.0726]
Ep  16 [train]:  84%|████████▍ | 122/145 [00:52<00:09,  2.34it/s, loss=0.0726]
Ep  16 [train]:  84%|████████▍ | 122/145 [00:52<00:09,  2.34it/s, loss=0.0829]
Ep  16 [train]:  85%|████████▍ | 123/145 [00:52<00:10,  2.08it/s, loss=0.0829]
Ep  16 [train]:  85%|████████▍ | 123/145 [00:52<00:10,  2.08it/s, loss=0.0752]
Ep  16 [train]:  86%|████████▌ | 124/145 [00:52<00:08,  2.55it/s, loss=0.0752]
Ep  16 [train]:  86%|████████▌ | 124/145 [00:53<00:08,  2.55it/s, loss=0.0725]
Ep  16 [train]:  86%|████████▌ | 125/145 [00:53<00:09,  2.10it/s, loss=0.0725]
Ep  16 [train]:  86%|████████▌ | 125/145 [00:53<00:09,  2.10it/s, loss=0.0825]
Ep  16 [train]:  87%|████████▋ | 126/145 [00:53<00:07,  2.57it/s, loss=0.0825]
Ep  16 [train]:  87%|████████▋ | 126/145 [00:54<00:07,  2.57it/s, loss=0.0775]
Ep  16 [train]:  88%|████████▊ | 127/145 [00:54<00:08,  2.15it/s, loss=0.0775]
Ep  16 [train]:  88%|████████▊ | 127/145 [00:54<00:08,  2.15it/s, loss=0.0800]
Ep  16 [train]:  88%|████████▊ | 128/145 [00:54<00:06,  2.63it/s, loss=0.0800]
Ep  16 [train]:  88%|████████▊ | 128/145 [00:55<00:06,  2.63it/s, loss=0.0740]
Ep  16 [train]:  89%|████████▉ | 129/145 [00:55<00:07,  2.24it/s, loss=0.0740]
Ep  16 [train]:  89%|████████▉ | 129/145 [00:55<00:07,  2.24it/s, loss=0.0825]
Ep  16 [train]:  90%|████████▉ | 130/145 [00:55<00:05,  2.71it/s, loss=0.0825]
Ep  16 [train]:  90%|████████▉ | 130/145 [00:56<00:05,  2.71it/s, loss=0.0693]
Ep  16 [train]:  90%|█████████ | 131/145 [00:56<00:06,  2.09it/s, loss=0.0693]
Ep  16 [train]:  90%|█████████ | 131/145 [00:56<00:06,  2.09it/s, loss=0.0747]
Ep  16 [train]:  91%|█████████ | 132/145 [00:56<00:05,  2.51it/s, loss=0.0747]
Ep  16 [train]:  91%|█████████ | 132/145 [00:57<00:05,  2.51it/s, loss=0.0754]
Ep  16 [train]:  92%|█████████▏| 133/145 [00:57<00:06,  1.92it/s, loss=0.0754]
Ep  16 [train]:  92%|█████████▏| 133/145 [00:57<00:06,  1.92it/s, loss=0.0738]
Ep  16 [train]:  92%|█████████▏| 134/145 [00:57<00:04,  2.39it/s, loss=0.0738]
Ep  16 [train]:  92%|█████████▏| 134/145 [00:58<00:04,  2.39it/s, loss=0.0759]
Ep  16 [train]:  93%|█████████▎| 135/145 [00:58<00:05,  1.94it/s, loss=0.0759]
Ep  16 [train]:  93%|█████████▎| 135/145 [00:58<00:05,  1.94it/s, loss=0.0738]
Ep  16 [train]:  94%|█████████▍| 136/145 [00:58<00:03,  2.41it/s, loss=0.0738]
Ep  16 [train]:  94%|█████████▍| 136/145 [00:59<00:03,  2.41it/s, loss=0.0721]
Ep  16 [train]:  94%|█████████▍| 137/145 [00:59<00:04,  1.93it/s, loss=0.0721]
Ep  16 [train]:  94%|█████████▍| 137/145 [00:59<00:04,  1.93it/s, loss=0.0773]
Ep  16 [train]:  95%|█████████▌| 138/145 [00:59<00:02,  2.39it/s, loss=0.0773]
Ep  16 [train]:  95%|█████████▌| 138/145 [00:59<00:02,  2.39it/s, loss=0.0825]
Ep  16 [train]:  96%|█████████▌| 139/145 [00:59<00:03,  1.91it/s, loss=0.0825]
Ep  16 [train]:  96%|█████████▌| 139/145 [01:00<00:03,  1.91it/s, loss=0.0784]
Ep  16 [train]:  97%|█████████▋| 140/145 [01:00<00:02,  2.33it/s, loss=0.0784]
Ep  16 [train]:  97%|█████████▋| 140/145 [01:00<00:02,  2.33it/s, loss=0.0759]
Ep  16 [train]:  97%|█████████▋| 141/145 [01:00<00:02,  1.92it/s, loss=0.0759]
Ep  16 [train]:  97%|█████████▋| 141/145 [01:01<00:02,  1.92it/s, loss=0.0697]
Ep  16 [train]:  98%|█████████▊| 142/145 [01:01<00:01,  2.37it/s, loss=0.0697]
Ep  16 [train]:  98%|█████████▊| 142/145 [01:01<00:01,  2.37it/s, loss=0.0723]
Ep  16 [train]:  99%|█████████▊| 143/145 [01:01<00:01,  1.96it/s, loss=0.0723]
Ep  16 [train]:  99%|█████████▊| 143/145 [01:02<00:01,  1.96it/s, loss=0.0765]
Ep  16 [train]:  99%|█████████▉| 144/145 [01:02<00:00,  2.42it/s, loss=0.0765]
Ep  16 [train]:  99%|█████████▉| 144/145 [01:02<00:00,  2.42it/s, loss=0.0676]
Ep  16 [train]: 100%|██████████| 145/145 [01:02<00:00,  2.15it/s, loss=0.0676]
                                                                              
  Ep  16 [train]  loss=0.0762  rmse_c=0.2387  mae_c=0.2156  r2_c=0.018  rmse_h=0.3096  mae_h=0.2309  r2_h=0.440  sup=0.325

Ep  16 [val  ]:   0%|          | 0/39 [00:00<?, ?it/s]
Ep  16 [val  ]:   0%|          | 0/39 [00:00<?, ?it/s, loss=0.0941]
Ep  16 [val  ]:   3%|▎         | 1/39 [00:00<00:34,  1.10it/s, loss=0.0941]
Ep  16 [val  ]:   3%|▎         | 1/39 [00:01<00:34,  1.10it/s, loss=0.0915]
Ep  16 [val  ]:   5%|▌         | 2/39 [00:01<00:16,  2.31it/s, loss=0.0915]
Ep  16 [val  ]:   5%|▌         | 2/39 [00:01<00:16,  2.31it/s, loss=0.0753]
Ep  16 [val  ]:   8%|▊         | 3/39 [00:01<00:18,  1.90it/s, loss=0.0753]
Ep  16 [val  ]:   8%|▊         | 3/39 [00:01<00:18,  1.90it/s, loss=0.0718]
Ep  16 [val  ]:  10%|█         | 4/39 [00:01<00:15,  2.29it/s, loss=0.0718]
Ep  16 [val  ]:  10%|█         | 4/39 [00:02<00:15,  2.29it/s, loss=0.0744]
Ep  16 [val  ]:  13%|█▎        | 5/39 [00:02<00:14,  2.29it/s, loss=0.0744]
Ep  16 [val  ]:  13%|█▎        | 5/39 [00:02<00:14,  2.29it/s, loss=0.0790]
Ep  16 [val  ]:  15%|█▌        | 6/39 [00:02<00:13,  2.47it/s, loss=0.0790]
Ep  16 [val  ]:  15%|█▌        | 6/39 [00:03<00:13,  2.47it/s, loss=0.0744]
Ep  16 [val  ]:  18%|█▊        | 7/39 [00:03<00:12,  2.59it/s, loss=0.0744]
Ep  16 [val  ]:  18%|█▊        | 7/39 [00:03<00:12,  2.59it/s, loss=0.0715]
Ep  16 [val  ]:  21%|██        | 8/39 [00:03<00:13,  2.38it/s, loss=0.0715]
Ep  16 [val  ]:  21%|██        | 8/39 [00:03<00:13,  2.38it/s, loss=0.0697]
Ep  16 [val  ]:  23%|██▎       | 9/39 [00:03<00:10,  2.73it/s, loss=0.0697]
Ep  16 [val  ]:  23%|██▎       | 9/39 [00:04<00:10,  2.73it/s, loss=0.0680]
Ep  16 [val  ]:  26%|██▌       | 10/39 [00:04<00:13,  2.22it/s, loss=0.0680]
Ep  16 [val  ]:  26%|██▌       | 10/39 [00:04<00:13,  2.22it/s, loss=0.0691]
Ep  16 [val  ]:  28%|██▊       | 11/39 [00:04<00:09,  2.84it/s, loss=0.0691]
Ep  16 [val  ]:  28%|██▊       | 11/39 [00:05<00:09,  2.84it/s, loss=0.0732]
Ep  16 [val  ]:  31%|███       | 12/39 [00:05<00:13,  2.04it/s, loss=0.0732]
Ep  16 [val  ]:  31%|███       | 12/39 [00:05<00:13,  2.04it/s, loss=0.0773]
Ep  16 [val  ]:  31%|███       | 12/39 [00:06<00:13,  2.04it/s, loss=0.0820]
Ep  16 [val  ]:  36%|███▌      | 14/39 [00:06<00:11,  2.15it/s, loss=0.0820]
Ep  16 [val  ]:  36%|███▌      | 14/39 [00:06<00:11,  2.15it/s, loss=0.0947]
Ep  16 [val  ]:  36%|███▌      | 14/39 [00:07<00:11,  2.15it/s, loss=0.0991]
Ep  16 [val  ]:  41%|████      | 16/39 [00:07<00:10,  2.26it/s, loss=0.0991]
Ep  16 [val  ]:  41%|████      | 16/39 [00:07<00:10,  2.26it/s, loss=0.0953]
Ep  16 [val  ]:  41%|████      | 16/39 [00:07<00:10,  2.26it/s, loss=0.0869]
Ep  16 [val  ]:  46%|████▌     | 18/39 [00:07<00:09,  2.31it/s, loss=0.0869]
Ep  16 [val  ]:  46%|████▌     | 18/39 [00:07<00:09,  2.31it/s, loss=0.0773]
Ep  16 [val  ]:  46%|████▌     | 18/39 [00:08<00:09,  2.31it/s, loss=0.0667]
Ep  16 [val  ]:  51%|█████▏    | 20/39 [00:08<00:08,  2.30it/s, loss=0.0667]
Ep  16 [val  ]:  51%|█████▏    | 20/39 [00:08<00:08,  2.30it/s, loss=0.0581]
Ep  16 [val  ]:  51%|█████▏    | 20/39 [00:09<00:08,  2.30it/s, loss=0.0670]
Ep  16 [val  ]:  56%|█████▋    | 22/39 [00:09<00:07,  2.35it/s, loss=0.0670]
Ep  16 [val  ]:  56%|█████▋    | 22/39 [00:09<00:07,  2.35it/s, loss=0.0607]
Ep  16 [val  ]:  56%|█████▋    | 22/39 [00:10<00:07,  2.35it/s, loss=0.0621]
Ep  16 [val  ]:  62%|██████▏   | 24/39 [00:10<00:06,  2.46it/s, loss=0.0621]
Ep  16 [val  ]:  62%|██████▏   | 24/39 [00:10<00:06,  2.46it/s, loss=0.0635]
Ep  16 [val  ]:  62%|██████▏   | 24/39 [00:11<00:06,  2.46it/s, loss=0.0711]
Ep  16 [val  ]:  67%|██████▋   | 26/39 [00:11<00:05,  2.52it/s, loss=0.0711]
Ep  16 [val  ]:  67%|██████▋   | 26/39 [00:11<00:05,  2.52it/s, loss=0.0822]
Ep  16 [val  ]:  67%|██████▋   | 26/39 [00:11<00:05,  2.52it/s, loss=0.1243]
Ep  16 [val  ]:  72%|███████▏  | 28/39 [00:11<00:04,  2.60it/s, loss=0.1243]
Ep  16 [val  ]:  72%|███████▏  | 28/39 [00:11<00:04,  2.60it/s, loss=0.0940]
Ep  16 [val  ]:  72%|███████▏  | 28/39 [00:12<00:04,  2.60it/s, loss=0.0828]
Ep  16 [val  ]:  77%|███████▋  | 30/39 [00:12<00:03,  2.66it/s, loss=0.0828]
Ep  16 [val  ]:  77%|███████▋  | 30/39 [00:12<00:03,  2.66it/s, loss=0.0803]
Ep  16 [val  ]:  77%|███████▋  | 30/39 [00:13<00:03,  2.66it/s, loss=0.0762]
Ep  16 [val  ]:  82%|████████▏ | 32/39 [00:13<00:02,  2.65it/s, loss=0.0762]
Ep  16 [val  ]:  82%|████████▏ | 32/39 [00:13<00:02,  2.65it/s, loss=0.0728]
Ep  16 [val  ]:  82%|████████▏ | 32/39 [00:14<00:02,  2.65it/s, loss=0.0730]
Ep  16 [val  ]:  87%|████████▋ | 34/39 [00:14<00:01,  2.61it/s, loss=0.0730]
Ep  16 [val  ]:  87%|████████▋ | 34/39 [00:14<00:01,  2.61it/s, loss=0.0773]
Ep  16 [val  ]:  87%|████████▋ | 34/39 [00:14<00:01,  2.61it/s, loss=0.0723]
Ep  16 [val  ]:  92%|█████████▏| 36/39 [00:14<00:01,  2.57it/s, loss=0.0723]
Ep  16 [val  ]:  92%|█████████▏| 36/39 [00:14<00:01,  2.57it/s, loss=0.0726]
Ep  16 [val  ]:  92%|█████████▏| 36/39 [00:15<00:01,  2.57it/s, loss=0.0641]
Ep  16 [val  ]:  97%|█████████▋| 38/39 [00:15<00:00,  2.57it/s, loss=0.0641]
Ep  16 [val  ]:  97%|█████████▋| 38/39 [00:15<00:00,  2.57it/s, loss=0.0717]
                                                                            
  Ep  16 [val  ]  loss=0.0774  rmse_c=0.2440  mae_c=0.2177  r2_c=0.022  rmse_h=0.3076  mae_h=0.2246  r2_h=0.411  sup=0.308
  [new best] combined_val_rmse=0.2758

Ep  17 [train]:   0%|          | 0/145 [00:00<?, ?it/s]
Ep  17 [train]:   0%|          | 0/145 [00:01<?, ?it/s, loss=0.0775]
Ep  17 [train]:   1%|          | 1/145 [00:01<02:51,  1.19s/it, loss=0.0775]
Ep  17 [train]:   1%|          | 1/145 [00:01<02:51,  1.19s/it, loss=0.0754]
Ep  17 [train]:   1%|▏         | 2/145 [00:01<01:25,  1.67it/s, loss=0.0754]
Ep  17 [train]:   1%|▏         | 2/145 [00:02<01:25,  1.67it/s, loss=0.0730]
Ep  17 [train]:   2%|▏         | 3/145 [00:02<01:32,  1.53it/s, loss=0.0730]
Ep  17 [train]:   2%|▏         | 3/145 [00:02<01:32,  1.53it/s, loss=0.0800]
Ep  17 [train]:   3%|▎         | 4/145 [00:02<01:06,  2.12it/s, loss=0.0800]
Ep  17 [train]:   3%|▎         | 4/145 [00:03<01:06,  2.12it/s, loss=0.0771]
Ep  17 [train]:   3%|▎         | 5/145 [00:03<01:22,  1.70it/s, loss=0.0771]
Ep  17 [train]:   3%|▎         | 5/145 [00:03<01:22,  1.70it/s, loss=0.0772]
Ep  17 [train]:   4%|▍         | 6/145 [00:03<01:02,  2.23it/s, loss=0.0772]
Ep  17 [train]:   4%|▍         | 6/145 [00:04<01:02,  2.23it/s, loss=0.0709]
Ep  17 [train]:   5%|▍         | 7/145 [00:04<01:15,  1.82it/s, loss=0.0709]
Ep  17 [train]:   5%|▍         | 7/145 [00:04<01:15,  1.82it/s, loss=0.0793]
Ep  17 [train]:   6%|▌         | 8/145 [00:04<00:59,  2.29it/s, loss=0.0793]
Ep  17 [train]:   6%|▌         | 8/145 [00:04<00:59,  2.29it/s, loss=0.0642]
Ep  17 [train]:   6%|▌         | 9/145 [00:04<01:11,  1.91it/s, loss=0.0642]
Ep  17 [train]:   6%|▌         | 9/145 [00:05<01:11,  1.91it/s, loss=0.0768]
Ep  17 [train]:   7%|▋         | 10/145 [00:05<00:56,  2.40it/s, loss=0.0768]
Ep  17 [train]:   7%|▋         | 10/145 [00:05<00:56,  2.40it/s, loss=0.0706]
Ep  17 [train]:   8%|▊         | 11/145 [00:05<01:08,  1.96it/s, loss=0.0706]
Ep  17 [train]:   8%|▊         | 11/145 [00:06<01:08,  1.96it/s, loss=0.0853]
Ep  17 [train]:   8%|▊         | 12/145 [00:06<00:54,  2.42it/s, loss=0.0853]
Ep  17 [train]:   8%|▊         | 12/145 [00:06<00:54,  2.42it/s, loss=0.0775]
Ep  17 [train]:   9%|▉         | 13/145 [00:06<01:06,  1.99it/s, loss=0.0775]
Ep  17 [train]:   9%|▉         | 13/145 [00:06<01:06,  1.99it/s, loss=0.0751]
Ep  17 [train]:  10%|▉         | 14/145 [00:06<00:53,  2.43it/s, loss=0.0751]
Ep  17 [train]:  10%|▉         | 14/145 [00:07<00:53,  2.43it/s, loss=0.0708]
Ep  17 [train]:  10%|█         | 15/145 [00:07<01:00,  2.14it/s, loss=0.0708]
Ep  17 [train]:  10%|█         | 15/145 [00:07<01:00,  2.14it/s, loss=0.0723]
Ep  17 [train]:  11%|█         | 16/145 [00:07<00:50,  2.58it/s, loss=0.0723]
Ep  17 [train]:  11%|█         | 16/145 [00:08<00:50,  2.58it/s, loss=0.0823]
Ep  17 [train]:  12%|█▏        | 17/145 [00:08<01:01,  2.08it/s, loss=0.0823]
Ep  17 [train]:  12%|█▏        | 17/145 [00:08<01:01,  2.08it/s, loss=0.0781]
Ep  17 [train]:  12%|█▏        | 18/145 [00:08<00:50,  2.53it/s, loss=0.0781]
Ep  17 [train]:  12%|█▏        | 18/145 [00:09<00:50,  2.53it/s, loss=0.0746]
Ep  17 [train]:  13%|█▎        | 19/145 [00:09<01:01,  2.06it/s, loss=0.0746]
Ep  17 [train]:  13%|█▎        | 19/145 [00:09<01:01,  2.06it/s, loss=0.0857]
Ep  17 [train]:  14%|█▍        | 20/145 [00:09<00:49,  2.51it/s, loss=0.0857]
Ep  17 [train]:  14%|█▍        | 20/145 [00:10<00:49,  2.51it/s, loss=0.0793]
Ep  17 [train]:  14%|█▍        | 21/145 [00:10<00:58,  2.13it/s, loss=0.0793]
Ep  17 [train]:  14%|█▍        | 21/145 [00:10<00:58,  2.13it/s, loss=0.0740]
Ep  17 [train]:  15%|█▌        | 22/145 [00:10<00:46,  2.62it/s, loss=0.0740]
Ep  17 [train]:  15%|█▌        | 22/145 [00:11<00:46,  2.62it/s, loss=0.0710]
Ep  17 [train]:  16%|█▌        | 23/145 [00:11<00:57,  2.12it/s, loss=0.0710]
Ep  17 [train]:  16%|█▌        | 23/145 [00:11<00:57,  2.12it/s, loss=0.0745]
Ep  17 [train]:  17%|█▋        | 24/145 [00:11<00:46,  2.58it/s, loss=0.0745]
Ep  17 [train]:  17%|█▋        | 24/145 [00:11<00:46,  2.58it/s, loss=0.0773]
Ep  17 [train]:  17%|█▋        | 25/145 [00:11<00:57,  2.09it/s, loss=0.0773]
Ep  17 [train]:  17%|█▋        | 25/145 [00:12<00:57,  2.09it/s, loss=0.0721]
Ep  17 [train]:  18%|█▊        | 26/145 [00:12<00:46,  2.55it/s, loss=0.0721]
Ep  17 [train]:  18%|█▊        | 26/145 [00:12<00:46,  2.55it/s, loss=0.0861]
Ep  17 [train]:  19%|█▊        | 27/145 [00:12<00:57,  2.05it/s, loss=0.0861]
Ep  17 [train]:  19%|█▊        | 27/145 [00:12<00:57,  2.05it/s, loss=0.0873]
Ep  17 [train]:  19%|█▉        | 28/145 [00:12<00:46,  2.52it/s, loss=0.0873]
Ep  17 [train]:  19%|█▉        | 28/145 [00:13<00:46,  2.52it/s, loss=0.0710]
Ep  17 [train]:  20%|██        | 29/145 [00:13<01:00,  1.92it/s, loss=0.0710]
Ep  17 [train]:  20%|██        | 29/145 [00:13<01:00,  1.92it/s, loss=0.0763]
Ep  17 [train]:  21%|██        | 30/145 [00:13<00:48,  2.37it/s, loss=0.0763]
Ep  17 [train]:  21%|██        | 30/145 [00:14<00:48,  2.37it/s, loss=0.0748]
Ep  17 [train]:  21%|██▏       | 31/145 [00:14<01:02,  1.82it/s, loss=0.0748]
Ep  17 [train]:  21%|██▏       | 31/145 [00:15<01:02,  1.82it/s, loss=0.0748]
Ep  17 [train]:  22%|██▏       | 32/145 [00:15<00:50,  2.23it/s, loss=0.0748]
Ep  17 [train]:  22%|██▏       | 32/145 [00:15<00:50,  2.23it/s, loss=0.0817]
Ep  17 [train]:  23%|██▎       | 33/145 [00:15<00:59,  1.90it/s, loss=0.0817]
Ep  17 [train]:  23%|██▎       | 33/145 [00:15<00:59,  1.90it/s, loss=0.0714]
Ep  17 [train]:  23%|██▎       | 34/145 [00:15<00:47,  2.35it/s, loss=0.0714]
Ep  17 [train]:  23%|██▎       | 34/145 [00:16<00:47,  2.35it/s, loss=0.0768]
Ep  17 [train]:  24%|██▍       | 35/145 [00:16<00:59,  1.85it/s, loss=0.0768]
Ep  17 [train]:  24%|██▍       | 35/145 [00:16<00:59,  1.85it/s, loss=0.0900]
Ep  17 [train]:  25%|██▍       | 36/145 [00:16<00:47,  2.31it/s, loss=0.0900]
Ep  17 [train]:  25%|██▍       | 36/145 [00:17<00:47,  2.31it/s, loss=0.0726]
Ep  17 [train]:  26%|██▌       | 37/145 [00:17<00:55,  1.96it/s, loss=0.0726]
Ep  17 [train]:  26%|██▌       | 37/145 [00:17<00:55,  1.96it/s, loss=0.0812]
Ep  17 [train]:  26%|██▌       | 38/145 [00:17<00:44,  2.41it/s, loss=0.0812]
Ep  17 [train]:  26%|██▌       | 38/145 [00:18<00:44,  2.41it/s, loss=0.0771]
Ep  17 [train]:  27%|██▋       | 39/145 [00:18<00:52,  2.02it/s, loss=0.0771]
Ep  17 [train]:  27%|██▋       | 39/145 [00:18<00:52,  2.02it/s, loss=0.0829]
Ep  17 [train]:  28%|██▊       | 40/145 [00:18<00:41,  2.50it/s, loss=0.0829]
Ep  17 [train]:  28%|██▊       | 40/145 [00:19<00:41,  2.50it/s, loss=0.0734]
Ep  17 [train]:  28%|██▊       | 41/145 [00:19<00:50,  2.05it/s, loss=0.0734]
Ep  17 [train]:  28%|██▊       | 41/145 [00:19<00:50,  2.05it/s, loss=0.0750]
Ep  17 [train]:  29%|██▉       | 42/145 [00:19<00:41,  2.51it/s, loss=0.0750]
Ep  17 [train]:  29%|██▉       | 42/145 [00:20<00:41,  2.51it/s, loss=0.0762]
Ep  17 [train]:  30%|██▉       | 43/145 [00:20<00:48,  2.10it/s, loss=0.0762]
Ep  17 [train]:  30%|██▉       | 43/145 [00:20<00:48,  2.10it/s, loss=0.0806]
Ep  17 [train]:  30%|███       | 44/145 [00:20<00:38,  2.59it/s, loss=0.0806]
Ep  17 [train]:  30%|███       | 44/145 [00:21<00:38,  2.59it/s, loss=0.0780]
Ep  17 [train]:  31%|███       | 45/145 [00:21<00:47,  2.12it/s, loss=0.0780]
Ep  17 [train]:  31%|███       | 45/145 [00:21<00:47,  2.12it/s, loss=0.0706]
Ep  17 [train]:  32%|███▏      | 46/145 [00:21<00:38,  2.60it/s, loss=0.0706]
Ep  17 [train]:  32%|███▏      | 46/145 [00:21<00:38,  2.60it/s, loss=0.0712]
Ep  17 [train]:  32%|███▏      | 47/145 [00:21<00:47,  2.07it/s, loss=0.0712]
Ep  17 [train]:  32%|███▏      | 47/145 [00:22<00:47,  2.07it/s, loss=0.0751]
Ep  17 [train]:  33%|███▎      | 48/145 [00:22<00:38,  2.55it/s, loss=0.0751]
Ep  17 [train]:  33%|███▎      | 48/145 [00:22<00:38,  2.55it/s, loss=0.0719]
Ep  17 [train]:  34%|███▍      | 49/145 [00:22<00:44,  2.16it/s, loss=0.0719]
Ep  17 [train]:  34%|███▍      | 49/145 [00:22<00:44,  2.16it/s, loss=0.0747]
Ep  17 [train]:  34%|███▍      | 50/145 [00:22<00:36,  2.62it/s, loss=0.0747]
Ep  17 [train]:  34%|███▍      | 50/145 [00:23<00:36,  2.62it/s, loss=0.0729]
Ep  17 [train]:  35%|███▌      | 51/145 [00:23<00:42,  2.22it/s, loss=0.0729]
Ep  17 [train]:  35%|███▌      | 51/145 [00:23<00:42,  2.22it/s, loss=0.0721]
Ep  17 [train]:  36%|███▌      | 52/145 [00:23<00:35,  2.61it/s, loss=0.0721]
Ep  17 [train]:  36%|███▌      | 52/145 [00:24<00:35,  2.61it/s, loss=0.0742]
Ep  17 [train]:  37%|███▋      | 53/145 [00:24<00:42,  2.17it/s, loss=0.0742]
Ep  17 [train]:  37%|███▋      | 53/145 [00:24<00:42,  2.17it/s, loss=0.0864]
Ep  17 [train]:  37%|███▋      | 54/145 [00:24<00:34,  2.65it/s, loss=0.0864]
Ep  17 [train]:  37%|███▋      | 54/145 [00:25<00:34,  2.65it/s, loss=0.0743]
Ep  17 [train]:  38%|███▊      | 55/145 [00:25<00:42,  2.13it/s, loss=0.0743]
Ep  17 [train]:  38%|███▊      | 55/145 [00:25<00:42,  2.13it/s, loss=0.0723]
Ep  17 [train]:  39%|███▊      | 56/145 [00:25<00:34,  2.61it/s, loss=0.0723]
Ep  17 [train]:  39%|███▊      | 56/145 [00:26<00:34,  2.61it/s, loss=0.0697]
Ep  17 [train]:  39%|███▉      | 57/145 [00:26<00:41,  2.10it/s, loss=0.0697]
Ep  17 [train]:  39%|███▉      | 57/145 [00:26<00:41,  2.10it/s, loss=0.0737]
Ep  17 [train]:  40%|████      | 58/145 [00:26<00:33,  2.56it/s, loss=0.0737]
Ep  17 [train]:  40%|████      | 58/145 [00:26<00:33,  2.56it/s, loss=0.0743]
Ep  17 [train]:  41%|████      | 59/145 [00:26<00:39,  2.18it/s, loss=0.0743]
Ep  17 [train]:  41%|████      | 59/145 [00:27<00:39,  2.18it/s, loss=0.0718]
Ep  17 [train]:  41%|████▏     | 60/145 [00:27<00:31,  2.66it/s, loss=0.0718]
Ep  17 [train]:  41%|████▏     | 60/145 [00:27<00:31,  2.66it/s, loss=0.0723]
Ep  17 [train]:  42%|████▏     | 61/145 [00:27<00:38,  2.20it/s, loss=0.0723]
Ep  17 [train]:  42%|████▏     | 61/145 [00:28<00:38,  2.20it/s, loss=0.0785]
Ep  17 [train]:  43%|████▎     | 62/145 [00:28<00:31,  2.64it/s, loss=0.0785]
Ep  17 [train]:  43%|████▎     | 62/145 [00:28<00:31,  2.64it/s, loss=0.0793]
Ep  17 [train]:  43%|████▎     | 63/145 [00:28<00:38,  2.15it/s, loss=0.0793]
Ep  17 [train]:  43%|████▎     | 63/145 [00:28<00:38,  2.15it/s, loss=0.0709]
Ep  17 [train]:  44%|████▍     | 64/145 [00:28<00:32,  2.52it/s, loss=0.0709]
Ep  17 [train]:  44%|████▍     | 64/145 [00:29<00:32,  2.52it/s, loss=0.0807]
Ep  17 [train]:  45%|████▍     | 65/145 [00:29<00:36,  2.18it/s, loss=0.0807]
Ep  17 [train]:  45%|████▍     | 65/145 [00:29<00:36,  2.18it/s, loss=0.0747]
Ep  17 [train]:  46%|████▌     | 66/145 [00:29<00:30,  2.60it/s, loss=0.0747]
Ep  17 [train]:  46%|████▌     | 66/145 [00:30<00:30,  2.60it/s, loss=0.0745]
Ep  17 [train]:  46%|████▌     | 67/145 [00:30<00:37,  2.06it/s, loss=0.0745]
Ep  17 [train]:  46%|████▌     | 67/145 [00:30<00:37,  2.06it/s, loss=0.0721]
Ep  17 [train]:  47%|████▋     | 68/145 [00:30<00:30,  2.53it/s, loss=0.0721]
Ep  17 [train]:  47%|████▋     | 68/145 [00:31<00:30,  2.53it/s, loss=0.0724]
Ep  17 [train]:  48%|████▊     | 69/145 [00:31<00:38,  2.00it/s, loss=0.0724]
Ep  17 [train]:  48%|████▊     | 69/145 [00:31<00:38,  2.00it/s, loss=0.0776]
Ep  17 [train]:  48%|████▊     | 70/145 [00:31<00:30,  2.44it/s, loss=0.0776]
Ep  17 [train]:  48%|████▊     | 70/145 [00:32<00:30,  2.44it/s, loss=0.0771]
Ep  17 [train]:  49%|████▉     | 71/145 [00:32<00:37,  1.95it/s, loss=0.0771]
Ep  17 [train]:  49%|████▉     | 71/145 [00:32<00:37,  1.95it/s, loss=0.0676]
Ep  17 [train]:  50%|████▉     | 72/145 [00:32<00:30,  2.42it/s, loss=0.0676]
Ep  17 [train]:  50%|████▉     | 72/145 [00:33<00:30,  2.42it/s, loss=0.0764]
Ep  17 [train]:  50%|█████     | 73/145 [00:33<00:36,  1.99it/s, loss=0.0764]
Ep  17 [train]:  50%|█████     | 73/145 [00:33<00:36,  1.99it/s, loss=0.0734]
Ep  17 [train]:  51%|█████     | 74/145 [00:33<00:29,  2.42it/s, loss=0.0734]
Ep  17 [train]:  51%|█████     | 74/145 [00:34<00:29,  2.42it/s, loss=0.0714]
Ep  17 [train]:  52%|█████▏    | 75/145 [00:34<00:35,  1.99it/s, loss=0.0714]
Ep  17 [train]:  52%|█████▏    | 75/145 [00:34<00:35,  1.99it/s, loss=0.0732]
Ep  17 [train]:  52%|█████▏    | 76/145 [00:34<00:29,  2.37it/s, loss=0.0732]
Ep  17 [train]:  52%|█████▏    | 76/145 [00:35<00:29,  2.37it/s, loss=0.0737]
Ep  17 [train]:  53%|█████▎    | 77/145 [00:35<00:34,  1.95it/s, loss=0.0737]
Ep  17 [train]:  53%|█████▎    | 77/145 [00:35<00:34,  1.95it/s, loss=0.0743]
Ep  17 [train]:  54%|█████▍    | 78/145 [00:35<00:27,  2.42it/s, loss=0.0743]
Ep  17 [train]:  54%|█████▍    | 78/145 [00:35<00:27,  2.42it/s, loss=0.0731]
Ep  17 [train]:  54%|█████▍    | 79/145 [00:35<00:31,  2.09it/s, loss=0.0731]
Ep  17 [train]:  54%|█████▍    | 79/145 [00:36<00:31,  2.09it/s, loss=0.0723]
Ep  17 [train]:  55%|█████▌    | 80/145 [00:36<00:25,  2.54it/s, loss=0.0723]
Ep  17 [train]:  55%|█████▌    | 80/145 [00:36<00:25,  2.54it/s, loss=0.0692]
Ep  17 [train]:  56%|█████▌    | 81/145 [00:36<00:29,  2.15it/s, loss=0.0692]
Ep  17 [train]:  56%|█████▌    | 81/145 [00:36<00:29,  2.15it/s, loss=0.0760]
Ep  17 [train]:  57%|█████▋    | 82/145 [00:36<00:24,  2.61it/s, loss=0.0760]
Ep  17 [train]:  57%|█████▋    | 82/145 [00:37<00:24,  2.61it/s, loss=0.0800]
Ep  17 [train]:  57%|█████▋    | 83/145 [00:37<00:29,  2.08it/s, loss=0.0800]
Ep  17 [train]:  57%|█████▋    | 83/145 [00:37<00:29,  2.08it/s, loss=0.0809]
Ep  17 [train]:  58%|█████▊    | 84/145 [00:37<00:23,  2.57it/s, loss=0.0809]
Ep  17 [train]:  58%|█████▊    | 84/145 [00:38<00:23,  2.57it/s, loss=0.0676]
Ep  17 [train]:  59%|█████▊    | 85/145 [00:38<00:28,  2.09it/s, loss=0.0676]
Ep  17 [train]:  59%|█████▊    | 85/145 [00:38<00:28,  2.09it/s, loss=0.0789]
Ep  17 [train]:  59%|█████▉    | 86/145 [00:38<00:24,  2.39it/s, loss=0.0789]
Ep  17 [train]:  59%|█████▉    | 86/145 [00:39<00:24,  2.39it/s, loss=0.0761]
Ep  17 [train]:  60%|██████    | 87/145 [00:39<00:25,  2.23it/s, loss=0.0761]
Ep  17 [train]:  60%|██████    | 87/145 [00:39<00:25,  2.23it/s, loss=0.0729]
Ep  17 [train]:  61%|██████    | 88/145 [00:39<00:23,  2.45it/s, loss=0.0729]
Ep  17 [train]:  61%|██████    | 88/145 [00:40<00:23,  2.45it/s, loss=0.0715]
Ep  17 [train]:  61%|██████▏   | 89/145 [00:40<00:23,  2.37it/s, loss=0.0715]
Ep  17 [train]:  61%|██████▏   | 89/145 [00:40<00:23,  2.37it/s, loss=0.0793]
Ep  17 [train]:  62%|██████▏   | 90/145 [00:40<00:21,  2.61it/s, loss=0.0793]
Ep  17 [train]:  62%|██████▏   | 90/145 [00:40<00:21,  2.61it/s, loss=0.0751]
Ep  17 [train]:  63%|██████▎   | 91/145 [00:40<00:22,  2.36it/s, loss=0.0751]
Ep  17 [train]:  63%|██████▎   | 91/145 [00:41<00:22,  2.36it/s, loss=0.0728]
Ep  17 [train]:  63%|██████▎   | 92/145 [00:41<00:20,  2.62it/s, loss=0.0728]
Ep  17 [train]:  63%|██████▎   | 92/145 [00:41<00:20,  2.62it/s, loss=0.0729]
Ep  17 [train]:  64%|██████▍   | 93/145 [00:41<00:21,  2.47it/s, loss=0.0729]
Ep  17 [train]:  64%|██████▍   | 93/145 [00:41<00:21,  2.47it/s, loss=0.0776]
Ep  17 [train]:  65%|██████▍   | 94/145 [00:41<00:18,  2.69it/s, loss=0.0776]
Ep  17 [train]:  65%|██████▍   | 94/145 [00:42<00:18,  2.69it/s, loss=0.0848]
Ep  17 [train]:  66%|██████▌   | 95/145 [00:42<00:20,  2.47it/s, loss=0.0848]
Ep  17 [train]:  66%|██████▌   | 95/145 [00:42<00:20,  2.47it/s, loss=0.0710]
Ep  17 [train]:  66%|██████▌   | 96/145 [00:42<00:18,  2.71it/s, loss=0.0710]
Ep  17 [train]:  66%|██████▌   | 96/145 [00:43<00:18,  2.71it/s, loss=0.0662]
Ep  17 [train]:  67%|██████▋   | 97/145 [00:43<00:19,  2.48it/s, loss=0.0662]
Ep  17 [train]:  67%|██████▋   | 97/145 [00:43<00:19,  2.48it/s, loss=0.0735]
Ep  17 [train]:  68%|██████▊   | 98/145 [00:43<00:17,  2.63it/s, loss=0.0735]
Ep  17 [train]:  68%|██████▊   | 98/145 [00:43<00:17,  2.63it/s, loss=0.0753]
Ep  17 [train]:  68%|██████▊   | 99/145 [00:43<00:18,  2.44it/s, loss=0.0753]
Ep  17 [train]:  68%|██████▊   | 99/145 [00:44<00:18,  2.44it/s, loss=0.0734]
Ep  17 [train]:  69%|██████▉   | 100/145 [00:44<00:16,  2.65it/s, loss=0.0734]
Ep  17 [train]:  69%|██████▉   | 100/145 [00:44<00:16,  2.65it/s, loss=0.0784]
Ep  17 [train]:  70%|██████▉   | 101/145 [00:44<00:19,  2.27it/s, loss=0.0784]
Ep  17 [train]:  70%|██████▉   | 101/145 [00:45<00:19,  2.27it/s, loss=0.0777]
Ep  17 [train]:  70%|███████   | 102/145 [00:45<00:16,  2.61it/s, loss=0.0777]
Ep  17 [train]:  70%|███████   | 102/145 [00:45<00:16,  2.61it/s, loss=0.0746]
Ep  17 [train]:  71%|███████   | 103/145 [00:45<00:19,  2.13it/s, loss=0.0746]
Ep  17 [train]:  71%|███████   | 103/145 [00:45<00:19,  2.13it/s, loss=0.0719]
Ep  17 [train]:  72%|███████▏  | 104/145 [00:45<00:15,  2.59it/s, loss=0.0719]
Ep  17 [train]:  72%|███████▏  | 104/145 [00:46<00:15,  2.59it/s, loss=0.0688]
Ep  17 [train]:  72%|███████▏  | 105/145 [00:46<00:19,  2.10it/s, loss=0.0688]
Ep  17 [train]:  72%|███████▏  | 105/145 [00:46<00:19,  2.10it/s, loss=0.0743]
Ep  17 [train]:  73%|███████▎  | 106/145 [00:46<00:15,  2.58it/s, loss=0.0743]
Ep  17 [train]:  73%|███████▎  | 106/145 [00:47<00:15,  2.58it/s, loss=0.0780]
Ep  17 [train]:  74%|███████▍  | 107/145 [00:47<00:18,  2.03it/s, loss=0.0780]
Ep  17 [train]:  74%|███████▍  | 107/145 [00:47<00:18,  2.03it/s, loss=0.0797]
Ep  17 [train]:  74%|███████▍  | 108/145 [00:47<00:14,  2.47it/s, loss=0.0797]
Ep  17 [train]:  74%|███████▍  | 108/145 [00:48<00:14,  2.47it/s, loss=0.0753]
Ep  17 [train]:  75%|███████▌  | 109/145 [00:48<00:18,  1.92it/s, loss=0.0753]
Ep  17 [train]:  75%|███████▌  | 109/145 [00:48<00:18,  1.92it/s, loss=0.0735]
Ep  17 [train]:  76%|███████▌  | 110/145 [00:48<00:14,  2.35it/s, loss=0.0735]
Ep  17 [train]:  76%|███████▌  | 110/145 [00:49<00:14,  2.35it/s, loss=0.0754]
Ep  17 [train]:  77%|███████▋  | 111/145 [00:49<00:17,  1.97it/s, loss=0.0754]
Ep  17 [train]:  77%|███████▋  | 111/145 [00:49<00:17,  1.97it/s, loss=0.0697]
Ep  17 [train]:  77%|███████▋  | 112/145 [00:49<00:13,  2.36it/s, loss=0.0697]
Ep  17 [train]:  77%|███████▋  | 112/145 [00:50<00:13,  2.36it/s, loss=0.0710]
Ep  17 [train]:  78%|███████▊  | 113/145 [00:50<00:15,  2.00it/s, loss=0.0710]
Ep  17 [train]:  78%|███████▊  | 113/145 [00:50<00:15,  2.00it/s, loss=0.0746]
Ep  17 [train]:  79%|███████▊  | 114/145 [00:50<00:12,  2.44it/s, loss=0.0746]
Ep  17 [train]:  79%|███████▊  | 114/145 [00:51<00:12,  2.44it/s, loss=0.0766]
Ep  17 [train]:  79%|███████▉  | 115/145 [00:51<00:15,  1.98it/s, loss=0.0766]
Ep  17 [train]:  79%|███████▉  | 115/145 [00:51<00:15,  1.98it/s, loss=0.0698]
Ep  17 [train]:  80%|████████  | 116/145 [00:51<00:11,  2.43it/s, loss=0.0698]
Ep  17 [train]:  80%|████████  | 116/145 [00:52<00:11,  2.43it/s, loss=0.0732]
Ep  17 [train]:  81%|████████  | 117/145 [00:52<00:13,  2.03it/s, loss=0.0732]
Ep  17 [train]:  81%|████████  | 117/145 [00:52<00:13,  2.03it/s, loss=0.0774]
Ep  17 [train]:  81%|████████▏ | 118/145 [00:52<00:10,  2.47it/s, loss=0.0774]
Ep  17 [train]:  81%|████████▏ | 118/145 [00:53<00:10,  2.47it/s, loss=0.0694]
Ep  17 [train]:  82%|████████▏ | 119/145 [00:53<00:13,  1.98it/s, loss=0.0694]
Ep  17 [train]:  82%|████████▏ | 119/145 [00:53<00:13,  1.98it/s, loss=0.0764]
Ep  17 [train]:  83%|████████▎ | 120/145 [00:53<00:10,  2.45it/s, loss=0.0764]
Ep  17 [train]:  83%|████████▎ | 120/145 [00:53<00:10,  2.45it/s, loss=0.0728]
Ep  17 [train]:  83%|████████▎ | 121/145 [00:53<00:11,  2.07it/s, loss=0.0728]
Ep  17 [train]:  83%|████████▎ | 121/145 [00:54<00:11,  2.07it/s, loss=0.0835]
Ep  17 [train]:  84%|████████▍ | 122/145 [00:54<00:09,  2.49it/s, loss=0.0835]
Ep  17 [train]:  84%|████████▍ | 122/145 [00:54<00:09,  2.49it/s, loss=0.0878]
Ep  17 [train]:  85%|████████▍ | 123/145 [00:54<00:10,  2.04it/s, loss=0.0878]
Ep  17 [train]:  85%|████████▍ | 123/145 [00:55<00:10,  2.04it/s, loss=0.0804]
Ep  17 [train]:  86%|████████▌ | 124/145 [00:55<00:08,  2.52it/s, loss=0.0804]
Ep  17 [train]:  86%|████████▌ | 124/145 [00:55<00:08,  2.52it/s, loss=0.0712]
Ep  17 [train]:  86%|████████▌ | 125/145 [00:55<00:09,  2.14it/s, loss=0.0712]
Ep  17 [train]:  86%|████████▌ | 125/145 [00:55<00:09,  2.14it/s, loss=0.0778]
Ep  17 [train]:  87%|████████▋ | 126/145 [00:55<00:07,  2.58it/s, loss=0.0778]
Ep  17 [train]:  87%|████████▋ | 126/145 [00:56<00:07,  2.58it/s, loss=0.0740]
Ep  17 [train]:  88%|████████▊ | 127/145 [00:56<00:08,  2.03it/s, loss=0.0740]
Ep  17 [train]:  88%|████████▊ | 127/145 [00:56<00:08,  2.03it/s, loss=0.0739]
Ep  17 [train]:  88%|████████▊ | 128/145 [00:56<00:06,  2.47it/s, loss=0.0739]
Ep  17 [train]:  88%|████████▊ | 128/145 [00:57<00:06,  2.47it/s, loss=0.0707]
Ep  17 [train]:  89%|████████▉ | 129/145 [00:57<00:07,  2.03it/s, loss=0.0707]
Ep  17 [train]:  89%|████████▉ | 129/145 [00:57<00:07,  2.03it/s, loss=0.0750]
Ep  17 [train]:  90%|████████▉ | 130/145 [00:57<00:06,  2.46it/s, loss=0.0750]
Ep  17 [train]:  90%|████████▉ | 130/145 [00:58<00:06,  2.46it/s, loss=0.0710]
Ep  17 [train]:  90%|█████████ | 131/145 [00:58<00:07,  1.96it/s, loss=0.0710]
Ep  17 [train]:  90%|█████████ | 131/145 [00:58<00:07,  1.96it/s, loss=0.0764]
Ep  17 [train]:  91%|█████████ | 132/145 [00:58<00:05,  2.43it/s, loss=0.0764]
Ep  17 [train]:  91%|█████████ | 132/145 [00:59<00:05,  2.43it/s, loss=0.0725]
Ep  17 [train]:  92%|█████████▏| 133/145 [00:59<00:06,  1.91it/s, loss=0.0725]
Ep  17 [train]:  92%|█████████▏| 133/145 [00:59<00:06,  1.91it/s, loss=0.0799]
Ep  17 [train]:  92%|█████████▏| 134/145 [00:59<00:04,  2.30it/s, loss=0.0799]
Ep  17 [train]:  92%|█████████▏| 134/145 [01:00<00:04,  2.30it/s, loss=0.0778]
Ep  17 [train]:  93%|█████████▎| 135/145 [01:00<00:05,  1.84it/s, loss=0.0778]
Ep  17 [train]:  93%|█████████▎| 135/145 [01:00<00:05,  1.84it/s, loss=0.0830]
Ep  17 [train]:  94%|█████████▍| 136/145 [01:00<00:03,  2.30it/s, loss=0.0830]
Ep  17 [train]:  94%|█████████▍| 136/145 [01:01<00:03,  2.30it/s, loss=0.0773]
Ep  17 [train]:  94%|█████████▍| 137/145 [01:01<00:04,  1.88it/s, loss=0.0773]
Ep  17 [train]:  94%|█████████▍| 137/145 [01:01<00:04,  1.88it/s, loss=0.0827]
Ep  17 [train]:  95%|█████████▌| 138/145 [01:01<00:02,  2.34it/s, loss=0.0827]
Ep  17 [train]:  95%|█████████▌| 138/145 [01:02<00:02,  2.34it/s, loss=0.0764]
Ep  17 [train]:  96%|█████████▌| 139/145 [01:02<00:03,  1.96it/s, loss=0.0764]
Ep  17 [train]:  96%|█████████▌| 139/145 [01:02<00:03,  1.96it/s, loss=0.0856]
Ep  17 [train]:  97%|█████████▋| 140/145 [01:02<00:02,  2.42it/s, loss=0.0856]
Ep  17 [train]:  97%|█████████▋| 140/145 [01:03<00:02,  2.42it/s, loss=0.0734]
Ep  17 [train]:  97%|█████████▋| 141/145 [01:03<00:02,  1.97it/s, loss=0.0734]
Ep  17 [train]:  97%|█████████▋| 141/145 [01:03<00:02,  1.97it/s, loss=0.0793]
Ep  17 [train]:  98%|█████████▊| 142/145 [01:03<00:01,  2.44it/s, loss=0.0793]
Ep  17 [train]:  98%|█████████▊| 142/145 [01:04<00:01,  2.44it/s, loss=0.0737]
Ep  17 [train]:  99%|█████████▊| 143/145 [01:04<00:00,  2.03it/s, loss=0.0737]
Ep  17 [train]:  99%|█████████▊| 143/145 [01:04<00:00,  2.03it/s, loss=0.0803]
Ep  17 [train]:  99%|█████████▉| 144/145 [01:04<00:00,  2.53it/s, loss=0.0803]
Ep  17 [train]:  99%|█████████▉| 144/145 [01:04<00:00,  2.53it/s, loss=0.0748]
Ep  17 [train]: 100%|██████████| 145/145 [01:04<00:00,  2.10it/s, loss=0.0748]
                                                                              
  Ep  17 [train]  loss=0.0756  rmse_c=0.2389  mae_c=0.2157  r2_c=0.021  rmse_h=0.3072  mae_h=0.2282  r2_h=0.457  sup=0.324

Ep  17 [val  ]:   0%|          | 0/39 [00:00<?, ?it/s]
Ep  17 [val  ]:   0%|          | 0/39 [00:00<?, ?it/s, loss=0.0957]
Ep  17 [val  ]:   3%|▎         | 1/39 [00:00<00:33,  1.13it/s, loss=0.0957]
Ep  17 [val  ]:   3%|▎         | 1/39 [00:01<00:33,  1.13it/s, loss=0.0894]
Ep  17 [val  ]:   5%|▌         | 2/39 [00:01<00:17,  2.09it/s, loss=0.0894]
Ep  17 [val  ]:   5%|▌         | 2/39 [00:01<00:17,  2.09it/s, loss=0.0755]
Ep  17 [val  ]:   8%|▊         | 3/39 [00:01<00:18,  1.94it/s, loss=0.0755]
Ep  17 [val  ]:   8%|▊         | 3/39 [00:02<00:18,  1.94it/s, loss=0.0715]
Ep  17 [val  ]:  10%|█         | 4/39 [00:02<00:16,  2.17it/s, loss=0.0715]
Ep  17 [val  ]:  10%|█         | 4/39 [00:02<00:16,  2.17it/s, loss=0.0743]
Ep  17 [val  ]:  13%|█▎        | 5/39 [00:02<00:13,  2.46it/s, loss=0.0743]
Ep  17 [val  ]:  13%|█▎        | 5/39 [00:02<00:13,  2.46it/s, loss=0.0846]
Ep  17 [val  ]:  15%|█▌        | 6/39 [00:02<00:14,  2.31it/s, loss=0.0846]
Ep  17 [val  ]:  15%|█▌        | 6/39 [00:03<00:14,  2.31it/s, loss=0.0795]
Ep  17 [val  ]:  18%|█▊        | 7/39 [00:03<00:11,  2.67it/s, loss=0.0795]
Ep  17 [val  ]:  18%|█▊        | 7/39 [00:03<00:11,  2.67it/s, loss=0.0721]
Ep  17 [val  ]:  21%|██        | 8/39 [00:03<00:14,  2.12it/s, loss=0.0721]
Ep  17 [val  ]:  21%|██        | 8/39 [00:03<00:14,  2.12it/s, loss=0.0706]
Ep  17 [val  ]:  21%|██        | 8/39 [00:04<00:14,  2.12it/s, loss=0.0811]
Ep  17 [val  ]:  26%|██▌       | 10/39 [00:04<00:13,  2.20it/s, loss=0.0811]
Ep  17 [val  ]:  26%|██▌       | 10/39 [00:04<00:13,  2.20it/s, loss=0.0718]
Ep  17 [val  ]:  26%|██▌       | 10/39 [00:05<00:13,  2.20it/s, loss=0.0751]
Ep  17 [val  ]:  31%|███       | 12/39 [00:05<00:12,  2.23it/s, loss=0.0751]
Ep  17 [val  ]:  31%|███       | 12/39 [00:05<00:12,  2.23it/s, loss=0.0763]
Ep  17 [val  ]:  31%|███       | 12/39 [00:06<00:12,  2.23it/s, loss=0.0834]
Ep  17 [val  ]:  36%|███▌      | 14/39 [00:06<00:11,  2.23it/s, loss=0.0834]
Ep  17 [val  ]:  36%|███▌      | 14/39 [00:06<00:11,  2.23it/s, loss=0.0925]
Ep  17 [val  ]:  36%|███▌      | 14/39 [00:07<00:11,  2.23it/s, loss=0.0930]
Ep  17 [val  ]:  41%|████      | 16/39 [00:07<00:10,  2.16it/s, loss=0.0930]
Ep  17 [val  ]:  41%|████      | 16/39 [00:07<00:10,  2.16it/s, loss=0.0920]
Ep  17 [val  ]:  41%|████      | 16/39 [00:08<00:10,  2.16it/s, loss=0.0839]
Ep  17 [val  ]:  46%|████▌     | 18/39 [00:08<00:09,  2.30it/s, loss=0.0839]
Ep  17 [val  ]:  46%|████▌     | 18/39 [00:08<00:09,  2.30it/s, loss=0.0977]
Ep  17 [val  ]:  46%|████▌     | 18/39 [00:08<00:09,  2.30it/s, loss=0.0724]
Ep  17 [val  ]:  51%|█████▏    | 20/39 [00:08<00:07,  2.41it/s, loss=0.0724]
Ep  17 [val  ]:  51%|█████▏    | 20/39 [00:08<00:07,  2.41it/s, loss=0.0576]
Ep  17 [val  ]:  51%|█████▏    | 20/39 [00:09<00:07,  2.41it/s, loss=0.0645]
Ep  17 [val  ]:  56%|█████▋    | 22/39 [00:09<00:07,  2.40it/s, loss=0.0645]
Ep  17 [val  ]:  56%|█████▋    | 22/39 [00:09<00:07,  2.40it/s, loss=0.0604]
Ep  17 [val  ]:  56%|█████▋    | 22/39 [00:10<00:07,  2.40it/s, loss=0.0624]
Ep  17 [val  ]:  62%|██████▏   | 24/39 [00:10<00:05,  2.51it/s, loss=0.0624]
Ep  17 [val  ]:  62%|██████▏   | 24/39 [00:10<00:05,  2.51it/s, loss=0.0643]
Ep  17 [val  ]:  62%|██████▏   | 24/39 [00:11<00:05,  2.51it/s, loss=0.0711]
Ep  17 [val  ]:  67%|██████▋   | 26/39 [00:11<00:05,  2.59it/s, loss=0.0711]
Ep  17 [val  ]:  67%|██████▋   | 26/39 [00:11<00:05,  2.59it/s, loss=0.0788]
Ep  17 [val  ]:  67%|██████▋   | 26/39 [00:11<00:05,  2.59it/s, loss=0.1173]
Ep  17 [val  ]:  72%|███████▏  | 28/39 [00:11<00:04,  2.62it/s, loss=0.1173]
Ep  17 [val  ]:  72%|███████▏  | 28/39 [00:11<00:04,  2.62it/s, loss=0.0907]
Ep  17 [val  ]:  72%|███████▏  | 28/39 [00:12<00:04,  2.62it/s, loss=0.0828]
Ep  17 [val  ]:  77%|███████▋  | 30/39 [00:12<00:03,  2.61it/s, loss=0.0828]
Ep  17 [val  ]:  77%|███████▋  | 30/39 [00:12<00:03,  2.61it/s, loss=0.0795]
Ep  17 [val  ]:  77%|███████▋  | 30/39 [00:13<00:03,  2.61it/s, loss=0.0717]
Ep  17 [val  ]:  82%|████████▏ | 32/39 [00:13<00:02,  2.56it/s, loss=0.0717]
Ep  17 [val  ]:  82%|████████▏ | 32/39 [00:13<00:02,  2.56it/s, loss=0.0726]
Ep  17 [val  ]:  82%|████████▏ | 32/39 [00:14<00:02,  2.56it/s, loss=0.0711]
Ep  17 [val  ]:  87%|████████▋ | 34/39 [00:14<00:01,  2.53it/s, loss=0.0711]
Ep  17 [val  ]:  87%|████████▋ | 34/39 [00:14<00:01,  2.53it/s, loss=0.0752]
Ep  17 [val  ]:  87%|████████▋ | 34/39 [00:15<00:01,  2.53it/s, loss=0.0693]
Ep  17 [val  ]:  92%|█████████▏| 36/39 [00:15<00:01,  2.52it/s, loss=0.0693]
Ep  17 [val  ]:  92%|█████████▏| 36/39 [00:15<00:01,  2.52it/s, loss=0.0688]
Ep  17 [val  ]:  95%|█████████▍| 37/39 [00:15<00:00,  2.89it/s, loss=0.0688]
Ep  17 [val  ]:  95%|█████████▍| 37/39 [00:15<00:00,  2.89it/s, loss=0.0603]
Ep  17 [val  ]:  97%|█████████▋| 38/39 [00:15<00:00,  2.36it/s, loss=0.0603]
Ep  17 [val  ]:  97%|█████████▋| 38/39 [00:15<00:00,  2.36it/s, loss=0.0708]
                                                                            
  Ep  17 [val  ]  loss=0.0775  rmse_c=0.2455  mae_c=0.2195  r2_c=0.010  rmse_h=0.3093  mae_h=0.2263  r2_h=0.404  sup=0.308

Ep  18 [train]:   0%|          | 0/145 [00:00<?, ?it/s]
Ep  18 [train]:   0%|          | 0/145 [00:01<?, ?it/s, loss=0.0758]
Ep  18 [train]:   1%|          | 1/145 [00:01<02:47,  1.16s/it, loss=0.0758]
Ep  18 [train]:   1%|          | 1/145 [00:01<02:47,  1.16s/it, loss=0.0801]
Ep  18 [train]:   1%|▏         | 2/145 [00:01<01:23,  1.70it/s, loss=0.0801]
Ep  18 [train]:   1%|▏         | 2/145 [00:02<01:23,  1.70it/s, loss=0.0760]
Ep  18 [train]:   2%|▏         | 3/145 [00:02<01:27,  1.62it/s, loss=0.0760]
Ep  18 [train]:   2%|▏         | 3/145 [00:02<01:27,  1.62it/s, loss=0.0729]
Ep  18 [train]:   3%|▎         | 4/145 [00:02<01:02,  2.25it/s, loss=0.0729]
Ep  18 [train]:   3%|▎         | 4/145 [00:02<01:02,  2.25it/s, loss=0.0818]
Ep  18 [train]:   3%|▎         | 5/145 [00:02<01:18,  1.78it/s, loss=0.0818]
Ep  18 [train]:   3%|▎         | 5/145 [00:03<01:18,  1.78it/s, loss=0.0809]
Ep  18 [train]:   4%|▍         | 6/145 [00:03<00:59,  2.34it/s, loss=0.0809]
Ep  18 [train]:   4%|▍         | 6/145 [00:03<00:59,  2.34it/s, loss=0.0769]
Ep  18 [train]:   5%|▍         | 7/145 [00:03<01:10,  1.95it/s, loss=0.0769]
Ep  18 [train]:   5%|▍         | 7/145 [00:03<01:10,  1.95it/s, loss=0.0752]
Ep  18 [train]:   6%|▌         | 8/145 [00:03<00:55,  2.45it/s, loss=0.0752]
Ep  18 [train]:   6%|▌         | 8/145 [00:04<00:55,  2.45it/s, loss=0.0809]
Ep  18 [train]:   6%|▌         | 9/145 [00:04<01:08,  1.98it/s, loss=0.0809]
Ep  18 [train]:   6%|▌         | 9/145 [00:04<01:08,  1.98it/s, loss=0.0752]
Ep  18 [train]:   7%|▋         | 10/145 [00:04<00:54,  2.47it/s, loss=0.0752]
Ep  18 [train]:   7%|▋         | 10/145 [00:05<00:54,  2.47it/s, loss=0.0815]
Ep  18 [train]:   8%|▊         | 11/145 [00:05<01:07,  2.00it/s, loss=0.0815]
Ep  18 [train]:   8%|▊         | 11/145 [00:05<01:07,  2.00it/s, loss=0.0735]
Ep  18 [train]:   8%|▊         | 12/145 [00:05<00:53,  2.49it/s, loss=0.0735]
Ep  18 [train]:   8%|▊         | 12/145 [00:06<00:53,  2.49it/s, loss=0.0736]
Ep  18 [train]:   9%|▉         | 13/145 [00:06<01:05,  2.00it/s, loss=0.0736]
Ep  18 [train]:   9%|▉         | 13/145 [00:06<01:05,  2.00it/s, loss=0.0781]
Ep  18 [train]:  10%|▉         | 14/145 [00:06<00:52,  2.49it/s, loss=0.0781]
Ep  18 [train]:  10%|▉         | 14/145 [00:07<00:52,  2.49it/s, loss=0.0785]
Ep  18 [train]:  10%|█         | 15/145 [00:07<01:02,  2.09it/s, loss=0.0785]
Ep  18 [train]:  10%|█         | 15/145 [00:07<01:02,  2.09it/s, loss=0.0743]
Ep  18 [train]:  11%|█         | 16/145 [00:07<00:50,  2.56it/s, loss=0.0743]
Ep  18 [train]:  11%|█         | 16/145 [00:08<00:50,  2.56it/s, loss=0.0724]
Ep  18 [train]:  12%|█▏        | 17/145 [00:08<01:00,  2.10it/s, loss=0.0724]
Ep  18 [train]:  12%|█▏        | 17/145 [00:08<01:00,  2.10it/s, loss=0.0747]
Ep  18 [train]:  12%|█▏        | 18/145 [00:08<00:50,  2.54it/s, loss=0.0747]
Ep  18 [train]:  12%|█▏        | 18/145 [00:09<00:50,  2.54it/s, loss=0.0764]
Ep  18 [train]:  13%|█▎        | 19/145 [00:09<01:01,  2.05it/s, loss=0.0764]
Ep  18 [train]:  13%|█▎        | 19/145 [00:09<01:01,  2.05it/s, loss=0.0676]
Ep  18 [train]:  14%|█▍        | 20/145 [00:09<00:50,  2.49it/s, loss=0.0676]
Ep  18 [train]:  14%|█▍        | 20/145 [00:10<00:50,  2.49it/s, loss=0.0750]
Ep  18 [train]:  14%|█▍        | 21/145 [00:10<01:01,  2.02it/s, loss=0.0750]
Ep  18 [train]:  14%|█▍        | 21/145 [00:10<01:01,  2.02it/s, loss=0.0768]
Ep  18 [train]:  15%|█▌        | 22/145 [00:10<00:49,  2.47it/s, loss=0.0768]
Ep  18 [train]:  15%|█▌        | 22/145 [00:10<00:49,  2.47it/s, loss=0.0750]
Ep  18 [train]:  16%|█▌        | 23/145 [00:10<00:58,  2.09it/s, loss=0.0750]
Ep  18 [train]:  16%|█▌        | 23/145 [00:11<00:58,  2.09it/s, loss=0.0815]
Ep  18 [train]:  17%|█▋        | 24/145 [00:11<00:48,  2.51it/s, loss=0.0815]
Ep  18 [train]:  17%|█▋        | 24/145 [00:11<00:48,  2.51it/s, loss=0.0713]
Ep  18 [train]:  17%|█▋        | 25/145 [00:11<00:57,  2.10it/s, loss=0.0713]
Ep  18 [train]:  17%|█▋        | 25/145 [00:11<00:57,  2.10it/s, loss=0.0806]
Ep  18 [train]:  18%|█▊        | 26/145 [00:11<00:46,  2.55it/s, loss=0.0806]
Ep  18 [train]:  18%|█▊        | 26/145 [00:12<00:46,  2.55it/s, loss=0.0834]
Ep  18 [train]:  19%|█▊        | 27/145 [00:12<00:56,  2.09it/s, loss=0.0834]
Ep  18 [train]:  19%|█▊        | 27/145 [00:12<00:56,  2.09it/s, loss=0.0759]
Ep  18 [train]:  19%|█▉        | 28/145 [00:12<00:45,  2.56it/s, loss=0.0759]
Ep  18 [train]:  19%|█▉        | 28/145 [00:13<00:45,  2.56it/s, loss=0.0723]
Ep  18 [train]:  20%|██        | 29/145 [00:13<00:56,  2.05it/s, loss=0.0723]
Ep  18 [train]:  20%|██        | 29/145 [00:13<00:56,  2.05it/s, loss=0.0789]
Ep  18 [train]:  21%|██        | 30/145 [00:13<00:45,  2.52it/s, loss=0.0789]
Ep  18 [train]:  21%|██        | 30/145 [00:14<00:45,  2.52it/s, loss=0.0685]
Ep  18 [train]:  21%|██▏       | 31/145 [00:14<00:58,  1.94it/s, loss=0.0685]
Ep  18 [train]:  21%|██▏       | 31/145 [00:14<00:58,  1.94it/s, loss=0.0773]
Ep  18 [train]:  22%|██▏       | 32/145 [00:14<00:47,  2.40it/s, loss=0.0773]
Ep  18 [train]:  22%|██▏       | 32/145 [00:15<00:47,  2.40it/s, loss=0.0748]
Ep  18 [train]:  23%|██▎       | 33/145 [00:15<00:57,  1.95it/s, loss=0.0748]
Ep  18 [train]:  23%|██▎       | 33/145 [00:15<00:57,  1.95it/s, loss=0.0739]
Ep  18 [train]:  23%|██▎       | 34/145 [00:15<00:46,  2.37it/s, loss=0.0739]
Ep  18 [train]:  23%|██▎       | 34/145 [00:16<00:46,  2.37it/s, loss=0.0721]
Ep  18 [train]:  24%|██▍       | 35/145 [00:16<00:53,  2.04it/s, loss=0.0721]
Ep  18 [train]:  24%|██▍       | 35/145 [00:16<00:53,  2.04it/s, loss=0.0764]
Ep  18 [train]:  25%|██▍       | 36/145 [00:16<00:43,  2.51it/s, loss=0.0764]
Ep  18 [train]:  25%|██▍       | 36/145 [00:17<00:43,  2.51it/s, loss=0.0771]
Ep  18 [train]:  26%|██▌       | 37/145 [00:17<00:51,  2.08it/s, loss=0.0771]
Ep  18 [train]:  26%|██▌       | 37/145 [00:17<00:51,  2.08it/s, loss=0.0681]
Ep  18 [train]:  26%|██▌       | 38/145 [00:17<00:42,  2.50it/s, loss=0.0681]
Ep  18 [train]:  26%|██▌       | 38/145 [00:18<00:42,  2.50it/s, loss=0.0817]
Ep  18 [train]:  27%|██▋       | 39/145 [00:18<00:54,  1.95it/s, loss=0.0817]
Ep  18 [train]:  27%|██▋       | 39/145 [00:18<00:54,  1.95it/s, loss=0.0730]
Ep  18 [train]:  28%|██▊       | 40/145 [00:18<00:43,  2.40it/s, loss=0.0730]
Ep  18 [train]:  28%|██▊       | 40/145 [00:18<00:43,  2.40it/s, loss=0.0758]
Ep  18 [train]:  28%|██▊       | 41/145 [00:18<00:50,  2.07it/s, loss=0.0758]
Ep  18 [train]:  28%|██▊       | 41/145 [00:19<00:50,  2.07it/s, loss=0.0717]
Ep  18 [train]:  29%|██▉       | 42/145 [00:19<00:40,  2.52it/s, loss=0.0717]
Ep  18 [train]:  29%|██▉       | 42/145 [00:19<00:40,  2.52it/s, loss=0.0682]
Ep  18 [train]:  30%|██▉       | 43/145 [00:19<00:50,  2.04it/s, loss=0.0682]
Ep  18 [train]:  30%|██▉       | 43/145 [00:20<00:50,  2.04it/s, loss=0.0731]
Ep  18 [train]:  30%|███       | 44/145 [00:20<00:40,  2.50it/s, loss=0.0731]
Ep  18 [train]:  30%|███       | 44/145 [00:20<00:40,  2.50it/s, loss=0.0705]
Ep  18 [train]:  31%|███       | 45/145 [00:20<00:47,  2.11it/s, loss=0.0705]
Ep  18 [train]:  31%|███       | 45/145 [00:20<00:47,  2.11it/s, loss=0.0784]
Ep  18 [train]:  32%|███▏      | 46/145 [00:20<00:38,  2.55it/s, loss=0.0784]
Ep  18 [train]:  32%|███▏      | 46/145 [00:21<00:38,  2.55it/s, loss=0.0748]
Ep  18 [train]:  32%|███▏      | 47/145 [00:21<00:47,  2.08it/s, loss=0.0748]
Ep  18 [train]:  32%|███▏      | 47/145 [00:21<00:47,  2.08it/s, loss=0.0762]
Ep  18 [train]:  33%|███▎      | 48/145 [00:21<00:38,  2.53it/s, loss=0.0762]
Ep  18 [train]:  33%|███▎      | 48/145 [00:22<00:38,  2.53it/s, loss=0.0734]
Ep  18 [train]:  34%|███▍      | 49/145 [00:22<00:44,  2.18it/s, loss=0.0734]
Ep  18 [train]:  34%|███▍      | 49/145 [00:22<00:44,  2.18it/s, loss=0.0771]
Ep  18 [train]:  34%|███▍      | 50/145 [00:22<00:35,  2.66it/s, loss=0.0771]
Ep  18 [train]:  34%|███▍      | 50/145 [00:23<00:35,  2.66it/s, loss=0.0803]
Ep  18 [train]:  35%|███▌      | 51/145 [00:23<00:43,  2.15it/s, loss=0.0803]
Ep  18 [train]:  35%|███▌      | 51/145 [00:23<00:43,  2.15it/s, loss=0.0729]
Ep  18 [train]:  36%|███▌      | 52/145 [00:23<00:35,  2.64it/s, loss=0.0729]
Ep  18 [train]:  36%|███▌      | 52/145 [00:24<00:35,  2.64it/s, loss=0.0673]
Ep  18 [train]:  37%|███▋      | 53/145 [00:24<00:47,  1.94it/s, loss=0.0673]
Ep  18 [train]:  37%|███▋      | 53/145 [00:24<00:47,  1.94it/s, loss=0.0748]
Ep  18 [train]:  37%|███▋      | 54/145 [00:24<00:38,  2.37it/s, loss=0.0748]
Ep  18 [train]:  37%|███▋      | 54/145 [00:25<00:38,  2.37it/s, loss=0.0696]
Ep  18 [train]:  38%|███▊      | 55/145 [00:25<00:48,  1.87it/s, loss=0.0696]
Ep  18 [train]:  38%|███▊      | 55/145 [00:25<00:48,  1.87it/s, loss=0.0778]
Ep  18 [train]:  39%|███▊      | 56/145 [00:25<00:38,  2.32it/s, loss=0.0778]
Ep  18 [train]:  39%|███▊      | 56/145 [00:26<00:38,  2.32it/s, loss=0.0721]
Ep  18 [train]:  39%|███▉      | 57/145 [00:26<00:47,  1.85it/s, loss=0.0721]
Ep  18 [train]:  39%|███▉      | 57/145 [00:26<00:47,  1.85it/s, loss=0.0745]
Ep  18 [train]:  40%|████      | 58/145 [00:26<00:37,  2.31it/s, loss=0.0745]
Ep  18 [train]:  40%|████      | 58/145 [00:27<00:37,  2.31it/s, loss=0.0720]
Ep  18 [train]:  41%|████      | 59/145 [00:27<00:46,  1.85it/s, loss=0.0720]
Ep  18 [train]:  41%|████      | 59/145 [00:27<00:46,  1.85it/s, loss=0.0792]
Ep  18 [train]:  41%|████▏     | 60/145 [00:27<00:37,  2.26it/s, loss=0.0792]
Ep  18 [train]:  41%|████▏     | 60/145 [00:28<00:37,  2.26it/s, loss=0.0750]
Ep  18 [train]:  42%|████▏     | 61/145 [00:28<00:43,  1.91it/s, loss=0.0750]
Ep  18 [train]:  42%|████▏     | 61/145 [00:28<00:43,  1.91it/s, loss=0.0782]
Ep  18 [train]:  43%|████▎     | 62/145 [00:28<00:35,  2.35it/s, loss=0.0782]
Ep  18 [train]:  43%|████▎     | 62/145 [00:28<00:35,  2.35it/s, loss=0.0706]
Ep  18 [train]:  43%|████▎     | 63/145 [00:28<00:39,  2.05it/s, loss=0.0706]
Ep  18 [train]:  43%|████▎     | 63/145 [00:29<00:39,  2.05it/s, loss=0.0788]
Ep  18 [train]:  44%|████▍     | 64/145 [00:29<00:31,  2.53it/s, loss=0.0788]
Ep  18 [train]:  44%|████▍     | 64/145 [00:29<00:31,  2.53it/s, loss=0.0751]
Ep  18 [train]:  45%|████▍     | 65/145 [00:29<00:38,  2.09it/s, loss=0.0751]
Ep  18 [train]:  45%|████▍     | 65/145 [00:30<00:38,  2.09it/s, loss=0.0726]
Ep  18 [train]:  46%|████▌     | 66/145 [00:30<00:30,  2.55it/s, loss=0.0726]
Ep  18 [train]:  46%|████▌     | 66/145 [00:30<00:30,  2.55it/s, loss=0.0773]
Ep  18 [train]:  46%|████▌     | 67/145 [00:30<00:38,  2.01it/s, loss=0.0773]
Ep  18 [train]:  46%|████▌     | 67/145 [00:30<00:38,  2.01it/s, loss=0.0737]
Ep  18 [train]:  47%|████▋     | 68/145 [00:30<00:31,  2.43it/s, loss=0.0737]
Ep  18 [train]:  47%|████▋     | 68/145 [00:31<00:31,  2.43it/s, loss=0.0764]
Ep  18 [train]:  48%|████▊     | 69/145 [00:31<00:38,  1.97it/s, loss=0.0764]
Ep  18 [train]:  48%|████▊     | 69/145 [00:31<00:38,  1.97it/s, loss=0.0720]
Ep  18 [train]:  48%|████▊     | 70/145 [00:31<00:30,  2.43it/s, loss=0.0720]
Ep  18 [train]:  48%|████▊     | 70/145 [00:32<00:30,  2.43it/s, loss=0.0744]
Ep  18 [train]:  49%|████▉     | 71/145 [00:32<00:37,  1.95it/s, loss=0.0744]
Ep  18 [train]:  49%|████▉     | 71/145 [00:32<00:37,  1.95it/s, loss=0.0725]
Ep  18 [train]:  50%|████▉     | 72/145 [00:32<00:30,  2.42it/s, loss=0.0725]
Ep  18 [train]:  50%|████▉     | 72/145 [00:33<00:30,  2.42it/s, loss=0.0783]
Ep  18 [train]:  50%|█████     | 73/145 [00:33<00:36,  1.95it/s, loss=0.0783]
Ep  18 [train]:  50%|█████     | 73/145 [00:33<00:36,  1.95it/s, loss=0.0708]
Ep  18 [train]:  51%|█████     | 74/145 [00:33<00:29,  2.41it/s, loss=0.0708]
Ep  18 [train]:  51%|█████     | 74/145 [00:34<00:29,  2.41it/s, loss=0.0854]
Ep  18 [train]:  52%|█████▏    | 75/145 [00:34<00:35,  1.99it/s, loss=0.0854]
Ep  18 [train]:  52%|█████▏    | 75/145 [00:34<00:35,  1.99it/s, loss=0.0716]
Ep  18 [train]:  52%|█████▏    | 76/145 [00:34<00:28,  2.44it/s, loss=0.0716]
Ep  18 [train]:  52%|█████▏    | 76/145 [00:35<00:28,  2.44it/s, loss=0.0754]
Ep  18 [train]:  53%|█████▎    | 77/145 [00:35<00:34,  1.97it/s, loss=0.0754]
Ep  18 [train]:  53%|█████▎    | 77/145 [00:35<00:34,  1.97it/s, loss=0.0738]
Ep  18 [train]:  54%|█████▍    | 78/145 [00:35<00:27,  2.43it/s, loss=0.0738]
Ep  18 [train]:  54%|█████▍    | 78/145 [00:36<00:27,  2.43it/s, loss=0.0707]
Ep  18 [train]:  54%|█████▍    | 79/145 [00:36<00:35,  1.85it/s, loss=0.0707]
Ep  18 [train]:  54%|█████▍    | 79/145 [00:36<00:35,  1.85it/s, loss=0.0726]
Ep  18 [train]:  55%|█████▌    | 80/145 [00:36<00:28,  2.27it/s, loss=0.0726]
Ep  18 [train]:  55%|█████▌    | 80/145 [00:37<00:28,  2.27it/s, loss=0.0684]
Ep  18 [train]:  56%|█████▌    | 81/145 [00:37<00:34,  1.87it/s, loss=0.0684]
Ep  18 [train]:  56%|█████▌    | 81/145 [00:37<00:34,  1.87it/s, loss=0.0716]
Ep  18 [train]:  57%|█████▋    | 82/145 [00:37<00:27,  2.30it/s, loss=0.0716]
Ep  18 [train]:  57%|█████▋    | 82/145 [00:38<00:27,  2.30it/s, loss=0.0667]
Ep  18 [train]:  57%|█████▋    | 83/145 [00:38<00:32,  1.90it/s, loss=0.0667]
Ep  18 [train]:  57%|█████▋    | 83/145 [00:38<00:32,  1.90it/s, loss=0.0786]
Ep  18 [train]:  58%|█████▊    | 84/145 [00:38<00:25,  2.37it/s, loss=0.0786]
Ep  18 [train]:  58%|█████▊    | 84/145 [00:39<00:25,  2.37it/s, loss=0.0679]
Ep  18 [train]:  59%|█████▊    | 85/145 [00:39<00:31,  1.89it/s, loss=0.0679]
Ep  18 [train]:  59%|█████▊    | 85/145 [00:39<00:31,  1.89it/s, loss=0.0750]
Ep  18 [train]:  59%|█████▉    | 86/145 [00:39<00:24,  2.36it/s, loss=0.0750]
Ep  18 [train]:  59%|█████▉    | 86/145 [00:40<00:24,  2.36it/s, loss=0.0690]
Ep  18 [train]:  60%|██████    | 87/145 [00:40<00:28,  2.05it/s, loss=0.0690]
Ep  18 [train]:  60%|██████    | 87/145 [00:40<00:28,  2.05it/s, loss=0.0745]
Ep  18 [train]:  61%|██████    | 88/145 [00:40<00:22,  2.53it/s, loss=0.0745]
Ep  18 [train]:  61%|██████    | 88/145 [00:40<00:22,  2.53it/s, loss=0.0760]
Ep  18 [train]:  61%|██████▏   | 89/145 [00:40<00:25,  2.24it/s, loss=0.0760]
Ep  18 [train]:  61%|██████▏   | 89/145 [00:41<00:25,  2.24it/s, loss=0.0784]
Ep  18 [train]:  62%|██████▏   | 90/145 [00:41<00:20,  2.71it/s, loss=0.0784]
Ep  18 [train]:  62%|██████▏   | 90/145 [00:41<00:20,  2.71it/s, loss=0.0703]
Ep  18 [train]:  63%|██████▎   | 91/145 [00:41<00:23,  2.27it/s, loss=0.0703]
Ep  18 [train]:  63%|██████▎   | 91/145 [00:41<00:23,  2.27it/s, loss=0.0720]
Ep  18 [train]:  63%|██████▎   | 92/145 [00:41<00:19,  2.74it/s, loss=0.0720]
Ep  18 [train]:  63%|██████▎   | 92/145 [00:42<00:19,  2.74it/s, loss=0.0861]
Ep  18 [train]:  64%|██████▍   | 93/145 [00:42<00:23,  2.20it/s, loss=0.0861]
Ep  18 [train]:  64%|██████▍   | 93/145 [00:42<00:23,  2.20it/s, loss=0.0823]
Ep  18 [train]:  65%|██████▍   | 94/145 [00:42<00:19,  2.65it/s, loss=0.0823]
Ep  18 [train]:  65%|██████▍   | 94/145 [00:43<00:19,  2.65it/s, loss=0.0724]
Ep  18 [train]:  66%|██████▌   | 95/145 [00:43<00:22,  2.22it/s, loss=0.0724]
Ep  18 [train]:  66%|██████▌   | 95/145 [00:43<00:22,  2.22it/s, loss=0.0844]
Ep  18 [train]:  66%|██████▌   | 96/145 [00:43<00:18,  2.70it/s, loss=0.0844]
Ep  18 [train]:  66%|██████▌   | 96/145 [00:44<00:18,  2.70it/s, loss=0.0731]
Ep  18 [train]:  67%|██████▋   | 97/145 [00:44<00:21,  2.27it/s, loss=0.0731]
Ep  18 [train]:  67%|██████▋   | 97/145 [00:44<00:21,  2.27it/s, loss=0.0759]
Ep  18 [train]:  68%|██████▊   | 98/145 [00:44<00:17,  2.69it/s, loss=0.0759]
Ep  18 [train]:  68%|██████▊   | 98/145 [00:44<00:17,  2.69it/s, loss=0.0770]
Ep  18 [train]:  68%|██████▊   | 99/145 [00:44<00:20,  2.26it/s, loss=0.0770]
Ep  18 [train]:  68%|██████▊   | 99/145 [00:45<00:20,  2.26it/s, loss=0.0695]
Ep  18 [train]:  69%|██████▉   | 100/145 [00:45<00:16,  2.70it/s, loss=0.0695]
Ep  18 [train]:  69%|██████▉   | 100/145 [00:45<00:16,  2.70it/s, loss=0.0875]
Ep  18 [train]:  70%|██████▉   | 101/145 [00:45<00:20,  2.16it/s, loss=0.0875]
Ep  18 [train]:  70%|██████▉   | 101/145 [00:46<00:20,  2.16it/s, loss=0.0717]
Ep  18 [train]:  70%|███████   | 102/145 [00:46<00:16,  2.56it/s, loss=0.0717]
Ep  18 [train]:  70%|███████   | 102/145 [00:46<00:16,  2.56it/s, loss=0.0720]
Ep  18 [train]:  71%|███████   | 103/145 [00:46<00:19,  2.13it/s, loss=0.0720]
Ep  18 [train]:  71%|███████   | 103/145 [00:46<00:19,  2.13it/s, loss=0.0745]
Ep  18 [train]:  72%|███████▏  | 104/145 [00:46<00:15,  2.62it/s, loss=0.0745]
Ep  18 [train]:  72%|███████▏  | 104/145 [00:47<00:15,  2.62it/s, loss=0.0762]
Ep  18 [train]:  72%|███████▏  | 105/145 [00:47<00:18,  2.14it/s, loss=0.0762]
Ep  18 [train]:  72%|███████▏  | 105/145 [00:47<00:18,  2.14it/s, loss=0.0761]
Ep  18 [train]:  73%|███████▎  | 106/145 [00:47<00:14,  2.60it/s, loss=0.0761]
Ep  18 [train]:  73%|███████▎  | 106/145 [00:48<00:14,  2.60it/s, loss=0.0887]
Ep  18 [train]:  74%|███████▍  | 107/145 [00:48<00:18,  2.08it/s, loss=0.0887]
Ep  18 [train]:  74%|███████▍  | 107/145 [00:48<00:18,  2.08it/s, loss=0.0771]
Ep  18 [train]:  74%|███████▍  | 108/145 [00:48<00:14,  2.50it/s, loss=0.0771]
Ep  18 [train]:  74%|███████▍  | 108/145 [00:49<00:14,  2.50it/s, loss=0.0756]
Ep  18 [train]:  75%|███████▌  | 109/145 [00:49<00:17,  2.02it/s, loss=0.0756]
Ep  18 [train]:  75%|███████▌  | 109/145 [00:49<00:17,  2.02it/s, loss=0.0728]
Ep  18 [train]:  76%|███████▌  | 110/145 [00:49<00:14,  2.49it/s, loss=0.0728]
Ep  18 [train]:  76%|███████▌  | 110/145 [00:50<00:14,  2.49it/s, loss=0.0729]
Ep  18 [train]:  77%|███████▋  | 111/145 [00:50<00:16,  2.04it/s, loss=0.0729]
Ep  18 [train]:  77%|███████▋  | 111/145 [00:50<00:16,  2.04it/s, loss=0.0714]
Ep  18 [train]:  77%|███████▋  | 112/145 [00:50<00:13,  2.48it/s, loss=0.0714]
Ep  18 [train]:  77%|███████▋  | 112/145 [00:51<00:13,  2.48it/s, loss=0.0765]
Ep  18 [train]:  78%|███████▊  | 113/145 [00:51<00:15,  2.12it/s, loss=0.0765]
Ep  18 [train]:  78%|███████▊  | 113/145 [00:51<00:15,  2.12it/s, loss=0.0814]
Ep  18 [train]:  79%|███████▊  | 114/145 [00:51<00:12,  2.57it/s, loss=0.0814]
Ep  18 [train]:  79%|███████▊  | 114/145 [00:51<00:12,  2.57it/s, loss=0.0770]
Ep  18 [train]:  79%|███████▉  | 115/145 [00:51<00:14,  2.08it/s, loss=0.0770]
Ep  18 [train]:  79%|███████▉  | 115/145 [00:52<00:14,  2.08it/s, loss=0.0715]
Ep  18 [train]:  80%|████████  | 116/145 [00:52<00:11,  2.54it/s, loss=0.0715]
Ep  18 [train]:  80%|████████  | 116/145 [00:52<00:11,  2.54it/s, loss=0.0814]
Ep  18 [train]:  81%|████████  | 117/145 [00:52<00:13,  2.04it/s, loss=0.0814]
Ep  18 [train]:  81%|████████  | 117/145 [00:53<00:13,  2.04it/s, loss=0.0769]
Ep  18 [train]:  81%|████████▏ | 118/145 [00:53<00:10,  2.52it/s, loss=0.0769]
Ep  18 [train]:  81%|████████▏ | 118/145 [00:53<00:10,  2.52it/s, loss=0.0802]
Ep  18 [train]:  82%|████████▏ | 119/145 [00:53<00:13,  2.00it/s, loss=0.0802]
Ep  18 [train]:  82%|████████▏ | 119/145 [00:53<00:13,  2.00it/s, loss=0.0779]
Ep  18 [train]:  83%|████████▎ | 120/145 [00:53<00:10,  2.47it/s, loss=0.0779]
Ep  18 [train]:  83%|████████▎ | 120/145 [00:54<00:10,  2.47it/s, loss=0.0779]
Ep  18 [train]:  83%|████████▎ | 121/145 [00:54<00:11,  2.02it/s, loss=0.0779]
Ep  18 [train]:  83%|████████▎ | 121/145 [00:54<00:11,  2.02it/s, loss=0.0743]
Ep  18 [train]:  84%|████████▍ | 122/145 [00:54<00:09,  2.46it/s, loss=0.0743]
Ep  18 [train]:  84%|████████▍ | 122/145 [00:55<00:09,  2.46it/s, loss=0.0713]
Ep  18 [train]:  85%|████████▍ | 123/145 [00:55<00:10,  2.08it/s, loss=0.0713]
Ep  18 [train]:  85%|████████▍ | 123/145 [00:55<00:10,  2.08it/s, loss=0.0733]
Ep  18 [train]:  86%|████████▌ | 124/145 [00:55<00:08,  2.56it/s, loss=0.0733]
Ep  18 [train]:  86%|████████▌ | 124/145 [00:56<00:08,  2.56it/s, loss=0.0780]
Ep  18 [train]:  86%|████████▌ | 125/145 [00:56<00:09,  2.08it/s, loss=0.0780]
Ep  18 [train]:  86%|████████▌ | 125/145 [00:56<00:09,  2.08it/s, loss=0.0717]
Ep  18 [train]:  87%|████████▋ | 126/145 [00:56<00:07,  2.51it/s, loss=0.0717]
Ep  18 [train]:  87%|████████▋ | 126/145 [00:57<00:07,  2.51it/s, loss=0.0779]
Ep  18 [train]:  88%|████████▊ | 127/145 [00:57<00:08,  2.02it/s, loss=0.0779]
Ep  18 [train]:  88%|████████▊ | 127/145 [00:57<00:08,  2.02it/s, loss=0.0900]
Ep  18 [train]:  88%|████████▊ | 128/145 [00:57<00:06,  2.50it/s, loss=0.0900]
Ep  18 [train]:  88%|████████▊ | 128/145 [00:58<00:06,  2.50it/s, loss=0.0750]
Ep  18 [train]:  89%|████████▉ | 129/145 [00:58<00:07,  2.19it/s, loss=0.0750]
Ep  18 [train]:  89%|████████▉ | 129/145 [00:58<00:07,  2.19it/s, loss=0.0739]
Ep  18 [train]:  90%|████████▉ | 130/145 [00:58<00:05,  2.70it/s, loss=0.0739]
Ep  18 [train]:  90%|████████▉ | 130/145 [00:58<00:05,  2.70it/s, loss=0.0763]
Ep  18 [train]:  90%|█████████ | 131/145 [00:58<00:06,  2.27it/s, loss=0.0763]
Ep  18 [train]:  90%|█████████ | 131/145 [00:59<00:06,  2.27it/s, loss=0.0738]
Ep  18 [train]:  91%|█████████ | 132/145 [00:59<00:04,  2.72it/s, loss=0.0738]
Ep  18 [train]:  91%|█████████ | 132/145 [00:59<00:04,  2.72it/s, loss=0.0671]
Ep  18 [train]:  92%|█████████▏| 133/145 [00:59<00:05,  2.29it/s, loss=0.0671]
Ep  18 [train]:  92%|█████████▏| 133/145 [00:59<00:05,  2.29it/s, loss=0.0775]
Ep  18 [train]:  92%|█████████▏| 134/145 [00:59<00:04,  2.73it/s, loss=0.0775]
Ep  18 [train]:  92%|█████████▏| 134/145 [01:00<00:04,  2.73it/s, loss=0.0719]
Ep  18 [train]:  93%|█████████▎| 135/145 [01:00<00:04,  2.25it/s, loss=0.0719]
Ep  18 [train]:  93%|█████████▎| 135/145 [01:00<00:04,  2.25it/s, loss=0.0833]
Ep  18 [train]:  94%|█████████▍| 136/145 [01:00<00:03,  2.75it/s, loss=0.0833]
Ep  18 [train]:  94%|█████████▍| 136/145 [01:01<00:03,  2.75it/s, loss=0.0800]
Ep  18 [train]:  94%|█████████▍| 137/145 [01:01<00:03,  2.31it/s, loss=0.0800]
Ep  18 [train]:  94%|█████████▍| 137/145 [01:01<00:03,  2.31it/s, loss=0.0735]
Ep  18 [train]:  95%|█████████▌| 138/145 [01:01<00:02,  2.69it/s, loss=0.0735]
Ep  18 [train]:  95%|█████████▌| 138/145 [01:02<00:02,  2.69it/s, loss=0.0813]
Ep  18 [train]:  96%|█████████▌| 139/145 [01:02<00:02,  2.37it/s, loss=0.0813]
Ep  18 [train]:  96%|█████████▌| 139/145 [01:02<00:02,  2.37it/s, loss=0.0789]
Ep  18 [train]:  97%|█████████▋| 140/145 [01:02<00:02,  2.39it/s, loss=0.0789]
Ep  18 [train]:  97%|█████████▋| 140/145 [01:02<00:02,  2.39it/s, loss=0.0763]
Ep  18 [train]:  97%|█████████▋| 141/145 [01:02<00:01,  2.33it/s, loss=0.0763]
Ep  18 [train]:  97%|█████████▋| 141/145 [01:03<00:01,  2.33it/s, loss=0.0731]
Ep  18 [train]:  98%|█████████▊| 142/145 [01:03<00:01,  2.15it/s, loss=0.0731]
Ep  18 [train]:  98%|█████████▊| 142/145 [01:03<00:01,  2.15it/s, loss=0.0790]
Ep  18 [train]:  99%|█████████▊| 143/145 [01:03<00:00,  2.42it/s, loss=0.0790]
Ep  18 [train]:  99%|█████████▊| 143/145 [01:04<00:00,  2.42it/s, loss=0.0740]
Ep  18 [train]:  99%|█████████▉| 144/145 [01:04<00:00,  1.97it/s, loss=0.0740]
Ep  18 [train]:  99%|█████████▉| 144/145 [01:04<00:00,  1.97it/s, loss=0.0693]
Ep  18 [train]: 100%|██████████| 145/145 [01:04<00:00,  2.44it/s, loss=0.0693]
                                                                              
  Ep  18 [train]  loss=0.0755  rmse_c=0.2383  mae_c=0.2151  r2_c=0.022  rmse_h=0.3070  mae_h=0.2285  r2_h=0.461  sup=0.322

Ep  18 [val  ]:   0%|          | 0/39 [00:00<?, ?it/s]
Ep  18 [val  ]:   0%|          | 0/39 [00:00<?, ?it/s, loss=0.0927]
Ep  18 [val  ]:   3%|▎         | 1/39 [00:00<00:33,  1.12it/s, loss=0.0927]
Ep  18 [val  ]:   3%|▎         | 1/39 [00:00<00:33,  1.12it/s, loss=0.0895]
Ep  18 [val  ]:   3%|▎         | 1/39 [00:01<00:33,  1.12it/s, loss=0.0746]
Ep  18 [val  ]:   8%|▊         | 3/39 [00:01<00:18,  1.90it/s, loss=0.0746]
Ep  18 [val  ]:   8%|▊         | 3/39 [00:01<00:18,  1.90it/s, loss=0.0706]
Ep  18 [val  ]:  10%|█         | 4/39 [00:01<00:13,  2.58it/s, loss=0.0706]
Ep  18 [val  ]:  10%|█         | 4/39 [00:02<00:13,  2.58it/s, loss=0.0751]
Ep  18 [val  ]:  13%|█▎        | 5/39 [00:02<00:15,  2.23it/s, loss=0.0751]
Ep  18 [val  ]:  13%|█▎        | 5/39 [00:02<00:15,  2.23it/s, loss=0.0770]
Ep  18 [val  ]:  15%|█▌        | 6/39 [00:02<00:12,  2.68it/s, loss=0.0770]
Ep  18 [val  ]:  15%|█▌        | 6/39 [00:03<00:12,  2.68it/s, loss=0.0728]
Ep  18 [val  ]:  18%|█▊        | 7/39 [00:03<00:13,  2.40it/s, loss=0.0728]
Ep  18 [val  ]:  18%|█▊        | 7/39 [00:03<00:13,  2.40it/s, loss=0.0707]
Ep  18 [val  ]:  21%|██        | 8/39 [00:03<00:12,  2.52it/s, loss=0.0707]
Ep  18 [val  ]:  21%|██        | 8/39 [00:03<00:12,  2.52it/s, loss=0.0686]
Ep  18 [val  ]:  23%|██▎       | 9/39 [00:03<00:11,  2.60it/s, loss=0.0686]
Ep  18 [val  ]:  23%|██▎       | 9/39 [00:04<00:11,  2.60it/s, loss=0.0673]
Ep  18 [val  ]:  26%|██▌       | 10/39 [00:04<00:12,  2.37it/s, loss=0.0673]
Ep  18 [val  ]:  26%|██▌       | 10/39 [00:04<00:12,  2.37it/s, loss=0.0688]
Ep  18 [val  ]:  28%|██▊       | 11/39 [00:04<00:09,  2.86it/s, loss=0.0688]
Ep  18 [val  ]:  28%|██▊       | 11/39 [00:05<00:09,  2.86it/s, loss=0.0751]
Ep  18 [val  ]:  31%|███       | 12/39 [00:05<00:11,  2.30it/s, loss=0.0751]
Ep  18 [val  ]:  31%|███       | 12/39 [00:05<00:11,  2.30it/s, loss=0.0765]
Ep  18 [val  ]:  33%|███▎      | 13/39 [00:05<00:08,  2.97it/s, loss=0.0765]
Ep  18 [val  ]:  33%|███▎      | 13/39 [00:06<00:08,  2.97it/s, loss=0.0840]
Ep  18 [val  ]:  36%|███▌      | 14/39 [00:06<00:12,  2.05it/s, loss=0.0840]
Ep  18 [val  ]:  36%|███▌      | 14/39 [00:06<00:12,  2.05it/s, loss=0.0931]
Ep  18 [val  ]:  36%|███▌      | 14/39 [00:06<00:12,  2.05it/s, loss=0.0924]
Ep  18 [val  ]:  41%|████      | 16/39 [00:06<00:10,  2.19it/s, loss=0.0924]
Ep  18 [val  ]:  41%|████      | 16/39 [00:06<00:10,  2.19it/s, loss=0.0923]
Ep  18 [val  ]:  41%|████      | 16/39 [00:07<00:10,  2.19it/s, loss=0.0837]
Ep  18 [val  ]:  46%|████▌     | 18/39 [00:07<00:09,  2.25it/s, loss=0.0837]
Ep  18 [val  ]:  46%|████▌     | 18/39 [00:07<00:09,  2.25it/s, loss=0.0763]
Ep  18 [val  ]:  46%|████▌     | 18/39 [00:08<00:09,  2.25it/s, loss=0.0644]
Ep  18 [val  ]:  51%|█████▏    | 20/39 [00:08<00:08,  2.25it/s, loss=0.0644]
Ep  18 [val  ]:  51%|█████▏    | 20/39 [00:08<00:08,  2.25it/s, loss=0.0574]
Ep  18 [val  ]:  54%|█████▍    | 21/39 [00:08<00:06,  2.67it/s, loss=0.0574]
Ep  18 [val  ]:  54%|█████▍    | 21/39 [00:09<00:06,  2.67it/s, loss=0.0649]
Ep  18 [val  ]:  56%|█████▋    | 22/39 [00:09<00:07,  2.18it/s, loss=0.0649]
Ep  18 [val  ]:  56%|█████▋    | 22/39 [00:09<00:07,  2.18it/s, loss=0.0609]
Ep  18 [val  ]:  56%|█████▋    | 22/39 [00:10<00:07,  2.18it/s, loss=0.0623]
Ep  18 [val  ]:  62%|██████▏   | 24/39 [00:10<00:06,  2.35it/s, loss=0.0623]
Ep  18 [val  ]:  62%|██████▏   | 24/39 [00:10<00:06,  2.35it/s, loss=0.0641]
Ep  18 [val  ]:  62%|██████▏   | 24/39 [00:11<00:06,  2.35it/s, loss=0.0706]
Ep  18 [val  ]:  67%|██████▋   | 26/39 [00:11<00:05,  2.42it/s, loss=0.0706]
Ep  18 [val  ]:  67%|██████▋   | 26/39 [00:11<00:05,  2.42it/s, loss=0.0797]
Ep  18 [val  ]:  67%|██████▋   | 26/39 [00:11<00:05,  2.42it/s, loss=0.1178]
Ep  18 [val  ]:  72%|███████▏  | 28/39 [00:11<00:04,  2.54it/s, loss=0.1178]
Ep  18 [val  ]:  72%|███████▏  | 28/39 [00:11<00:04,  2.54it/s, loss=0.0920]
Ep  18 [val  ]:  72%|███████▏  | 28/39 [00:12<00:04,  2.54it/s, loss=0.0849]
Ep  18 [val  ]:  77%|███████▋  | 30/39 [00:12<00:03,  2.58it/s, loss=0.0849]
Ep  18 [val  ]:  77%|███████▋  | 30/39 [00:12<00:03,  2.58it/s, loss=0.0851]
Ep  18 [val  ]:  77%|███████▋  | 30/39 [00:13<00:03,  2.58it/s, loss=0.0704]
Ep  18 [val  ]:  82%|████████▏ | 32/39 [00:13<00:02,  2.55it/s, loss=0.0704]
Ep  18 [val  ]:  82%|████████▏ | 32/39 [00:13<00:02,  2.55it/s, loss=0.0750]
Ep  18 [val  ]:  82%|████████▏ | 32/39 [00:14<00:02,  2.55it/s, loss=0.0720]
Ep  18 [val  ]:  87%|████████▋ | 34/39 [00:14<00:02,  2.49it/s, loss=0.0720]
Ep  18 [val  ]:  87%|████████▋ | 34/39 [00:14<00:02,  2.49it/s, loss=0.0753]
Ep  18 [val  ]:  87%|████████▋ | 34/39 [00:15<00:02,  2.49it/s, loss=0.0689]
Ep  18 [val  ]:  92%|█████████▏| 36/39 [00:15<00:01,  2.39it/s, loss=0.0689]
Ep  18 [val  ]:  92%|█████████▏| 36/39 [00:15<00:01,  2.39it/s, loss=0.0703]
Ep  18 [val  ]:  95%|█████████▍| 37/39 [00:15<00:00,  2.77it/s, loss=0.0703]
Ep  18 [val  ]:  95%|█████████▍| 37/39 [00:15<00:00,  2.77it/s, loss=0.0621]
Ep  18 [val  ]:  97%|█████████▋| 38/39 [00:15<00:00,  2.30it/s, loss=0.0621]
Ep  18 [val  ]:  97%|█████████▋| 38/39 [00:15<00:00,  2.30it/s, loss=0.0704]
                                                                            
  Ep  18 [val  ]  loss=0.0761  rmse_c=0.2438  mae_c=0.2190  r2_c=0.024  rmse_h=0.3037  mae_h=0.2264  r2_h=0.426  sup=0.308
  [new best] combined_val_rmse=0.2737

Ep  19 [train]:   0%|          | 0/145 [00:00<?, ?it/s]
Ep  19 [train]:   0%|          | 0/145 [00:01<?, ?it/s, loss=0.0701]
Ep  19 [train]:   1%|          | 1/145 [00:01<02:47,  1.16s/it, loss=0.0701]
Ep  19 [train]:   1%|          | 1/145 [00:01<02:47,  1.16s/it, loss=0.0753]
Ep  19 [train]:   1%|▏         | 2/145 [00:01<01:24,  1.70it/s, loss=0.0753]
Ep  19 [train]:   1%|▏         | 2/145 [00:02<01:24,  1.70it/s, loss=0.0695]
Ep  19 [train]:   2%|▏         | 3/145 [00:02<01:27,  1.62it/s, loss=0.0695]
Ep  19 [train]:   2%|▏         | 3/145 [00:02<01:27,  1.62it/s, loss=0.0741]
Ep  19 [train]:   3%|▎         | 4/145 [00:02<01:03,  2.23it/s, loss=0.0741]
Ep  19 [train]:   3%|▎         | 4/145 [00:02<01:03,  2.23it/s, loss=0.0764]
Ep  19 [train]:   3%|▎         | 5/145 [00:02<01:15,  1.85it/s, loss=0.0764]
Ep  19 [train]:   3%|▎         | 5/145 [00:03<01:15,  1.85it/s, loss=0.0748]
Ep  19 [train]:   4%|▍         | 6/145 [00:03<00:59,  2.35it/s, loss=0.0748]
Ep  19 [train]:   4%|▍         | 6/145 [00:03<00:59,  2.35it/s, loss=0.0690]
Ep  19 [train]:   5%|▍         | 7/145 [00:03<01:09,  1.98it/s, loss=0.0690]
Ep  19 [train]:   5%|▍         | 7/145 [00:03<01:09,  1.98it/s, loss=0.0743]
Ep  19 [train]:   6%|▌         | 8/145 [00:03<00:55,  2.46it/s, loss=0.0743]
Ep  19 [train]:   6%|▌         | 8/145 [00:04<00:55,  2.46it/s, loss=0.0718]
Ep  19 [train]:   6%|▌         | 9/145 [00:04<01:05,  2.07it/s, loss=0.0718]
Ep  19 [train]:   6%|▌         | 9/145 [00:04<01:05,  2.07it/s, loss=0.0732]
Ep  19 [train]:   7%|▋         | 10/145 [00:04<00:53,  2.52it/s, loss=0.0732]
Ep  19 [train]:   7%|▋         | 10/145 [00:05<00:53,  2.52it/s, loss=0.0743]
Ep  19 [train]:   8%|▊         | 11/145 [00:05<01:09,  1.92it/s, loss=0.0743]
Ep  19 [train]:   8%|▊         | 11/145 [00:05<01:09,  1.92it/s, loss=0.0779]
Ep  19 [train]:   8%|▊         | 12/145 [00:05<00:56,  2.35it/s, loss=0.0779]
Ep  19 [train]:   8%|▊         | 12/145 [00:06<00:56,  2.35it/s, loss=0.0778]
Ep  19 [train]:   9%|▉         | 13/145 [00:06<01:03,  2.09it/s, loss=0.0778]
Ep  19 [train]:   9%|▉         | 13/145 [00:06<01:03,  2.09it/s, loss=0.0753]
Ep  19 [train]:  10%|▉         | 14/145 [00:06<00:50,  2.57it/s, loss=0.0753]
Ep  19 [train]:  10%|▉         | 14/145 [00:07<00:50,  2.57it/s, loss=0.0753]
Ep  19 [train]:  10%|█         | 15/145 [00:07<01:03,  2.04it/s, loss=0.0753]
Ep  19 [train]:  10%|█         | 15/145 [00:07<01:03,  2.04it/s, loss=0.0745]
Ep  19 [train]:  11%|█         | 16/145 [00:07<00:51,  2.50it/s, loss=0.0745]
Ep  19 [train]:  11%|█         | 16/145 [00:08<00:51,  2.50it/s, loss=0.0711]
Ep  19 [train]:  12%|█▏        | 17/145 [00:08<01:01,  2.07it/s, loss=0.0711]
Ep  19 [train]:  12%|█▏        | 17/145 [00:08<01:01,  2.07it/s, loss=0.0738]
Ep  19 [train]:  12%|█▏        | 18/145 [00:08<00:49,  2.54it/s, loss=0.0738]
Ep  19 [train]:  12%|█▏        | 18/145 [00:09<00:49,  2.54it/s, loss=0.0714]
Ep  19 [train]:  13%|█▎        | 19/145 [00:09<01:01,  2.03it/s, loss=0.0714]
Ep  19 [train]:  13%|█▎        | 19/145 [00:09<01:01,  2.03it/s, loss=0.0720]
Ep  19 [train]:  14%|█▍        | 20/145 [00:09<00:51,  2.44it/s, loss=0.0720]
Ep  19 [train]:  14%|█▍        | 20/145 [00:10<00:51,  2.44it/s, loss=0.0730]
Ep  19 [train]:  14%|█▍        | 21/145 [00:10<01:00,  2.03it/s, loss=0.0730]
Ep  19 [train]:  14%|█▍        | 21/145 [00:10<01:00,  2.03it/s, loss=0.0695]
Ep  19 [train]:  15%|█▌        | 22/145 [00:10<00:50,  2.44it/s, loss=0.0695]
Ep  19 [train]:  15%|█▌        | 22/145 [00:10<00:50,  2.44it/s, loss=0.0870]
Ep  19 [train]:  16%|█▌        | 23/145 [00:10<00:59,  2.07it/s, loss=0.0870]
Ep  19 [train]:  16%|█▌        | 23/145 [00:11<00:59,  2.07it/s, loss=0.0723]
Ep  19 [train]:  17%|█▋        | 24/145 [00:11<00:51,  2.35it/s, loss=0.0723]
Ep  19 [train]:  17%|█▋        | 24/145 [00:11<00:51,  2.35it/s, loss=0.0693]
Ep  19 [train]:  17%|█▋        | 25/145 [00:11<00:57,  2.07it/s, loss=0.0693]
Ep  19 [train]:  17%|█▋        | 25/145 [00:12<00:57,  2.07it/s, loss=0.0803]
Ep  19 [train]:  18%|█▊        | 26/145 [00:12<00:50,  2.38it/s, loss=0.0803]
Ep  19 [train]:  18%|█▊        | 26/145 [00:12<00:50,  2.38it/s, loss=0.0779]
Ep  19 [train]:  19%|█▊        | 27/145 [00:12<00:54,  2.17it/s, loss=0.0779]
Ep  19 [train]:  19%|█▊        | 27/145 [00:12<00:54,  2.17it/s, loss=0.0820]
Ep  19 [train]:  19%|█▉        | 28/145 [00:12<00:47,  2.48it/s, loss=0.0820]
Ep  19 [train]:  19%|█▉        | 28/145 [00:13<00:47,  2.48it/s, loss=0.0863]
Ep  19 [train]:  20%|██        | 29/145 [00:13<00:53,  2.18it/s, loss=0.0863]
Ep  19 [train]:  20%|██        | 29/145 [00:13<00:53,  2.18it/s, loss=0.0819]
Ep  19 [train]:  21%|██        | 30/145 [00:13<00:48,  2.36it/s, loss=0.0819]
Ep  19 [train]:  21%|██        | 30/145 [00:14<00:48,  2.36it/s, loss=0.0844]
Ep  19 [train]:  21%|██▏       | 31/145 [00:14<00:50,  2.25it/s, loss=0.0844]
Ep  19 [train]:  21%|██▏       | 31/145 [00:14<00:50,  2.25it/s, loss=0.0832]
Ep  19 [train]:  22%|██▏       | 32/145 [00:14<00:48,  2.35it/s, loss=0.0832]
Ep  19 [train]:  22%|██▏       | 32/145 [00:15<00:48,  2.35it/s, loss=0.0704]
Ep  19 [train]:  23%|██▎       | 33/145 [00:15<00:48,  2.30it/s, loss=0.0704]
Ep  19 [train]:  23%|██▎       | 33/145 [00:15<00:48,  2.30it/s, loss=0.0715]
Ep  19 [train]:  23%|██▎       | 34/145 [00:15<00:49,  2.23it/s, loss=0.0715]
Ep  19 [train]:  23%|██▎       | 34/145 [00:15<00:49,  2.23it/s, loss=0.0846]
Ep  19 [train]:  24%|██▍       | 35/145 [00:15<00:45,  2.43it/s, loss=0.0846]
Ep  19 [train]:  24%|██▍       | 35/145 [00:16<00:45,  2.43it/s, loss=0.0688]
Ep  19 [train]:  25%|██▍       | 36/145 [00:16<00:50,  2.15it/s, loss=0.0688]
Ep  19 [train]:  25%|██▍       | 36/145 [00:16<00:50,  2.15it/s, loss=0.0767]
Ep  19 [train]:  26%|██▌       | 37/145 [00:16<00:44,  2.41it/s, loss=0.0767]
Ep  19 [train]:  26%|██▌       | 37/145 [00:17<00:44,  2.41it/s, loss=0.0659]
Ep  19 [train]:  26%|██▌       | 38/145 [00:17<00:50,  2.11it/s, loss=0.0659]
Ep  19 [train]:  26%|██▌       | 38/145 [00:17<00:50,  2.11it/s, loss=0.0719]
Ep  19 [train]:  27%|██▋       | 39/145 [00:17<00:43,  2.45it/s, loss=0.0719]
Ep  19 [train]:  27%|██▋       | 39/145 [00:18<00:43,  2.45it/s, loss=0.0800]
Ep  19 [train]:  28%|██▊       | 40/145 [00:18<00:52,  1.99it/s, loss=0.0800]
Ep  19 [train]:  28%|██▊       | 40/145 [00:18<00:52,  1.99it/s, loss=0.0768]
Ep  19 [train]:  28%|██▊       | 41/145 [00:18<00:43,  2.39it/s, loss=0.0768]
Ep  19 [train]:  28%|██▊       | 41/145 [00:19<00:43,  2.39it/s, loss=0.0693]
Ep  19 [train]:  29%|██▉       | 42/145 [00:19<00:56,  1.84it/s, loss=0.0693]
Ep  19 [train]:  29%|██▉       | 42/145 [00:19<00:56,  1.84it/s, loss=0.0717]
Ep  19 [train]:  30%|██▉       | 43/145 [00:19<00:44,  2.30it/s, loss=0.0717]
Ep  19 [train]:  30%|██▉       | 43/145 [00:20<00:44,  2.30it/s, loss=0.0802]
Ep  19 [train]:  30%|███       | 44/145 [00:20<00:50,  2.01it/s, loss=0.0802]
Ep  19 [train]:  30%|███       | 44/145 [00:20<00:50,  2.01it/s, loss=0.0863]
Ep  19 [train]:  31%|███       | 45/145 [00:20<00:40,  2.48it/s, loss=0.0863]
Ep  19 [train]:  31%|███       | 45/145 [00:21<00:40,  2.48it/s, loss=0.0791]
Ep  19 [train]:  32%|███▏      | 46/145 [00:21<00:49,  1.99it/s, loss=0.0791]
Ep  19 [train]:  32%|███▏      | 46/145 [00:21<00:49,  1.99it/s, loss=0.0703]
Ep  19 [train]:  32%|███▏      | 47/145 [00:21<00:40,  2.44it/s, loss=0.0703]
Ep  19 [train]:  32%|███▏      | 47/145 [00:22<00:40,  2.44it/s, loss=0.0740]
Ep  19 [train]:  33%|███▎      | 48/145 [00:22<00:47,  2.04it/s, loss=0.0740]
Ep  19 [train]:  33%|███▎      | 48/145 [00:22<00:47,  2.04it/s, loss=0.0754]
Ep  19 [train]:  34%|███▍      | 49/145 [00:22<00:38,  2.51it/s, loss=0.0754]
Ep  19 [train]:  34%|███▍      | 49/145 [00:23<00:38,  2.51it/s, loss=0.0725]
Ep  19 [train]:  34%|███▍      | 50/145 [00:23<00:47,  2.01it/s, loss=0.0725]
Ep  19 [train]:  34%|███▍      | 50/145 [00:23<00:47,  2.01it/s, loss=0.0703]
Ep  19 [train]:  35%|███▌      | 51/145 [00:23<00:38,  2.43it/s, loss=0.0703]
Ep  19 [train]:  35%|███▌      | 51/145 [00:23<00:38,  2.43it/s, loss=0.0787]
Ep  19 [train]:  36%|███▌      | 52/145 [00:23<00:46,  2.01it/s, loss=0.0787]
Ep  19 [train]:  36%|███▌      | 52/145 [00:24<00:46,  2.01it/s, loss=0.0811]
Ep  19 [train]:  37%|███▋      | 53/145 [00:24<00:37,  2.47it/s, loss=0.0811]
Ep  19 [train]:  37%|███▋      | 53/145 [00:24<00:37,  2.47it/s, loss=0.0773]
Ep  19 [train]:  37%|███▋      | 54/145 [00:24<00:46,  1.97it/s, loss=0.0773]
Ep  19 [train]:  37%|███▋      | 54/145 [00:25<00:46,  1.97it/s, loss=0.0747]
Ep  19 [train]:  38%|███▊      | 55/145 [00:25<00:36,  2.44it/s, loss=0.0747]
Ep  19 [train]:  38%|███▊      | 55/145 [00:25<00:36,  2.44it/s, loss=0.0676]
Ep  19 [train]:  39%|███▊      | 56/145 [00:25<00:44,  2.00it/s, loss=0.0676]
Ep  19 [train]:  39%|███▊      | 56/145 [00:25<00:44,  2.00it/s, loss=0.0721]
Ep  19 [train]:  39%|███▉      | 57/145 [00:25<00:35,  2.47it/s, loss=0.0721]
Ep  19 [train]:  39%|███▉      | 57/145 [00:26<00:35,  2.47it/s, loss=0.0709]
Ep  19 [train]:  40%|████      | 58/145 [00:26<00:44,  1.97it/s, loss=0.0709]
Ep  19 [train]:  40%|████      | 58/145 [00:26<00:44,  1.97it/s, loss=0.0732]
Ep  19 [train]:  41%|████      | 59/145 [00:26<00:35,  2.39it/s, loss=0.0732]
Ep  19 [train]:  41%|████      | 59/145 [00:27<00:35,  2.39it/s, loss=0.0704]
Ep  19 [train]:  41%|████▏     | 60/145 [00:27<00:42,  1.99it/s, loss=0.0704]
Ep  19 [train]:  41%|████▏     | 60/145 [00:27<00:42,  1.99it/s, loss=0.0703]
Ep  19 [train]:  42%|████▏     | 61/145 [00:27<00:34,  2.44it/s, loss=0.0703]
Ep  19 [train]:  42%|████▏     | 61/145 [00:28<00:34,  2.44it/s, loss=0.0788]
Ep  19 [train]:  43%|████▎     | 62/145 [00:28<00:42,  1.95it/s, loss=0.0788]
Ep  19 [train]:  43%|████▎     | 62/145 [00:28<00:42,  1.95it/s, loss=0.0718]
Ep  19 [train]:  43%|████▎     | 63/145 [00:28<00:34,  2.41it/s, loss=0.0718]
Ep  19 [train]:  43%|████▎     | 63/145 [00:29<00:34,  2.41it/s, loss=0.0692]
Ep  19 [train]:  44%|████▍     | 64/145 [00:29<00:41,  1.96it/s, loss=0.0692]
Ep  19 [train]:  44%|████▍     | 64/145 [00:29<00:41,  1.96it/s, loss=0.0814]
Ep  19 [train]:  45%|████▍     | 65/145 [00:29<00:32,  2.42it/s, loss=0.0814]
Ep  19 [train]:  45%|████▍     | 65/145 [00:30<00:32,  2.42it/s, loss=0.0808]
Ep  19 [train]:  46%|████▌     | 66/145 [00:30<00:41,  1.89it/s, loss=0.0808]
Ep  19 [train]:  46%|████▌     | 66/145 [00:30<00:41,  1.89it/s, loss=0.0710]
Ep  19 [train]:  46%|████▌     | 67/145 [00:30<00:33,  2.35it/s, loss=0.0710]
Ep  19 [train]:  46%|████▌     | 67/145 [00:31<00:33,  2.35it/s, loss=0.0797]
Ep  19 [train]:  47%|████▋     | 68/145 [00:31<00:40,  1.89it/s, loss=0.0797]
Ep  19 [train]:  47%|████▋     | 68/145 [00:31<00:40,  1.89it/s, loss=0.0753]
Ep  19 [train]:  48%|████▊     | 69/145 [00:31<00:33,  2.30it/s, loss=0.0753]
Ep  19 [train]:  48%|████▊     | 69/145 [00:32<00:33,  2.30it/s, loss=0.0693]
Ep  19 [train]:  48%|████▊     | 70/145 [00:32<00:39,  1.92it/s, loss=0.0693]
Ep  19 [train]:  48%|████▊     | 70/145 [00:32<00:39,  1.92it/s, loss=0.0820]
Ep  19 [train]:  49%|████▉     | 71/145 [00:32<00:31,  2.38it/s, loss=0.0820]
Ep  19 [train]:  49%|████▉     | 71/145 [00:33<00:31,  2.38it/s, loss=0.0813]
Ep  19 [train]:  50%|████▉     | 72/145 [00:33<00:39,  1.86it/s, loss=0.0813]
Ep  19 [train]:  50%|████▉     | 72/145 [00:33<00:39,  1.86it/s, loss=0.0803]
Ep  19 [train]:  50%|█████     | 73/145 [00:33<00:30,  2.34it/s, loss=0.0803]
Ep  19 [train]:  50%|█████     | 73/145 [00:34<00:30,  2.34it/s, loss=0.0761]
Ep  19 [train]:  51%|█████     | 74/145 [00:34<00:36,  1.92it/s, loss=0.0761]
Ep  19 [train]:  51%|█████     | 74/145 [00:34<00:36,  1.92it/s, loss=0.0747]
Ep  19 [train]:  52%|█████▏    | 75/145 [00:34<00:29,  2.40it/s, loss=0.0747]
Ep  19 [train]:  52%|█████▏    | 75/145 [00:35<00:29,  2.40it/s, loss=0.0778]
Ep  19 [train]:  52%|█████▏    | 76/145 [00:35<00:36,  1.91it/s, loss=0.0778]
Ep  19 [train]:  52%|█████▏    | 76/145 [00:35<00:36,  1.91it/s, loss=0.0693]
Ep  19 [train]:  53%|█████▎    | 77/145 [00:35<00:29,  2.33it/s, loss=0.0693]
Ep  19 [train]:  53%|█████▎    | 77/145 [00:36<00:29,  2.33it/s, loss=0.0731]
Ep  19 [train]:  54%|█████▍    | 78/145 [00:36<00:34,  1.94it/s, loss=0.0731]
Ep  19 [train]:  54%|█████▍    | 78/145 [00:36<00:34,  1.94it/s, loss=0.0760]
Ep  19 [train]:  54%|█████▍    | 79/145 [00:36<00:27,  2.39it/s, loss=0.0760]
Ep  19 [train]:  54%|█████▍    | 79/145 [00:36<00:27,  2.39it/s, loss=0.0745]
Ep  19 [train]:  55%|█████▌    | 80/145 [00:36<00:31,  2.03it/s, loss=0.0745]
Ep  19 [train]:  55%|█████▌    | 80/145 [00:37<00:31,  2.03it/s, loss=0.0769]
Ep  19 [train]:  56%|█████▌    | 81/145 [00:37<00:25,  2.50it/s, loss=0.0769]
Ep  19 [train]:  56%|█████▌    | 81/145 [00:37<00:25,  2.50it/s, loss=0.0762]
Ep  19 [train]:  57%|█████▋    | 82/145 [00:37<00:31,  2.03it/s, loss=0.0762]
Ep  19 [train]:  57%|█████▋    | 82/145 [00:38<00:31,  2.03it/s, loss=0.0746]
Ep  19 [train]:  57%|█████▋    | 83/145 [00:38<00:24,  2.48it/s, loss=0.0746]
Ep  19 [train]:  57%|█████▋    | 83/145 [00:38<00:24,  2.48it/s, loss=0.0762]
Ep  19 [train]:  58%|█████▊    | 84/145 [00:38<00:28,  2.14it/s, loss=0.0762]
Ep  19 [train]:  58%|█████▊    | 84/145 [00:38<00:28,  2.14it/s, loss=0.0752]
Ep  19 [train]:  59%|█████▊    | 85/145 [00:38<00:23,  2.60it/s, loss=0.0752]
Ep  19 [train]:  59%|█████▊    | 85/145 [00:39<00:23,  2.60it/s, loss=0.0774]
Ep  19 [train]:  59%|█████▉    | 86/145 [00:39<00:26,  2.26it/s, loss=0.0774]
Ep  19 [train]:  59%|█████▉    | 86/145 [00:39<00:26,  2.26it/s, loss=0.0840]
Ep  19 [train]:  60%|██████    | 87/145 [00:39<00:21,  2.69it/s, loss=0.0840]
Ep  19 [train]:  60%|██████    | 87/145 [00:40<00:21,  2.69it/s, loss=0.0746]
Ep  19 [train]:  61%|██████    | 88/145 [00:40<00:24,  2.28it/s, loss=0.0746]
Ep  19 [train]:  61%|██████    | 88/145 [00:40<00:24,  2.28it/s, loss=0.0801]
Ep  19 [train]:  61%|██████▏   | 89/145 [00:40<00:20,  2.77it/s, loss=0.0801]
Ep  19 [train]:  61%|██████▏   | 89/145 [00:41<00:20,  2.77it/s, loss=0.0717]
Ep  19 [train]:  62%|██████▏   | 90/145 [00:41<00:24,  2.28it/s, loss=0.0717]
Ep  19 [train]:  62%|██████▏   | 90/145 [00:41<00:24,  2.28it/s, loss=0.0768]
Ep  19 [train]:  63%|██████▎   | 91/145 [00:41<00:19,  2.76it/s, loss=0.0768]
Ep  19 [train]:  63%|██████▎   | 91/145 [00:41<00:19,  2.76it/s, loss=0.0742]
Ep  19 [train]:  63%|██████▎   | 92/145 [00:41<00:23,  2.29it/s, loss=0.0742]
Ep  19 [train]:  63%|██████▎   | 92/145 [00:42<00:23,  2.29it/s, loss=0.0703]
Ep  19 [train]:  64%|██████▍   | 93/145 [00:42<00:19,  2.72it/s, loss=0.0703]
Ep  19 [train]:  64%|██████▍   | 93/145 [00:42<00:19,  2.72it/s, loss=0.0734]
Ep  19 [train]:  65%|██████▍   | 94/145 [00:42<00:23,  2.16it/s, loss=0.0734]
Ep  19 [train]:  65%|██████▍   | 94/145 [00:42<00:23,  2.16it/s, loss=0.0787]
Ep  19 [train]:  66%|██████▌   | 95/145 [00:42<00:19,  2.57it/s, loss=0.0787]
Ep  19 [train]:  66%|██████▌   | 95/145 [00:43<00:19,  2.57it/s, loss=0.0730]
Ep  19 [train]:  66%|██████▌   | 96/145 [00:43<00:22,  2.14it/s, loss=0.0730]
Ep  19 [train]:  66%|██████▌   | 96/145 [00:43<00:22,  2.14it/s, loss=0.0796]
Ep  19 [train]:  67%|██████▋   | 97/145 [00:43<00:18,  2.57it/s, loss=0.0796]
Ep  19 [train]:  67%|██████▋   | 97/145 [00:44<00:18,  2.57it/s, loss=0.0751]
Ep  19 [train]:  68%|██████▊   | 98/145 [00:44<00:21,  2.16it/s, loss=0.0751]
Ep  19 [train]:  68%|██████▊   | 98/145 [00:44<00:21,  2.16it/s, loss=0.0737]
Ep  19 [train]:  68%|██████▊   | 99/145 [00:44<00:17,  2.61it/s, loss=0.0737]
Ep  19 [train]:  68%|██████▊   | 99/145 [00:45<00:17,  2.61it/s, loss=0.0736]
Ep  19 [train]:  69%|██████▉   | 100/145 [00:45<00:21,  2.08it/s, loss=0.0736]
Ep  19 [train]:  69%|██████▉   | 100/145 [00:45<00:21,  2.08it/s, loss=0.0840]
Ep  19 [train]:  70%|██████▉   | 101/145 [00:45<00:17,  2.56it/s, loss=0.0840]
Ep  19 [train]:  70%|██████▉   | 101/145 [00:46<00:17,  2.56it/s, loss=0.0718]
Ep  19 [train]:  70%|███████   | 102/145 [00:46<00:20,  2.07it/s, loss=0.0718]
Ep  19 [train]:  70%|███████   | 102/145 [00:46<00:20,  2.07it/s, loss=0.0732]
Ep  19 [train]:  71%|███████   | 103/145 [00:46<00:16,  2.54it/s, loss=0.0732]
Ep  19 [train]:  71%|███████   | 103/145 [00:47<00:16,  2.54it/s, loss=0.0695]
Ep  19 [train]:  72%|███████▏  | 104/145 [00:47<00:19,  2.09it/s, loss=0.0695]
Ep  19 [train]:  72%|███████▏  | 104/145 [00:47<00:19,  2.09it/s, loss=0.0708]
Ep  19 [train]:  72%|███████▏  | 105/145 [00:47<00:15,  2.55it/s, loss=0.0708]
Ep  19 [train]:  72%|███████▏  | 105/145 [00:48<00:15,  2.55it/s, loss=0.0707]
Ep  19 [train]:  73%|███████▎  | 106/145 [00:48<00:19,  2.04it/s, loss=0.0707]
Ep  19 [train]:  73%|███████▎  | 106/145 [00:48<00:19,  2.04it/s, loss=0.0692]
Ep  19 [train]:  74%|███████▍  | 107/145 [00:48<00:15,  2.47it/s, loss=0.0692]
Ep  19 [train]:  74%|███████▍  | 107/145 [00:48<00:15,  2.47it/s, loss=0.0759]
Ep  19 [train]:  74%|███████▍  | 108/145 [00:48<00:17,  2.06it/s, loss=0.0759]
Ep  19 [train]:  74%|███████▍  | 108/145 [00:49<00:17,  2.06it/s, loss=0.0706]
Ep  19 [train]:  75%|███████▌  | 109/145 [00:49<00:14,  2.49it/s, loss=0.0706]
Ep  19 [train]:  75%|███████▌  | 109/145 [00:49<00:14,  2.49it/s, loss=0.0713]
Ep  19 [train]:  76%|███████▌  | 110/145 [00:49<00:17,  2.04it/s, loss=0.0713]
Ep  19 [train]:  76%|███████▌  | 110/145 [00:49<00:17,  2.04it/s, loss=0.0792]
Ep  19 [train]:  77%|███████▋  | 111/145 [00:49<00:13,  2.52it/s, loss=0.0792]
Ep  19 [train]:  77%|███████▋  | 111/145 [00:50<00:13,  2.52it/s, loss=0.0779]
Ep  19 [train]:  77%|███████▋  | 112/145 [00:50<00:15,  2.09it/s, loss=0.0779]
Ep  19 [train]:  77%|███████▋  | 112/145 [00:50<00:15,  2.09it/s, loss=0.0714]
Ep  19 [train]:  78%|███████▊  | 113/145 [00:50<00:12,  2.57it/s, loss=0.0714]
Ep  19 [train]:  78%|███████▊  | 113/145 [00:51<00:12,  2.57it/s, loss=0.0687]
Ep  19 [train]:  79%|███████▊  | 114/145 [00:51<00:15,  1.99it/s, loss=0.0687]
Ep  19 [train]:  79%|███████▊  | 114/145 [00:51<00:15,  1.99it/s, loss=0.0684]
Ep  19 [train]:  79%|███████▉  | 115/145 [00:51<00:12,  2.47it/s, loss=0.0684]
Ep  19 [train]:  79%|███████▉  | 115/145 [00:52<00:12,  2.47it/s, loss=0.0673]
Ep  19 [train]:  80%|████████  | 116/145 [00:52<00:14,  2.02it/s, loss=0.0673]
Ep  19 [train]:  80%|████████  | 116/145 [00:52<00:14,  2.02it/s, loss=0.0722]
Ep  19 [train]:  81%|████████  | 117/145 [00:52<00:11,  2.44it/s, loss=0.0722]
Ep  19 [train]:  81%|████████  | 117/145 [00:53<00:11,  2.44it/s, loss=0.0711]
Ep  19 [train]:  81%|████████▏ | 118/145 [00:53<00:13,  1.98it/s, loss=0.0711]
Ep  19 [train]:  81%|████████▏ | 118/145 [00:53<00:13,  1.98it/s, loss=0.0652]
Ep  19 [train]:  82%|████████▏ | 119/145 [00:53<00:10,  2.44it/s, loss=0.0652]
Ep  19 [train]:  82%|████████▏ | 119/145 [00:54<00:10,  2.44it/s, loss=0.0699]
Ep  19 [train]:  83%|████████▎ | 120/145 [00:54<00:12,  2.04it/s, loss=0.0699]
Ep  19 [train]:  83%|████████▎ | 120/145 [00:54<00:12,  2.04it/s, loss=0.0752]
Ep  19 [train]:  83%|████████▎ | 121/145 [00:54<00:09,  2.52it/s, loss=0.0752]
Ep  19 [train]:  83%|████████▎ | 121/145 [00:55<00:09,  2.52it/s, loss=0.0731]
Ep  19 [train]:  84%|████████▍ | 122/145 [00:55<00:10,  2.10it/s, loss=0.0731]
Ep  19 [train]:  84%|████████▍ | 122/145 [00:55<00:10,  2.10it/s, loss=0.0726]
Ep  19 [train]:  85%|████████▍ | 123/145 [00:55<00:08,  2.55it/s, loss=0.0726]
Ep  19 [train]:  85%|████████▍ | 123/145 [00:55<00:08,  2.55it/s, loss=0.0715]
Ep  19 [train]:  86%|████████▌ | 124/145 [00:55<00:09,  2.13it/s, loss=0.0715]
Ep  19 [train]:  86%|████████▌ | 124/145 [00:56<00:09,  2.13it/s, loss=0.0727]
Ep  19 [train]:  86%|████████▌ | 125/145 [00:56<00:07,  2.61it/s, loss=0.0727]
Ep  19 [train]:  86%|████████▌ | 125/145 [00:56<00:07,  2.61it/s, loss=0.0753]
Ep  19 [train]:  87%|████████▋ | 126/145 [00:56<00:08,  2.15it/s, loss=0.0753]
Ep  19 [train]:  87%|████████▋ | 126/145 [00:57<00:08,  2.15it/s, loss=0.0741]
Ep  19 [train]:  88%|████████▊ | 127/145 [00:57<00:07,  2.55it/s, loss=0.0741]
Ep  19 [train]:  88%|████████▊ | 127/145 [00:57<00:07,  2.55it/s, loss=0.0731]
Ep  19 [train]:  88%|████████▊ | 128/145 [00:57<00:09,  1.88it/s, loss=0.0731]
Ep  19 [train]:  88%|████████▊ | 128/145 [00:58<00:09,  1.88it/s, loss=0.0699]
Ep  19 [train]:  89%|████████▉ | 129/145 [00:58<00:06,  2.31it/s, loss=0.0699]
Ep  19 [train]:  89%|████████▉ | 129/145 [00:58<00:06,  2.31it/s, loss=0.0762]
Ep  19 [train]:  90%|████████▉ | 130/145 [00:58<00:07,  2.03it/s, loss=0.0762]
Ep  19 [train]:  90%|████████▉ | 130/145 [00:58<00:07,  2.03it/s, loss=0.0696]
Ep  19 [train]:  90%|█████████ | 131/145 [00:58<00:05,  2.45it/s, loss=0.0696]
Ep  19 [train]:  90%|█████████ | 131/145 [00:59<00:05,  2.45it/s, loss=0.0699]
Ep  19 [train]:  91%|█████████ | 132/145 [00:59<00:06,  2.03it/s, loss=0.0699]
Ep  19 [train]:  91%|█████████ | 132/145 [00:59<00:06,  2.03it/s, loss=0.0763]
Ep  19 [train]:  92%|█████████▏| 133/145 [00:59<00:04,  2.44it/s, loss=0.0763]
Ep  19 [train]:  92%|█████████▏| 133/145 [01:00<00:04,  2.44it/s, loss=0.0718]
Ep  19 [train]:  92%|█████████▏| 134/145 [01:00<00:05,  1.98it/s, loss=0.0718]
Ep  19 [train]:  92%|█████████▏| 134/145 [01:00<00:05,  1.98it/s, loss=0.0725]
Ep  19 [train]:  93%|█████████▎| 135/145 [01:00<00:04,  2.44it/s, loss=0.0725]
Ep  19 [train]:  93%|█████████▎| 135/145 [01:01<00:04,  2.44it/s, loss=0.0840]
Ep  19 [train]:  94%|█████████▍| 136/145 [01:01<00:04,  1.99it/s, loss=0.0840]
Ep  19 [train]:  94%|█████████▍| 136/145 [01:01<00:04,  1.99it/s, loss=0.0742]
Ep  19 [train]:  94%|█████████▍| 137/145 [01:01<00:03,  2.43it/s, loss=0.0742]
Ep  19 [train]:  94%|█████████▍| 137/145 [01:02<00:03,  2.43it/s, loss=0.0712]
Ep  19 [train]:  95%|█████████▌| 138/145 [01:02<00:03,  1.98it/s, loss=0.0712]
Ep  19 [train]:  95%|█████████▌| 138/145 [01:02<00:03,  1.98it/s, loss=0.0726]
Ep  19 [train]:  96%|█████████▌| 139/145 [01:02<00:02,  2.41it/s, loss=0.0726]
Ep  19 [train]:  96%|█████████▌| 139/145 [01:03<00:02,  2.41it/s, loss=0.0745]
Ep  19 [train]:  97%|█████████▋| 140/145 [01:03<00:02,  1.99it/s, loss=0.0745]
Ep  19 [train]:  97%|█████████▋| 140/145 [01:03<00:02,  1.99it/s, loss=0.0718]
Ep  19 [train]:  97%|█████████▋| 141/145 [01:03<00:01,  2.41it/s, loss=0.0718]
Ep  19 [train]:  97%|█████████▋| 141/145 [01:04<00:01,  2.41it/s, loss=0.0660]
Ep  19 [train]:  98%|█████████▊| 142/145 [01:04<00:01,  1.93it/s, loss=0.0660]
Ep  19 [train]:  98%|█████████▊| 142/145 [01:04<00:01,  1.93it/s, loss=0.0792]
Ep  19 [train]:  99%|█████████▊| 143/145 [01:04<00:00,  2.38it/s, loss=0.0792]
Ep  19 [train]:  99%|█████████▊| 143/145 [01:05<00:00,  2.38it/s, loss=0.0688]
Ep  19 [train]:  99%|█████████▉| 144/145 [01:05<00:00,  2.04it/s, loss=0.0688]
Ep  19 [train]:  99%|█████████▉| 144/145 [01:05<00:00,  2.04it/s, loss=0.0710]
Ep  19 [train]: 100%|██████████| 145/145 [01:05<00:00,  2.50it/s, loss=0.0710]
                                                                              
  Ep  19 [train]  loss=0.0744  rmse_c=0.2379  mae_c=0.2150  r2_c=0.023  rmse_h=0.3043  mae_h=0.2259  r2_h=0.467  sup=0.323

Ep  19 [val  ]:   0%|          | 0/39 [00:00<?, ?it/s]
Ep  19 [val  ]:   0%|          | 0/39 [00:00<?, ?it/s, loss=0.0948]
Ep  19 [val  ]:   3%|▎         | 1/39 [00:00<00:36,  1.04it/s, loss=0.0948]
Ep  19 [val  ]:   3%|▎         | 1/39 [00:01<00:36,  1.04it/s, loss=0.0918]
Ep  19 [val  ]:   5%|▌         | 2/39 [00:01<00:17,  2.16it/s, loss=0.0918]
Ep  19 [val  ]:   5%|▌         | 2/39 [00:01<00:17,  2.16it/s, loss=0.0762]
Ep  19 [val  ]:   8%|▊         | 3/39 [00:01<00:19,  1.89it/s, loss=0.0762]
Ep  19 [val  ]:   8%|▊         | 3/39 [00:02<00:19,  1.89it/s, loss=0.0714]
Ep  19 [val  ]:  10%|█         | 4/39 [00:02<00:15,  2.24it/s, loss=0.0714]
Ep  19 [val  ]:  10%|█         | 4/39 [00:02<00:15,  2.24it/s, loss=0.0738]
Ep  19 [val  ]:  13%|█▎        | 5/39 [00:02<00:14,  2.36it/s, loss=0.0738]
Ep  19 [val  ]:  13%|█▎        | 5/39 [00:02<00:14,  2.36it/s, loss=0.0855]
Ep  19 [val  ]:  15%|█▌        | 6/39 [00:02<00:14,  2.22it/s, loss=0.0855]
Ep  19 [val  ]:  15%|█▌        | 6/39 [00:03<00:14,  2.22it/s, loss=0.0765]
Ep  19 [val  ]:  18%|█▊        | 7/39 [00:03<00:12,  2.64it/s, loss=0.0765]
Ep  19 [val  ]:  18%|█▊        | 7/39 [00:03<00:12,  2.64it/s, loss=0.0723]
Ep  19 [val  ]:  21%|██        | 8/39 [00:03<00:14,  2.07it/s, loss=0.0723]
Ep  19 [val  ]:  21%|██        | 8/39 [00:03<00:14,  2.07it/s, loss=0.0703]
Ep  19 [val  ]:  21%|██        | 8/39 [00:04<00:14,  2.07it/s, loss=0.0690]
Ep  19 [val  ]:  26%|██▌       | 10/39 [00:04<00:14,  2.05it/s, loss=0.0690]
Ep  19 [val  ]:  26%|██▌       | 10/39 [00:04<00:14,  2.05it/s, loss=0.0695]
Ep  19 [val  ]:  26%|██▌       | 10/39 [00:05<00:14,  2.05it/s, loss=0.0746]
Ep  19 [val  ]:  31%|███       | 12/39 [00:05<00:13,  2.06it/s, loss=0.0746]
Ep  19 [val  ]:  31%|███       | 12/39 [00:05<00:13,  2.06it/s, loss=0.0784]
Ep  19 [val  ]:  31%|███       | 12/39 [00:06<00:13,  2.06it/s, loss=0.0836]
Ep  19 [val  ]:  36%|███▌      | 14/39 [00:06<00:12,  2.05it/s, loss=0.0836]
Ep  19 [val  ]:  36%|███▌      | 14/39 [00:06<00:12,  2.05it/s, loss=0.0935]
Ep  19 [val  ]:  36%|███▌      | 14/39 [00:07<00:12,  2.05it/s, loss=0.0961]
Ep  19 [val  ]:  41%|████      | 16/39 [00:07<00:10,  2.13it/s, loss=0.0961]
Ep  19 [val  ]:  41%|████      | 16/39 [00:07<00:10,  2.13it/s, loss=0.0929]
Ep  19 [val  ]:  41%|████      | 16/39 [00:08<00:10,  2.13it/s, loss=0.0875]
Ep  19 [val  ]:  46%|████▌     | 18/39 [00:08<00:09,  2.27it/s, loss=0.0875]
Ep  19 [val  ]:  46%|████▌     | 18/39 [00:08<00:09,  2.27it/s, loss=0.0817]
Ep  19 [val  ]:  46%|████▌     | 18/39 [00:09<00:09,  2.27it/s, loss=0.0682]
Ep  19 [val  ]:  51%|█████▏    | 20/39 [00:09<00:08,  2.32it/s, loss=0.0682]
Ep  19 [val  ]:  51%|█████▏    | 20/39 [00:09<00:08,  2.32it/s, loss=0.0590]
Ep  19 [val  ]:  51%|█████▏    | 20/39 [00:10<00:08,  2.32it/s, loss=0.0682]
Ep  19 [val  ]:  56%|█████▋    | 22/39 [00:10<00:07,  2.36it/s, loss=0.0682]
Ep  19 [val  ]:  56%|█████▋    | 22/39 [00:10<00:07,  2.36it/s, loss=0.0620]
Ep  19 [val  ]:  56%|█████▋    | 22/39 [00:10<00:07,  2.36it/s, loss=0.0641]
Ep  19 [val  ]:  62%|██████▏   | 24/39 [00:10<00:06,  2.49it/s, loss=0.0641]
Ep  19 [val  ]:  62%|██████▏   | 24/39 [00:10<00:06,  2.49it/s, loss=0.0657]
Ep  19 [val  ]:  62%|██████▏   | 24/39 [00:11<00:06,  2.49it/s, loss=0.0730]
Ep  19 [val  ]:  67%|██████▋   | 26/39 [00:11<00:05,  2.51it/s, loss=0.0730]
Ep  19 [val  ]:  67%|██████▋   | 26/39 [00:11<00:05,  2.51it/s, loss=0.0857]
Ep  19 [val  ]:  67%|██████▋   | 26/39 [00:12<00:05,  2.51it/s, loss=0.1234]
Ep  19 [val  ]:  72%|███████▏  | 28/39 [00:12<00:04,  2.57it/s, loss=0.1234]
Ep  19 [val  ]:  72%|███████▏  | 28/39 [00:12<00:04,  2.57it/s, loss=0.0951]
Ep  19 [val  ]:  72%|███████▏  | 28/39 [00:13<00:04,  2.57it/s, loss=0.0864]
Ep  19 [val  ]:  77%|███████▋  | 30/39 [00:13<00:03,  2.57it/s, loss=0.0864]
Ep  19 [val  ]:  77%|███████▋  | 30/39 [00:13<00:03,  2.57it/s, loss=0.0869]
Ep  19 [val  ]:  77%|███████▋  | 30/39 [00:13<00:03,  2.57it/s, loss=0.0709]
Ep  19 [val  ]:  82%|████████▏ | 32/39 [00:13<00:02,  2.52it/s, loss=0.0709]
Ep  19 [val  ]:  82%|████████▏ | 32/39 [00:13<00:02,  2.52it/s, loss=0.0737]
Ep  19 [val  ]:  82%|████████▏ | 32/39 [00:14<00:02,  2.52it/s, loss=0.0730]
Ep  19 [val  ]:  87%|████████▋ | 34/39 [00:14<00:02,  2.48it/s, loss=0.0730]
Ep  19 [val  ]:  87%|████████▋ | 34/39 [00:14<00:02,  2.48it/s, loss=0.0773]
Ep  19 [val  ]:  90%|████████▉ | 35/39 [00:14<00:01,  2.82it/s, loss=0.0773]
Ep  19 [val  ]:  90%|████████▉ | 35/39 [00:15<00:01,  2.82it/s, loss=0.0712]
Ep  19 [val  ]:  92%|█████████▏| 36/39 [00:15<00:01,  2.26it/s, loss=0.0712]
Ep  19 [val  ]:  92%|█████████▏| 36/39 [00:15<00:01,  2.26it/s, loss=0.0703]
Ep  19 [val  ]:  92%|█████████▏| 36/39 [00:16<00:01,  2.26it/s, loss=0.0617]
Ep  19 [val  ]:  97%|█████████▋| 38/39 [00:16<00:00,  2.36it/s, loss=0.0617]
Ep  19 [val  ]:  97%|█████████▋| 38/39 [00:16<00:00,  2.36it/s, loss=0.0712]
                                                                            
  Ep  19 [val  ]  loss=0.0781  rmse_c=0.2437  mae_c=0.2189  r2_c=0.024  rmse_h=0.3115  mae_h=0.2255  r2_h=0.396  sup=0.308

Ep  20 [train]:   0%|          | 0/145 [00:00<?, ?it/s]
Ep  20 [train]:   0%|          | 0/145 [00:01<?, ?it/s, loss=0.0817]
Ep  20 [train]:   1%|          | 1/145 [00:01<02:41,  1.12s/it, loss=0.0817]
Ep  20 [train]:   1%|          | 1/145 [00:01<02:41,  1.12s/it, loss=0.0769]
Ep  20 [train]:   1%|▏         | 2/145 [00:01<01:20,  1.78it/s, loss=0.0769]
Ep  20 [train]:   1%|▏         | 2/145 [00:01<01:20,  1.78it/s, loss=0.0712]
Ep  20 [train]:   2%|▏         | 3/145 [00:01<01:24,  1.69it/s, loss=0.0712]
Ep  20 [train]:   2%|▏         | 3/145 [00:02<01:24,  1.69it/s, loss=0.0737]
Ep  20 [train]:   3%|▎         | 4/145 [00:02<01:00,  2.33it/s, loss=0.0737]
Ep  20 [train]:   3%|▎         | 4/145 [00:02<01:00,  2.33it/s, loss=0.0748]
Ep  20 [train]:   3%|▎         | 5/145 [00:02<01:11,  1.96it/s, loss=0.0748]
Ep  20 [train]:   3%|▎         | 5/145 [00:02<01:11,  1.96it/s, loss=0.0739]
Ep  20 [train]:   4%|▍         | 6/145 [00:02<00:55,  2.50it/s, loss=0.0739]
Ep  20 [train]:   4%|▍         | 6/145 [00:03<00:55,  2.50it/s, loss=0.0762]
Ep  20 [train]:   5%|▍         | 7/145 [00:03<01:09,  1.99it/s, loss=0.0762]
Ep  20 [train]:   5%|▍         | 7/145 [00:03<01:09,  1.99it/s, loss=0.0734]
Ep  20 [train]:   6%|▌         | 8/145 [00:03<00:55,  2.46it/s, loss=0.0734]
Ep  20 [train]:   6%|▌         | 8/145 [00:04<00:55,  2.46it/s, loss=0.0784]
Ep  20 [train]:   6%|▌         | 9/145 [00:04<01:06,  2.03it/s, loss=0.0784]
Ep  20 [train]:   6%|▌         | 9/145 [00:04<01:06,  2.03it/s, loss=0.0758]
Ep  20 [train]:   7%|▋         | 10/145 [00:04<00:53,  2.51it/s, loss=0.0758]
Ep  20 [train]:   7%|▋         | 10/145 [00:05<00:53,  2.51it/s, loss=0.0778]
Ep  20 [train]:   8%|▊         | 11/145 [00:05<01:06,  2.01it/s, loss=0.0778]
Ep  20 [train]:   8%|▊         | 11/145 [00:05<01:06,  2.01it/s, loss=0.0774]
Ep  20 [train]:   8%|▊         | 12/145 [00:05<00:53,  2.49it/s, loss=0.0774]
Ep  20 [train]:   8%|▊         | 12/145 [00:06<00:53,  2.49it/s, loss=0.0730]
Ep  20 [train]:   9%|▉         | 13/145 [00:06<01:03,  2.09it/s, loss=0.0730]
Ep  20 [train]:   9%|▉         | 13/145 [00:06<01:03,  2.09it/s, loss=0.0726]
Ep  20 [train]:  10%|▉         | 14/145 [00:06<00:51,  2.56it/s, loss=0.0726]
Ep  20 [train]:  10%|▉         | 14/145 [00:07<00:51,  2.56it/s, loss=0.0813]
Ep  20 [train]:  10%|█         | 15/145 [00:07<01:02,  2.09it/s, loss=0.0813]
Ep  20 [train]:  10%|█         | 15/145 [00:07<01:02,  2.09it/s, loss=0.0756]
Ep  20 [train]:  11%|█         | 16/145 [00:07<00:50,  2.55it/s, loss=0.0756]
Ep  20 [train]:  11%|█         | 16/145 [00:08<00:50,  2.55it/s, loss=0.0715]
Ep  20 [train]:  12%|█▏        | 17/145 [00:08<01:02,  2.06it/s, loss=0.0715]
Ep  20 [train]:  12%|█▏        | 17/145 [00:08<01:02,  2.06it/s, loss=0.0773]
Ep  20 [train]:  12%|█▏        | 18/145 [00:08<00:50,  2.50it/s, loss=0.0773]
Ep  20 [train]:  12%|█▏        | 18/145 [00:09<00:50,  2.50it/s, loss=0.0813]
Ep  20 [train]:  13%|█▎        | 19/145 [00:09<01:04,  1.97it/s, loss=0.0813]
Ep  20 [train]:  13%|█▎        | 19/145 [00:09<01:04,  1.97it/s, loss=0.0707]
Ep  20 [train]:  14%|█▍        | 20/145 [00:09<00:51,  2.44it/s, loss=0.0707]
Ep  20 [train]:  14%|█▍        | 20/145 [00:09<00:51,  2.44it/s, loss=0.0762]
Ep  20 [train]:  14%|█▍        | 21/145 [00:09<00:59,  2.09it/s, loss=0.0762]
Ep  20 [train]:  14%|█▍        | 21/145 [00:10<00:59,  2.09it/s, loss=0.0681]
Ep  20 [train]:  15%|█▌        | 22/145 [00:10<00:47,  2.58it/s, loss=0.0681]
Ep  20 [train]:  15%|█▌        | 22/145 [00:10<00:47,  2.58it/s, loss=0.0702]
Ep  20 [train]:  16%|█▌        | 23/145 [00:10<00:59,  2.04it/s, loss=0.0702]
Ep  20 [train]:  16%|█▌        | 23/145 [00:10<00:59,  2.04it/s, loss=0.0690]
Ep  20 [train]:  17%|█▋        | 24/145 [00:10<00:47,  2.53it/s, loss=0.0690]
Ep  20 [train]:  17%|█▋        | 24/145 [00:11<00:47,  2.53it/s, loss=0.0750]
Ep  20 [train]:  17%|█▋        | 25/145 [00:11<00:57,  2.08it/s, loss=0.0750]
Ep  20 [train]:  17%|█▋        | 25/145 [00:11<00:57,  2.08it/s, loss=0.0727]
Ep  20 [train]:  18%|█▊        | 26/145 [00:11<00:46,  2.55it/s, loss=0.0727]
Ep  20 [train]:  18%|█▊        | 26/145 [00:12<00:46,  2.55it/s, loss=0.0718]
Ep  20 [train]:  19%|█▊        | 27/145 [00:12<00:57,  2.04it/s, loss=0.0718]
Ep  20 [train]:  19%|█▊        | 27/145 [00:12<00:57,  2.04it/s, loss=0.0679]
Ep  20 [train]:  19%|█▉        | 28/145 [00:12<00:47,  2.47it/s, loss=0.0679]
Ep  20 [train]:  19%|█▉        | 28/145 [00:13<00:47,  2.47it/s, loss=0.0671]
Ep  20 [train]:  20%|██        | 29/145 [00:13<00:57,  2.00it/s, loss=0.0671]
Ep  20 [train]:  20%|██        | 29/145 [00:13<00:57,  2.00it/s, loss=0.0701]
Ep  20 [train]:  21%|██        | 30/145 [00:13<00:46,  2.48it/s, loss=0.0701]
Ep  20 [train]:  21%|██        | 30/145 [00:14<00:46,  2.48it/s, loss=0.0844]
Ep  20 [train]:  21%|██▏       | 31/145 [00:14<00:56,  2.01it/s, loss=0.0844]
Ep  20 [train]:  21%|██▏       | 31/145 [00:14<00:56,  2.01it/s, loss=0.0723]
Ep  20 [train]:  22%|██▏       | 32/145 [00:14<00:45,  2.49it/s, loss=0.0723]
Ep  20 [train]:  22%|██▏       | 32/145 [00:15<00:45,  2.49it/s, loss=0.0770]
Ep  20 [train]:  23%|██▎       | 33/145 [00:15<00:54,  2.04it/s, loss=0.0770]
Ep  20 [train]:  23%|██▎       | 33/145 [00:15<00:54,  2.04it/s, loss=0.0750]
Ep  20 [train]:  23%|██▎       | 34/145 [00:15<00:44,  2.52it/s, loss=0.0750]
Ep  20 [train]:  23%|██▎       | 34/145 [00:16<00:44,  2.52it/s, loss=0.0712]
Ep  20 [train]:  24%|██▍       | 35/145 [00:16<00:55,  1.97it/s, loss=0.0712]
Ep  20 [train]:  24%|██▍       | 35/145 [00:16<00:55,  1.97it/s, loss=0.0698]
Ep  20 [train]:  25%|██▍       | 36/145 [00:16<00:44,  2.45it/s, loss=0.0698]
Ep  20 [train]:  25%|██▍       | 36/145 [00:17<00:44,  2.45it/s, loss=0.0752]
Ep  20 [train]:  26%|██▌       | 37/145 [00:17<00:58,  1.86it/s, loss=0.0752]
Ep  20 [train]:  26%|██▌       | 37/145 [00:17<00:58,  1.86it/s, loss=0.0747]
Ep  20 [train]:  26%|██▌       | 38/145 [00:17<00:46,  2.32it/s, loss=0.0747]
Ep  20 [train]:  26%|██▌       | 38/145 [00:18<00:46,  2.32it/s, loss=0.0754]
Ep  20 [train]:  27%|██▋       | 39/145 [00:18<00:54,  1.94it/s, loss=0.0754]
Ep  20 [train]:  27%|██▋       | 39/145 [00:18<00:54,  1.94it/s, loss=0.0739]
Ep  20 [train]:  28%|██▊       | 40/145 [00:18<00:43,  2.40it/s, loss=0.0739]
Ep  20 [train]:  28%|██▊       | 40/145 [00:18<00:43,  2.40it/s, loss=0.0731]
Ep  20 [train]:  28%|██▊       | 41/145 [00:18<00:50,  2.05it/s, loss=0.0731]
Ep  20 [train]:  28%|██▊       | 41/145 [00:19<00:50,  2.05it/s, loss=0.0753]
Ep  20 [train]:  29%|██▉       | 42/145 [00:19<00:40,  2.54it/s, loss=0.0753]
Ep  20 [train]:  29%|██▉       | 42/145 [00:19<00:40,  2.54it/s, loss=0.0816]
Ep  20 [train]:  30%|██▉       | 43/145 [00:19<00:50,  2.03it/s, loss=0.0816]
Ep  20 [train]:  30%|██▉       | 43/145 [00:19<00:50,  2.03it/s, loss=0.0715]
Ep  20 [train]:  30%|███       | 44/145 [00:19<00:40,  2.50it/s, loss=0.0715]
Ep  20 [train]:  30%|███       | 44/145 [00:20<00:40,  2.50it/s, loss=0.0685]
Ep  20 [train]:  31%|███       | 45/145 [00:20<00:49,  2.04it/s, loss=0.0685]
Ep  20 [train]:  31%|███       | 45/145 [00:20<00:49,  2.04it/s, loss=0.0873]
Ep  20 [train]:  32%|███▏      | 46/145 [00:20<00:39,  2.52it/s, loss=0.0873]
Ep  20 [train]:  32%|███▏      | 46/145 [00:21<00:39,  2.52it/s, loss=0.0674]
Ep  20 [train]:  32%|███▏      | 47/145 [00:21<00:48,  2.00it/s, loss=0.0674]
Ep  20 [train]:  32%|███▏      | 47/145 [00:21<00:48,  2.00it/s, loss=0.0719]
Ep  20 [train]:  33%|███▎      | 48/145 [00:21<00:39,  2.45it/s, loss=0.0719]
Ep  20 [train]:  33%|███▎      | 48/145 [00:22<00:39,  2.45it/s, loss=0.0742]
Ep  20 [train]:  34%|███▍      | 49/145 [00:22<00:47,  2.03it/s, loss=0.0742]
Ep  20 [train]:  34%|███▍      | 49/145 [00:22<00:47,  2.03it/s, loss=0.0740]
Ep  20 [train]:  34%|███▍      | 50/145 [00:22<00:38,  2.46it/s, loss=0.0740]
Ep  20 [train]:  34%|███▍      | 50/145 [00:23<00:38,  2.46it/s, loss=0.0720]
Ep  20 [train]:  35%|███▌      | 51/145 [00:23<00:47,  1.98it/s, loss=0.0720]
Ep  20 [train]:  35%|███▌      | 51/145 [00:23<00:47,  1.98it/s, loss=0.0734]
Ep  20 [train]:  36%|███▌      | 52/145 [00:23<00:38,  2.43it/s, loss=0.0734]
Ep  20 [train]:  36%|███▌      | 52/145 [00:24<00:38,  2.43it/s, loss=0.0750]
Ep  20 [train]:  37%|███▋      | 53/145 [00:24<00:48,  1.91it/s, loss=0.0750]
Ep  20 [train]:  37%|███▋      | 53/145 [00:24<00:48,  1.91it/s, loss=0.0708]
Ep  20 [train]:  37%|███▋      | 54/145 [00:24<00:38,  2.37it/s, loss=0.0708]
Ep  20 [train]:  37%|███▋      | 54/145 [00:25<00:38,  2.37it/s, loss=0.0879]
Ep  20 [train]:  38%|███▊      | 55/145 [00:25<00:46,  1.93it/s, loss=0.0879]
Ep  20 [train]:  38%|███▊      | 55/145 [00:25<00:46,  1.93it/s, loss=0.0806]
Ep  20 [train]:  39%|███▊      | 56/145 [00:25<00:37,  2.40it/s, loss=0.0806]
Ep  20 [train]:  39%|███▊      | 56/145 [00:26<00:37,  2.40it/s, loss=0.0750]
Ep  20 [train]:  39%|███▉      | 57/145 [00:26<00:44,  1.97it/s, loss=0.0750]
Ep  20 [train]:  39%|███▉      | 57/145 [00:26<00:44,  1.97it/s, loss=0.0806]
Ep  20 [train]:  40%|████      | 58/145 [00:26<00:36,  2.40it/s, loss=0.0806]
Ep  20 [train]:  40%|████      | 58/145 [00:27<00:36,  2.40it/s, loss=0.0771]
Ep  20 [train]:  41%|████      | 59/145 [00:27<00:43,  1.98it/s, loss=0.0771]
Ep  20 [train]:  41%|████      | 59/145 [00:27<00:43,  1.98it/s, loss=0.0729]
Ep  20 [train]:  41%|████▏     | 60/145 [00:27<00:34,  2.45it/s, loss=0.0729]
Ep  20 [train]:  41%|████▏     | 60/145 [00:28<00:34,  2.45it/s, loss=0.0751]
Ep  20 [train]:  42%|████▏     | 61/145 [00:28<00:45,  1.83it/s, loss=0.0751]
Ep  20 [train]:  42%|████▏     | 61/145 [00:28<00:45,  1.83it/s, loss=0.0698]
Ep  20 [train]:  43%|████▎     | 62/145 [00:28<00:36,  2.29it/s, loss=0.0698]
Ep  20 [train]:  43%|████▎     | 62/145 [00:29<00:36,  2.29it/s, loss=0.0765]
Ep  20 [train]:  43%|████▎     | 63/145 [00:29<00:43,  1.90it/s, loss=0.0765]
Ep  20 [train]:  43%|████▎     | 63/145 [00:29<00:43,  1.90it/s, loss=0.0760]
Ep  20 [train]:  44%|████▍     | 64/145 [00:29<00:34,  2.36it/s, loss=0.0760]
Ep  20 [train]:  44%|████▍     | 64/145 [00:30<00:34,  2.36it/s, loss=0.0742]
Ep  20 [train]:  45%|████▍     | 65/145 [00:30<00:43,  1.84it/s, loss=0.0742]
Ep  20 [train]:  45%|████▍     | 65/145 [00:30<00:43,  1.84it/s, loss=0.0650]
Ep  20 [train]:  46%|████▌     | 66/145 [00:30<00:35,  2.24it/s, loss=0.0650]
Ep  20 [train]:  46%|████▌     | 66/145 [00:31<00:35,  2.24it/s, loss=0.0710]
Ep  20 [train]:  46%|████▌     | 67/145 [00:31<00:41,  1.89it/s, loss=0.0710]
Ep  20 [train]:  46%|████▌     | 67/145 [00:31<00:41,  1.89it/s, loss=0.0752]
Ep  20 [train]:  47%|████▋     | 68/145 [00:31<00:32,  2.34it/s, loss=0.0752]
Ep  20 [train]:  47%|████▋     | 68/145 [00:32<00:32,  2.34it/s, loss=0.0797]
Ep  20 [train]:  48%|████▊     | 69/145 [00:32<00:40,  1.86it/s, loss=0.0797]
Ep  20 [train]:  48%|████▊     | 69/145 [00:32<00:40,  1.86it/s, loss=0.0719]
Ep  20 [train]:  48%|████▊     | 70/145 [00:32<00:32,  2.30it/s, loss=0.0719]
Ep  20 [train]:  48%|████▊     | 70/145 [00:33<00:32,  2.30it/s, loss=0.0754]
Ep  20 [train]:  49%|████▉     | 71/145 [00:33<00:44,  1.67it/s, loss=0.0754]
Ep  20 [train]:  49%|████▉     | 71/145 [00:33<00:44,  1.67it/s, loss=0.0711]
Ep  20 [train]:  50%|████▉     | 72/145 [00:33<00:36,  2.01it/s, loss=0.0711]
Ep  20 [train]:  50%|████▉     | 72/145 [00:34<00:36,  2.01it/s, loss=0.0767]
Ep  20 [train]:  50%|█████     | 73/145 [00:34<00:41,  1.72it/s, loss=0.0767]
Ep  20 [train]:  50%|█████     | 73/145 [00:34<00:41,  1.72it/s, loss=0.0744]
Ep  20 [train]:  51%|█████     | 74/145 [00:34<00:34,  2.07it/s, loss=0.0744]
Ep  20 [train]:  51%|█████     | 74/145 [00:35<00:34,  2.07it/s, loss=0.0701]
Ep  20 [train]:  52%|█████▏    | 75/145 [00:35<00:39,  1.78it/s, loss=0.0701]
Ep  20 [train]:  52%|█████▏    | 75/145 [00:35<00:39,  1.78it/s, loss=0.0800]
Ep  20 [train]:  52%|█████▏    | 76/145 [00:35<00:31,  2.17it/s, loss=0.0800]
Ep  20 [train]:  52%|█████▏    | 76/145 [00:36<00:31,  2.17it/s, loss=0.0778]
Ep  20 [train]:  53%|█████▎    | 77/145 [00:36<00:35,  1.93it/s, loss=0.0778]
Ep  20 [train]:  53%|█████▎    | 77/145 [00:36<00:35,  1.93it/s, loss=0.0753]
Ep  20 [train]:  54%|█████▍    | 78/145 [00:36<00:28,  2.37it/s, loss=0.0753]
Ep  20 [train]:  54%|█████▍    | 78/145 [00:36<00:28,  2.37it/s, loss=0.0760]
Ep  20 [train]:  54%|█████▍    | 79/145 [00:36<00:32,  2.05it/s, loss=0.0760]
Ep  20 [train]:  54%|█████▍    | 79/145 [00:37<00:32,  2.05it/s, loss=0.0765]
Ep  20 [train]:  55%|█████▌    | 80/145 [00:37<00:26,  2.48it/s, loss=0.0765]
Ep  20 [train]:  55%|█████▌    | 80/145 [00:37<00:26,  2.48it/s, loss=0.0724]
Ep  20 [train]:  56%|█████▌    | 81/145 [00:37<00:29,  2.16it/s, loss=0.0724]
Ep  20 [train]:  56%|█████▌    | 81/145 [00:37<00:29,  2.16it/s, loss=0.0758]
Ep  20 [train]:  57%|█████▋    | 82/145 [00:37<00:23,  2.65it/s, loss=0.0758]
Ep  20 [train]:  57%|█████▋    | 82/145 [00:38<00:23,  2.65it/s, loss=0.0686]
Ep  20 [train]:  57%|█████▋    | 83/145 [00:38<00:27,  2.23it/s, loss=0.0686]
Ep  20 [train]:  57%|█████▋    | 83/145 [00:38<00:27,  2.23it/s, loss=0.0676]
Ep  20 [train]:  58%|█████▊    | 84/145 [00:38<00:22,  2.70it/s, loss=0.0676]
Ep  20 [train]:  58%|█████▊    | 84/145 [00:39<00:22,  2.70it/s, loss=0.0761]
Ep  20 [train]:  59%|█████▊    | 85/145 [00:39<00:26,  2.25it/s, loss=0.0761]
Ep  20 [train]:  59%|█████▊    | 85/145 [00:39<00:26,  2.25it/s, loss=0.0779]
Ep  20 [train]:  59%|█████▉    | 86/145 [00:39<00:21,  2.70it/s, loss=0.0779]
Ep  20 [train]:  59%|█████▉    | 86/145 [00:40<00:21,  2.70it/s, loss=0.0718]
Ep  20 [train]:  60%|██████    | 87/145 [00:40<00:27,  2.12it/s, loss=0.0718]
Ep  20 [train]:  60%|██████    | 87/145 [00:40<00:27,  2.12it/s, loss=0.0677]
Ep  20 [train]:  61%|██████    | 88/145 [00:40<00:22,  2.51it/s, loss=0.0677]
Ep  20 [train]:  61%|██████    | 88/145 [00:41<00:22,  2.51it/s, loss=0.0708]
Ep  20 [train]:  61%|██████▏   | 89/145 [00:41<00:26,  2.08it/s, loss=0.0708]
Ep  20 [train]:  61%|██████▏   | 89/145 [00:41<00:26,  2.08it/s, loss=0.0768]
Ep  20 [train]:  62%|██████▏   | 90/145 [00:41<00:21,  2.55it/s, loss=0.0768]
Ep  20 [train]:  62%|██████▏   | 90/145 [00:42<00:21,  2.55it/s, loss=0.0706]
Ep  20 [train]:  63%|██████▎   | 91/145 [00:42<00:26,  2.06it/s, loss=0.0706]
Ep  20 [train]:  63%|██████▎   | 91/145 [00:42<00:26,  2.06it/s, loss=0.0793]
Ep  20 [train]:  63%|██████▎   | 92/145 [00:42<00:20,  2.55it/s, loss=0.0793]
Ep  20 [train]:  63%|██████▎   | 92/145 [00:42<00:20,  2.55it/s, loss=0.0686]
Ep  20 [train]:  64%|██████▍   | 93/145 [00:42<00:24,  2.13it/s, loss=0.0686]
Ep  20 [train]:  64%|██████▍   | 93/145 [00:43<00:24,  2.13it/s, loss=0.0731]
Ep  20 [train]:  65%|██████▍   | 94/145 [00:43<00:19,  2.59it/s, loss=0.0731]
Ep  20 [train]:  65%|██████▍   | 94/145 [00:43<00:19,  2.59it/s, loss=0.0739]
Ep  20 [train]:  66%|██████▌   | 95/145 [00:43<00:23,  2.14it/s, loss=0.0739]
Ep  20 [train]:  66%|██████▌   | 95/145 [00:43<00:23,  2.14it/s, loss=0.0809]
Ep  20 [train]:  66%|██████▌   | 96/145 [00:43<00:18,  2.65it/s, loss=0.0809]
Ep  20 [train]:  66%|██████▌   | 96/145 [00:44<00:18,  2.65it/s, loss=0.0715]
Ep  20 [train]:  67%|██████▋   | 97/145 [00:44<00:22,  2.16it/s, loss=0.0715]
Ep  20 [train]:  67%|██████▋   | 97/145 [00:44<00:22,  2.16it/s, loss=0.0803]
Ep  20 [train]:  68%|██████▊   | 98/145 [00:44<00:18,  2.60it/s, loss=0.0803]
Ep  20 [train]:  68%|██████▊   | 98/145 [00:45<00:18,  2.60it/s, loss=0.0781]
Ep  20 [train]:  68%|██████▊   | 99/145 [00:45<00:21,  2.09it/s, loss=0.0781]
Ep  20 [train]:  68%|██████▊   | 99/145 [00:45<00:21,  2.09it/s, loss=0.0768]
Ep  20 [train]:  69%|██████▉   | 100/145 [00:45<00:17,  2.57it/s, loss=0.0768]
Ep  20 [train]:  69%|██████▉   | 100/145 [00:46<00:17,  2.57it/s, loss=0.0798]
Ep  20 [train]:  70%|██████▉   | 101/145 [00:46<00:21,  2.08it/s, loss=0.0798]
Ep  20 [train]:  70%|██████▉   | 101/145 [00:46<00:21,  2.08it/s, loss=0.0753]
Ep  20 [train]:  70%|███████   | 102/145 [00:46<00:16,  2.55it/s, loss=0.0753]
Ep  20 [train]:  70%|███████   | 102/145 [00:47<00:16,  2.55it/s, loss=0.0717]
Ep  20 [train]:  71%|███████   | 103/145 [00:47<00:20,  2.00it/s, loss=0.0717]
Ep  20 [train]:  71%|███████   | 103/145 [00:47<00:20,  2.00it/s, loss=0.0818]
Ep  20 [train]:  72%|███████▏  | 104/145 [00:47<00:16,  2.48it/s, loss=0.0818]
Ep  20 [train]:  72%|███████▏  | 104/145 [00:48<00:16,  2.48it/s, loss=0.0823]
Ep  20 [train]:  72%|███████▏  | 105/145 [00:48<00:19,  2.02it/s, loss=0.0823]
Ep  20 [train]:  72%|███████▏  | 105/145 [00:48<00:19,  2.02it/s, loss=0.0715]
Ep  20 [train]:  73%|███████▎  | 106/145 [00:48<00:15,  2.48it/s, loss=0.0715]
Ep  20 [train]:  73%|███████▎  | 106/145 [00:49<00:15,  2.48it/s, loss=0.0740]
Ep  20 [train]:  74%|███████▍  | 107/145 [00:49<00:18,  2.04it/s, loss=0.0740]
Ep  20 [train]:  74%|███████▍  | 107/145 [00:49<00:18,  2.04it/s, loss=0.0852]
Ep  20 [train]:  74%|███████▍  | 108/145 [00:49<00:15,  2.39it/s, loss=0.0852]
Ep  20 [train]:  74%|███████▍  | 108/145 [00:49<00:15,  2.39it/s, loss=0.0698]
Ep  20 [train]:  75%|███████▌  | 109/145 [00:49<00:17,  2.07it/s, loss=0.0698]
Ep  20 [train]:  75%|███████▌  | 109/145 [00:50<00:17,  2.07it/s, loss=0.0747]
Ep  20 [train]:  76%|███████▌  | 110/145 [00:50<00:13,  2.52it/s, loss=0.0747]
Ep  20 [train]:  76%|███████▌  | 110/145 [00:50<00:13,  2.52it/s, loss=0.0668]
Ep  20 [train]:  77%|███████▋  | 111/145 [00:50<00:17,  2.00it/s, loss=0.0668]
Ep  20 [train]:  77%|███████▋  | 111/145 [00:51<00:17,  2.00it/s, loss=0.0690]
Ep  20 [train]:  77%|███████▋  | 112/145 [00:51<00:13,  2.45it/s, loss=0.0690]
Ep  20 [train]:  77%|███████▋  | 112/145 [00:51<00:13,  2.45it/s, loss=0.0764]
Ep  20 [train]:  78%|███████▊  | 113/145 [00:51<00:15,  2.10it/s, loss=0.0764]
Ep  20 [train]:  78%|███████▊  | 113/145 [00:51<00:15,  2.10it/s, loss=0.0777]
Ep  20 [train]:  79%|███████▊  | 114/145 [00:51<00:12,  2.57it/s, loss=0.0777]
Ep  20 [train]:  79%|███████▊  | 114/145 [00:52<00:12,  2.57it/s, loss=0.0815]
Ep  20 [train]:  79%|███████▉  | 115/145 [00:52<00:14,  2.05it/s, loss=0.0815]
Ep  20 [train]:  79%|███████▉  | 115/145 [00:52<00:14,  2.05it/s, loss=0.0723]
Ep  20 [train]:  80%|████████  | 116/145 [00:52<00:11,  2.47it/s, loss=0.0723]
Ep  20 [train]:  80%|████████  | 116/145 [00:53<00:11,  2.47it/s, loss=0.0658]
Ep  20 [train]:  81%|████████  | 117/145 [00:53<00:14,  1.99it/s, loss=0.0658]
Ep  20 [train]:  81%|████████  | 117/145 [00:53<00:14,  1.99it/s, loss=0.0760]
Ep  20 [train]:  81%|████████▏ | 118/145 [00:53<00:11,  2.45it/s, loss=0.0760]
Ep  20 [train]:  81%|████████▏ | 118/145 [00:54<00:11,  2.45it/s, loss=0.0725]
Ep  20 [train]:  82%|████████▏ | 119/145 [00:54<00:13,  1.99it/s, loss=0.0725]
Ep  20 [train]:  82%|████████▏ | 119/145 [00:54<00:13,  1.99it/s, loss=0.0791]
Ep  20 [train]:  83%|████████▎ | 120/145 [00:54<00:10,  2.43it/s, loss=0.0791]
Ep  20 [train]:  83%|████████▎ | 120/145 [00:55<00:10,  2.43it/s, loss=0.0781]
Ep  20 [train]:  83%|████████▎ | 121/145 [00:55<00:12,  1.98it/s, loss=0.0781]
Ep  20 [train]:  83%|████████▎ | 121/145 [00:55<00:12,  1.98it/s, loss=0.0805]
Ep  20 [train]:  84%|████████▍ | 122/145 [00:55<00:09,  2.44it/s, loss=0.0805]
Ep  20 [train]:  84%|████████▍ | 122/145 [00:56<00:09,  2.44it/s, loss=0.0698]
Ep  20 [train]:  85%|████████▍ | 123/145 [00:56<00:11,  1.99it/s, loss=0.0698]
Ep  20 [train]:  85%|████████▍ | 123/145 [00:56<00:11,  1.99it/s, loss=0.0708]
Ep  20 [train]:  86%|████████▌ | 124/145 [00:56<00:08,  2.46it/s, loss=0.0708]
Ep  20 [train]:  86%|████████▌ | 124/145 [00:57<00:08,  2.46it/s, loss=0.0708]
Ep  20 [train]:  86%|████████▌ | 125/145 [00:57<00:09,  2.13it/s, loss=0.0708]
Ep  20 [train]:  86%|████████▌ | 125/145 [00:57<00:09,  2.13it/s, loss=0.0760]
Ep  20 [train]:  87%|████████▋ | 126/145 [00:57<00:07,  2.60it/s, loss=0.0760]
Ep  20 [train]:  87%|████████▋ | 126/145 [00:57<00:07,  2.60it/s, loss=0.0740]
Ep  20 [train]:  88%|████████▊ | 127/145 [00:57<00:08,  2.13it/s, loss=0.0740]
Ep  20 [train]:  88%|████████▊ | 127/145 [00:58<00:08,  2.13it/s, loss=0.0720]
Ep  20 [train]:  88%|████████▊ | 128/145 [00:58<00:06,  2.51it/s, loss=0.0720]
Ep  20 [train]:  88%|████████▊ | 128/145 [00:58<00:06,  2.51it/s, loss=0.0729]
Ep  20 [train]:  89%|████████▉ | 129/145 [00:58<00:08,  1.92it/s, loss=0.0729]
Ep  20 [train]:  89%|████████▉ | 129/145 [00:59<00:08,  1.92it/s, loss=0.0787]
Ep  20 [train]:  90%|████████▉ | 130/145 [00:59<00:06,  2.34it/s, loss=0.0787]
Ep  20 [train]:  90%|████████▉ | 130/145 [00:59<00:06,  2.34it/s, loss=0.0768]
Ep  20 [train]:  90%|█████████ | 131/145 [00:59<00:07,  1.97it/s, loss=0.0768]
Ep  20 [train]:  90%|█████████ | 131/145 [01:00<00:07,  1.97it/s, loss=0.0709]
Ep  20 [train]:  91%|█████████ | 132/145 [01:00<00:05,  2.43it/s, loss=0.0709]
Ep  20 [train]:  91%|█████████ | 132/145 [01:00<00:05,  2.43it/s, loss=0.0678]
Ep  20 [train]:  92%|█████████▏| 133/145 [01:00<00:06,  1.86it/s, loss=0.0678]
Ep  20 [train]:  92%|█████████▏| 133/145 [01:01<00:06,  1.86it/s, loss=0.0739]
Ep  20 [train]:  92%|█████████▏| 134/145 [01:01<00:04,  2.32it/s, loss=0.0739]
Ep  20 [train]:  92%|█████████▏| 134/145 [01:01<00:04,  2.32it/s, loss=0.0713]
Ep  20 [train]:  93%|█████████▎| 135/145 [01:01<00:05,  1.87it/s, loss=0.0713]
Ep  20 [train]:  93%|█████████▎| 135/145 [01:02<00:05,  1.87it/s, loss=0.0701]
Ep  20 [train]:  94%|█████████▍| 136/145 [01:02<00:03,  2.34it/s, loss=0.0701]
Ep  20 [train]:  94%|█████████▍| 136/145 [01:02<00:03,  2.34it/s, loss=0.0706]
Ep  20 [train]:  94%|█████████▍| 137/145 [01:02<00:04,  1.89it/s, loss=0.0706]
Ep  20 [train]:  94%|█████████▍| 137/145 [01:02<00:04,  1.89it/s, loss=0.0753]
Ep  20 [train]:  95%|█████████▌| 138/145 [01:02<00:03,  2.33it/s, loss=0.0753]
Ep  20 [train]:  95%|█████████▌| 138/145 [01:03<00:03,  2.33it/s, loss=0.0720]
Ep  20 [train]:  96%|█████████▌| 139/145 [01:03<00:03,  1.96it/s, loss=0.0720]
Ep  20 [train]:  96%|█████████▌| 139/145 [01:03<00:03,  1.96it/s, loss=0.0739]
Ep  20 [train]:  97%|█████████▋| 140/145 [01:03<00:02,  2.40it/s, loss=0.0739]
Ep  20 [train]:  97%|█████████▋| 140/145 [01:04<00:02,  2.40it/s, loss=0.0781]
Ep  20 [train]:  97%|█████████▋| 141/145 [01:04<00:02,  1.99it/s, loss=0.0781]
Ep  20 [train]:  97%|█████████▋| 141/145 [01:04<00:02,  1.99it/s, loss=0.0737]
Ep  20 [train]:  98%|█████████▊| 142/145 [01:04<00:01,  2.46it/s, loss=0.0737]
Ep  20 [train]:  98%|█████████▊| 142/145 [01:05<00:01,  2.46it/s, loss=0.0778]
Ep  20 [train]:  99%|█████████▊| 143/145 [01:05<00:00,  2.13it/s, loss=0.0778]
Ep  20 [train]:  99%|█████████▊| 143/145 [01:05<00:00,  2.13it/s, loss=0.0726]
Ep  20 [train]:  99%|█████████▉| 144/145 [01:05<00:00,  2.61it/s, loss=0.0726]
Ep  20 [train]:  99%|█████████▉| 144/145 [01:06<00:00,  2.61it/s, loss=0.0727]
Ep  20 [train]: 100%|██████████| 145/145 [01:06<00:00,  2.31it/s, loss=0.0727]
                                                                              
  Ep  20 [train]  loss=0.0744  rmse_c=0.2389  mae_c=0.2156  r2_c=0.024  rmse_h=0.3035  mae_h=0.2255  r2_h=0.469  sup=0.327

Ep  20 [val  ]:   0%|          | 0/39 [00:00<?, ?it/s]
Ep  20 [val  ]:   0%|          | 0/39 [00:00<?, ?it/s, loss=0.0956]
Ep  20 [val  ]:   3%|▎         | 1/39 [00:00<00:36,  1.04it/s, loss=0.0956]
Ep  20 [val  ]:   3%|▎         | 1/39 [00:01<00:36,  1.04it/s, loss=0.0911]
Ep  20 [val  ]:   3%|▎         | 1/39 [00:01<00:36,  1.04it/s, loss=0.0762]
Ep  20 [val  ]:   8%|▊         | 3/39 [00:01<00:18,  1.95it/s, loss=0.0762]
Ep  20 [val  ]:   8%|▊         | 3/39 [00:01<00:18,  1.95it/s, loss=0.0728]
Ep  20 [val  ]:  10%|█         | 4/39 [00:01<00:14,  2.34it/s, loss=0.0728]
Ep  20 [val  ]:  10%|█         | 4/39 [00:02<00:14,  2.34it/s, loss=0.0751]
Ep  20 [val  ]:  13%|█▎        | 5/39 [00:02<00:15,  2.21it/s, loss=0.0751]
Ep  20 [val  ]:  13%|█▎        | 5/39 [00:02<00:15,  2.21it/s, loss=0.0759]
Ep  20 [val  ]:  15%|█▌        | 6/39 [00:02<00:13,  2.41it/s, loss=0.0759]
Ep  20 [val  ]:  15%|█▌        | 6/39 [00:03<00:13,  2.41it/s, loss=0.0719]
Ep  20 [val  ]:  18%|█▊        | 7/39 [00:03<00:12,  2.53it/s, loss=0.0719]
Ep  20 [val  ]:  18%|█▊        | 7/39 [00:03<00:12,  2.53it/s, loss=0.0706]
Ep  20 [val  ]:  21%|██        | 8/39 [00:03<00:12,  2.43it/s, loss=0.0706]
Ep  20 [val  ]:  21%|██        | 8/39 [00:03<00:12,  2.43it/s, loss=0.0687]
Ep  20 [val  ]:  23%|██▎       | 9/39 [00:03<00:11,  2.69it/s, loss=0.0687]
Ep  20 [val  ]:  23%|██▎       | 9/39 [00:04<00:11,  2.69it/s, loss=0.0714]
Ep  20 [val  ]:  26%|██▌       | 10/39 [00:04<00:13,  2.20it/s, loss=0.0714]
Ep  20 [val  ]:  26%|██▌       | 10/39 [00:04<00:13,  2.20it/s, loss=0.0680]
Ep  20 [val  ]:  26%|██▌       | 10/39 [00:05<00:13,  2.20it/s, loss=0.0721]
Ep  20 [val  ]:  31%|███       | 12/39 [00:05<00:12,  2.23it/s, loss=0.0721]
Ep  20 [val  ]:  31%|███       | 12/39 [00:05<00:12,  2.23it/s, loss=0.0752]
Ep  20 [val  ]:  31%|███       | 12/39 [00:06<00:12,  2.23it/s, loss=0.0815]
Ep  20 [val  ]:  36%|███▌      | 14/39 [00:06<00:10,  2.35it/s, loss=0.0815]
Ep  20 [val  ]:  36%|███▌      | 14/39 [00:06<00:10,  2.35it/s, loss=0.0918]
Ep  20 [val  ]:  36%|███▌      | 14/39 [00:06<00:10,  2.35it/s, loss=0.0905]
Ep  20 [val  ]:  41%|████      | 16/39 [00:06<00:09,  2.38it/s, loss=0.0905]
Ep  20 [val  ]:  41%|████      | 16/39 [00:07<00:09,  2.38it/s, loss=0.0901]
Ep  20 [val  ]:  41%|████      | 16/39 [00:07<00:09,  2.38it/s, loss=0.0831]
Ep  20 [val  ]:  46%|████▌     | 18/39 [00:07<00:08,  2.41it/s, loss=0.0831]
Ep  20 [val  ]:  46%|████▌     | 18/39 [00:07<00:08,  2.41it/s, loss=0.0760]
Ep  20 [val  ]:  46%|████▌     | 18/39 [00:08<00:08,  2.41it/s, loss=0.0648]
Ep  20 [val  ]:  51%|█████▏    | 20/39 [00:08<00:07,  2.48it/s, loss=0.0648]
Ep  20 [val  ]:  51%|█████▏    | 20/39 [00:08<00:07,  2.48it/s, loss=0.0577]
Ep  20 [val  ]:  51%|█████▏    | 20/39 [00:09<00:07,  2.48it/s, loss=0.0662]
Ep  20 [val  ]:  56%|█████▋    | 22/39 [00:09<00:06,  2.53it/s, loss=0.0662]
Ep  20 [val  ]:  56%|█████▋    | 22/39 [00:09<00:06,  2.53it/s, loss=0.0598]
Ep  20 [val  ]:  56%|█████▋    | 22/39 [00:10<00:06,  2.53it/s, loss=0.0626]
Ep  20 [val  ]:  62%|██████▏   | 24/39 [00:10<00:05,  2.61it/s, loss=0.0626]
Ep  20 [val  ]:  62%|██████▏   | 24/39 [00:10<00:05,  2.61it/s, loss=0.0634]
Ep  20 [val  ]:  62%|██████▏   | 24/39 [00:10<00:05,  2.61it/s, loss=0.0709]
Ep  20 [val  ]:  67%|██████▋   | 26/39 [00:10<00:04,  2.67it/s, loss=0.0709]
Ep  20 [val  ]:  67%|██████▋   | 26/39 [00:10<00:04,  2.67it/s, loss=0.0803]
Ep  20 [val  ]:  67%|██████▋   | 26/39 [00:11<00:04,  2.67it/s, loss=0.1216]
Ep  20 [val  ]:  72%|███████▏  | 28/39 [00:11<00:04,  2.72it/s, loss=0.1216]
Ep  20 [val  ]:  72%|███████▏  | 28/39 [00:11<00:04,  2.72it/s, loss=0.0920]
Ep  20 [val  ]:  72%|███████▏  | 28/39 [00:12<00:04,  2.72it/s, loss=0.0814]
Ep  20 [val  ]:  77%|███████▋  | 30/39 [00:12<00:03,  2.74it/s, loss=0.0814]
Ep  20 [val  ]:  77%|███████▋  | 30/39 [00:12<00:03,  2.74it/s, loss=0.0818]
Ep  20 [val  ]:  77%|███████▋  | 30/39 [00:12<00:03,  2.74it/s, loss=0.0723]
Ep  20 [val  ]:  82%|████████▏ | 32/39 [00:12<00:02,  2.72it/s, loss=0.0723]
Ep  20 [val  ]:  82%|████████▏ | 32/39 [00:12<00:02,  2.72it/s, loss=0.0737]
Ep  20 [val  ]:  82%|████████▏ | 32/39 [00:13<00:02,  2.72it/s, loss=0.0716]
Ep  20 [val  ]:  87%|████████▋ | 34/39 [00:13<00:01,  2.67it/s, loss=0.0716]
Ep  20 [val  ]:  87%|████████▋ | 34/39 [00:13<00:01,  2.67it/s, loss=0.0771]
Ep  20 [val  ]:  87%|████████▋ | 34/39 [00:14<00:01,  2.67it/s, loss=0.0712]
Ep  20 [val  ]:  92%|█████████▏| 36/39 [00:14<00:01,  2.59it/s, loss=0.0712]
Ep  20 [val  ]:  92%|█████████▏| 36/39 [00:14<00:01,  2.59it/s, loss=0.0696]
Ep  20 [val  ]:  92%|█████████▏| 36/39 [00:15<00:01,  2.59it/s, loss=0.0604]
Ep  20 [val  ]:  97%|█████████▋| 38/39 [00:15<00:00,  2.59it/s, loss=0.0604]
Ep  20 [val  ]:  97%|█████████▋| 38/39 [00:15<00:00,  2.59it/s, loss=0.0709]
                                                                            
  Ep  20 [val  ]  loss=0.0761  rmse_c=0.2437  mae_c=0.2189  r2_c=0.025  rmse_h=0.3042  mae_h=0.2211  r2_h=0.424  sup=0.308

Ep  21 [train]:   0%|          | 0/145 [00:00<?, ?it/s]
Ep  21 [train]:   0%|          | 0/145 [00:01<?, ?it/s, loss=0.0688]
Ep  21 [train]:   1%|          | 1/145 [00:01<02:36,  1.09s/it, loss=0.0688]
Ep  21 [train]:   1%|          | 1/145 [00:01<02:36,  1.09s/it, loss=0.0721]
Ep  21 [train]:   1%|▏         | 2/145 [00:01<01:23,  1.70it/s, loss=0.0721]
Ep  21 [train]:   1%|▏         | 2/145 [00:01<01:23,  1.70it/s, loss=0.0771]
Ep  21 [train]:   2%|▏         | 3/145 [00:01<01:24,  1.69it/s, loss=0.0771]
Ep  21 [train]:   2%|▏         | 3/145 [00:02<01:24,  1.69it/s, loss=0.0719]
Ep  21 [train]:   3%|▎         | 4/145 [00:02<01:01,  2.30it/s, loss=0.0719]
Ep  21 [train]:   3%|▎         | 4/145 [00:02<01:01,  2.30it/s, loss=0.0764]
Ep  21 [train]:   3%|▎         | 5/145 [00:02<01:13,  1.92it/s, loss=0.0764]
Ep  21 [train]:   3%|▎         | 5/145 [00:02<01:13,  1.92it/s, loss=0.0738]
Ep  21 [train]:   4%|▍         | 6/145 [00:02<00:57,  2.42it/s, loss=0.0738]
Ep  21 [train]:   4%|▍         | 6/145 [00:03<00:57,  2.42it/s, loss=0.0723]
Ep  21 [train]:   5%|▍         | 7/145 [00:03<01:09,  2.00it/s, loss=0.0723]
Ep  21 [train]:   5%|▍         | 7/145 [00:03<01:09,  2.00it/s, loss=0.0730]
Ep  21 [train]:   6%|▌         | 8/145 [00:03<00:54,  2.51it/s, loss=0.0730]
Ep  21 [train]:   6%|▌         | 8/145 [00:04<00:54,  2.51it/s, loss=0.0710]
Ep  21 [train]:   6%|▌         | 9/145 [00:04<01:05,  2.08it/s, loss=0.0710]
Ep  21 [train]:   6%|▌         | 9/145 [00:04<01:05,  2.08it/s, loss=0.0811]
Ep  21 [train]:   7%|▋         | 10/145 [00:04<00:53,  2.51it/s, loss=0.0811]
Ep  21 [train]:   7%|▋         | 10/145 [00:05<00:53,  2.51it/s, loss=0.0728]
Ep  21 [train]:   8%|▊         | 11/145 [00:05<01:03,  2.09it/s, loss=0.0728]
Ep  21 [train]:   8%|▊         | 11/145 [00:05<01:03,  2.09it/s, loss=0.0719]
Ep  21 [train]:   8%|▊         | 12/145 [00:05<00:52,  2.52it/s, loss=0.0719]
Ep  21 [train]:   8%|▊         | 12/145 [00:06<00:52,  2.52it/s, loss=0.0918]
Ep  21 [train]:   9%|▉         | 13/145 [00:06<01:02,  2.10it/s, loss=0.0918]
Ep  21 [train]:   9%|▉         | 13/145 [00:06<01:02,  2.10it/s, loss=0.0704]
Ep  21 [train]:  10%|▉         | 14/145 [00:06<00:50,  2.58it/s, loss=0.0704]
Ep  21 [train]:  10%|▉         | 14/145 [00:07<00:50,  2.58it/s, loss=0.0736]
Ep  21 [train]:  10%|█         | 15/145 [00:07<01:03,  2.04it/s, loss=0.0736]
Ep  21 [train]:  10%|█         | 15/145 [00:07<01:03,  2.04it/s, loss=0.0714]
Ep  21 [train]:  11%|█         | 16/145 [00:07<00:51,  2.53it/s, loss=0.0714]
Ep  21 [train]:  11%|█         | 16/145 [00:08<00:51,  2.53it/s, loss=0.0700]
Ep  21 [train]:  12%|█▏        | 17/145 [00:08<01:01,  2.07it/s, loss=0.0700]
Ep  21 [train]:  12%|█▏        | 17/145 [00:08<01:01,  2.07it/s, loss=0.0702]
Ep  21 [train]:  12%|█▏        | 18/145 [00:08<00:49,  2.56it/s, loss=0.0702]
Ep  21 [train]:  12%|█▏        | 18/145 [00:08<00:49,  2.56it/s, loss=0.0728]
Ep  21 [train]:  13%|█▎        | 19/145 [00:08<01:00,  2.08it/s, loss=0.0728]
Ep  21 [train]:  13%|█▎        | 19/145 [00:09<01:00,  2.08it/s, loss=0.0796]
Ep  21 [train]:  14%|█▍        | 20/145 [00:09<00:49,  2.55it/s, loss=0.0796]
Ep  21 [train]:  14%|█▍        | 20/145 [00:09<00:49,  2.55it/s, loss=0.0732]
Ep  21 [train]:  14%|█▍        | 21/145 [00:09<01:00,  2.06it/s, loss=0.0732]
Ep  21 [train]:  14%|█▍        | 21/145 [00:09<01:00,  2.06it/s, loss=0.0703]
Ep  21 [train]:  15%|█▌        | 22/145 [00:09<00:48,  2.55it/s, loss=0.0703]
Ep  21 [train]:  15%|█▌        | 22/145 [00:10<00:48,  2.55it/s, loss=0.0827]
Ep  21 [train]:  16%|█▌        | 23/145 [00:10<00:59,  2.05it/s, loss=0.0827]
Ep  21 [train]:  16%|█▌        | 23/145 [00:10<00:59,  2.05it/s, loss=0.0757]
Ep  21 [train]:  17%|█▋        | 24/145 [00:10<00:47,  2.54it/s, loss=0.0757]
Ep  21 [train]:  17%|█▋        | 24/145 [00:11<00:47,  2.54it/s, loss=0.0778]
Ep  21 [train]:  17%|█▋        | 25/145 [00:11<00:57,  2.09it/s, loss=0.0778]
Ep  21 [train]:  17%|█▋        | 25/145 [00:11<00:57,  2.09it/s, loss=0.0766]
Ep  21 [train]:  18%|█▊        | 26/145 [00:11<00:46,  2.54it/s, loss=0.0766]
Ep  21 [train]:  18%|█▊        | 26/145 [00:12<00:46,  2.54it/s, loss=0.0678]
Ep  21 [train]:  19%|█▊        | 27/145 [00:12<00:56,  2.09it/s, loss=0.0678]
Ep  21 [train]:  19%|█▊        | 27/145 [00:12<00:56,  2.09it/s, loss=0.0696]
Ep  21 [train]:  19%|█▉        | 28/145 [00:12<00:45,  2.55it/s, loss=0.0696]
Ep  21 [train]:  19%|█▉        | 28/145 [00:13<00:45,  2.55it/s, loss=0.0718]
Ep  21 [train]:  20%|██        | 29/145 [00:13<00:56,  2.07it/s, loss=0.0718]
Ep  21 [train]:  20%|██        | 29/145 [00:13<00:56,  2.07it/s, loss=0.0789]
Ep  21 [train]:  21%|██        | 30/145 [00:13<00:45,  2.54it/s, loss=0.0789]
Ep  21 [train]:  21%|██        | 30/145 [00:14<00:45,  2.54it/s, loss=0.0704]
Ep  21 [train]:  21%|██▏       | 31/145 [00:14<00:54,  2.10it/s, loss=0.0704]
Ep  21 [train]:  21%|██▏       | 31/145 [00:14<00:54,  2.10it/s, loss=0.0674]
Ep  21 [train]:  22%|██▏       | 32/145 [00:14<00:44,  2.54it/s, loss=0.0674]
Ep  21 [train]:  22%|██▏       | 32/145 [00:15<00:44,  2.54it/s, loss=0.0795]
Ep  21 [train]:  23%|██▎       | 33/145 [00:15<00:53,  2.08it/s, loss=0.0795]
Ep  21 [train]:  23%|██▎       | 33/145 [00:15<00:53,  2.08it/s, loss=0.0769]
Ep  21 [train]:  23%|██▎       | 34/145 [00:15<00:43,  2.56it/s, loss=0.0769]
Ep  21 [train]:  23%|██▎       | 34/145 [00:15<00:43,  2.56it/s, loss=0.0742]
Ep  21 [train]:  24%|██▍       | 35/145 [00:15<00:52,  2.10it/s, loss=0.0742]
Ep  21 [train]:  24%|██▍       | 35/145 [00:16<00:52,  2.10it/s, loss=0.0781]
Ep  21 [train]:  25%|██▍       | 36/145 [00:16<00:42,  2.58it/s, loss=0.0781]
Ep  21 [train]:  25%|██▍       | 36/145 [00:16<00:42,  2.58it/s, loss=0.0753]
Ep  21 [train]:  26%|██▌       | 37/145 [00:16<00:51,  2.10it/s, loss=0.0753]
Ep  21 [train]:  26%|██▌       | 37/145 [00:16<00:51,  2.10it/s, loss=0.0781]
Ep  21 [train]:  26%|██▌       | 38/145 [00:16<00:42,  2.53it/s, loss=0.0781]
Ep  21 [train]:  26%|██▌       | 38/145 [00:17<00:42,  2.53it/s, loss=0.0752]
Ep  21 [train]:  27%|██▋       | 39/145 [00:17<00:51,  2.06it/s, loss=0.0752]
Ep  21 [train]:  27%|██▋       | 39/145 [00:17<00:51,  2.06it/s, loss=0.0698]
Ep  21 [train]:  28%|██▊       | 40/145 [00:17<00:41,  2.52it/s, loss=0.0698]
Ep  21 [train]:  28%|██▊       | 40/145 [00:18<00:41,  2.52it/s, loss=0.0729]
Ep  21 [train]:  28%|██▊       | 41/145 [00:18<00:55,  1.88it/s, loss=0.0729]
Ep  21 [train]:  28%|██▊       | 41/145 [00:18<00:55,  1.88it/s, loss=0.0700]
Ep  21 [train]:  29%|██▉       | 42/145 [00:18<00:44,  2.33it/s, loss=0.0700]
Ep  21 [train]:  29%|██▉       | 42/145 [00:19<00:44,  2.33it/s, loss=0.0745]
Ep  21 [train]:  30%|██▉       | 43/145 [00:19<00:49,  2.06it/s, loss=0.0745]
Ep  21 [train]:  30%|██▉       | 43/145 [00:19<00:49,  2.06it/s, loss=0.0779]
Ep  21 [train]:  30%|███       | 44/145 [00:19<00:39,  2.53it/s, loss=0.0779]
Ep  21 [train]:  30%|███       | 44/145 [00:20<00:39,  2.53it/s, loss=0.0759]
Ep  21 [train]:  31%|███       | 45/145 [00:20<00:51,  1.94it/s, loss=0.0759]
Ep  21 [train]:  31%|███       | 45/145 [00:20<00:51,  1.94it/s, loss=0.0763]
Ep  21 [train]:  32%|███▏      | 46/145 [00:20<00:42,  2.32it/s, loss=0.0763]
Ep  21 [train]:  32%|███▏      | 46/145 [00:21<00:42,  2.32it/s, loss=0.0720]
Ep  21 [train]:  32%|███▏      | 47/145 [00:21<00:47,  2.05it/s, loss=0.0720]
Ep  21 [train]:  32%|███▏      | 47/145 [00:21<00:47,  2.05it/s, loss=0.0787]
Ep  21 [train]:  33%|███▎      | 48/145 [00:21<00:38,  2.52it/s, loss=0.0787]
Ep  21 [train]:  33%|███▎      | 48/145 [00:22<00:38,  2.52it/s, loss=0.0686]
Ep  21 [train]:  34%|███▍      | 49/145 [00:22<00:46,  2.04it/s, loss=0.0686]
Ep  21 [train]:  34%|███▍      | 49/145 [00:22<00:46,  2.04it/s, loss=0.0682]
Ep  21 [train]:  34%|███▍      | 50/145 [00:22<00:37,  2.52it/s, loss=0.0682]
Ep  21 [train]:  34%|███▍      | 50/145 [00:23<00:37,  2.52it/s, loss=0.0720]
Ep  21 [train]:  35%|███▌      | 51/145 [00:23<00:46,  2.02it/s, loss=0.0720]
Ep  21 [train]:  35%|███▌      | 51/145 [00:23<00:46,  2.02it/s, loss=0.0687]
Ep  21 [train]:  36%|███▌      | 52/145 [00:23<00:37,  2.46it/s, loss=0.0687]
Ep  21 [train]:  36%|███▌      | 52/145 [00:24<00:37,  2.46it/s, loss=0.0791]
Ep  21 [train]:  37%|███▋      | 53/145 [00:24<00:46,  1.96it/s, loss=0.0791]
Ep  21 [train]:  37%|███▋      | 53/145 [00:24<00:46,  1.96it/s, loss=0.0712]
Ep  21 [train]:  37%|███▋      | 54/145 [00:24<00:37,  2.42it/s, loss=0.0712]
Ep  21 [train]:  37%|███▋      | 54/145 [00:24<00:37,  2.42it/s, loss=0.0675]
Ep  21 [train]:  38%|███▊      | 55/145 [00:24<00:44,  2.02it/s, loss=0.0675]
Ep  21 [train]:  38%|███▊      | 55/145 [00:25<00:44,  2.02it/s, loss=0.0717]
Ep  21 [train]:  39%|███▊      | 56/145 [00:25<00:35,  2.48it/s, loss=0.0717]
Ep  21 [train]:  39%|███▊      | 56/145 [00:25<00:35,  2.48it/s, loss=0.0712]
Ep  21 [train]:  39%|███▉      | 57/145 [00:25<00:44,  1.99it/s, loss=0.0712]
Ep  21 [train]:  39%|███▉      | 57/145 [00:26<00:44,  1.99it/s, loss=0.0715]
Ep  21 [train]:  40%|████      | 58/145 [00:26<00:35,  2.43it/s, loss=0.0715]
Ep  21 [train]:  40%|████      | 58/145 [00:26<00:35,  2.43it/s, loss=0.0751]
Ep  21 [train]:  41%|████      | 59/145 [00:26<00:43,  1.98it/s, loss=0.0751]
Ep  21 [train]:  41%|████      | 59/145 [00:26<00:43,  1.98it/s, loss=0.0737]
Ep  21 [train]:  41%|████▏     | 60/145 [00:26<00:34,  2.43it/s, loss=0.0737]
Ep  21 [train]:  41%|████▏     | 60/145 [00:27<00:34,  2.43it/s, loss=0.0723]
Ep  21 [train]:  42%|████▏     | 61/145 [00:27<00:41,  2.01it/s, loss=0.0723]
Ep  21 [train]:  42%|████▏     | 61/145 [00:27<00:41,  2.01it/s, loss=0.0881]
Ep  21 [train]:  43%|████▎     | 62/145 [00:27<00:33,  2.47it/s, loss=0.0881]
Ep  21 [train]:  43%|████▎     | 62/145 [00:28<00:33,  2.47it/s, loss=0.0786]
Ep  21 [train]:  43%|████▎     | 63/145 [00:28<00:40,  2.04it/s, loss=0.0786]
Ep  21 [train]:  43%|████▎     | 63/145 [00:28<00:40,  2.04it/s, loss=0.0677]
Ep  21 [train]:  44%|████▍     | 64/145 [00:28<00:32,  2.50it/s, loss=0.0677]
Ep  21 [train]:  44%|████▍     | 64/145 [00:29<00:32,  2.50it/s, loss=0.0740]
Ep  21 [train]:  45%|████▍     | 65/145 [00:29<00:40,  2.00it/s, loss=0.0740]
Ep  21 [train]:  45%|████▍     | 65/145 [00:29<00:40,  2.00it/s, loss=0.0697]
Ep  21 [train]:  46%|████▌     | 66/145 [00:29<00:32,  2.40it/s, loss=0.0697]
Ep  21 [train]:  46%|████▌     | 66/145 [00:30<00:32,  2.40it/s, loss=0.0731]
Ep  21 [train]:  46%|████▌     | 67/145 [00:30<00:37,  2.08it/s, loss=0.0731]
Ep  21 [train]:  46%|████▌     | 67/145 [00:30<00:37,  2.08it/s, loss=0.0681]
Ep  21 [train]:  47%|████▋     | 68/145 [00:30<00:31,  2.41it/s, loss=0.0681]
Ep  21 [train]:  47%|████▋     | 68/145 [00:31<00:31,  2.41it/s, loss=0.0740]
Ep  21 [train]:  48%|████▊     | 69/145 [00:31<00:38,  1.97it/s, loss=0.0740]
Ep  21 [train]:  48%|████▊     | 69/145 [00:31<00:38,  1.97it/s, loss=0.0696]
Ep  21 [train]:  48%|████▊     | 70/145 [00:31<00:31,  2.35it/s, loss=0.0696]
Ep  21 [train]:  48%|████▊     | 70/145 [00:32<00:31,  2.35it/s, loss=0.0750]
Ep  21 [train]:  49%|████▉     | 71/145 [00:32<00:37,  1.99it/s, loss=0.0750]
Ep  21 [train]:  49%|████▉     | 71/145 [00:32<00:37,  1.99it/s, loss=0.0737]
Ep  21 [train]:  50%|████▉     | 72/145 [00:32<00:30,  2.38it/s, loss=0.0737]
Ep  21 [train]:  50%|████▉     | 72/145 [00:33<00:30,  2.38it/s, loss=0.0740]
Ep  21 [train]:  50%|█████     | 73/145 [00:33<00:35,  2.05it/s, loss=0.0740]
Ep  21 [train]:  50%|█████     | 73/145 [00:33<00:35,  2.05it/s, loss=0.0737]
Ep  21 [train]:  51%|█████     | 74/145 [00:33<00:29,  2.40it/s, loss=0.0737]
Ep  21 [train]:  51%|█████     | 74/145 [00:33<00:29,  2.40it/s, loss=0.0686]
Ep  21 [train]:  52%|█████▏    | 75/145 [00:33<00:31,  2.20it/s, loss=0.0686]
Ep  21 [train]:  52%|█████▏    | 75/145 [00:34<00:31,  2.20it/s, loss=0.0737]
Ep  21 [train]:  52%|█████▏    | 76/145 [00:34<00:28,  2.43it/s, loss=0.0737]
Ep  21 [train]:  52%|█████▏    | 76/145 [00:34<00:28,  2.43it/s, loss=0.0701]
Ep  21 [train]:  53%|█████▎    | 77/145 [00:34<00:29,  2.34it/s, loss=0.0701]
Ep  21 [train]:  53%|█████▎    | 77/145 [00:34<00:29,  2.34it/s, loss=0.0698]
Ep  21 [train]:  54%|█████▍    | 78/145 [00:34<00:26,  2.58it/s, loss=0.0698]
Ep  21 [train]:  54%|█████▍    | 78/145 [00:35<00:26,  2.58it/s, loss=0.0767]
Ep  21 [train]:  54%|█████▍    | 79/145 [00:35<00:27,  2.38it/s, loss=0.0767]
Ep  21 [train]:  54%|█████▍    | 79/145 [00:35<00:27,  2.38it/s, loss=0.0735]
Ep  21 [train]:  55%|█████▌    | 80/145 [00:35<00:26,  2.43it/s, loss=0.0735]
Ep  21 [train]:  55%|█████▌    | 80/145 [00:36<00:26,  2.43it/s, loss=0.0763]
Ep  21 [train]:  56%|█████▌    | 81/145 [00:36<00:25,  2.54it/s, loss=0.0763]
Ep  21 [train]:  56%|█████▌    | 81/145 [00:36<00:25,  2.54it/s, loss=0.0693]
Ep  21 [train]:  57%|█████▋    | 82/145 [00:36<00:26,  2.40it/s, loss=0.0693]
Ep  21 [train]:  57%|█████▋    | 82/145 [00:37<00:26,  2.40it/s, loss=0.0712]
Ep  21 [train]:  57%|█████▋    | 83/145 [00:37<00:24,  2.50it/s, loss=0.0712]
Ep  21 [train]:  57%|█████▋    | 83/145 [00:37<00:24,  2.50it/s, loss=0.0659]
Ep  21 [train]:  58%|█████▊    | 84/145 [00:37<00:26,  2.33it/s, loss=0.0659]
Ep  21 [train]:  58%|█████▊    | 84/145 [00:37<00:26,  2.33it/s, loss=0.0833]
Ep  21 [train]:  59%|█████▊    | 85/145 [00:37<00:24,  2.49it/s, loss=0.0833]
Ep  21 [train]:  59%|█████▊    | 85/145 [00:38<00:24,  2.49it/s, loss=0.0684]
Ep  21 [train]:  59%|█████▉    | 86/145 [00:38<00:26,  2.26it/s, loss=0.0684]
Ep  21 [train]:  59%|█████▉    | 86/145 [00:38<00:26,  2.26it/s, loss=0.0765]
Ep  21 [train]:  60%|██████    | 87/145 [00:38<00:23,  2.52it/s, loss=0.0765]
Ep  21 [train]:  60%|██████    | 87/145 [00:39<00:23,  2.52it/s, loss=0.0754]
Ep  21 [train]:  61%|██████    | 88/145 [00:39<00:25,  2.25it/s, loss=0.0754]
Ep  21 [train]:  61%|██████    | 88/145 [00:39<00:25,  2.25it/s, loss=0.0704]
Ep  21 [train]:  61%|██████▏   | 89/145 [00:39<00:22,  2.47it/s, loss=0.0704]
Ep  21 [train]:  61%|██████▏   | 89/145 [00:40<00:22,  2.47it/s, loss=0.0743]
Ep  21 [train]:  62%|██████▏   | 90/145 [00:40<00:25,  2.20it/s, loss=0.0743]
Ep  21 [train]:  62%|██████▏   | 90/145 [00:40<00:25,  2.20it/s, loss=0.0798]
Ep  21 [train]:  63%|██████▎   | 91/145 [00:40<00:22,  2.41it/s, loss=0.0798]
Ep  21 [train]:  63%|██████▎   | 91/145 [00:41<00:22,  2.41it/s, loss=0.0706]
Ep  21 [train]:  63%|██████▎   | 92/145 [00:41<00:24,  2.17it/s, loss=0.0706]
Ep  21 [train]:  63%|██████▎   | 92/145 [00:41<00:24,  2.17it/s, loss=0.0778]
Ep  21 [train]:  64%|██████▍   | 93/145 [00:41<00:20,  2.51it/s, loss=0.0778]
Ep  21 [train]:  64%|██████▍   | 93/145 [00:41<00:20,  2.51it/s, loss=0.0688]
Ep  21 [train]:  65%|██████▍   | 94/145 [00:41<00:23,  2.14it/s, loss=0.0688]
Ep  21 [train]:  65%|██████▍   | 94/145 [00:42<00:23,  2.14it/s, loss=0.0828]
Ep  21 [train]:  66%|██████▌   | 95/145 [00:42<00:19,  2.56it/s, loss=0.0828]
Ep  21 [train]:  66%|██████▌   | 95/145 [00:42<00:19,  2.56it/s, loss=0.0751]
Ep  21 [train]:  66%|██████▌   | 96/145 [00:42<00:23,  2.13it/s, loss=0.0751]
Ep  21 [train]:  66%|██████▌   | 96/145 [00:43<00:23,  2.13it/s, loss=0.0693]
Ep  21 [train]:  67%|██████▋   | 97/145 [00:43<00:19,  2.53it/s, loss=0.0693]
Ep  21 [train]:  67%|██████▋   | 97/145 [00:43<00:19,  2.53it/s, loss=0.0730]
Ep  21 [train]:  68%|██████▊   | 98/145 [00:43<00:22,  2.13it/s, loss=0.0730]
Ep  21 [train]:  68%|██████▊   | 98/145 [00:43<00:22,  2.13it/s, loss=0.0739]
Ep  21 [train]:  68%|██████▊   | 99/145 [00:43<00:19,  2.41it/s, loss=0.0739]
Ep  21 [train]:  68%|██████▊   | 99/145 [00:44<00:19,  2.41it/s, loss=0.0788]
Ep  21 [train]:  69%|██████▉   | 100/145 [00:44<00:20,  2.16it/s, loss=0.0788]
Ep  21 [train]:  69%|██████▉   | 100/145 [00:44<00:20,  2.16it/s, loss=0.0685]
Ep  21 [train]:  70%|██████▉   | 101/145 [00:44<00:19,  2.26it/s, loss=0.0685]
Ep  21 [train]:  70%|██████▉   | 101/145 [00:45<00:19,  2.26it/s, loss=0.0701]
Ep  21 [train]:  70%|███████   | 102/145 [00:45<00:20,  2.15it/s, loss=0.0701]
Ep  21 [train]:  70%|███████   | 102/145 [00:45<00:20,  2.15it/s, loss=0.0737]
Ep  21 [train]:  71%|███████   | 103/145 [00:45<00:18,  2.32it/s, loss=0.0737]
Ep  21 [train]:  71%|███████   | 103/145 [00:46<00:18,  2.32it/s, loss=0.0847]
Ep  21 [train]:  72%|███████▏  | 104/145 [00:46<00:18,  2.19it/s, loss=0.0847]
Ep  21 [train]:  72%|███████▏  | 104/145 [00:46<00:18,  2.19it/s, loss=0.0718]
Ep  21 [train]:  72%|███████▏  | 105/145 [00:46<00:16,  2.37it/s, loss=0.0718]
Ep  21 [train]:  72%|███████▏  | 105/145 [00:47<00:16,  2.37it/s, loss=0.0695]
Ep  21 [train]:  73%|███████▎  | 106/145 [00:47<00:17,  2.17it/s, loss=0.0695]
Ep  21 [train]:  73%|███████▎  | 106/145 [00:47<00:17,  2.17it/s, loss=0.0751]
Ep  21 [train]:  74%|███████▍  | 107/145 [00:47<00:15,  2.40it/s, loss=0.0751]
Ep  21 [train]:  74%|███████▍  | 107/145 [00:48<00:15,  2.40it/s, loss=0.0775]
Ep  21 [train]:  74%|███████▍  | 108/145 [00:48<00:17,  2.15it/s, loss=0.0775]
Ep  21 [train]:  74%|███████▍  | 108/145 [00:48<00:17,  2.15it/s, loss=0.0740]
Ep  21 [train]:  75%|███████▌  | 109/145 [00:48<00:14,  2.45it/s, loss=0.0740]
Ep  21 [train]:  75%|███████▌  | 109/145 [00:48<00:14,  2.45it/s, loss=0.0731]
Ep  21 [train]:  76%|███████▌  | 110/145 [00:48<00:16,  2.13it/s, loss=0.0731]
Ep  21 [train]:  76%|███████▌  | 110/145 [00:49<00:16,  2.13it/s, loss=0.0697]
Ep  21 [train]:  77%|███████▋  | 111/145 [00:49<00:13,  2.47it/s, loss=0.0697]
Ep  21 [train]:  77%|███████▋  | 111/145 [00:49<00:13,  2.47it/s, loss=0.0757]
Ep  21 [train]:  77%|███████▋  | 112/145 [00:49<00:15,  2.07it/s, loss=0.0757]
Ep  21 [train]:  77%|███████▋  | 112/145 [00:50<00:15,  2.07it/s, loss=0.0676]
Ep  21 [train]:  78%|███████▊  | 113/145 [00:50<00:13,  2.40it/s, loss=0.0676]
Ep  21 [train]:  78%|███████▊  | 113/145 [00:50<00:13,  2.40it/s, loss=0.0781]
Ep  21 [train]:  79%|███████▊  | 114/145 [00:50<00:14,  2.14it/s, loss=0.0781]
Ep  21 [train]:  79%|███████▊  | 114/145 [00:51<00:14,  2.14it/s, loss=0.0787]
Ep  21 [train]:  79%|███████▉  | 115/145 [00:51<00:12,  2.33it/s, loss=0.0787]
Ep  21 [train]:  79%|███████▉  | 115/145 [00:51<00:12,  2.33it/s, loss=0.0752]
Ep  21 [train]:  80%|████████  | 116/145 [00:51<00:13,  2.16it/s, loss=0.0752]
Ep  21 [train]:  80%|████████  | 116/145 [00:51<00:13,  2.16it/s, loss=0.0679]
Ep  21 [train]:  81%|████████  | 117/145 [00:51<00:11,  2.39it/s, loss=0.0679]
Ep  21 [train]:  81%|████████  | 117/145 [00:52<00:11,  2.39it/s, loss=0.0765]
Ep  21 [train]:  81%|████████▏ | 118/145 [00:52<00:12,  2.16it/s, loss=0.0765]
Ep  21 [train]:  81%|████████▏ | 118/145 [00:52<00:12,  2.16it/s, loss=0.0735]
Ep  21 [train]:  82%|████████▏ | 119/145 [00:52<00:11,  2.35it/s, loss=0.0735]
Ep  21 [train]:  82%|████████▏ | 119/145 [00:53<00:11,  2.35it/s, loss=0.0800]
Ep  21 [train]:  83%|████████▎ | 120/145 [00:53<00:11,  2.17it/s, loss=0.0800]
Ep  21 [train]:  83%|████████▎ | 120/145 [00:53<00:11,  2.17it/s, loss=0.0868]
Ep  21 [train]:  83%|████████▎ | 121/145 [00:53<00:10,  2.38it/s, loss=0.0868]
Ep  21 [train]:  83%|████████▎ | 121/145 [00:54<00:10,  2.38it/s, loss=0.0768]
Ep  21 [train]:  84%|████████▍ | 122/145 [00:54<00:10,  2.19it/s, loss=0.0768]
Ep  21 [train]:  84%|████████▍ | 122/145 [00:54<00:10,  2.19it/s, loss=0.0750]
Ep  21 [train]:  85%|████████▍ | 123/145 [00:54<00:09,  2.44it/s, loss=0.0750]
Ep  21 [train]:  85%|████████▍ | 123/145 [00:55<00:09,  2.44it/s, loss=0.0806]
Ep  21 [train]:  86%|████████▌ | 124/145 [00:55<00:09,  2.14it/s, loss=0.0806]
Ep  21 [train]:  86%|████████▌ | 124/145 [00:55<00:09,  2.14it/s, loss=0.0678]
Ep  21 [train]:  86%|████████▌ | 125/145 [00:55<00:08,  2.45it/s, loss=0.0678]
Ep  21 [train]:  86%|████████▌ | 125/145 [00:56<00:08,  2.45it/s, loss=0.0816]
Ep  21 [train]:  87%|████████▋ | 126/145 [00:56<00:09,  2.11it/s, loss=0.0816]
Ep  21 [train]:  87%|████████▋ | 126/145 [00:56<00:09,  2.11it/s, loss=0.0818]
Ep  21 [train]:  88%|████████▊ | 127/145 [00:56<00:07,  2.55it/s, loss=0.0818]
Ep  21 [train]:  88%|████████▊ | 127/145 [00:56<00:07,  2.55it/s, loss=0.0670]
Ep  21 [train]:  88%|████████▊ | 128/145 [00:56<00:08,  2.09it/s, loss=0.0670]
Ep  21 [train]:  88%|████████▊ | 128/145 [00:57<00:08,  2.09it/s, loss=0.0763]
Ep  21 [train]:  89%|████████▉ | 129/145 [00:57<00:06,  2.50it/s, loss=0.0763]
Ep  21 [train]:  89%|████████▉ | 129/145 [00:57<00:06,  2.50it/s, loss=0.0774]
Ep  21 [train]:  90%|████████▉ | 130/145 [00:57<00:06,  2.20it/s, loss=0.0774]
Ep  21 [train]:  90%|████████▉ | 130/145 [00:57<00:06,  2.20it/s, loss=0.0690]
Ep  21 [train]:  90%|█████████ | 131/145 [00:57<00:05,  2.66it/s, loss=0.0690]
Ep  21 [train]:  90%|█████████ | 131/145 [00:58<00:05,  2.66it/s, loss=0.0760]
Ep  21 [train]:  91%|█████████ | 132/145 [00:58<00:06,  2.13it/s, loss=0.0760]
Ep  21 [train]:  91%|█████████ | 132/145 [00:58<00:06,  2.13it/s, loss=0.0735]
Ep  21 [train]:  92%|█████████▏| 133/145 [00:58<00:04,  2.59it/s, loss=0.0735]
Ep  21 [train]:  92%|█████████▏| 133/145 [00:59<00:04,  2.59it/s, loss=0.0719]
Ep  21 [train]:  92%|█████████▏| 134/145 [00:59<00:05,  1.92it/s, loss=0.0719]
Ep  21 [train]:  92%|█████████▏| 134/145 [00:59<00:05,  1.92it/s, loss=0.0803]
Ep  21 [train]:  93%|█████████▎| 135/145 [00:59<00:04,  2.37it/s, loss=0.0803]
Ep  21 [train]:  93%|█████████▎| 135/145 [01:00<00:04,  2.37it/s, loss=0.0687]
Ep  21 [train]:  94%|█████████▍| 136/145 [01:00<00:04,  2.02it/s, loss=0.0687]
Ep  21 [train]:  94%|█████████▍| 136/145 [01:00<00:04,  2.02it/s, loss=0.0806]
Ep  21 [train]:  94%|█████████▍| 137/145 [01:00<00:03,  2.44it/s, loss=0.0806]
Ep  21 [train]:  94%|█████████▍| 137/145 [01:01<00:03,  2.44it/s, loss=0.0691]
Ep  21 [train]:  95%|█████████▌| 138/145 [01:01<00:03,  1.94it/s, loss=0.0691]
Ep  21 [train]:  95%|█████████▌| 138/145 [01:01<00:03,  1.94it/s, loss=0.0688]
Ep  21 [train]:  96%|█████████▌| 139/145 [01:01<00:02,  2.36it/s, loss=0.0688]
Ep  21 [train]:  96%|█████████▌| 139/145 [01:02<00:02,  2.36it/s, loss=0.0731]
Ep  21 [train]:  97%|█████████▋| 140/145 [01:02<00:02,  2.06it/s, loss=0.0731]
Ep  21 [train]:  97%|█████████▋| 140/145 [01:02<00:02,  2.06it/s, loss=0.0744]
Ep  21 [train]:  97%|█████████▋| 141/145 [01:02<00:01,  2.41it/s, loss=0.0744]
Ep  21 [train]:  97%|█████████▋| 141/145 [01:03<00:01,  2.41it/s, loss=0.0796]
Ep  21 [train]:  98%|█████████▊| 142/145 [01:03<00:01,  1.99it/s, loss=0.0796]
Ep  21 [train]:  98%|█████████▊| 142/145 [01:03<00:01,  1.99it/s, loss=0.0704]
Ep  21 [train]:  99%|█████████▊| 143/145 [01:03<00:00,  2.44it/s, loss=0.0704]
Ep  21 [train]:  99%|█████████▊| 143/145 [01:03<00:00,  2.44it/s, loss=0.0762]
Ep  21 [train]:  99%|█████████▉| 144/145 [01:03<00:00,  2.25it/s, loss=0.0762]
Ep  21 [train]:  99%|█████████▉| 144/145 [01:04<00:00,  2.25it/s, loss=0.0758]
Ep  21 [train]: 100%|██████████| 145/145 [01:04<00:00,  2.52it/s, loss=0.0758]
                                                                              
  Ep  21 [train]  loss=0.0740  rmse_c=0.2375  mae_c=0.2149  r2_c=0.026  rmse_h=0.3034  mae_h=0.2249  r2_h=0.471  sup=0.327

Ep  21 [val  ]:   0%|          | 0/39 [00:00<?, ?it/s]
Ep  21 [val  ]:   0%|          | 0/39 [00:00<?, ?it/s, loss=0.1260]
Ep  21 [val  ]:   3%|▎         | 1/39 [00:00<00:35,  1.08it/s, loss=0.1260]
Ep  21 [val  ]:   3%|▎         | 1/39 [00:01<00:35,  1.08it/s, loss=0.1736]
Ep  21 [val  ]:   5%|▌         | 2/39 [00:01<00:17,  2.16it/s, loss=0.1736]
Ep  21 [val  ]:   5%|▌         | 2/39 [00:01<00:17,  2.16it/s, loss=0.0965]
Ep  21 [val  ]:   8%|▊         | 3/39 [00:01<00:18,  1.93it/s, loss=0.0965]
Ep  21 [val  ]:   8%|▊         | 3/39 [00:01<00:18,  1.93it/s, loss=0.0948]
Ep  21 [val  ]:  10%|█         | 4/39 [00:01<00:14,  2.44it/s, loss=0.0948]
Ep  21 [val  ]:  10%|█         | 4/39 [00:02<00:14,  2.44it/s, loss=0.0984]
Ep  21 [val  ]:  13%|█▎        | 5/39 [00:02<00:14,  2.33it/s, loss=0.0984]
Ep  21 [val  ]:  13%|█▎        | 5/39 [00:02<00:14,  2.33it/s, loss=0.1641]
Ep  21 [val  ]:  15%|█▌        | 6/39 [00:02<00:13,  2.42it/s, loss=0.1641]
Ep  21 [val  ]:  15%|█▌        | 6/39 [00:03<00:13,  2.42it/s, loss=0.1995]
Ep  21 [val  ]:  18%|█▊        | 7/39 [00:03<00:12,  2.60it/s, loss=0.1995]
Ep  21 [val  ]:  18%|█▊        | 7/39 [00:03<00:12,  2.60it/s, loss=0.0742]
Ep  21 [val  ]:  21%|██        | 8/39 [00:03<00:13,  2.23it/s, loss=0.0742]
Ep  21 [val  ]:  21%|██        | 8/39 [00:03<00:13,  2.23it/s, loss=0.0719]
Ep  21 [val  ]:  23%|██▎       | 9/39 [00:03<00:10,  2.89it/s, loss=0.0719]
Ep  21 [val  ]:  23%|██▎       | 9/39 [00:04<00:10,  2.89it/s, loss=0.0704]
Ep  21 [val  ]:  26%|██▌       | 10/39 [00:04<00:14,  2.05it/s, loss=0.0704]
Ep  21 [val  ]:  26%|██▌       | 10/39 [00:04<00:14,  2.05it/s, loss=0.0724]
Ep  21 [val  ]:  26%|██▌       | 10/39 [00:05<00:14,  2.05it/s, loss=0.0750]
Ep  21 [val  ]:  31%|███       | 12/39 [00:05<00:12,  2.17it/s, loss=0.0750]
Ep  21 [val  ]:  31%|███       | 12/39 [00:05<00:12,  2.17it/s, loss=0.1191]
Ep  21 [val  ]:  31%|███       | 12/39 [00:06<00:12,  2.17it/s, loss=0.9185]
Ep  21 [val  ]:  36%|███▌      | 14/39 [00:06<00:11,  2.24it/s, loss=0.9185]
Ep  21 [val  ]:  36%|███▌      | 14/39 [00:06<00:11,  2.24it/s, loss=0.7070]
Ep  21 [val  ]:  36%|███▌      | 14/39 [00:07<00:11,  2.24it/s, loss=1.1602]
Ep  21 [val  ]:  41%|████      | 16/39 [00:07<00:10,  2.27it/s, loss=1.1602]
Ep  21 [val  ]:  41%|████      | 16/39 [00:07<00:10,  2.27it/s, loss=2.8223]
Ep  21 [val  ]:  41%|████      | 16/39 [00:07<00:10,  2.27it/s, loss=1.9922]
Ep  21 [val  ]:  46%|████▌     | 18/39 [00:07<00:09,  2.31it/s, loss=1.9922]
Ep  21 [val  ]:  46%|████▌     | 18/39 [00:08<00:09,  2.31it/s, loss=2.0000]
Ep  21 [val  ]:  46%|████▌     | 18/39 [00:08<00:09,  2.31it/s, loss=0.2354]
Ep  21 [val  ]:  51%|█████▏    | 20/39 [00:08<00:08,  2.32it/s, loss=0.2354]
Ep  21 [val  ]:  51%|█████▏    | 20/39 [00:08<00:08,  2.32it/s, loss=0.2571]
Ep  21 [val  ]:  51%|█████▏    | 20/39 [00:09<00:08,  2.32it/s, loss=0.1183]
Ep  21 [val  ]:  56%|█████▋    | 22/39 [00:09<00:07,  2.24it/s, loss=0.1183]
Ep  21 [val  ]:  56%|█████▋    | 22/39 [00:09<00:07,  2.24it/s, loss=0.0918]
Ep  21 [val  ]:  59%|█████▉    | 23/39 [00:09<00:06,  2.61it/s, loss=0.0918]
Ep  21 [val  ]:  59%|█████▉    | 23/39 [00:10<00:06,  2.61it/s, loss=0.1486]
Ep  21 [val  ]:  62%|██████▏   | 24/39 [00:10<00:06,  2.29it/s, loss=0.1486]
Ep  21 [val  ]:  62%|██████▏   | 24/39 [00:10<00:06,  2.29it/s, loss=0.3081]
Ep  21 [val  ]:  62%|██████▏   | 24/39 [00:11<00:06,  2.29it/s, loss=0.3855]
Ep  21 [val  ]:  67%|██████▋   | 26/39 [00:11<00:05,  2.44it/s, loss=0.3855]
Ep  21 [val  ]:  67%|██████▋   | 26/39 [00:11<00:05,  2.44it/s, loss=1.4004]
Ep  21 [val  ]:  67%|██████▋   | 26/39 [00:12<00:05,  2.44it/s, loss=0.6025]
Ep  21 [val  ]:  72%|███████▏  | 28/39 [00:12<00:04,  2.50it/s, loss=0.6025]
Ep  21 [val  ]:  72%|███████▏  | 28/39 [00:12<00:04,  2.50it/s, loss=0.2247]
Ep  21 [val  ]:  74%|███████▍  | 29/39 [00:12<00:03,  2.90it/s, loss=0.2247]
Ep  21 [val  ]:  74%|███████▍  | 29/39 [00:12<00:03,  2.90it/s, loss=0.0942]
Ep  21 [val  ]:  77%|███████▋  | 30/39 [00:12<00:03,  2.52it/s, loss=0.0942]
Ep  21 [val  ]:  77%|███████▋  | 30/39 [00:12<00:03,  2.52it/s, loss=0.0992]
Ep  21 [val  ]:  77%|███████▋  | 30/39 [00:13<00:03,  2.52it/s, loss=0.1462]
Ep  21 [val  ]:  82%|████████▏ | 32/39 [00:13<00:02,  2.64it/s, loss=0.1462]
Ep  21 [val  ]:  82%|████████▏ | 32/39 [00:13<00:02,  2.64it/s, loss=0.1061]
Ep  21 [val  ]:  82%|████████▏ | 32/39 [00:14<00:02,  2.64it/s, loss=0.2467]
Ep  21 [val  ]:  87%|████████▋ | 34/39 [00:14<00:01,  2.60it/s, loss=0.2467]
Ep  21 [val  ]:  87%|████████▋ | 34/39 [00:14<00:01,  2.60it/s, loss=0.1655]
Ep  21 [val  ]:  90%|████████▉ | 35/39 [00:14<00:01,  3.05it/s, loss=0.1655]
Ep  21 [val  ]:  90%|████████▉ | 35/39 [00:15<00:01,  3.05it/s, loss=0.2229]
Ep  21 [val  ]:  92%|█████████▏| 36/39 [00:15<00:01,  2.43it/s, loss=0.2229]
Ep  21 [val  ]:  92%|█████████▏| 36/39 [00:15<00:01,  2.43it/s, loss=0.6021]
Ep  21 [val  ]:  92%|█████████▏| 36/39 [00:15<00:01,  2.43it/s, loss=1.6895]
Ep  21 [val  ]:  97%|█████████▋| 38/39 [00:15<00:00,  2.48it/s, loss=1.6895]
Ep  21 [val  ]:  97%|█████████▋| 38/39 [00:15<00:00,  2.48it/s, loss=1.5967]
                                                                            
  Ep  21 [val  ]  loss=0.5071  rmse_c=0.7432  mae_c=0.2909  r2_c=-8.075  rmse_h=2.4330  mae_h=0.5018  r2_h=-35.881  sup=0.308

Ep  22 [train]:   0%|          | 0/145 [00:00<?, ?it/s]
Ep  22 [train]:   0%|          | 0/145 [00:01<?, ?it/s, loss=0.0818]
Ep  22 [train]:   1%|          | 1/145 [00:01<02:52,  1.20s/it, loss=0.0818]
Ep  22 [train]:   1%|          | 1/145 [00:01<02:52,  1.20s/it, loss=0.0712]
Ep  22 [train]:   1%|▏         | 2/145 [00:01<01:25,  1.68it/s, loss=0.0712]
Ep  22 [train]:   1%|▏         | 2/145 [00:02<01:25,  1.68it/s, loss=0.0726]
Ep  22 [train]:   2%|▏         | 3/145 [00:02<01:32,  1.53it/s, loss=0.0726]
Ep  22 [train]:   2%|▏         | 3/145 [00:02<01:32,  1.53it/s, loss=0.0768]
Ep  22 [train]:   3%|▎         | 4/145 [00:02<01:19,  1.76it/s, loss=0.0768]
Ep  22 [train]:   3%|▎         | 4/145 [00:02<01:19,  1.76it/s, loss=0.0724]
Ep  22 [train]:   3%|▎         | 5/145 [00:02<01:12,  1.93it/s, loss=0.0724]
Ep  22 [train]:   3%|▎         | 5/145 [00:03<01:12,  1.93it/s, loss=0.0807]
Ep  22 [train]:   4%|▍         | 6/145 [00:03<01:11,  1.93it/s, loss=0.0807]
Ep  22 [train]:   4%|▍         | 6/145 [00:03<01:11,  1.93it/s, loss=0.0875]
Ep  22 [train]:   5%|▍         | 7/145 [00:03<01:03,  2.16it/s, loss=0.0875]
Ep  22 [train]:   5%|▍         | 7/145 [00:04<01:03,  2.16it/s, loss=0.0715]
Ep  22 [train]:   6%|▌         | 8/145 [00:04<01:10,  1.94it/s, loss=0.0715]
Ep  22 [train]:   6%|▌         | 8/145 [00:04<01:10,  1.94it/s, loss=0.0724]
Ep  22 [train]:   6%|▌         | 9/145 [00:04<00:56,  2.39it/s, loss=0.0724]
Ep  22 [train]:   6%|▌         | 9/145 [00:05<00:56,  2.39it/s, loss=0.0735]
Ep  22 [train]:   7%|▋         | 10/145 [00:05<01:09,  1.94it/s, loss=0.0735]
Ep  22 [train]:   7%|▋         | 10/145 [00:05<01:09,  1.94it/s, loss=0.0718]
Ep  22 [train]:   8%|▊         | 11/145 [00:05<00:55,  2.42it/s, loss=0.0718]
Ep  22 [train]:   8%|▊         | 11/145 [00:06<00:55,  2.42it/s, loss=0.0703]
Ep  22 [train]:   8%|▊         | 12/145 [00:06<01:08,  1.93it/s, loss=0.0703]
Ep  22 [train]:   8%|▊         | 12/145 [00:06<01:08,  1.93it/s, loss=0.0756]
Ep  22 [train]:   9%|▉         | 13/145 [00:06<00:55,  2.39it/s, loss=0.0756]
Ep  22 [train]:   9%|▉         | 13/145 [00:07<00:55,  2.39it/s, loss=0.0700]
Ep  22 [train]:  10%|▉         | 14/145 [00:07<01:07,  1.93it/s, loss=0.0700]
Ep  22 [train]:  10%|▉         | 14/145 [00:07<01:07,  1.93it/s, loss=0.0689]
Ep  22 [train]:  10%|█         | 15/145 [00:07<00:54,  2.36it/s, loss=0.0689]
Ep  22 [train]:  10%|█         | 15/145 [00:08<00:54,  2.36it/s, loss=0.0681]
Ep  22 [train]:  11%|█         | 16/145 [00:08<01:08,  1.88it/s, loss=0.0681]
Ep  22 [train]:  11%|█         | 16/145 [00:08<01:08,  1.88it/s, loss=0.0718]
Ep  22 [train]:  12%|█▏        | 17/145 [00:08<00:55,  2.31it/s, loss=0.0718]
Ep  22 [train]:  12%|█▏        | 17/145 [00:09<00:55,  2.31it/s, loss=0.0740]
Ep  22 [train]:  12%|█▏        | 18/145 [00:09<01:04,  1.98it/s, loss=0.0740]
Ep  22 [train]:  12%|█▏        | 18/145 [00:09<01:04,  1.98it/s, loss=0.0795]
Ep  22 [train]:  13%|█▎        | 19/145 [00:09<00:51,  2.44it/s, loss=0.0795]
Ep  22 [train]:  13%|█▎        | 19/145 [00:10<00:51,  2.44it/s, loss=0.0716]
Ep  22 [train]:  14%|█▍        | 20/145 [00:10<01:03,  1.96it/s, loss=0.0716]
Ep  22 [train]:  14%|█▍        | 20/145 [00:10<01:03,  1.96it/s, loss=0.0677]
Ep  22 [train]:  14%|█▍        | 21/145 [00:10<00:51,  2.42it/s, loss=0.0677]
Ep  22 [train]:  14%|█▍        | 21/145 [00:10<00:51,  2.42it/s, loss=0.0696]
Ep  22 [train]:  15%|█▌        | 22/145 [00:10<01:02,  1.98it/s, loss=0.0696]
Ep  22 [train]:  15%|█▌        | 22/145 [00:11<01:02,  1.98it/s, loss=0.0708]
Ep  22 [train]:  16%|█▌        | 23/145 [00:11<00:49,  2.45it/s, loss=0.0708]
Ep  22 [train]:  16%|█▌        | 23/145 [00:11<00:49,  2.45it/s, loss=0.0769]
Ep  22 [train]:  17%|█▋        | 24/145 [00:11<00:59,  2.04it/s, loss=0.0769]
Ep  22 [train]:  17%|█▋        | 24/145 [00:12<00:59,  2.04it/s, loss=0.0740]
Ep  22 [train]:  17%|█▋        | 25/145 [00:12<00:49,  2.45it/s, loss=0.0740]
Ep  22 [train]:  17%|█▋        | 25/145 [00:12<00:49,  2.45it/s, loss=0.0736]
Ep  22 [train]:  18%|█▊        | 26/145 [00:12<01:00,  1.97it/s, loss=0.0736]
Ep  22 [train]:  18%|█▊        | 26/145 [00:12<01:00,  1.97it/s, loss=0.0722]
Ep  22 [train]:  19%|█▊        | 27/145 [00:12<00:48,  2.44it/s, loss=0.0722]
Ep  22 [train]:  19%|█▊        | 27/145 [00:13<00:48,  2.44it/s, loss=0.0802]
Ep  22 [train]:  19%|█▉        | 28/145 [00:13<00:58,  2.02it/s, loss=0.0802]
Ep  22 [train]:  19%|█▉        | 28/145 [00:13<00:58,  2.02it/s, loss=0.0736]
Ep  22 [train]:  20%|██        | 29/145 [00:13<00:46,  2.48it/s, loss=0.0736]
Ep  22 [train]:  20%|██        | 29/145 [00:14<00:46,  2.48it/s, loss=0.0656]
Ep  22 [train]:  21%|██        | 30/145 [00:14<00:57,  1.99it/s, loss=0.0656]
Ep  22 [train]:  21%|██        | 30/145 [00:14<00:57,  1.99it/s, loss=0.0705]
Ep  22 [train]:  21%|██▏       | 31/145 [00:14<00:46,  2.47it/s, loss=0.0705]
Ep  22 [train]:  21%|██▏       | 31/145 [00:15<00:46,  2.47it/s, loss=0.0712]
Ep  22 [train]:  22%|██▏       | 32/145 [00:15<00:57,  1.98it/s, loss=0.0712]
Ep  22 [train]:  22%|██▏       | 32/145 [00:15<00:57,  1.98it/s, loss=0.0667]
Ep  22 [train]:  23%|██▎       | 33/145 [00:15<00:46,  2.43it/s, loss=0.0667]
Ep  22 [train]:  23%|██▎       | 33/145 [00:16<00:46,  2.43it/s, loss=0.0703]
Ep  22 [train]:  23%|██▎       | 34/145 [00:16<00:55,  2.00it/s, loss=0.0703]
Ep  22 [train]:  23%|██▎       | 34/145 [00:16<00:55,  2.00it/s, loss=0.0792]
Ep  22 [train]:  24%|██▍       | 35/145 [00:16<00:44,  2.47it/s, loss=0.0792]
Ep  22 [train]:  24%|██▍       | 35/145 [00:17<00:44,  2.47it/s, loss=0.0702]
Ep  22 [train]:  25%|██▍       | 36/145 [00:17<00:53,  2.05it/s, loss=0.0702]
Ep  22 [train]:  25%|██▍       | 36/145 [00:17<00:53,  2.05it/s, loss=0.0754]
Ep  22 [train]:  26%|██▌       | 37/145 [00:17<00:43,  2.47it/s, loss=0.0754]
Ep  22 [train]:  26%|██▌       | 37/145 [00:18<00:43,  2.47it/s, loss=0.0714]
Ep  22 [train]:  26%|██▌       | 38/145 [00:18<00:52,  2.05it/s, loss=0.0714]
Ep  22 [train]:  26%|██▌       | 38/145 [00:18<00:52,  2.05it/s, loss=0.0796]
Ep  22 [train]:  27%|██▋       | 39/145 [00:18<00:42,  2.52it/s, loss=0.0796]
Ep  22 [train]:  27%|██▋       | 39/145 [00:19<00:42,  2.52it/s, loss=0.0823]
Ep  22 [train]:  28%|██▊       | 40/145 [00:19<00:51,  2.02it/s, loss=0.0823]
Ep  22 [train]:  28%|██▊       | 40/145 [00:19<00:51,  2.02it/s, loss=0.0746]
Ep  22 [train]:  28%|██▊       | 41/145 [00:19<00:42,  2.43it/s, loss=0.0746]
Ep  22 [train]:  28%|██▊       | 41/145 [00:19<00:42,  2.43it/s, loss=0.0698]
Ep  22 [train]:  29%|██▉       | 42/145 [00:19<00:51,  2.00it/s, loss=0.0698]
Ep  22 [train]:  29%|██▉       | 42/145 [00:20<00:51,  2.00it/s, loss=0.0759]
Ep  22 [train]:  30%|██▉       | 43/145 [00:20<00:42,  2.42it/s, loss=0.0759]
Ep  22 [train]:  30%|██▉       | 43/145 [00:20<00:42,  2.42it/s, loss=0.0750]
Ep  22 [train]:  30%|███       | 44/145 [00:20<00:51,  1.94it/s, loss=0.0750]
Ep  22 [train]:  30%|███       | 44/145 [00:21<00:51,  1.94it/s, loss=0.0724]
Ep  22 [train]:  31%|███       | 45/145 [00:21<00:41,  2.40it/s, loss=0.0724]
Ep  22 [train]:  31%|███       | 45/145 [00:21<00:41,  2.40it/s, loss=0.0812]
Ep  22 [train]:  32%|███▏      | 46/145 [00:21<00:49,  2.01it/s, loss=0.0812]
Ep  22 [train]:  32%|███▏      | 46/145 [00:22<00:49,  2.01it/s, loss=0.0724]
Ep  22 [train]:  32%|███▏      | 47/145 [00:22<00:40,  2.43it/s, loss=0.0724]
Ep  22 [train]:  32%|███▏      | 47/145 [00:22<00:40,  2.43it/s, loss=0.0774]
Ep  22 [train]:  33%|███▎      | 48/145 [00:22<00:50,  1.93it/s, loss=0.0774]
Ep  22 [train]:  33%|███▎      | 48/145 [00:22<00:50,  1.93it/s, loss=0.0728]
Ep  22 [train]:  34%|███▍      | 49/145 [00:22<00:39,  2.40it/s, loss=0.0728]
Ep  22 [train]:  34%|███▍      | 49/145 [00:23<00:39,  2.40it/s, loss=0.0717]
Ep  22 [train]:  34%|███▍      | 50/145 [00:23<00:48,  1.95it/s, loss=0.0717]
Ep  22 [train]:  34%|███▍      | 50/145 [00:23<00:48,  1.95it/s, loss=0.0739]
Ep  22 [train]:  35%|███▌      | 51/145 [00:23<00:38,  2.43it/s, loss=0.0739]
Ep  22 [train]:  35%|███▌      | 51/145 [00:24<00:38,  2.43it/s, loss=0.0822]
Ep  22 [train]:  36%|███▌      | 52/145 [00:24<00:45,  2.03it/s, loss=0.0822]
Ep  22 [train]:  36%|███▌      | 52/145 [00:24<00:45,  2.03it/s, loss=0.0703]
Ep  22 [train]:  37%|███▋      | 53/145 [00:24<00:36,  2.51it/s, loss=0.0703]
Ep  22 [train]:  37%|███▋      | 53/145 [00:25<00:36,  2.51it/s, loss=0.0726]
Ep  22 [train]:  37%|███▋      | 54/145 [00:25<00:44,  2.06it/s, loss=0.0726]
Ep  22 [train]:  37%|███▋      | 54/145 [00:25<00:44,  2.06it/s, loss=0.0735]
Ep  22 [train]:  38%|███▊      | 55/145 [00:25<00:35,  2.53it/s, loss=0.0735]
Ep  22 [train]:  38%|███▊      | 55/145 [00:26<00:35,  2.53it/s, loss=0.0765]
Ep  22 [train]:  39%|███▊      | 56/145 [00:26<00:45,  1.97it/s, loss=0.0765]
Ep  22 [train]:  39%|███▊      | 56/145 [00:26<00:45,  1.97it/s, loss=0.0693]
Ep  22 [train]:  39%|███▉      | 57/145 [00:26<00:35,  2.45it/s, loss=0.0693]
Ep  22 [train]:  39%|███▉      | 57/145 [00:27<00:35,  2.45it/s, loss=0.0684]
Ep  22 [train]:  40%|████      | 58/145 [00:27<00:41,  2.08it/s, loss=0.0684]
Ep  22 [train]:  40%|████      | 58/145 [00:27<00:41,  2.08it/s, loss=0.0798]
Ep  22 [train]:  41%|████      | 59/145 [00:27<00:33,  2.55it/s, loss=0.0798]
Ep  22 [train]:  41%|████      | 59/145 [00:28<00:33,  2.55it/s, loss=0.0776]
Ep  22 [train]:  41%|████▏     | 60/145 [00:28<00:41,  2.03it/s, loss=0.0776]
Ep  22 [train]:  41%|████▏     | 60/145 [00:28<00:41,  2.03it/s, loss=0.0782]
Ep  22 [train]:  42%|████▏     | 61/145 [00:28<00:33,  2.50it/s, loss=0.0782]
Ep  22 [train]:  42%|████▏     | 61/145 [00:28<00:33,  2.50it/s, loss=0.0781]
Ep  22 [train]:  43%|████▎     | 62/145 [00:28<00:39,  2.08it/s, loss=0.0781]
Ep  22 [train]:  43%|████▎     | 62/145 [00:29<00:39,  2.08it/s, loss=0.0763]
Ep  22 [train]:  43%|████▎     | 63/145 [00:29<00:32,  2.56it/s, loss=0.0763]
Ep  22 [train]:  43%|████▎     | 63/145 [00:29<00:32,  2.56it/s, loss=0.0645]
Ep  22 [train]:  44%|████▍     | 64/145 [00:29<00:38,  2.10it/s, loss=0.0645]
Ep  22 [train]:  44%|████▍     | 64/145 [00:30<00:38,  2.10it/s, loss=0.0801]
Ep  22 [train]:  45%|████▍     | 65/145 [00:30<00:30,  2.59it/s, loss=0.0801]
Ep  22 [train]:  45%|████▍     | 65/145 [00:30<00:30,  2.59it/s, loss=0.0775]
Ep  22 [train]:  46%|████▌     | 66/145 [00:30<00:36,  2.14it/s, loss=0.0775]
Ep  22 [train]:  46%|████▌     | 66/145 [00:30<00:36,  2.14it/s, loss=0.0724]
Ep  22 [train]:  46%|████▌     | 67/145 [00:30<00:30,  2.56it/s, loss=0.0724]
Ep  22 [train]:  46%|████▌     | 67/145 [00:31<00:30,  2.56it/s, loss=0.0728]
Ep  22 [train]:  47%|████▋     | 68/145 [00:31<00:37,  2.06it/s, loss=0.0728]
Ep  22 [train]:  47%|████▋     | 68/145 [00:31<00:37,  2.06it/s, loss=0.0852]
Ep  22 [train]:  48%|████▊     | 69/145 [00:31<00:29,  2.55it/s, loss=0.0852]
Ep  22 [train]:  48%|████▊     | 69/145 [00:32<00:29,  2.55it/s, loss=0.0789]
Ep  22 [train]:  48%|████▊     | 70/145 [00:32<00:37,  2.02it/s, loss=0.0789]
Ep  22 [train]:  48%|████▊     | 70/145 [00:32<00:37,  2.02it/s, loss=0.0887]
Ep  22 [train]:  49%|████▉     | 71/145 [00:32<00:29,  2.47it/s, loss=0.0887]
Ep  22 [train]:  49%|████▉     | 71/145 [00:33<00:29,  2.47it/s, loss=0.0789]
Ep  22 [train]:  50%|████▉     | 72/145 [00:33<00:34,  2.13it/s, loss=0.0789]
Ep  22 [train]:  50%|████▉     | 72/145 [00:33<00:34,  2.13it/s, loss=0.0765]
Ep  22 [train]:  50%|█████     | 73/145 [00:33<00:27,  2.61it/s, loss=0.0765]
Ep  22 [train]:  50%|█████     | 73/145 [00:34<00:27,  2.61it/s, loss=0.0764]
Ep  22 [train]:  51%|█████     | 74/145 [00:34<00:32,  2.16it/s, loss=0.0764]
Ep  22 [train]:  51%|█████     | 74/145 [00:34<00:32,  2.16it/s, loss=0.0757]
Ep  22 [train]:  52%|█████▏    | 75/145 [00:34<00:26,  2.63it/s, loss=0.0757]
Ep  22 [train]:  52%|█████▏    | 75/145 [00:34<00:26,  2.63it/s, loss=0.0717]
Ep  22 [train]:  52%|█████▏    | 76/145 [00:34<00:30,  2.25it/s, loss=0.0717]
Ep  22 [train]:  52%|█████▏    | 76/145 [00:35<00:30,  2.25it/s, loss=0.0762]
Ep  22 [train]:  53%|█████▎    | 77/145 [00:35<00:24,  2.74it/s, loss=0.0762]
Ep  22 [train]:  53%|█████▎    | 77/145 [00:35<00:24,  2.74it/s, loss=0.0710]
Ep  22 [train]:  54%|█████▍    | 78/145 [00:35<00:29,  2.27it/s, loss=0.0710]
Ep  22 [train]:  54%|█████▍    | 78/145 [00:35<00:29,  2.27it/s, loss=0.0720]
Ep  22 [train]:  54%|█████▍    | 79/145 [00:35<00:23,  2.76it/s, loss=0.0720]
Ep  22 [train]:  54%|█████▍    | 79/145 [00:36<00:23,  2.76it/s, loss=0.0681]
Ep  22 [train]:  55%|█████▌    | 80/145 [00:36<00:29,  2.24it/s, loss=0.0681]
Ep  22 [train]:  55%|█████▌    | 80/145 [00:36<00:29,  2.24it/s, loss=0.0681]
Ep  22 [train]:  56%|█████▌    | 81/145 [00:36<00:23,  2.67it/s, loss=0.0681]
Ep  22 [train]:  56%|█████▌    | 81/145 [00:37<00:23,  2.67it/s, loss=0.0696]
Ep  22 [train]:  57%|█████▋    | 82/145 [00:37<00:28,  2.21it/s, loss=0.0696]
Ep  22 [train]:  57%|█████▋    | 82/145 [00:37<00:28,  2.21it/s, loss=0.0684]
Ep  22 [train]:  57%|█████▋    | 83/145 [00:37<00:22,  2.70it/s, loss=0.0684]
Ep  22 [train]:  57%|█████▋    | 83/145 [00:38<00:22,  2.70it/s, loss=0.0790]
Ep  22 [train]:  58%|█████▊    | 84/145 [00:38<00:27,  2.18it/s, loss=0.0790]
Ep  22 [train]:  58%|█████▊    | 84/145 [00:38<00:27,  2.18it/s, loss=0.0793]
Ep  22 [train]:  59%|█████▊    | 85/145 [00:38<00:22,  2.64it/s, loss=0.0793]
Ep  22 [train]:  59%|█████▊    | 85/145 [00:39<00:22,  2.64it/s, loss=0.0817]
Ep  22 [train]:  59%|█████▉    | 86/145 [00:39<00:28,  2.09it/s, loss=0.0817]
Ep  22 [train]:  59%|█████▉    | 86/145 [00:39<00:28,  2.09it/s, loss=0.0774]
Ep  22 [train]:  60%|██████    | 87/145 [00:39<00:22,  2.57it/s, loss=0.0774]
Ep  22 [train]:  60%|██████    | 87/145 [00:40<00:22,  2.57it/s, loss=0.0719]
Ep  22 [train]:  61%|██████    | 88/145 [00:40<00:28,  2.03it/s, loss=0.0719]
Ep  22 [train]:  61%|██████    | 88/145 [00:40<00:28,  2.03it/s, loss=0.0807]
Ep  22 [train]:  61%|██████▏   | 89/145 [00:40<00:22,  2.51it/s, loss=0.0807]
Ep  22 [train]:  61%|██████▏   | 89/145 [00:40<00:22,  2.51it/s, loss=0.0691]
Ep  22 [train]:  62%|██████▏   | 90/145 [00:40<00:26,  2.08it/s, loss=0.0691]
Ep  22 [train]:  62%|██████▏   | 90/145 [00:41<00:26,  2.08it/s, loss=0.0728]
Ep  22 [train]:  63%|██████▎   | 91/145 [00:41<00:20,  2.57it/s, loss=0.0728]
Ep  22 [train]:  63%|██████▎   | 91/145 [00:41<00:20,  2.57it/s, loss=0.0712]
Ep  22 [train]:  63%|██████▎   | 92/145 [00:41<00:26,  2.02it/s, loss=0.0712]
Ep  22 [train]:  63%|██████▎   | 92/145 [00:42<00:26,  2.02it/s, loss=0.0731]
Ep  22 [train]:  64%|██████▍   | 93/145 [00:42<00:21,  2.40it/s, loss=0.0731]
Ep  22 [train]:  64%|██████▍   | 93/145 [00:42<00:21,  2.40it/s, loss=0.0774]
Ep  22 [train]:  65%|██████▍   | 94/145 [00:42<00:25,  2.01it/s, loss=0.0774]
Ep  22 [train]:  65%|██████▍   | 94/145 [00:42<00:25,  2.01it/s, loss=0.0847]
Ep  22 [train]:  66%|██████▌   | 95/145 [00:42<00:20,  2.47it/s, loss=0.0847]
Ep  22 [train]:  66%|██████▌   | 95/145 [00:43<00:20,  2.47it/s, loss=0.0730]
Ep  22 [train]:  66%|██████▌   | 96/145 [00:43<00:23,  2.04it/s, loss=0.0730]
Ep  22 [train]:  66%|██████▌   | 96/145 [00:43<00:23,  2.04it/s, loss=0.0690]
Ep  22 [train]:  67%|██████▋   | 97/145 [00:43<00:19,  2.50it/s, loss=0.0690]
Ep  22 [train]:  67%|██████▋   | 97/145 [00:44<00:19,  2.50it/s, loss=0.0763]
Ep  22 [train]:  68%|██████▊   | 98/145 [00:44<00:22,  2.06it/s, loss=0.0763]
Ep  22 [train]:  68%|██████▊   | 98/145 [00:44<00:22,  2.06it/s, loss=0.0751]
Ep  22 [train]:  68%|██████▊   | 99/145 [00:44<00:18,  2.48it/s, loss=0.0751]
Ep  22 [train]:  68%|██████▊   | 99/145 [00:45<00:18,  2.48it/s, loss=0.0716]
Ep  22 [train]:  69%|██████▉   | 100/145 [00:45<00:21,  2.09it/s, loss=0.0716]
Ep  22 [train]:  69%|██████▉   | 100/145 [00:45<00:21,  2.09it/s, loss=0.0759]
Ep  22 [train]:  70%|██████▉   | 101/145 [00:45<00:17,  2.55it/s, loss=0.0759]
Ep  22 [train]:  70%|██████▉   | 101/145 [00:46<00:17,  2.55it/s, loss=0.0760]
Ep  22 [train]:  70%|███████   | 102/145 [00:46<00:20,  2.06it/s, loss=0.0760]
Ep  22 [train]:  70%|███████   | 102/145 [00:46<00:20,  2.06it/s, loss=0.0717]
Ep  22 [train]:  71%|███████   | 103/145 [00:46<00:16,  2.55it/s, loss=0.0717]
Ep  22 [train]:  71%|███████   | 103/145 [00:47<00:16,  2.55it/s, loss=0.0695]
Ep  22 [train]:  72%|███████▏  | 104/145 [00:47<00:20,  2.00it/s, loss=0.0695]
Ep  22 [train]:  72%|███████▏  | 104/145 [00:47<00:20,  2.00it/s, loss=0.0803]
Ep  22 [train]:  72%|███████▏  | 105/145 [00:47<00:16,  2.45it/s, loss=0.0803]
Ep  22 [train]:  72%|███████▏  | 105/145 [00:48<00:16,  2.45it/s, loss=0.0777]
Ep  22 [train]:  73%|███████▎  | 106/145 [00:48<00:19,  1.99it/s, loss=0.0777]
Ep  22 [train]:  73%|███████▎  | 106/145 [00:48<00:19,  1.99it/s, loss=0.0667]
Ep  22 [train]:  74%|███████▍  | 107/145 [00:48<00:15,  2.41it/s, loss=0.0667]
Ep  22 [train]:  74%|███████▍  | 107/145 [00:49<00:15,  2.41it/s, loss=0.0721]
Ep  22 [train]:  74%|███████▍  | 108/145 [00:49<00:18,  2.00it/s, loss=0.0721]
Ep  22 [train]:  74%|███████▍  | 108/145 [00:49<00:18,  2.00it/s, loss=0.0696]
Ep  22 [train]:  75%|███████▌  | 109/145 [00:49<00:14,  2.49it/s, loss=0.0696]
Ep  22 [train]:  75%|███████▌  | 109/145 [00:49<00:14,  2.49it/s, loss=0.0836]
Ep  22 [train]:  76%|███████▌  | 110/145 [00:49<00:17,  2.02it/s, loss=0.0836]
Ep  22 [train]:  76%|███████▌  | 110/145 [00:50<00:17,  2.02it/s, loss=0.0834]
Ep  22 [train]:  77%|███████▋  | 111/145 [00:50<00:13,  2.48it/s, loss=0.0834]
Ep  22 [train]:  77%|███████▋  | 111/145 [00:50<00:13,  2.48it/s, loss=0.0796]
Ep  22 [train]:  77%|███████▋  | 112/145 [00:50<00:15,  2.07it/s, loss=0.0796]
Ep  22 [train]:  77%|███████▋  | 112/145 [00:50<00:15,  2.07it/s, loss=0.0675]
Ep  22 [train]:  78%|███████▊  | 113/145 [00:50<00:12,  2.52it/s, loss=0.0675]
Ep  22 [train]:  78%|███████▊  | 113/145 [00:51<00:12,  2.52it/s, loss=0.0698]
Ep  22 [train]:  79%|███████▊  | 114/145 [00:51<00:15,  2.06it/s, loss=0.0698]
Ep  22 [train]:  79%|███████▊  | 114/145 [00:51<00:15,  2.06it/s, loss=0.0710]
Ep  22 [train]:  79%|███████▉  | 115/145 [00:51<00:11,  2.54it/s, loss=0.0710]
Ep  22 [train]:  79%|███████▉  | 115/145 [00:52<00:11,  2.54it/s, loss=0.0667]
Ep  22 [train]:  80%|████████  | 116/145 [00:52<00:14,  1.98it/s, loss=0.0667]
Ep  22 [train]:  80%|████████  | 116/145 [00:52<00:14,  1.98it/s, loss=0.0731]
Ep  22 [train]:  81%|████████  | 117/145 [00:52<00:11,  2.42it/s, loss=0.0731]
Ep  22 [train]:  81%|████████  | 117/145 [00:53<00:11,  2.42it/s, loss=0.0682]
Ep  22 [train]:  81%|████████▏ | 118/145 [00:53<00:13,  2.04it/s, loss=0.0682]
Ep  22 [train]:  81%|████████▏ | 118/145 [00:53<00:13,  2.04it/s, loss=0.0781]
Ep  22 [train]:  82%|████████▏ | 119/145 [00:53<00:10,  2.48it/s, loss=0.0781]
Ep  22 [train]:  82%|████████▏ | 119/145 [00:54<00:10,  2.48it/s, loss=0.0767]
Ep  22 [train]:  83%|████████▎ | 120/145 [00:54<00:13,  1.92it/s, loss=0.0767]
Ep  22 [train]:  83%|████████▎ | 120/145 [00:54<00:13,  1.92it/s, loss=0.0734]
Ep  22 [train]:  83%|████████▎ | 121/145 [00:54<00:10,  2.37it/s, loss=0.0734]
Ep  22 [train]:  83%|████████▎ | 121/145 [00:55<00:10,  2.37it/s, loss=0.0701]
Ep  22 [train]:  84%|████████▍ | 122/145 [00:55<00:11,  2.05it/s, loss=0.0701]
Ep  22 [train]:  84%|████████▍ | 122/145 [00:55<00:11,  2.05it/s, loss=0.0713]
Ep  22 [train]:  85%|████████▍ | 123/145 [00:55<00:08,  2.45it/s, loss=0.0713]
Ep  22 [train]:  85%|████████▍ | 123/145 [00:56<00:08,  2.45it/s, loss=0.0757]
Ep  22 [train]:  86%|████████▌ | 124/145 [00:56<00:09,  2.13it/s, loss=0.0757]
Ep  22 [train]:  86%|████████▌ | 124/145 [00:56<00:09,  2.13it/s, loss=0.0743]
Ep  22 [train]:  86%|████████▌ | 125/145 [00:56<00:07,  2.60it/s, loss=0.0743]
Ep  22 [train]:  86%|████████▌ | 125/145 [00:57<00:07,  2.60it/s, loss=0.0732]
Ep  22 [train]:  87%|████████▋ | 126/145 [00:57<00:09,  2.08it/s, loss=0.0732]
Ep  22 [train]:  87%|████████▋ | 126/145 [00:57<00:09,  2.08it/s, loss=0.0751]
Ep  22 [train]:  88%|████████▊ | 127/145 [00:57<00:07,  2.54it/s, loss=0.0751]
Ep  22 [train]:  88%|████████▊ | 127/145 [00:57<00:07,  2.54it/s, loss=0.0753]
Ep  22 [train]:  88%|████████▊ | 128/145 [00:57<00:07,  2.13it/s, loss=0.0753]
Ep  22 [train]:  88%|████████▊ | 128/145 [00:58<00:07,  2.13it/s, loss=0.0745]
Ep  22 [train]:  89%|████████▉ | 129/145 [00:58<00:06,  2.60it/s, loss=0.0745]
Ep  22 [train]:  89%|████████▉ | 129/145 [00:58<00:06,  2.60it/s, loss=0.0707]
Ep  22 [train]:  90%|████████▉ | 130/145 [00:58<00:07,  2.00it/s, loss=0.0707]
Ep  22 [train]:  90%|████████▉ | 130/145 [00:59<00:07,  2.00it/s, loss=0.0699]
Ep  22 [train]:  90%|█████████ | 131/145 [00:59<00:05,  2.44it/s, loss=0.0699]
Ep  22 [train]:  90%|█████████ | 131/145 [00:59<00:05,  2.44it/s, loss=0.0750]
Ep  22 [train]:  91%|█████████ | 132/145 [00:59<00:06,  1.91it/s, loss=0.0750]
Ep  22 [train]:  91%|█████████ | 132/145 [00:59<00:06,  1.91it/s, loss=0.0776]
Ep  22 [train]:  92%|█████████▏| 133/145 [00:59<00:05,  2.39it/s, loss=0.0776]
Ep  22 [train]:  92%|█████████▏| 133/145 [01:00<00:05,  2.39it/s, loss=0.0732]
Ep  22 [train]:  92%|█████████▏| 134/145 [01:00<00:05,  1.97it/s, loss=0.0732]
Ep  22 [train]:  92%|█████████▏| 134/145 [01:00<00:05,  1.97it/s, loss=0.0790]
Ep  22 [train]:  93%|█████████▎| 135/145 [01:00<00:04,  2.43it/s, loss=0.0790]
Ep  22 [train]:  93%|█████████▎| 135/145 [01:01<00:04,  2.43it/s, loss=0.0739]
Ep  22 [train]:  94%|█████████▍| 136/145 [01:01<00:04,  1.96it/s, loss=0.0739]
Ep  22 [train]:  94%|█████████▍| 136/145 [01:01<00:04,  1.96it/s, loss=0.0674]
Ep  22 [train]:  94%|█████████▍| 137/145 [01:01<00:03,  2.41it/s, loss=0.0674]
Ep  22 [train]:  94%|█████████▍| 137/145 [01:02<00:03,  2.41it/s, loss=0.0727]
Ep  22 [train]:  95%|█████████▌| 138/145 [01:02<00:03,  2.05it/s, loss=0.0727]
Ep  22 [train]:  95%|█████████▌| 138/145 [01:02<00:03,  2.05it/s, loss=0.0822]
Ep  22 [train]:  96%|█████████▌| 139/145 [01:02<00:02,  2.48it/s, loss=0.0822]
Ep  22 [train]:  96%|█████████▌| 139/145 [01:03<00:02,  2.48it/s, loss=0.0756]
Ep  22 [train]:  97%|█████████▋| 140/145 [01:03<00:02,  2.02it/s, loss=0.0756]
Ep  22 [train]:  97%|█████████▋| 140/145 [01:03<00:02,  2.02it/s, loss=0.0776]
Ep  22 [train]:  97%|█████████▋| 141/145 [01:03<00:01,  2.44it/s, loss=0.0776]
Ep  22 [train]:  97%|█████████▋| 141/145 [01:04<00:01,  2.44it/s, loss=0.0703]
Ep  22 [train]:  98%|█████████▊| 142/145 [01:04<00:01,  2.03it/s, loss=0.0703]
Ep  22 [train]:  98%|█████████▊| 142/145 [01:04<00:01,  2.03it/s, loss=0.0740]
Ep  22 [train]:  99%|█████████▊| 143/145 [01:04<00:00,  2.44it/s, loss=0.0740]
Ep  22 [train]:  99%|█████████▊| 143/145 [01:05<00:00,  2.44it/s, loss=0.0778]
Ep  22 [train]:  99%|█████████▉| 144/145 [01:05<00:00,  2.09it/s, loss=0.0778]
Ep  22 [train]:  99%|█████████▉| 144/145 [01:05<00:00,  2.09it/s, loss=0.0735]
Ep  22 [train]: 100%|██████████| 145/145 [01:05<00:00,  2.56it/s, loss=0.0735]
                                                                              
  Ep  22 [train]  loss=0.0743  rmse_c=0.2377  mae_c=0.2147  r2_c=0.024  rmse_h=0.3034  mae_h=0.2254  r2_h=0.473  sup=0.324

Ep  22 [val  ]:   0%|          | 0/39 [00:00<?, ?it/s]
Ep  22 [val  ]:   0%|          | 0/39 [00:01<?, ?it/s, loss=0.0935]
Ep  22 [val  ]:   3%|▎         | 1/39 [00:01<00:43,  1.15s/it, loss=0.0935]
Ep  22 [val  ]:   3%|▎         | 1/39 [00:01<00:43,  1.15s/it, loss=0.0878]
Ep  22 [val  ]:   3%|▎         | 1/39 [00:01<00:43,  1.15s/it, loss=0.0745]
Ep  22 [val  ]:   8%|▊         | 3/39 [00:01<00:20,  1.76it/s, loss=0.0745]
Ep  22 [val  ]:   8%|▊         | 3/39 [00:01<00:20,  1.76it/s, loss=0.0706]
Ep  22 [val  ]:  10%|█         | 4/39 [00:01<00:14,  2.44it/s, loss=0.0706]
Ep  22 [val  ]:  10%|█         | 4/39 [00:02<00:14,  2.44it/s, loss=0.0734]
Ep  22 [val  ]:  13%|█▎        | 5/39 [00:02<00:15,  2.15it/s, loss=0.0734]
Ep  22 [val  ]:  13%|█▎        | 5/39 [00:02<00:15,  2.15it/s, loss=0.0762]
Ep  22 [val  ]:  15%|█▌        | 6/39 [00:02<00:14,  2.35it/s, loss=0.0762]
Ep  22 [val  ]:  15%|█▌        | 6/39 [00:03<00:14,  2.35it/s, loss=0.0703]
Ep  22 [val  ]:  18%|█▊        | 7/39 [00:03<00:13,  2.42it/s, loss=0.0703]
Ep  22 [val  ]:  18%|█▊        | 7/39 [00:03<00:13,  2.42it/s, loss=0.0696]
Ep  22 [val  ]:  21%|██        | 8/39 [00:03<00:13,  2.28it/s, loss=0.0696]
Ep  22 [val  ]:  21%|██        | 8/39 [00:03<00:13,  2.28it/s, loss=0.0673]
Ep  22 [val  ]:  23%|██▎       | 9/39 [00:03<00:10,  2.76it/s, loss=0.0673]
Ep  22 [val  ]:  23%|██▎       | 9/39 [00:04<00:10,  2.76it/s, loss=0.0660]
Ep  22 [val  ]:  26%|██▌       | 10/39 [00:04<00:13,  2.15it/s, loss=0.0660]
Ep  22 [val  ]:  26%|██▌       | 10/39 [00:04<00:13,  2.15it/s, loss=0.0677]
Ep  22 [val  ]:  26%|██▌       | 10/39 [00:05<00:13,  2.15it/s, loss=0.0721]
Ep  22 [val  ]:  31%|███       | 12/39 [00:05<00:12,  2.18it/s, loss=0.0721]
Ep  22 [val  ]:  31%|███       | 12/39 [00:05<00:12,  2.18it/s, loss=0.0750]
Ep  22 [val  ]:  33%|███▎      | 13/39 [00:05<00:09,  2.70it/s, loss=0.0750]
Ep  22 [val  ]:  33%|███▎      | 13/39 [00:06<00:09,  2.70it/s, loss=0.0829]
Ep  22 [val  ]:  36%|███▌      | 14/39 [00:06<00:11,  2.14it/s, loss=0.0829]
Ep  22 [val  ]:  36%|███▌      | 14/39 [00:06<00:11,  2.14it/s, loss=0.0942]
Ep  22 [val  ]:  36%|███▌      | 14/39 [00:07<00:11,  2.14it/s, loss=0.0930]
Ep  22 [val  ]:  41%|████      | 16/39 [00:07<00:10,  2.18it/s, loss=0.0930]
Ep  22 [val  ]:  41%|████      | 16/39 [00:07<00:10,  2.18it/s, loss=0.0922]
Ep  22 [val  ]:  41%|████      | 16/39 [00:08<00:10,  2.18it/s, loss=0.0836]
Ep  22 [val  ]:  46%|████▌     | 18/39 [00:08<00:09,  2.26it/s, loss=0.0836]
Ep  22 [val  ]:  46%|████▌     | 18/39 [00:08<00:09,  2.26it/s, loss=0.0753]
Ep  22 [val  ]:  46%|████▌     | 18/39 [00:09<00:09,  2.26it/s, loss=0.0665]
Ep  22 [val  ]:  51%|█████▏    | 20/39 [00:09<00:08,  2.27it/s, loss=0.0665]
Ep  22 [val  ]:  51%|█████▏    | 20/39 [00:09<00:08,  2.27it/s, loss=0.0588]
Ep  22 [val  ]:  51%|█████▏    | 20/39 [00:09<00:08,  2.27it/s, loss=0.0670]
Ep  22 [val  ]:  56%|█████▋    | 22/39 [00:09<00:07,  2.37it/s, loss=0.0670]
Ep  22 [val  ]:  56%|█████▋    | 22/39 [00:09<00:07,  2.37it/s, loss=0.0604]
Ep  22 [val  ]:  56%|█████▋    | 22/39 [00:10<00:07,  2.37it/s, loss=0.0623]
Ep  22 [val  ]:  62%|██████▏   | 24/39 [00:10<00:06,  2.47it/s, loss=0.0623]
Ep  22 [val  ]:  62%|██████▏   | 24/39 [00:10<00:06,  2.47it/s, loss=0.0635]
Ep  22 [val  ]:  62%|██████▏   | 24/39 [00:11<00:06,  2.47it/s, loss=0.0709]
Ep  22 [val  ]:  67%|██████▋   | 26/39 [00:11<00:05,  2.53it/s, loss=0.0709]
Ep  22 [val  ]:  67%|██████▋   | 26/39 [00:11<00:05,  2.53it/s, loss=0.0815]
Ep  22 [val  ]:  67%|██████▋   | 26/39 [00:11<00:05,  2.53it/s, loss=0.1165]
Ep  22 [val  ]:  72%|███████▏  | 28/39 [00:11<00:04,  2.64it/s, loss=0.1165]
Ep  22 [val  ]:  72%|███████▏  | 28/39 [00:12<00:04,  2.64it/s, loss=0.0906]
Ep  22 [val  ]:  72%|███████▏  | 28/39 [00:12<00:04,  2.64it/s, loss=0.0819]
Ep  22 [val  ]:  77%|███████▋  | 30/39 [00:12<00:03,  2.68it/s, loss=0.0819]
Ep  22 [val  ]:  77%|███████▋  | 30/39 [00:12<00:03,  2.68it/s, loss=0.0797]
Ep  22 [val  ]:  77%|███████▋  | 30/39 [00:13<00:03,  2.68it/s, loss=0.0715]
Ep  22 [val  ]:  82%|████████▏ | 32/39 [00:13<00:02,  2.72it/s, loss=0.0715]
Ep  22 [val  ]:  82%|████████▏ | 32/39 [00:13<00:02,  2.72it/s, loss=0.0720]
Ep  22 [val  ]:  82%|████████▏ | 32/39 [00:14<00:02,  2.72it/s, loss=0.0706]
Ep  22 [val  ]:  87%|████████▋ | 34/39 [00:14<00:01,  2.66it/s, loss=0.0706]
Ep  22 [val  ]:  87%|████████▋ | 34/39 [00:14<00:01,  2.66it/s, loss=0.0759]
Ep  22 [val  ]:  87%|████████▋ | 34/39 [00:14<00:01,  2.66it/s, loss=0.0701]
Ep  22 [val  ]:  92%|█████████▏| 36/39 [00:14<00:01,  2.62it/s, loss=0.0701]
Ep  22 [val  ]:  92%|█████████▏| 36/39 [00:15<00:01,  2.62it/s, loss=0.0699]
Ep  22 [val  ]:  92%|█████████▏| 36/39 [00:15<00:01,  2.62it/s, loss=0.0598]
Ep  22 [val  ]:  97%|█████████▋| 38/39 [00:15<00:00,  2.61it/s, loss=0.0598]
Ep  22 [val  ]:  97%|█████████▋| 38/39 [00:15<00:00,  2.61it/s, loss=0.0716]
                                                                            
  Ep  22 [val  ]  loss=0.0755  rmse_c=0.2438  mae_c=0.2193  r2_c=0.023  rmse_h=0.3019  mae_h=0.2200  r2_h=0.432  sup=0.308
  [new best] combined_val_rmse=0.2728

Ep  23 [train]:   0%|          | 0/145 [00:00<?, ?it/s]
Ep  23 [train]:   0%|          | 0/145 [00:01<?, ?it/s, loss=0.0704]
Ep  23 [train]:   1%|          | 1/145 [00:01<02:38,  1.10s/it, loss=0.0704]
Ep  23 [train]:   1%|          | 1/145 [00:01<02:38,  1.10s/it, loss=0.0740]
Ep  23 [train]:   1%|▏         | 2/145 [00:01<01:20,  1.77it/s, loss=0.0740]
Ep  23 [train]:   1%|▏         | 2/145 [00:02<01:20,  1.77it/s, loss=0.0750]
Ep  23 [train]:   2%|▏         | 3/145 [00:02<01:30,  1.57it/s, loss=0.0750]
Ep  23 [train]:   2%|▏         | 3/145 [00:02<01:30,  1.57it/s, loss=0.0732]
Ep  23 [train]:   3%|▎         | 4/145 [00:02<01:05,  2.15it/s, loss=0.0732]
Ep  23 [train]:   3%|▎         | 4/145 [00:03<01:05,  2.15it/s, loss=0.0703]
Ep  23 [train]:   3%|▎         | 5/145 [00:03<01:21,  1.72it/s, loss=0.0703]
Ep  23 [train]:   3%|▎         | 5/145 [00:03<01:21,  1.72it/s, loss=0.0729]
Ep  23 [train]:   4%|▍         | 6/145 [00:03<01:02,  2.23it/s, loss=0.0729]
Ep  23 [train]:   4%|▍         | 6/145 [00:03<01:02,  2.23it/s, loss=0.0734]
Ep  23 [train]:   5%|▍         | 7/145 [00:03<01:13,  1.88it/s, loss=0.0734]
Ep  23 [train]:   5%|▍         | 7/145 [00:04<01:13,  1.88it/s, loss=0.0743]
Ep  23 [train]:   6%|▌         | 8/145 [00:04<00:58,  2.33it/s, loss=0.0743]
Ep  23 [train]:   6%|▌         | 8/145 [00:04<00:58,  2.33it/s, loss=0.0727]
Ep  23 [train]:   6%|▌         | 9/145 [00:04<01:10,  1.92it/s, loss=0.0727]
Ep  23 [train]:   6%|▌         | 9/145 [00:05<01:10,  1.92it/s, loss=0.0698]
Ep  23 [train]:   7%|▋         | 10/145 [00:05<00:56,  2.41it/s, loss=0.0698]
Ep  23 [train]:   7%|▋         | 10/145 [00:05<00:56,  2.41it/s, loss=0.0682]
Ep  23 [train]:   8%|▊         | 11/145 [00:05<01:06,  2.02it/s, loss=0.0682]
Ep  23 [train]:   8%|▊         | 11/145 [00:05<01:06,  2.02it/s, loss=0.0834]
Ep  23 [train]:   8%|▊         | 12/145 [00:05<00:53,  2.50it/s, loss=0.0834]
Ep  23 [train]:   8%|▊         | 12/145 [00:06<00:53,  2.50it/s, loss=0.0823]
Ep  23 [train]:   9%|▉         | 13/145 [00:06<01:05,  2.00it/s, loss=0.0823]
Ep  23 [train]:   9%|▉         | 13/145 [00:06<01:05,  2.00it/s, loss=0.0695]
Ep  23 [train]:  10%|▉         | 14/145 [00:06<00:52,  2.50it/s, loss=0.0695]
Ep  23 [train]:  10%|▉         | 14/145 [00:07<00:52,  2.50it/s, loss=0.0706]
Ep  23 [train]:  10%|█         | 15/145 [00:07<01:07,  1.93it/s, loss=0.0706]
Ep  23 [train]:  10%|█         | 15/145 [00:07<01:07,  1.93it/s, loss=0.0693]
Ep  23 [train]:  11%|█         | 16/145 [00:07<00:53,  2.41it/s, loss=0.0693]
Ep  23 [train]:  11%|█         | 16/145 [00:08<00:53,  2.41it/s, loss=0.0748]
Ep  23 [train]:  12%|█▏        | 17/145 [00:08<01:06,  1.93it/s, loss=0.0748]
Ep  23 [train]:  12%|█▏        | 17/145 [00:08<01:06,  1.93it/s, loss=0.0765]
Ep  23 [train]:  12%|█▏        | 18/145 [00:08<00:52,  2.42it/s, loss=0.0765]
Ep  23 [train]:  12%|█▏        | 18/145 [00:09<00:52,  2.42it/s, loss=0.0745]
Ep  23 [train]:  13%|█▎        | 19/145 [00:09<01:00,  2.08it/s, loss=0.0745]
Ep  23 [train]:  13%|█▎        | 19/145 [00:09<01:00,  2.08it/s, loss=0.0740]
Ep  23 [train]:  14%|█▍        | 20/145 [00:09<00:48,  2.55it/s, loss=0.0740]
Ep  23 [train]:  14%|█▍        | 20/145 [00:10<00:48,  2.55it/s, loss=0.0782]
Ep  23 [train]:  14%|█▍        | 21/145 [00:10<01:01,  2.01it/s, loss=0.0782]
Ep  23 [train]:  14%|█▍        | 21/145 [00:10<01:01,  2.01it/s, loss=0.0828]
Ep  23 [train]:  15%|█▌        | 22/145 [00:10<00:49,  2.46it/s, loss=0.0828]
Ep  23 [train]:  15%|█▌        | 22/145 [00:11<00:49,  2.46it/s, loss=0.0706]
Ep  23 [train]:  16%|█▌        | 23/145 [00:11<01:00,  2.02it/s, loss=0.0706]
Ep  23 [train]:  16%|█▌        | 23/145 [00:11<01:00,  2.02it/s, loss=0.0706]
Ep  23 [train]:  17%|█▋        | 24/145 [00:11<00:48,  2.49it/s, loss=0.0706]
Ep  23 [train]:  17%|█▋        | 24/145 [00:11<00:48,  2.49it/s, loss=0.0721]
Ep  23 [train]:  17%|█▋        | 25/145 [00:11<00:58,  2.05it/s, loss=0.0721]
Ep  23 [train]:  17%|█▋        | 25/145 [00:12<00:58,  2.05it/s, loss=0.0687]
Ep  23 [train]:  18%|█▊        | 26/145 [00:12<00:46,  2.53it/s, loss=0.0687]
Ep  23 [train]:  18%|█▊        | 26/145 [00:12<00:46,  2.53it/s, loss=0.0790]
Ep  23 [train]:  19%|█▊        | 27/145 [00:12<00:55,  2.13it/s, loss=0.0790]
Ep  23 [train]:  19%|█▊        | 27/145 [00:12<00:55,  2.13it/s, loss=0.0776]
Ep  23 [train]:  19%|█▉        | 28/145 [00:12<00:44,  2.61it/s, loss=0.0776]
Ep  23 [train]:  19%|█▉        | 28/145 [00:13<00:44,  2.61it/s, loss=0.0800]
Ep  23 [train]:  20%|██        | 29/145 [00:13<00:52,  2.22it/s, loss=0.0800]
Ep  23 [train]:  20%|██        | 29/145 [00:13<00:52,  2.22it/s, loss=0.0760]
Ep  23 [train]:  21%|██        | 30/145 [00:13<00:49,  2.34it/s, loss=0.0760]
Ep  23 [train]:  21%|██        | 30/145 [00:14<00:49,  2.34it/s, loss=0.0723]
Ep  23 [train]:  21%|██▏       | 31/145 [00:14<00:49,  2.30it/s, loss=0.0723]
Ep  23 [train]:  21%|██▏       | 31/145 [00:15<00:49,  2.30it/s, loss=0.0815]
Ep  23 [train]:  22%|██▏       | 32/145 [00:15<00:56,  1.98it/s, loss=0.0815]
Ep  23 [train]:  22%|██▏       | 32/145 [00:15<00:56,  1.98it/s, loss=0.0735]
Ep  23 [train]:  23%|██▎       | 33/145 [00:15<00:46,  2.40it/s, loss=0.0735]
Ep  23 [train]:  23%|██▎       | 33/145 [00:16<00:46,  2.40it/s, loss=0.0811]
Ep  23 [train]:  23%|██▎       | 34/145 [00:16<01:03,  1.75it/s, loss=0.0811]
Ep  23 [train]:  23%|██▎       | 34/145 [00:16<01:03,  1.75it/s, loss=0.0740]
Ep  23 [train]:  24%|██▍       | 35/145 [00:16<00:50,  2.18it/s, loss=0.0740]
Ep  23 [train]:  24%|██▍       | 35/145 [00:17<00:50,  2.18it/s, loss=0.0754]
Ep  23 [train]:  25%|██▍       | 36/145 [00:17<01:08,  1.59it/s, loss=0.0754]
Ep  23 [train]:  25%|██▍       | 36/145 [00:17<01:08,  1.59it/s, loss=0.0664]
Ep  23 [train]:  26%|██▌       | 37/145 [00:17<00:53,  2.01it/s, loss=0.0664]
Ep  23 [train]:  26%|██▌       | 37/145 [00:18<00:53,  2.01it/s, loss=0.0719]
Ep  23 [train]:  26%|██▌       | 38/145 [00:18<01:00,  1.78it/s, loss=0.0719]
Ep  23 [train]:  26%|██▌       | 38/145 [00:18<01:00,  1.78it/s, loss=0.0826]
Ep  23 [train]:  27%|██▋       | 39/145 [00:18<00:48,  2.21it/s, loss=0.0826]
Ep  23 [train]:  27%|██▋       | 39/145 [00:19<00:48,  2.21it/s, loss=0.0770]
Ep  23 [train]:  28%|██▊       | 40/145 [00:19<00:55,  1.90it/s, loss=0.0770]
Ep  23 [train]:  28%|██▊       | 40/145 [00:19<00:55,  1.90it/s, loss=0.0723]
Ep  23 [train]:  28%|██▊       | 41/145 [00:19<00:45,  2.31it/s, loss=0.0723]
Ep  23 [train]:  28%|██▊       | 41/145 [00:20<00:45,  2.31it/s, loss=0.0699]
Ep  23 [train]:  29%|██▉       | 42/145 [00:20<00:53,  1.94it/s, loss=0.0699]
Ep  23 [train]:  29%|██▉       | 42/145 [00:20<00:53,  1.94it/s, loss=0.0773]
Ep  23 [train]:  30%|██▉       | 43/145 [00:20<00:42,  2.39it/s, loss=0.0773]
Ep  23 [train]:  30%|██▉       | 43/145 [00:21<00:42,  2.39it/s, loss=0.0723]
Ep  23 [train]:  30%|███       | 44/145 [00:21<00:49,  2.03it/s, loss=0.0723]
Ep  23 [train]:  30%|███       | 44/145 [00:21<00:49,  2.03it/s, loss=0.0767]
Ep  23 [train]:  31%|███       | 45/145 [00:21<00:39,  2.51it/s, loss=0.0767]
Ep  23 [train]:  31%|███       | 45/145 [00:21<00:39,  2.51it/s, loss=0.0698]
Ep  23 [train]:  32%|███▏      | 46/145 [00:21<00:50,  1.98it/s, loss=0.0698]
Ep  23 [train]:  32%|███▏      | 46/145 [00:22<00:50,  1.98it/s, loss=0.0756]
Ep  23 [train]:  32%|███▏      | 47/145 [00:22<00:39,  2.46it/s, loss=0.0756]
Ep  23 [train]:  32%|███▏      | 47/145 [00:22<00:39,  2.46it/s, loss=0.0738]
Ep  23 [train]:  33%|███▎      | 48/145 [00:22<00:49,  1.98it/s, loss=0.0738]
Ep  23 [train]:  33%|███▎      | 48/145 [00:23<00:49,  1.98it/s, loss=0.0762]
Ep  23 [train]:  34%|███▍      | 49/145 [00:23<00:39,  2.45it/s, loss=0.0762]
Ep  23 [train]:  34%|███▍      | 49/145 [00:23<00:39,  2.45it/s, loss=0.0682]
Ep  23 [train]:  34%|███▍      | 50/145 [00:23<00:48,  1.97it/s, loss=0.0682]
Ep  23 [train]:  34%|███▍      | 50/145 [00:24<00:48,  1.97it/s, loss=0.0746]
Ep  23 [train]:  35%|███▌      | 51/145 [00:24<00:38,  2.42it/s, loss=0.0746]
Ep  23 [train]:  35%|███▌      | 51/145 [00:24<00:38,  2.42it/s, loss=0.0740]
Ep  23 [train]:  36%|███▌      | 52/145 [00:24<00:46,  1.98it/s, loss=0.0740]
Ep  23 [train]:  36%|███▌      | 52/145 [00:24<00:46,  1.98it/s, loss=0.0789]
Ep  23 [train]:  37%|███▋      | 53/145 [00:24<00:37,  2.45it/s, loss=0.0789]
Ep  23 [train]:  37%|███▋      | 53/145 [00:25<00:37,  2.45it/s, loss=0.0683]
Ep  23 [train]:  37%|███▋      | 54/145 [00:25<00:45,  2.02it/s, loss=0.0683]
Ep  23 [train]:  37%|███▋      | 54/145 [00:25<00:45,  2.02it/s, loss=0.0778]
Ep  23 [train]:  38%|███▊      | 55/145 [00:25<00:36,  2.49it/s, loss=0.0778]
Ep  23 [train]:  38%|███▊      | 55/145 [00:26<00:36,  2.49it/s, loss=0.0728]
Ep  23 [train]:  39%|███▊      | 56/145 [00:26<00:43,  2.06it/s, loss=0.0728]
Ep  23 [train]:  39%|███▊      | 56/145 [00:26<00:43,  2.06it/s, loss=0.0732]
Ep  23 [train]:  39%|███▉      | 57/145 [00:26<00:35,  2.49it/s, loss=0.0732]
Ep  23 [train]:  39%|███▉      | 57/145 [00:27<00:35,  2.49it/s, loss=0.0697]
Ep  23 [train]:  40%|████      | 58/145 [00:27<00:42,  2.03it/s, loss=0.0697]
Ep  23 [train]:  40%|████      | 58/145 [00:27<00:42,  2.03it/s, loss=0.0736]
Ep  23 [train]:  41%|████      | 59/145 [00:27<00:34,  2.49it/s, loss=0.0736]
Ep  23 [train]:  41%|████      | 59/145 [00:28<00:34,  2.49it/s, loss=0.0690]
Ep  23 [train]:  41%|████▏     | 60/145 [00:28<00:42,  1.98it/s, loss=0.0690]
Ep  23 [train]:  41%|████▏     | 60/145 [00:28<00:42,  1.98it/s, loss=0.0773]
Ep  23 [train]:  42%|████▏     | 61/145 [00:28<00:34,  2.45it/s, loss=0.0773]
Ep  23 [train]:  42%|████▏     | 61/145 [00:29<00:34,  2.45it/s, loss=0.0737]
Ep  23 [train]:  43%|████▎     | 62/145 [00:29<00:40,  2.05it/s, loss=0.0737]
Ep  23 [train]:  43%|████▎     | 62/145 [00:29<00:40,  2.05it/s, loss=0.0762]
Ep  23 [train]:  43%|████▎     | 63/145 [00:29<00:32,  2.53it/s, loss=0.0762]
Ep  23 [train]:  43%|████▎     | 63/145 [00:30<00:32,  2.53it/s, loss=0.0698]
Ep  23 [train]:  44%|████▍     | 64/145 [00:30<00:40,  2.01it/s, loss=0.0698]
Ep  23 [train]:  44%|████▍     | 64/145 [00:30<00:40,  2.01it/s, loss=0.0735]
Ep  23 [train]:  45%|████▍     | 65/145 [00:30<00:32,  2.48it/s, loss=0.0735]
Ep  23 [train]:  45%|████▍     | 65/145 [00:30<00:32,  2.48it/s, loss=0.0739]
Ep  23 [train]:  46%|████▌     | 66/145 [00:30<00:36,  2.14it/s, loss=0.0739]
Ep  23 [train]:  46%|████▌     | 66/145 [00:31<00:36,  2.14it/s, loss=0.0817]
Ep  23 [train]:  46%|████▌     | 67/145 [00:31<00:30,  2.57it/s, loss=0.0817]
Ep  23 [train]:  46%|████▌     | 67/145 [00:31<00:30,  2.57it/s, loss=0.0731]
Ep  23 [train]:  47%|████▋     | 68/145 [00:31<00:35,  2.19it/s, loss=0.0731]
Ep  23 [train]:  47%|████▋     | 68/145 [00:31<00:35,  2.19it/s, loss=0.0706]
Ep  23 [train]:  48%|████▊     | 69/145 [00:31<00:28,  2.65it/s, loss=0.0706]
Ep  23 [train]:  48%|████▊     | 69/145 [00:32<00:28,  2.65it/s, loss=0.0742]
Ep  23 [train]:  48%|████▊     | 70/145 [00:32<00:33,  2.23it/s, loss=0.0742]
Ep  23 [train]:  48%|████▊     | 70/145 [00:32<00:33,  2.23it/s, loss=0.0806]
Ep  23 [train]:  49%|████▉     | 71/145 [00:32<00:27,  2.67it/s, loss=0.0806]
Ep  23 [train]:  49%|████▉     | 71/145 [00:33<00:27,  2.67it/s, loss=0.0714]
Ep  23 [train]:  50%|████▉     | 72/145 [00:33<00:34,  2.11it/s, loss=0.0714]
Ep  23 [train]:  50%|████▉     | 72/145 [00:33<00:34,  2.11it/s, loss=0.0703]
Ep  23 [train]:  50%|█████     | 73/145 [00:33<00:27,  2.58it/s, loss=0.0703]
Ep  23 [train]:  50%|█████     | 73/145 [00:34<00:27,  2.58it/s, loss=0.0775]
Ep  23 [train]:  51%|█████     | 74/145 [00:34<00:34,  2.06it/s, loss=0.0775]
Ep  23 [train]:  51%|█████     | 74/145 [00:34<00:34,  2.06it/s, loss=0.0833]
Ep  23 [train]:  52%|█████▏    | 75/145 [00:34<00:27,  2.53it/s, loss=0.0833]
Ep  23 [train]:  52%|█████▏    | 75/145 [00:35<00:27,  2.53it/s, loss=0.0826]
Ep  23 [train]:  52%|█████▏    | 76/145 [00:35<00:34,  1.97it/s, loss=0.0826]
Ep  23 [train]:  52%|█████▏    | 76/145 [00:35<00:34,  1.97it/s, loss=0.0696]
Ep  23 [train]:  53%|█████▎    | 77/145 [00:35<00:27,  2.45it/s, loss=0.0696]
Ep  23 [train]:  53%|█████▎    | 77/145 [00:36<00:27,  2.45it/s, loss=0.0679]
Ep  23 [train]:  54%|█████▍    | 78/145 [00:36<00:33,  2.01it/s, loss=0.0679]
Ep  23 [train]:  54%|█████▍    | 78/145 [00:36<00:33,  2.01it/s, loss=0.0878]
Ep  23 [train]:  54%|█████▍    | 79/145 [00:36<00:27,  2.38it/s, loss=0.0878]
Ep  23 [train]:  54%|█████▍    | 79/145 [00:37<00:27,  2.38it/s, loss=0.0680]
Ep  23 [train]:  55%|█████▌    | 80/145 [00:37<00:31,  2.04it/s, loss=0.0680]
Ep  23 [train]:  55%|█████▌    | 80/145 [00:37<00:31,  2.04it/s, loss=0.0731]
Ep  23 [train]:  56%|█████▌    | 81/145 [00:37<00:25,  2.48it/s, loss=0.0731]
Ep  23 [train]:  56%|█████▌    | 81/145 [00:37<00:25,  2.48it/s, loss=0.0774]
Ep  23 [train]:  57%|█████▋    | 82/145 [00:37<00:29,  2.10it/s, loss=0.0774]
Ep  23 [train]:  57%|█████▋    | 82/145 [00:38<00:29,  2.10it/s, loss=0.0778]
Ep  23 [train]:  57%|█████▋    | 83/145 [00:38<00:24,  2.58it/s, loss=0.0778]
Ep  23 [train]:  57%|█████▋    | 83/145 [00:38<00:24,  2.58it/s, loss=0.0764]
Ep  23 [train]:  58%|█████▊    | 84/145 [00:38<00:29,  2.04it/s, loss=0.0764]
Ep  23 [train]:  58%|█████▊    | 84/145 [00:39<00:29,  2.04it/s, loss=0.0780]
Ep  23 [train]:  59%|█████▊    | 85/145 [00:39<00:24,  2.47it/s, loss=0.0780]
Ep  23 [train]:  59%|█████▊    | 85/145 [00:39<00:24,  2.47it/s, loss=0.0696]
Ep  23 [train]:  59%|█████▉    | 86/145 [00:39<00:29,  2.02it/s, loss=0.0696]
Ep  23 [train]:  59%|█████▉    | 86/145 [00:39<00:29,  2.02it/s, loss=0.0735]
Ep  23 [train]:  60%|██████    | 87/145 [00:39<00:23,  2.51it/s, loss=0.0735]
Ep  23 [train]:  60%|██████    | 87/145 [00:40<00:23,  2.51it/s, loss=0.0678]
Ep  23 [train]:  61%|██████    | 88/145 [00:40<00:30,  1.85it/s, loss=0.0678]
Ep  23 [train]:  61%|██████    | 88/145 [00:40<00:30,  1.85it/s, loss=0.0687]
Ep  23 [train]:  61%|██████▏   | 89/145 [00:40<00:24,  2.30it/s, loss=0.0687]
Ep  23 [train]:  61%|██████▏   | 89/145 [00:41<00:24,  2.30it/s, loss=0.0751]
Ep  23 [train]:  62%|██████▏   | 90/145 [00:41<00:29,  1.88it/s, loss=0.0751]
Ep  23 [train]:  62%|██████▏   | 90/145 [00:41<00:29,  1.88it/s, loss=0.0712]
Ep  23 [train]:  63%|██████▎   | 91/145 [00:41<00:23,  2.35it/s, loss=0.0712]
Ep  23 [train]:  63%|██████▎   | 91/145 [00:42<00:23,  2.35it/s, loss=0.0725]
Ep  23 [train]:  63%|██████▎   | 92/145 [00:42<00:26,  1.99it/s, loss=0.0725]
Ep  23 [train]:  63%|██████▎   | 92/145 [00:42<00:26,  1.99it/s, loss=0.0760]
Ep  23 [train]:  64%|██████▍   | 93/145 [00:42<00:20,  2.48it/s, loss=0.0760]
Ep  23 [train]:  64%|██████▍   | 93/145 [00:43<00:20,  2.48it/s, loss=0.0723]
Ep  23 [train]:  65%|██████▍   | 94/145 [00:43<00:25,  1.98it/s, loss=0.0723]
Ep  23 [train]:  65%|██████▍   | 94/145 [00:43<00:25,  1.98it/s, loss=0.0713]
Ep  23 [train]:  66%|██████▌   | 95/145 [00:43<00:20,  2.46it/s, loss=0.0713]
Ep  23 [train]:  66%|██████▌   | 95/145 [00:44<00:20,  2.46it/s, loss=0.0732]
Ep  23 [train]:  66%|██████▌   | 96/145 [00:44<00:24,  2.03it/s, loss=0.0732]
Ep  23 [train]:  66%|██████▌   | 96/145 [00:44<00:24,  2.03it/s, loss=0.0748]
Ep  23 [train]:  67%|██████▋   | 97/145 [00:44<00:19,  2.51it/s, loss=0.0748]
Ep  23 [train]:  67%|██████▋   | 97/145 [00:45<00:19,  2.51it/s, loss=0.0682]
Ep  23 [train]:  68%|██████▊   | 98/145 [00:45<00:23,  1.99it/s, loss=0.0682]
Ep  23 [train]:  68%|██████▊   | 98/145 [00:45<00:23,  1.99it/s, loss=0.0743]
Ep  23 [train]:  68%|██████▊   | 99/145 [00:45<00:18,  2.44it/s, loss=0.0743]
Ep  23 [train]:  68%|██████▊   | 99/145 [00:46<00:18,  2.44it/s, loss=0.0709]
Ep  23 [train]:  69%|██████▉   | 100/145 [00:46<00:22,  1.96it/s, loss=0.0709]
Ep  23 [train]:  69%|██████▉   | 100/145 [00:46<00:22,  1.96it/s, loss=0.0657]
Ep  23 [train]:  70%|██████▉   | 101/145 [00:46<00:18,  2.43it/s, loss=0.0657]
Ep  23 [train]:  70%|██████▉   | 101/145 [00:47<00:18,  2.43it/s, loss=0.0710]
Ep  23 [train]:  70%|███████   | 102/145 [00:47<00:21,  2.04it/s, loss=0.0710]
Ep  23 [train]:  70%|███████   | 102/145 [00:47<00:21,  2.04it/s, loss=0.0718]
Ep  23 [train]:  71%|███████   | 103/145 [00:47<00:16,  2.52it/s, loss=0.0718]
Ep  23 [train]:  71%|███████   | 103/145 [00:48<00:16,  2.52it/s, loss=0.0707]
Ep  23 [train]:  72%|███████▏  | 104/145 [00:48<00:20,  1.96it/s, loss=0.0707]
Ep  23 [train]:  72%|███████▏  | 104/145 [00:48<00:20,  1.96it/s, loss=0.0721]
Ep  23 [train]:  72%|███████▏  | 105/145 [00:48<00:16,  2.44it/s, loss=0.0721]
Ep  23 [train]:  72%|███████▏  | 105/145 [00:48<00:16,  2.44it/s, loss=0.0735]
Ep  23 [train]:  73%|███████▎  | 106/145 [00:48<00:19,  1.95it/s, loss=0.0735]
Ep  23 [train]:  73%|███████▎  | 106/145 [00:49<00:19,  1.95it/s, loss=0.0757]
Ep  23 [train]:  74%|███████▍  | 107/145 [00:49<00:15,  2.42it/s, loss=0.0757]
Ep  23 [train]:  74%|███████▍  | 107/145 [00:49<00:15,  2.42it/s, loss=0.0704]
Ep  23 [train]:  74%|███████▍  | 108/145 [00:49<00:18,  2.02it/s, loss=0.0704]
Ep  23 [train]:  74%|███████▍  | 108/145 [00:50<00:18,  2.02it/s, loss=0.0702]
Ep  23 [train]:  75%|███████▌  | 109/145 [00:50<00:14,  2.49it/s, loss=0.0702]
Ep  23 [train]:  75%|███████▌  | 109/145 [00:50<00:14,  2.49it/s, loss=0.0785]
Ep  23 [train]:  76%|███████▌  | 110/145 [00:50<00:17,  2.03it/s, loss=0.0785]
Ep  23 [train]:  76%|███████▌  | 110/145 [00:50<00:17,  2.03it/s, loss=0.0731]
Ep  23 [train]:  77%|███████▋  | 111/145 [00:50<00:13,  2.50it/s, loss=0.0731]
Ep  23 [train]:  77%|███████▋  | 111/145 [00:51<00:13,  2.50it/s, loss=0.0713]
Ep  23 [train]:  77%|███████▋  | 112/145 [00:51<00:16,  2.03it/s, loss=0.0713]
Ep  23 [train]:  77%|███████▋  | 112/145 [00:51<00:16,  2.03it/s, loss=0.0710]
Ep  23 [train]:  78%|███████▊  | 113/145 [00:51<00:12,  2.48it/s, loss=0.0710]
Ep  23 [train]:  78%|███████▊  | 113/145 [00:52<00:12,  2.48it/s, loss=0.0661]
Ep  23 [train]:  79%|███████▊  | 114/145 [00:52<00:15,  2.02it/s, loss=0.0661]
Ep  23 [train]:  79%|███████▊  | 114/145 [00:52<00:15,  2.02it/s, loss=0.0797]
Ep  23 [train]:  79%|███████▉  | 115/145 [00:52<00:12,  2.37it/s, loss=0.0797]
Ep  23 [train]:  79%|███████▉  | 115/145 [00:53<00:12,  2.37it/s, loss=0.0840]
Ep  23 [train]:  80%|████████  | 116/145 [00:53<00:14,  2.03it/s, loss=0.0840]
Ep  23 [train]:  80%|████████  | 116/145 [00:53<00:14,  2.03it/s, loss=0.0759]
Ep  23 [train]:  81%|████████  | 117/145 [00:53<00:11,  2.51it/s, loss=0.0759]
Ep  23 [train]:  81%|████████  | 117/145 [00:54<00:11,  2.51it/s, loss=0.0707]
Ep  23 [train]:  81%|████████▏ | 118/145 [00:54<00:13,  2.06it/s, loss=0.0707]
Ep  23 [train]:  81%|████████▏ | 118/145 [00:54<00:13,  2.06it/s, loss=0.0710]
Ep  23 [train]:  82%|████████▏ | 119/145 [00:54<00:10,  2.53it/s, loss=0.0710]
Ep  23 [train]:  82%|████████▏ | 119/145 [00:55<00:10,  2.53it/s, loss=0.0736]
Ep  23 [train]:  83%|████████▎ | 120/145 [00:55<00:11,  2.14it/s, loss=0.0736]
Ep  23 [train]:  83%|████████▎ | 120/145 [00:55<00:11,  2.14it/s, loss=0.0741]
Ep  23 [train]:  83%|████████▎ | 121/145 [00:55<00:09,  2.64it/s, loss=0.0741]
Ep  23 [train]:  83%|████████▎ | 121/145 [00:55<00:09,  2.64it/s, loss=0.0714]
Ep  23 [train]:  84%|████████▍ | 122/145 [00:55<00:10,  2.20it/s, loss=0.0714]
Ep  23 [train]:  84%|████████▍ | 122/145 [00:56<00:10,  2.20it/s, loss=0.0748]
Ep  23 [train]:  85%|████████▍ | 123/145 [00:56<00:08,  2.67it/s, loss=0.0748]
Ep  23 [train]:  85%|████████▍ | 123/145 [00:56<00:08,  2.67it/s, loss=0.0657]
Ep  23 [train]:  86%|████████▌ | 124/145 [00:56<00:09,  2.18it/s, loss=0.0657]
Ep  23 [train]:  86%|████████▌ | 124/145 [00:56<00:09,  2.18it/s, loss=0.0735]
Ep  23 [train]:  86%|████████▌ | 125/145 [00:56<00:07,  2.64it/s, loss=0.0735]
Ep  23 [train]:  86%|████████▌ | 125/145 [00:57<00:07,  2.64it/s, loss=0.0787]
Ep  23 [train]:  87%|████████▋ | 126/145 [00:57<00:09,  2.00it/s, loss=0.0787]
Ep  23 [train]:  87%|████████▋ | 126/145 [00:57<00:09,  2.00it/s, loss=0.0687]
Ep  23 [train]:  88%|████████▊ | 127/145 [00:57<00:07,  2.47it/s, loss=0.0687]
Ep  23 [train]:  88%|████████▊ | 127/145 [00:58<00:07,  2.47it/s, loss=0.0690]
Ep  23 [train]:  88%|████████▊ | 128/145 [00:58<00:09,  1.83it/s, loss=0.0690]
Ep  23 [train]:  88%|████████▊ | 128/145 [00:58<00:09,  1.83it/s, loss=0.0750]
Ep  23 [train]:  89%|████████▉ | 129/145 [00:58<00:07,  2.28it/s, loss=0.0750]
Ep  23 [train]:  89%|████████▉ | 129/145 [00:59<00:07,  2.28it/s, loss=0.0782]
Ep  23 [train]:  90%|████████▉ | 130/145 [00:59<00:08,  1.80it/s, loss=0.0782]
Ep  23 [train]:  90%|████████▉ | 130/145 [00:59<00:08,  1.80it/s, loss=0.0710]
Ep  23 [train]:  90%|█████████ | 131/145 [00:59<00:06,  2.24it/s, loss=0.0710]
Ep  23 [train]:  90%|█████████ | 131/145 [01:00<00:06,  2.24it/s, loss=0.0699]
Ep  23 [train]:  91%|█████████ | 132/145 [01:00<00:07,  1.81it/s, loss=0.0699]
Ep  23 [train]:  91%|█████████ | 132/145 [01:00<00:07,  1.81it/s, loss=0.0700]
Ep  23 [train]:  92%|█████████▏| 133/145 [01:00<00:05,  2.28it/s, loss=0.0700]
Ep  23 [train]:  92%|█████████▏| 133/145 [01:01<00:05,  2.28it/s, loss=0.0681]
Ep  23 [train]:  92%|█████████▏| 134/145 [01:01<00:06,  1.83it/s, loss=0.0681]
Ep  23 [train]:  92%|█████████▏| 134/145 [01:01<00:06,  1.83it/s, loss=0.0718]
Ep  23 [train]:  93%|█████████▎| 135/145 [01:01<00:04,  2.29it/s, loss=0.0718]
Ep  23 [train]:  93%|█████████▎| 135/145 [01:02<00:04,  2.29it/s, loss=0.0787]
Ep  23 [train]:  94%|█████████▍| 136/145 [01:02<00:04,  1.94it/s, loss=0.0787]
Ep  23 [train]:  94%|█████████▍| 136/145 [01:02<00:04,  1.94it/s, loss=0.0679]
Ep  23 [train]:  94%|█████████▍| 137/145 [01:02<00:03,  2.41it/s, loss=0.0679]
Ep  23 [train]:  94%|█████████▍| 137/145 [01:03<00:03,  2.41it/s, loss=0.0809]
Ep  23 [train]:  95%|█████████▌| 138/145 [01:03<00:03,  1.90it/s, loss=0.0809]
Ep  23 [train]:  95%|█████████▌| 138/145 [01:03<00:03,  1.90it/s, loss=0.0759]
Ep  23 [train]:  96%|█████████▌| 139/145 [01:03<00:02,  2.37it/s, loss=0.0759]
Ep  23 [train]:  96%|█████████▌| 139/145 [01:04<00:02,  2.37it/s, loss=0.0761]
Ep  23 [train]:  97%|█████████▋| 140/145 [01:04<00:02,  1.99it/s, loss=0.0761]
Ep  23 [train]:  97%|█████████▋| 140/145 [01:04<00:02,  1.99it/s, loss=0.0760]
Ep  23 [train]:  97%|█████████▋| 141/145 [01:04<00:01,  2.46it/s, loss=0.0760]
Ep  23 [train]:  97%|█████████▋| 141/145 [01:05<00:01,  2.46it/s, loss=0.0723]
Ep  23 [train]:  98%|█████████▊| 142/145 [01:05<00:01,  2.03it/s, loss=0.0723]
Ep  23 [train]:  98%|█████████▊| 142/145 [01:05<00:01,  2.03it/s, loss=0.0753]
Ep  23 [train]:  99%|█████████▊| 143/145 [01:05<00:00,  2.47it/s, loss=0.0753]
Ep  23 [train]:  99%|█████████▊| 143/145 [01:06<00:00,  2.47it/s, loss=0.0708]
Ep  23 [train]:  99%|█████████▉| 144/145 [01:06<00:00,  2.16it/s, loss=0.0708]
Ep  23 [train]:  99%|█████████▉| 144/145 [01:06<00:00,  2.16it/s, loss=0.0742]
Ep  23 [train]: 100%|██████████| 145/145 [01:06<00:00,  2.64it/s, loss=0.0742]
                                                                              
  Ep  23 [train]  loss=0.0737  rmse_c=0.2384  mae_c=0.2154  r2_c=0.027  rmse_h=0.3018  mae_h=0.2236  r2_h=0.471  sup=0.326

Ep  23 [val  ]:   0%|          | 0/39 [00:00<?, ?it/s]
Ep  23 [val  ]:   0%|          | 0/39 [00:01<?, ?it/s, loss=0.0914]
Ep  23 [val  ]:   3%|▎         | 1/39 [00:01<00:42,  1.12s/it, loss=0.0914]
Ep  23 [val  ]:   3%|▎         | 1/39 [00:01<00:42,  1.12s/it, loss=0.0898]
Ep  23 [val  ]:   3%|▎         | 1/39 [00:01<00:42,  1.12s/it, loss=0.0729]
Ep  23 [val  ]:   8%|▊         | 3/39 [00:01<00:19,  1.85it/s, loss=0.0729]
Ep  23 [val  ]:   8%|▊         | 3/39 [00:01<00:19,  1.85it/s, loss=0.0702]
Ep  23 [val  ]:  10%|█         | 4/39 [00:01<00:13,  2.55it/s, loss=0.0702]
Ep  23 [val  ]:  10%|█         | 4/39 [00:02<00:13,  2.55it/s, loss=0.0754]
Ep  23 [val  ]:  13%|█▎        | 5/39 [00:02<00:15,  2.17it/s, loss=0.0754]
Ep  23 [val  ]:  13%|█▎        | 5/39 [00:02<00:15,  2.17it/s, loss=0.0809]
Ep  23 [val  ]:  15%|█▌        | 6/39 [00:02<00:13,  2.45it/s, loss=0.0809]
Ep  23 [val  ]:  15%|█▌        | 6/39 [00:03<00:13,  2.45it/s, loss=0.0701]
Ep  23 [val  ]:  18%|█▊        | 7/39 [00:03<00:13,  2.43it/s, loss=0.0701]
Ep  23 [val  ]:  18%|█▊        | 7/39 [00:03<00:13,  2.43it/s, loss=0.0711]
Ep  23 [val  ]:  21%|██        | 8/39 [00:03<00:13,  2.37it/s, loss=0.0711]
Ep  23 [val  ]:  21%|██        | 8/39 [00:03<00:13,  2.37it/s, loss=0.0687]
Ep  23 [val  ]:  23%|██▎       | 9/39 [00:03<00:11,  2.56it/s, loss=0.0687]
Ep  23 [val  ]:  23%|██▎       | 9/39 [00:04<00:11,  2.56it/s, loss=0.0671]
Ep  23 [val  ]:  26%|██▌       | 10/39 [00:04<00:12,  2.26it/s, loss=0.0671]
Ep  23 [val  ]:  26%|██▌       | 10/39 [00:04<00:12,  2.26it/s, loss=0.0684]
Ep  23 [val  ]:  28%|██▊       | 11/39 [00:04<00:09,  2.91it/s, loss=0.0684]
Ep  23 [val  ]:  28%|██▊       | 11/39 [00:05<00:09,  2.91it/s, loss=0.0719]
Ep  23 [val  ]:  31%|███       | 12/39 [00:05<00:13,  2.03it/s, loss=0.0719]
Ep  23 [val  ]:  31%|███       | 12/39 [00:05<00:13,  2.03it/s, loss=0.0767]
Ep  23 [val  ]:  31%|███       | 12/39 [00:06<00:13,  2.03it/s, loss=0.0803]
Ep  23 [val  ]:  36%|███▌      | 14/39 [00:06<00:11,  2.18it/s, loss=0.0803]
Ep  23 [val  ]:  36%|███▌      | 14/39 [00:06<00:11,  2.18it/s, loss=0.0925]
Ep  23 [val  ]:  36%|███▌      | 14/39 [00:07<00:11,  2.18it/s, loss=0.0963]
Ep  23 [val  ]:  41%|████      | 16/39 [00:07<00:09,  2.36it/s, loss=0.0963]
Ep  23 [val  ]:  41%|████      | 16/39 [00:07<00:09,  2.36it/s, loss=0.0920]
Ep  23 [val  ]:  41%|████      | 16/39 [00:07<00:09,  2.36it/s, loss=0.0814]
Ep  23 [val  ]:  46%|████▌     | 18/39 [00:07<00:08,  2.47it/s, loss=0.0814]
Ep  23 [val  ]:  46%|████▌     | 18/39 [00:07<00:08,  2.47it/s, loss=0.0741]
Ep  23 [val  ]:  46%|████▌     | 18/39 [00:08<00:08,  2.47it/s, loss=0.0649]
Ep  23 [val  ]:  51%|█████▏    | 20/39 [00:08<00:07,  2.55it/s, loss=0.0649]
Ep  23 [val  ]:  51%|█████▏    | 20/39 [00:08<00:07,  2.55it/s, loss=0.0576]
Ep  23 [val  ]:  54%|█████▍    | 21/39 [00:08<00:06,  2.94it/s, loss=0.0576]
Ep  23 [val  ]:  54%|█████▍    | 21/39 [00:09<00:06,  2.94it/s, loss=0.0645]
Ep  23 [val  ]:  56%|█████▋    | 22/39 [00:09<00:06,  2.46it/s, loss=0.0645]
Ep  23 [val  ]:  56%|█████▋    | 22/39 [00:09<00:06,  2.46it/s, loss=0.0624]
Ep  23 [val  ]:  59%|█████▉    | 23/39 [00:09<00:05,  2.96it/s, loss=0.0624]
Ep  23 [val  ]:  59%|█████▉    | 23/39 [00:10<00:05,  2.96it/s, loss=0.0647]
Ep  23 [val  ]:  62%|██████▏   | 24/39 [00:10<00:06,  2.41it/s, loss=0.0647]
Ep  23 [val  ]:  62%|██████▏   | 24/39 [00:10<00:06,  2.41it/s, loss=0.0676]
Ep  23 [val  ]:  64%|██████▍   | 25/39 [00:10<00:04,  2.98it/s, loss=0.0676]
Ep  23 [val  ]:  64%|██████▍   | 25/39 [00:10<00:04,  2.98it/s, loss=0.0729]
Ep  23 [val  ]:  67%|██████▋   | 26/39 [00:10<00:05,  2.31it/s, loss=0.0729]
Ep  23 [val  ]:  67%|██████▋   | 26/39 [00:10<00:05,  2.31it/s, loss=0.0802]
Ep  23 [val  ]:  67%|██████▋   | 26/39 [00:11<00:05,  2.31it/s, loss=0.1169]
Ep  23 [val  ]:  72%|███████▏  | 28/39 [00:11<00:04,  2.36it/s, loss=0.1169]
Ep  23 [val  ]:  72%|███████▏  | 28/39 [00:11<00:04,  2.36it/s, loss=0.0933]
Ep  23 [val  ]:  74%|███████▍  | 29/39 [00:11<00:03,  2.89it/s, loss=0.0933]
Ep  23 [val  ]:  74%|███████▍  | 29/39 [00:12<00:03,  2.89it/s, loss=0.0833]
Ep  23 [val  ]:  77%|███████▋  | 30/39 [00:12<00:03,  2.27it/s, loss=0.0833]
Ep  23 [val  ]:  77%|███████▋  | 30/39 [00:12<00:03,  2.27it/s, loss=0.0928]
Ep  23 [val  ]:  77%|███████▋  | 30/39 [00:13<00:03,  2.27it/s, loss=0.0706]
Ep  23 [val  ]:  82%|████████▏ | 32/39 [00:13<00:02,  2.34it/s, loss=0.0706]
Ep  23 [val  ]:  82%|████████▏ | 32/39 [00:13<00:02,  2.34it/s, loss=0.0748]
Ep  23 [val  ]:  82%|████████▏ | 32/39 [00:14<00:02,  2.34it/s, loss=0.0743]
Ep  23 [val  ]:  87%|████████▋ | 34/39 [00:14<00:02,  2.38it/s, loss=0.0743]
Ep  23 [val  ]:  87%|████████▋ | 34/39 [00:14<00:02,  2.38it/s, loss=0.0762]
Ep  23 [val  ]:  90%|████████▉ | 35/39 [00:14<00:01,  2.80it/s, loss=0.0762]
Ep  23 [val  ]:  90%|████████▉ | 35/39 [00:15<00:01,  2.80it/s, loss=0.0720]
Ep  23 [val  ]:  92%|█████████▏| 36/39 [00:15<00:01,  2.28it/s, loss=0.0720]
Ep  23 [val  ]:  92%|█████████▏| 36/39 [00:15<00:01,  2.28it/s, loss=0.0742]
Ep  23 [val  ]:  95%|█████████▍| 37/39 [00:15<00:00,  2.80it/s, loss=0.0742]
Ep  23 [val  ]:  95%|█████████▍| 37/39 [00:15<00:00,  2.80it/s, loss=0.0653]
Ep  23 [val  ]:  97%|█████████▋| 38/39 [00:15<00:00,  2.28it/s, loss=0.0653]
Ep  23 [val  ]:  97%|█████████▋| 38/39 [00:15<00:00,  2.28it/s, loss=0.0715]
                                                                            
  Ep  23 [val  ]  loss=0.0767  rmse_c=0.2439  mae_c=0.2173  r2_c=0.023  rmse_h=0.3072  mae_h=0.2298  r2_h=0.412  sup=0.308

Ep  24 [train]:   0%|          | 0/145 [00:00<?, ?it/s]
Ep  24 [train]:   0%|          | 0/145 [00:01<?, ?it/s, loss=0.0712]
Ep  24 [train]:   1%|          | 1/145 [00:01<02:38,  1.10s/it, loss=0.0712]
Ep  24 [train]:   1%|          | 1/145 [00:01<02:38,  1.10s/it, loss=0.0720]
Ep  24 [train]:   1%|▏         | 2/145 [00:01<01:20,  1.78it/s, loss=0.0720]
Ep  24 [train]:   1%|▏         | 2/145 [00:01<01:20,  1.78it/s, loss=0.0704]
Ep  24 [train]:   2%|▏         | 3/145 [00:01<01:23,  1.69it/s, loss=0.0704]
Ep  24 [train]:   2%|▏         | 3/145 [00:02<01:23,  1.69it/s, loss=0.0687]
Ep  24 [train]:   3%|▎         | 4/145 [00:02<01:00,  2.34it/s, loss=0.0687]
Ep  24 [train]:   3%|▎         | 4/145 [00:02<01:00,  2.34it/s, loss=0.0733]
Ep  24 [train]:   3%|▎         | 5/145 [00:02<01:11,  1.96it/s, loss=0.0733]
Ep  24 [train]:   3%|▎         | 5/145 [00:02<01:11,  1.96it/s, loss=0.0843]
Ep  24 [train]:   4%|▍         | 6/145 [00:02<00:55,  2.51it/s, loss=0.0843]
Ep  24 [train]:   4%|▍         | 6/145 [00:03<00:55,  2.51it/s, loss=0.0721]
Ep  24 [train]:   5%|▍         | 7/145 [00:03<01:08,  2.03it/s, loss=0.0721]
Ep  24 [train]:   5%|▍         | 7/145 [00:03<01:08,  2.03it/s, loss=0.0722]
Ep  24 [train]:   6%|▌         | 8/145 [00:03<00:53,  2.54it/s, loss=0.0722]
Ep  24 [train]:   6%|▌         | 8/145 [00:04<00:53,  2.54it/s, loss=0.0694]
Ep  24 [train]:   6%|▌         | 9/145 [00:04<01:02,  2.17it/s, loss=0.0694]
Ep  24 [train]:   6%|▌         | 9/145 [00:04<01:02,  2.17it/s, loss=0.0705]
Ep  24 [train]:   7%|▋         | 10/145 [00:04<00:50,  2.68it/s, loss=0.0705]
Ep  24 [train]:   7%|▋         | 10/145 [00:05<00:50,  2.68it/s, loss=0.0776]
Ep  24 [train]:   8%|▊         | 11/145 [00:05<01:02,  2.14it/s, loss=0.0776]
Ep  24 [train]:   8%|▊         | 11/145 [00:05<01:02,  2.14it/s, loss=0.0695]
Ep  24 [train]:   8%|▊         | 12/145 [00:05<00:50,  2.63it/s, loss=0.0695]
Ep  24 [train]:   8%|▊         | 12/145 [00:06<00:50,  2.63it/s, loss=0.0658]
Ep  24 [train]:   9%|▉         | 13/145 [00:06<01:02,  2.10it/s, loss=0.0658]
Ep  24 [train]:   9%|▉         | 13/145 [00:06<01:02,  2.10it/s, loss=0.0726]
Ep  24 [train]:  10%|▉         | 14/145 [00:06<00:50,  2.57it/s, loss=0.0726]
Ep  24 [train]:  10%|▉         | 14/145 [00:07<00:50,  2.57it/s, loss=0.0677]
Ep  24 [train]:  10%|█         | 15/145 [00:07<01:02,  2.08it/s, loss=0.0677]
Ep  24 [train]:  10%|█         | 15/145 [00:07<01:02,  2.08it/s, loss=0.0680]
Ep  24 [train]:  11%|█         | 16/145 [00:07<00:50,  2.54it/s, loss=0.0680]
Ep  24 [train]:  11%|█         | 16/145 [00:07<00:50,  2.54it/s, loss=0.0796]
Ep  24 [train]:  12%|█▏        | 17/145 [00:07<01:04,  1.99it/s, loss=0.0796]
Ep  24 [train]:  12%|█▏        | 17/145 [00:08<01:04,  1.99it/s, loss=0.0748]
Ep  24 [train]:  12%|█▏        | 18/145 [00:08<00:51,  2.48it/s, loss=0.0748]
Ep  24 [train]:  12%|█▏        | 18/145 [00:08<00:51,  2.48it/s, loss=0.0709]
Ep  24 [train]:  13%|█▎        | 19/145 [00:08<00:58,  2.14it/s, loss=0.0709]
Ep  24 [train]:  13%|█▎        | 19/145 [00:08<00:58,  2.14it/s, loss=0.0755]
Ep  24 [train]:  14%|█▍        | 20/145 [00:08<00:48,  2.60it/s, loss=0.0755]
Ep  24 [train]:  14%|█▍        | 20/145 [00:09<00:48,  2.60it/s, loss=0.0734]
Ep  24 [train]:  14%|█▍        | 21/145 [00:09<00:57,  2.15it/s, loss=0.0734]
Ep  24 [train]:  14%|█▍        | 21/145 [00:09<00:57,  2.15it/s, loss=0.0677]
Ep  24 [train]:  15%|█▌        | 22/145 [00:09<00:47,  2.61it/s, loss=0.0677]
Ep  24 [train]:  15%|█▌        | 22/145 [00:10<00:47,  2.61it/s, loss=0.0740]
Ep  24 [train]:  16%|█▌        | 23/145 [00:10<00:57,  2.10it/s, loss=0.0740]
Ep  24 [train]:  16%|█▌        | 23/145 [00:10<00:57,  2.10it/s, loss=0.0804]
Ep  24 [train]:  17%|█▋        | 24/145 [00:10<00:47,  2.54it/s, loss=0.0804]
Ep  24 [train]:  17%|█▋        | 24/145 [00:11<00:47,  2.54it/s, loss=0.0684]
Ep  24 [train]:  17%|█▋        | 25/145 [00:11<00:57,  2.09it/s, loss=0.0684]
Ep  24 [train]:  17%|█▋        | 25/145 [00:11<00:57,  2.09it/s, loss=0.0681]
Ep  24 [train]:  18%|█▊        | 26/145 [00:11<00:49,  2.42it/s, loss=0.0681]
Ep  24 [train]:  18%|█▊        | 26/145 [00:12<00:49,  2.42it/s, loss=0.0744]
Ep  24 [train]:  19%|█▊        | 27/145 [00:12<00:55,  2.12it/s, loss=0.0744]
Ep  24 [train]:  19%|█▊        | 27/145 [00:12<00:55,  2.12it/s, loss=0.0789]
Ep  24 [train]:  19%|█▉        | 28/145 [00:12<00:46,  2.52it/s, loss=0.0789]
Ep  24 [train]:  19%|█▉        | 28/145 [00:13<00:46,  2.52it/s, loss=0.0736]
Ep  24 [train]:  20%|██        | 29/145 [00:13<00:54,  2.15it/s, loss=0.0736]
Ep  24 [train]:  20%|██        | 29/145 [00:13<00:54,  2.15it/s, loss=0.0683]
Ep  24 [train]:  21%|██        | 30/145 [00:13<00:46,  2.47it/s, loss=0.0683]
Ep  24 [train]:  21%|██        | 30/145 [00:13<00:46,  2.47it/s, loss=0.0854]
Ep  24 [train]:  21%|██▏       | 31/145 [00:13<00:53,  2.13it/s, loss=0.0854]
Ep  24 [train]:  21%|██▏       | 31/145 [00:14<00:53,  2.13it/s, loss=0.0768]
Ep  24 [train]:  22%|██▏       | 32/145 [00:14<00:45,  2.49it/s, loss=0.0768]
Ep  24 [train]:  22%|██▏       | 32/145 [00:14<00:45,  2.49it/s, loss=0.0695]
Ep  24 [train]:  23%|██▎       | 33/145 [00:14<00:54,  2.06it/s, loss=0.0695]
Ep  24 [train]:  23%|██▎       | 33/145 [00:15<00:54,  2.06it/s, loss=0.0699]
Ep  24 [train]:  23%|██▎       | 34/145 [00:15<00:45,  2.44it/s, loss=0.0699]
Ep  24 [train]:  23%|██▎       | 34/145 [00:15<00:45,  2.44it/s, loss=0.0785]
Ep  24 [train]:  24%|██▍       | 35/145 [00:15<00:53,  2.05it/s, loss=0.0785]
Ep  24 [train]:  24%|██▍       | 35/145 [00:16<00:53,  2.05it/s, loss=0.0657]
Ep  24 [train]:  25%|██▍       | 36/145 [00:16<00:43,  2.48it/s, loss=0.0657]
Ep  24 [train]:  25%|██▍       | 36/145 [00:16<00:43,  2.48it/s, loss=0.0734]
Ep  24 [train]:  26%|██▌       | 37/145 [00:16<00:52,  2.04it/s, loss=0.0734]
Ep  24 [train]:  26%|██▌       | 37/145 [00:16<00:52,  2.04it/s, loss=0.0706]
Ep  24 [train]:  26%|██▌       | 38/145 [00:16<00:42,  2.49it/s, loss=0.0706]
Ep  24 [train]:  26%|██▌       | 38/145 [00:17<00:42,  2.49it/s, loss=0.0692]
Ep  24 [train]:  27%|██▋       | 39/145 [00:17<00:51,  2.06it/s, loss=0.0692]
Ep  24 [train]:  27%|██▋       | 39/145 [00:17<00:51,  2.06it/s, loss=0.0719]
Ep  24 [train]:  28%|██▊       | 40/145 [00:17<00:41,  2.53it/s, loss=0.0719]
Ep  24 [train]:  28%|██▊       | 40/145 [00:18<00:41,  2.53it/s, loss=0.0710]
Ep  24 [train]:  28%|██▊       | 41/145 [00:18<00:50,  2.05it/s, loss=0.0710]
Ep  24 [train]:  28%|██▊       | 41/145 [00:18<00:50,  2.05it/s, loss=0.0782]
Ep  24 [train]:  29%|██▉       | 42/145 [00:18<00:40,  2.53it/s, loss=0.0782]
Ep  24 [train]:  29%|██▉       | 42/145 [00:19<00:40,  2.53it/s, loss=0.0720]
Ep  24 [train]:  30%|██▉       | 43/145 [00:19<00:48,  2.09it/s, loss=0.0720]
Ep  24 [train]:  30%|██▉       | 43/145 [00:19<00:48,  2.09it/s, loss=0.0709]
Ep  24 [train]:  30%|███       | 44/145 [00:19<00:40,  2.52it/s, loss=0.0709]
Ep  24 [train]:  30%|███       | 44/145 [00:20<00:40,  2.52it/s, loss=0.0735]
Ep  24 [train]:  31%|███       | 45/145 [00:20<00:46,  2.17it/s, loss=0.0735]
Ep  24 [train]:  31%|███       | 45/145 [00:20<00:46,  2.17it/s, loss=0.0704]
Ep  24 [train]:  32%|███▏      | 46/145 [00:20<00:37,  2.62it/s, loss=0.0704]
Ep  24 [train]:  32%|███▏      | 46/145 [00:20<00:37,  2.62it/s, loss=0.0688]
Ep  24 [train]:  32%|███▏      | 47/145 [00:20<00:45,  2.17it/s, loss=0.0688]
Ep  24 [train]:  32%|███▏      | 47/145 [00:21<00:45,  2.17it/s, loss=0.0739]
Ep  24 [train]:  33%|███▎      | 48/145 [00:21<00:36,  2.66it/s, loss=0.0739]
Ep  24 [train]:  33%|███▎      | 48/145 [00:21<00:36,  2.66it/s, loss=0.0677]
Ep  24 [train]:  34%|███▍      | 49/145 [00:21<00:45,  2.12it/s, loss=0.0677]
Ep  24 [train]:  34%|███▍      | 49/145 [00:22<00:45,  2.12it/s, loss=0.0688]
Ep  24 [train]:  34%|███▍      | 50/145 [00:22<00:37,  2.55it/s, loss=0.0688]
Ep  24 [train]:  34%|███▍      | 50/145 [00:22<00:37,  2.55it/s, loss=0.0722]
Ep  24 [train]:  35%|███▌      | 51/145 [00:22<00:43,  2.16it/s, loss=0.0722]
Ep  24 [train]:  35%|███▌      | 51/145 [00:22<00:43,  2.16it/s, loss=0.0717]
Ep  24 [train]:  36%|███▌      | 52/145 [00:22<00:36,  2.56it/s, loss=0.0717]
Ep  24 [train]:  36%|███▌      | 52/145 [00:23<00:36,  2.56it/s, loss=0.0687]
Ep  24 [train]:  37%|███▋      | 53/145 [00:23<00:42,  2.14it/s, loss=0.0687]
Ep  24 [train]:  37%|███▋      | 53/145 [00:23<00:42,  2.14it/s, loss=0.0722]
Ep  24 [train]:  37%|███▋      | 54/145 [00:23<00:38,  2.33it/s, loss=0.0722]
Ep  24 [train]:  37%|███▋      | 54/145 [00:24<00:38,  2.33it/s, loss=0.0746]
Ep  24 [train]:  38%|███▊      | 55/145 [00:24<00:45,  2.00it/s, loss=0.0746]
Ep  24 [train]:  38%|███▊      | 55/145 [00:24<00:45,  2.00it/s, loss=0.0758]
Ep  24 [train]:  39%|███▊      | 56/145 [00:24<00:39,  2.23it/s, loss=0.0758]
Ep  24 [train]:  39%|███▊      | 56/145 [00:25<00:39,  2.23it/s, loss=0.0675]
Ep  24 [train]:  39%|███▉      | 57/145 [00:25<00:42,  2.05it/s, loss=0.0675]
Ep  24 [train]:  39%|███▉      | 57/145 [00:25<00:42,  2.05it/s, loss=0.0756]
Ep  24 [train]:  40%|████      | 58/145 [00:25<00:39,  2.18it/s, loss=0.0756]
Ep  24 [train]:  40%|████      | 58/145 [00:26<00:39,  2.18it/s, loss=0.0698]
Ep  24 [train]:  41%|████      | 59/145 [00:26<00:40,  2.11it/s, loss=0.0698]
Ep  24 [train]:  41%|████      | 59/145 [00:26<00:40,  2.11it/s, loss=0.0864]
Ep  24 [train]:  41%|████▏     | 60/145 [00:26<00:35,  2.42it/s, loss=0.0864]
Ep  24 [train]:  41%|████▏     | 60/145 [00:27<00:35,  2.42it/s, loss=0.0670]
Ep  24 [train]:  42%|████▏     | 61/145 [00:27<00:36,  2.30it/s, loss=0.0670]
Ep  24 [train]:  42%|████▏     | 61/145 [00:27<00:36,  2.30it/s, loss=0.0708]
Ep  24 [train]:  43%|████▎     | 62/145 [00:27<00:32,  2.54it/s, loss=0.0708]
Ep  24 [train]:  43%|████▎     | 62/145 [00:27<00:32,  2.54it/s, loss=0.0707]
Ep  24 [train]:  43%|████▎     | 63/145 [00:27<00:33,  2.41it/s, loss=0.0707]
Ep  24 [train]:  43%|████▎     | 63/145 [00:28<00:33,  2.41it/s, loss=0.0703]
Ep  24 [train]:  44%|████▍     | 64/145 [00:28<00:30,  2.65it/s, loss=0.0703]
Ep  24 [train]:  44%|████▍     | 64/145 [00:28<00:30,  2.65it/s, loss=0.0695]
Ep  24 [train]:  45%|████▍     | 65/145 [00:28<00:32,  2.49it/s, loss=0.0695]
Ep  24 [train]:  45%|████▍     | 65/145 [00:28<00:32,  2.49it/s, loss=0.0739]
Ep  24 [train]:  46%|████▌     | 66/145 [00:28<00:30,  2.57it/s, loss=0.0739]
Ep  24 [train]:  46%|████▌     | 66/145 [00:29<00:30,  2.57it/s, loss=0.0742]
Ep  24 [train]:  46%|████▌     | 67/145 [00:29<00:31,  2.51it/s, loss=0.0742]
Ep  24 [train]:  46%|████▌     | 67/145 [00:29<00:31,  2.51it/s, loss=0.0679]
Ep  24 [train]:  47%|████▋     | 68/145 [00:29<00:28,  2.66it/s, loss=0.0679]
Ep  24 [train]:  47%|████▋     | 68/145 [00:30<00:28,  2.66it/s, loss=0.0732]
Ep  24 [train]:  48%|████▊     | 69/145 [00:30<00:32,  2.37it/s, loss=0.0732]
Ep  24 [train]:  48%|████▊     | 69/145 [00:30<00:32,  2.37it/s, loss=0.0682]
Ep  24 [train]:  48%|████▊     | 70/145 [00:30<00:31,  2.38it/s, loss=0.0682]
Ep  24 [train]:  48%|████▊     | 70/145 [00:31<00:31,  2.38it/s, loss=0.0748]
Ep  24 [train]:  49%|████▉     | 71/145 [00:31<00:32,  2.25it/s, loss=0.0748]
Ep  24 [train]:  49%|████▉     | 71/145 [00:31<00:32,  2.25it/s, loss=0.0689]
Ep  24 [train]:  50%|████▉     | 72/145 [00:31<00:33,  2.19it/s, loss=0.0689]
Ep  24 [train]:  50%|████▉     | 72/145 [00:32<00:33,  2.19it/s, loss=0.0708]
Ep  24 [train]:  50%|█████     | 73/145 [00:32<00:31,  2.31it/s, loss=0.0708]
Ep  24 [train]:  50%|█████     | 73/145 [00:32<00:31,  2.31it/s, loss=0.0658]
Ep  24 [train]:  51%|█████     | 74/145 [00:32<00:34,  2.08it/s, loss=0.0658]
Ep  24 [train]:  51%|█████     | 74/145 [00:32<00:34,  2.08it/s, loss=0.0677]
Ep  24 [train]:  52%|█████▏    | 75/145 [00:32<00:28,  2.44it/s, loss=0.0677]
Ep  24 [train]:  52%|█████▏    | 75/145 [00:33<00:28,  2.44it/s, loss=0.0761]
Ep  24 [train]:  52%|█████▏    | 76/145 [00:33<00:34,  2.02it/s, loss=0.0761]
Ep  24 [train]:  52%|█████▏    | 76/145 [00:33<00:34,  2.02it/s, loss=0.0685]
Ep  24 [train]:  53%|█████▎    | 77/145 [00:33<00:27,  2.46it/s, loss=0.0685]
Ep  24 [train]:  53%|█████▎    | 77/145 [00:34<00:27,  2.46it/s, loss=0.0739]
Ep  24 [train]:  54%|█████▍    | 78/145 [00:34<00:32,  2.05it/s, loss=0.0739]
Ep  24 [train]:  54%|█████▍    | 78/145 [00:34<00:32,  2.05it/s, loss=0.0684]
Ep  24 [train]:  54%|█████▍    | 79/145 [00:34<00:27,  2.42it/s, loss=0.0684]
Ep  24 [train]:  54%|█████▍    | 79/145 [00:35<00:27,  2.42it/s, loss=0.0837]
Ep  24 [train]:  55%|█████▌    | 80/145 [00:35<00:31,  2.05it/s, loss=0.0837]
Ep  24 [train]:  55%|█████▌    | 80/145 [00:35<00:31,  2.05it/s, loss=0.0682]
Ep  24 [train]:  56%|█████▌    | 81/145 [00:35<00:26,  2.39it/s, loss=0.0682]
Ep  24 [train]:  56%|█████▌    | 81/145 [00:36<00:26,  2.39it/s, loss=0.0760]
Ep  24 [train]:  57%|█████▋    | 82/145 [00:36<00:31,  2.02it/s, loss=0.0760]
Ep  24 [train]:  57%|█████▋    | 82/145 [00:36<00:31,  2.02it/s, loss=0.0722]
Ep  24 [train]:  57%|█████▋    | 83/145 [00:36<00:26,  2.31it/s, loss=0.0722]
Ep  24 [train]:  57%|█████▋    | 83/145 [00:37<00:26,  2.31it/s, loss=0.0716]
Ep  24 [train]:  58%|█████▊    | 84/145 [00:37<00:31,  1.94it/s, loss=0.0716]
Ep  24 [train]:  58%|█████▊    | 84/145 [00:37<00:31,  1.94it/s, loss=0.0691]
Ep  24 [train]:  59%|█████▊    | 85/145 [00:37<00:24,  2.40it/s, loss=0.0691]
Ep  24 [train]:  59%|█████▊    | 85/145 [00:38<00:24,  2.40it/s, loss=0.0696]
Ep  24 [train]:  59%|█████▉    | 86/145 [00:38<00:29,  2.01it/s, loss=0.0696]
Ep  24 [train]:  59%|█████▉    | 86/145 [00:38<00:29,  2.01it/s, loss=0.0706]
Ep  24 [train]:  60%|██████    | 87/145 [00:38<00:24,  2.41it/s, loss=0.0706]
Ep  24 [train]:  60%|██████    | 87/145 [00:39<00:24,  2.41it/s, loss=0.0732]
Ep  24 [train]:  61%|██████    | 88/145 [00:39<00:27,  2.04it/s, loss=0.0732]
Ep  24 [train]:  61%|██████    | 88/145 [00:39<00:27,  2.04it/s, loss=0.0688]
Ep  24 [train]:  61%|██████▏   | 89/145 [00:39<00:24,  2.31it/s, loss=0.0688]
Ep  24 [train]:  61%|██████▏   | 89/145 [00:40<00:24,  2.31it/s, loss=0.0704]
Ep  24 [train]:  62%|██████▏   | 90/145 [00:40<00:27,  1.98it/s, loss=0.0704]
Ep  24 [train]:  62%|██████▏   | 90/145 [00:40<00:27,  1.98it/s, loss=0.0750]
Ep  24 [train]:  63%|██████▎   | 91/145 [00:40<00:23,  2.34it/s, loss=0.0750]
Ep  24 [train]:  63%|██████▎   | 91/145 [00:40<00:23,  2.34it/s, loss=0.0777]
Ep  24 [train]:  63%|██████▎   | 92/145 [00:40<00:26,  2.04it/s, loss=0.0777]
Ep  24 [train]:  63%|██████▎   | 92/145 [00:41<00:26,  2.04it/s, loss=0.0761]
Ep  24 [train]:  64%|██████▍   | 93/145 [00:41<00:22,  2.31it/s, loss=0.0761]
Ep  24 [train]:  64%|██████▍   | 93/145 [00:41<00:22,  2.31it/s, loss=0.0782]
Ep  24 [train]:  65%|██████▍   | 94/145 [00:41<00:24,  2.08it/s, loss=0.0782]
Ep  24 [train]:  65%|██████▍   | 94/145 [00:42<00:24,  2.08it/s, loss=0.0829]
Ep  24 [train]:  66%|██████▌   | 95/145 [00:42<00:22,  2.22it/s, loss=0.0829]
Ep  24 [train]:  66%|██████▌   | 95/145 [00:42<00:22,  2.22it/s, loss=0.0690]
Ep  24 [train]:  66%|██████▌   | 96/145 [00:42<00:23,  2.10it/s, loss=0.0690]
Ep  24 [train]:  66%|██████▌   | 96/145 [00:43<00:23,  2.10it/s, loss=0.0772]
Ep  24 [train]:  67%|██████▋   | 97/145 [00:43<00:20,  2.29it/s, loss=0.0772]
Ep  24 [train]:  67%|██████▋   | 97/145 [00:43<00:20,  2.29it/s, loss=0.0722]
Ep  24 [train]:  68%|██████▊   | 98/145 [00:43<00:21,  2.15it/s, loss=0.0722]
Ep  24 [train]:  68%|██████▊   | 98/145 [00:43<00:21,  2.15it/s, loss=0.0698]
Ep  24 [train]:  68%|██████▊   | 99/145 [00:43<00:20,  2.27it/s, loss=0.0698]
Ep  24 [train]:  68%|██████▊   | 99/145 [00:44<00:20,  2.27it/s, loss=0.0786]
Ep  24 [train]:  69%|██████▉   | 100/145 [00:44<00:20,  2.21it/s, loss=0.0786]
Ep  24 [train]:  69%|██████▉   | 100/145 [00:44<00:20,  2.21it/s, loss=0.0797]
Ep  24 [train]:  70%|██████▉   | 101/145 [00:44<00:18,  2.37it/s, loss=0.0797]
Ep  24 [train]:  70%|██████▉   | 101/145 [00:45<00:18,  2.37it/s, loss=0.0740]
Ep  24 [train]:  70%|███████   | 102/145 [00:45<00:19,  2.20it/s, loss=0.0740]
Ep  24 [train]:  70%|███████   | 102/145 [00:45<00:19,  2.20it/s, loss=0.0796]
Ep  24 [train]:  71%|███████   | 103/145 [00:45<00:17,  2.34it/s, loss=0.0796]
Ep  24 [train]:  71%|███████   | 103/145 [00:46<00:17,  2.34it/s, loss=0.0674]
Ep  24 [train]:  72%|███████▏  | 104/145 [00:46<00:18,  2.26it/s, loss=0.0674]
Ep  24 [train]:  72%|███████▏  | 104/145 [00:46<00:18,  2.26it/s, loss=0.0659]
Ep  24 [train]:  72%|███████▏  | 105/145 [00:46<00:17,  2.28it/s, loss=0.0659]
Ep  24 [train]:  72%|███████▏  | 105/145 [00:47<00:17,  2.28it/s, loss=0.0660]
Ep  24 [train]:  73%|███████▎  | 106/145 [00:47<00:17,  2.20it/s, loss=0.0660]
Ep  24 [train]:  73%|███████▎  | 106/145 [00:47<00:17,  2.20it/s, loss=0.0750]
Ep  24 [train]:  74%|███████▍  | 107/145 [00:47<00:17,  2.14it/s, loss=0.0750]
Ep  24 [train]:  74%|███████▍  | 107/145 [00:47<00:17,  2.14it/s, loss=0.0728]
Ep  24 [train]:  74%|███████▍  | 108/145 [00:47<00:16,  2.30it/s, loss=0.0728]
Ep  24 [train]:  74%|███████▍  | 108/145 [00:48<00:16,  2.30it/s, loss=0.0853]
Ep  24 [train]:  75%|███████▌  | 109/145 [00:48<00:16,  2.21it/s, loss=0.0853]
Ep  24 [train]:  75%|███████▌  | 109/145 [00:48<00:16,  2.21it/s, loss=0.0725]
Ep  24 [train]:  76%|███████▌  | 110/145 [00:48<00:16,  2.17it/s, loss=0.0725]
Ep  24 [train]:  76%|███████▌  | 110/145 [00:49<00:16,  2.17it/s, loss=0.0734]
Ep  24 [train]:  77%|███████▋  | 111/145 [00:49<00:15,  2.26it/s, loss=0.0734]
Ep  24 [train]:  77%|███████▋  | 111/145 [00:49<00:15,  2.26it/s, loss=0.0687]
Ep  24 [train]:  77%|███████▋  | 112/145 [00:49<00:15,  2.10it/s, loss=0.0687]
Ep  24 [train]:  77%|███████▋  | 112/145 [00:50<00:15,  2.10it/s, loss=0.0734]
Ep  24 [train]:  78%|███████▊  | 113/145 [00:50<00:13,  2.36it/s, loss=0.0734]
Ep  24 [train]:  78%|███████▊  | 113/145 [00:50<00:13,  2.36it/s, loss=0.0657]
Ep  24 [train]:  79%|███████▊  | 114/145 [00:50<00:14,  2.10it/s, loss=0.0657]
Ep  24 [train]:  79%|███████▊  | 114/145 [00:51<00:14,  2.10it/s, loss=0.0704]
Ep  24 [train]:  79%|███████▉  | 115/145 [00:51<00:12,  2.41it/s, loss=0.0704]
Ep  24 [train]:  79%|███████▉  | 115/145 [00:51<00:12,  2.41it/s, loss=0.0754]
Ep  24 [train]:  80%|████████  | 116/145 [00:51<00:13,  2.15it/s, loss=0.0754]
Ep  24 [train]:  80%|████████  | 116/145 [00:51<00:13,  2.15it/s, loss=0.0829]
Ep  24 [train]:  81%|████████  | 117/145 [00:51<00:11,  2.37it/s, loss=0.0829]
Ep  24 [train]:  81%|████████  | 117/145 [00:52<00:11,  2.37it/s, loss=0.0762]
Ep  24 [train]:  81%|████████▏ | 118/145 [00:52<00:12,  2.14it/s, loss=0.0762]
Ep  24 [train]:  81%|████████▏ | 118/145 [00:52<00:12,  2.14it/s, loss=0.0721]
Ep  24 [train]:  82%|████████▏ | 119/145 [00:52<00:10,  2.41it/s, loss=0.0721]
Ep  24 [train]:  82%|████████▏ | 119/145 [00:53<00:10,  2.41it/s, loss=0.0695]
Ep  24 [train]:  83%|████████▎ | 120/145 [00:53<00:11,  2.19it/s, loss=0.0695]
Ep  24 [train]:  83%|████████▎ | 120/145 [00:53<00:11,  2.19it/s, loss=0.0681]
Ep  24 [train]:  83%|████████▎ | 121/145 [00:53<00:09,  2.50it/s, loss=0.0681]
Ep  24 [train]:  83%|████████▎ | 121/145 [00:54<00:09,  2.50it/s, loss=0.0693]
Ep  24 [train]:  84%|████████▍ | 122/145 [00:54<00:10,  2.26it/s, loss=0.0693]
Ep  24 [train]:  84%|████████▍ | 122/145 [00:54<00:10,  2.26it/s, loss=0.0780]
Ep  24 [train]:  85%|████████▍ | 123/145 [00:54<00:08,  2.64it/s, loss=0.0780]
Ep  24 [train]:  85%|████████▍ | 123/145 [00:54<00:08,  2.64it/s, loss=0.0657]
Ep  24 [train]:  86%|████████▌ | 124/145 [00:54<00:09,  2.27it/s, loss=0.0657]
Ep  24 [train]:  86%|████████▌ | 124/145 [00:55<00:09,  2.27it/s, loss=0.0769]
Ep  24 [train]:  86%|████████▌ | 125/145 [00:55<00:07,  2.73it/s, loss=0.0769]
Ep  24 [train]:  86%|████████▌ | 125/145 [00:55<00:07,  2.73it/s, loss=0.0724]
Ep  24 [train]:  87%|████████▋ | 126/145 [00:55<00:09,  2.02it/s, loss=0.0724]
Ep  24 [train]:  87%|████████▋ | 126/145 [00:56<00:09,  2.02it/s, loss=0.0704]
Ep  24 [train]:  88%|████████▊ | 127/145 [00:56<00:07,  2.50it/s, loss=0.0704]
Ep  24 [train]:  88%|████████▊ | 127/145 [00:56<00:07,  2.50it/s, loss=0.0704]
Ep  24 [train]:  88%|████████▊ | 128/145 [00:56<00:08,  2.00it/s, loss=0.0704]
Ep  24 [train]:  88%|████████▊ | 128/145 [00:57<00:08,  2.00it/s, loss=0.0665]
Ep  24 [train]:  89%|████████▉ | 129/145 [00:57<00:06,  2.47it/s, loss=0.0665]
Ep  24 [train]:  89%|████████▉ | 129/145 [00:57<00:06,  2.47it/s, loss=0.0712]
Ep  24 [train]:  90%|████████▉ | 130/145 [00:57<00:07,  1.99it/s, loss=0.0712]
Ep  24 [train]:  90%|████████▉ | 130/145 [00:57<00:07,  1.99it/s, loss=0.0680]
Ep  24 [train]:  90%|█████████ | 131/145 [00:57<00:05,  2.46it/s, loss=0.0680]
Ep  24 [train]:  90%|█████████ | 131/145 [00:58<00:05,  2.46it/s, loss=0.0748]
Ep  24 [train]:  91%|█████████ | 132/145 [00:58<00:06,  1.98it/s, loss=0.0748]
Ep  24 [train]:  91%|█████████ | 132/145 [00:58<00:06,  1.98it/s, loss=0.0703]
Ep  24 [train]:  92%|█████████▏| 133/145 [00:58<00:04,  2.46it/s, loss=0.0703]
Ep  24 [train]:  92%|█████████▏| 133/145 [00:59<00:04,  2.46it/s, loss=0.0703]
Ep  24 [train]:  92%|█████████▏| 134/145 [00:59<00:05,  2.01it/s, loss=0.0703]
Ep  24 [train]:  92%|█████████▏| 134/145 [00:59<00:05,  2.01it/s, loss=0.0770]
Ep  24 [train]:  93%|█████████▎| 135/145 [00:59<00:04,  2.48it/s, loss=0.0770]
Ep  24 [train]:  93%|█████████▎| 135/145 [01:00<00:04,  2.48it/s, loss=0.0734]
Ep  24 [train]:  94%|█████████▍| 136/145 [01:00<00:04,  2.06it/s, loss=0.0734]
Ep  24 [train]:  94%|█████████▍| 136/145 [01:00<00:04,  2.06it/s, loss=0.0685]
Ep  24 [train]:  94%|█████████▍| 137/145 [01:00<00:03,  2.53it/s, loss=0.0685]
Ep  24 [train]:  94%|█████████▍| 137/145 [01:01<00:03,  2.53it/s, loss=0.0686]
Ep  24 [train]:  95%|█████████▌| 138/145 [01:01<00:03,  2.03it/s, loss=0.0686]
Ep  24 [train]:  95%|█████████▌| 138/145 [01:01<00:03,  2.03it/s, loss=0.0752]
Ep  24 [train]:  96%|█████████▌| 139/145 [01:01<00:02,  2.48it/s, loss=0.0752]
Ep  24 [train]:  96%|█████████▌| 139/145 [01:02<00:02,  2.48it/s, loss=0.0732]
Ep  24 [train]:  97%|█████████▋| 140/145 [01:02<00:02,  2.02it/s, loss=0.0732]
Ep  24 [train]:  97%|█████████▋| 140/145 [01:02<00:02,  2.02it/s, loss=0.0807]
Ep  24 [train]:  97%|█████████▋| 141/145 [01:02<00:01,  2.43it/s, loss=0.0807]
Ep  24 [train]:  97%|█████████▋| 141/145 [01:03<00:01,  2.43it/s, loss=0.0697]
Ep  24 [train]:  98%|█████████▊| 142/145 [01:03<00:01,  2.00it/s, loss=0.0697]
Ep  24 [train]:  98%|█████████▊| 142/145 [01:03<00:01,  2.00it/s, loss=0.0701]
Ep  24 [train]:  99%|█████████▊| 143/145 [01:03<00:00,  2.48it/s, loss=0.0701]
Ep  24 [train]:  99%|█████████▊| 143/145 [01:04<00:00,  2.48it/s, loss=0.0737]
Ep  24 [train]:  99%|█████████▉| 144/145 [01:04<00:00,  2.04it/s, loss=0.0737]
Ep  24 [train]:  99%|█████████▉| 144/145 [01:04<00:00,  2.04it/s, loss=0.0775]
Ep  24 [train]: 100%|██████████| 145/145 [01:04<00:00,  2.52it/s, loss=0.0775]
                                                                              
  Ep  24 [train]  loss=0.0725  rmse_c=0.2372  mae_c=0.2144  r2_c=0.029  rmse_h=0.2980  mae_h=0.2204  r2_h=0.484  sup=0.327

Ep  24 [val  ]:   0%|          | 0/39 [00:00<?, ?it/s]
Ep  24 [val  ]:   0%|          | 0/39 [00:00<?, ?it/s, loss=0.0912]
Ep  24 [val  ]:   3%|▎         | 1/39 [00:00<00:35,  1.08it/s, loss=0.0912]
Ep  24 [val  ]:   3%|▎         | 1/39 [00:01<00:35,  1.08it/s, loss=0.0883]
Ep  24 [val  ]:   5%|▌         | 2/39 [00:01<00:19,  1.93it/s, loss=0.0883]
Ep  24 [val  ]:   5%|▌         | 2/39 [00:01<00:19,  1.93it/s, loss=0.0731]
Ep  24 [val  ]:   8%|▊         | 3/39 [00:01<00:17,  2.01it/s, loss=0.0731]
Ep  24 [val  ]:   8%|▊         | 3/39 [00:02<00:17,  2.01it/s, loss=0.0705]
Ep  24 [val  ]:  10%|█         | 4/39 [00:02<00:16,  2.07it/s, loss=0.0705]
Ep  24 [val  ]:  10%|█         | 4/39 [00:02<00:16,  2.07it/s, loss=0.0736]
Ep  24 [val  ]:  13%|█▎        | 5/39 [00:02<00:13,  2.45it/s, loss=0.0736]
Ep  24 [val  ]:  13%|█▎        | 5/39 [00:03<00:13,  2.45it/s, loss=0.0767]
Ep  24 [val  ]:  15%|█▌        | 6/39 [00:03<00:17,  1.93it/s, loss=0.0767]
Ep  24 [val  ]:  15%|█▌        | 6/39 [00:03<00:17,  1.93it/s, loss=0.0699]
Ep  24 [val  ]:  15%|█▌        | 6/39 [00:03<00:17,  1.93it/s, loss=0.0695]
Ep  24 [val  ]:  21%|██        | 8/39 [00:03<00:14,  2.10it/s, loss=0.0695]
Ep  24 [val  ]:  21%|██        | 8/39 [00:04<00:14,  2.10it/s, loss=0.0677]
Ep  24 [val  ]:  21%|██        | 8/39 [00:04<00:14,  2.10it/s, loss=0.0659]
Ep  24 [val  ]:  26%|██▌       | 10/39 [00:04<00:13,  2.14it/s, loss=0.0659]
Ep  24 [val  ]:  26%|██▌       | 10/39 [00:04<00:13,  2.14it/s, loss=0.0677]
Ep  24 [val  ]:  26%|██▌       | 10/39 [00:05<00:13,  2.14it/s, loss=0.0714]
Ep  24 [val  ]:  31%|███       | 12/39 [00:05<00:12,  2.20it/s, loss=0.0714]
Ep  24 [val  ]:  31%|███       | 12/39 [00:05<00:12,  2.20it/s, loss=0.0739]
Ep  24 [val  ]:  31%|███       | 12/39 [00:06<00:12,  2.20it/s, loss=0.0800]
Ep  24 [val  ]:  36%|███▌      | 14/39 [00:06<00:11,  2.26it/s, loss=0.0800]
Ep  24 [val  ]:  36%|███▌      | 14/39 [00:06<00:11,  2.26it/s, loss=0.0914]
Ep  24 [val  ]:  36%|███▌      | 14/39 [00:07<00:11,  2.26it/s, loss=0.0923]
Ep  24 [val  ]:  41%|████      | 16/39 [00:07<00:10,  2.25it/s, loss=0.0923]
Ep  24 [val  ]:  41%|████      | 16/39 [00:07<00:10,  2.25it/s, loss=0.0912]
Ep  24 [val  ]:  41%|████      | 16/39 [00:08<00:10,  2.25it/s, loss=0.0814]
Ep  24 [val  ]:  46%|████▌     | 18/39 [00:08<00:08,  2.37it/s, loss=0.0814]
Ep  24 [val  ]:  46%|████▌     | 18/39 [00:08<00:08,  2.37it/s, loss=0.0738]
Ep  24 [val  ]:  46%|████▌     | 18/39 [00:08<00:08,  2.37it/s, loss=0.0637]
Ep  24 [val  ]:  51%|█████▏    | 20/39 [00:08<00:07,  2.48it/s, loss=0.0637]
Ep  24 [val  ]:  51%|█████▏    | 20/39 [00:09<00:07,  2.48it/s, loss=0.0572]
Ep  24 [val  ]:  51%|█████▏    | 20/39 [00:09<00:07,  2.48it/s, loss=0.0644]
Ep  24 [val  ]:  56%|█████▋    | 22/39 [00:09<00:06,  2.50it/s, loss=0.0644]
Ep  24 [val  ]:  56%|█████▋    | 22/39 [00:09<00:06,  2.50it/s, loss=0.0593]
Ep  24 [val  ]:  59%|█████▉    | 23/39 [00:09<00:05,  2.89it/s, loss=0.0593]
Ep  24 [val  ]:  59%|█████▉    | 23/39 [00:10<00:05,  2.89it/s, loss=0.0619]
Ep  24 [val  ]:  62%|██████▏   | 24/39 [00:10<00:06,  2.44it/s, loss=0.0619]
Ep  24 [val  ]:  62%|██████▏   | 24/39 [00:10<00:06,  2.44it/s, loss=0.0625]
Ep  24 [val  ]:  62%|██████▏   | 24/39 [00:11<00:06,  2.44it/s, loss=0.0701]
Ep  24 [val  ]:  67%|██████▋   | 26/39 [00:11<00:05,  2.46it/s, loss=0.0701]
Ep  24 [val  ]:  67%|██████▋   | 26/39 [00:11<00:05,  2.46it/s, loss=0.0806]
Ep  24 [val  ]:  67%|██████▋   | 26/39 [00:12<00:05,  2.46it/s, loss=0.1193]
Ep  24 [val  ]:  72%|███████▏  | 28/39 [00:12<00:04,  2.42it/s, loss=0.1193]
Ep  24 [val  ]:  72%|███████▏  | 28/39 [00:12<00:04,  2.42it/s, loss=0.0906]
Ep  24 [val  ]:  72%|███████▏  | 28/39 [00:12<00:04,  2.42it/s, loss=0.0814]
Ep  24 [val  ]:  77%|███████▋  | 30/39 [00:12<00:03,  2.41it/s, loss=0.0814]
Ep  24 [val  ]:  77%|███████▋  | 30/39 [00:13<00:03,  2.41it/s, loss=0.0808]
Ep  24 [val  ]:  77%|███████▋  | 30/39 [00:13<00:03,  2.41it/s, loss=0.0714]
Ep  24 [val  ]:  82%|████████▏ | 32/39 [00:13<00:02,  2.44it/s, loss=0.0714]
Ep  24 [val  ]:  82%|████████▏ | 32/39 [00:13<00:02,  2.44it/s, loss=0.0708]
Ep  24 [val  ]:  82%|████████▏ | 32/39 [00:14<00:02,  2.44it/s, loss=0.0695]
Ep  24 [val  ]:  87%|████████▋ | 34/39 [00:14<00:02,  2.47it/s, loss=0.0695]
Ep  24 [val  ]:  87%|████████▋ | 34/39 [00:14<00:02,  2.47it/s, loss=0.0755]
Ep  24 [val  ]:  87%|████████▋ | 34/39 [00:15<00:02,  2.47it/s, loss=0.0699]
Ep  24 [val  ]:  92%|█████████▏| 36/39 [00:15<00:01,  2.51it/s, loss=0.0699]
Ep  24 [val  ]:  92%|█████████▏| 36/39 [00:15<00:01,  2.51it/s, loss=0.0674]
Ep  24 [val  ]:  92%|█████████▏| 36/39 [00:16<00:01,  2.51it/s, loss=0.0607]
Ep  24 [val  ]:  97%|█████████▋| 38/39 [00:16<00:00,  2.54it/s, loss=0.0607]
Ep  24 [val  ]:  97%|█████████▋| 38/39 [00:16<00:00,  2.54it/s, loss=0.0692]
                                                                            
  Ep  24 [val  ]  loss=0.0748  rmse_c=0.2440  mae_c=0.2188  r2_c=0.022  rmse_h=0.2993  mae_h=0.2188  r2_h=0.442  sup=0.308
  [new best] combined_val_rmse=0.2717

Ep  25 [train]:   0%|          | 0/145 [00:00<?, ?it/s]
Ep  25 [train]:   0%|          | 0/145 [00:01<?, ?it/s, loss=0.0798]
Ep  25 [train]:   1%|          | 1/145 [00:01<02:31,  1.05s/it, loss=0.0798]
Ep  25 [train]:   1%|          | 1/145 [00:01<02:31,  1.05s/it, loss=0.0680]
Ep  25 [train]:   1%|▏         | 2/145 [00:01<01:16,  1.86it/s, loss=0.0680]
Ep  25 [train]:   1%|▏         | 2/145 [00:01<01:16,  1.86it/s, loss=0.0774]
Ep  25 [train]:   2%|▏         | 3/145 [00:01<01:25,  1.66it/s, loss=0.0774]
Ep  25 [train]:   2%|▏         | 3/145 [00:02<01:25,  1.66it/s, loss=0.0691]
Ep  25 [train]:   3%|▎         | 4/145 [00:02<01:01,  2.28it/s, loss=0.0691]
Ep  25 [train]:   3%|▎         | 4/145 [00:02<01:01,  2.28it/s, loss=0.0765]
Ep  25 [train]:   3%|▎         | 5/145 [00:02<01:15,  1.86it/s, loss=0.0765]
Ep  25 [train]:   3%|▎         | 5/145 [00:02<01:15,  1.86it/s, loss=0.0806]
Ep  25 [train]:   4%|▍         | 6/145 [00:02<00:58,  2.39it/s, loss=0.0806]
Ep  25 [train]:   4%|▍         | 6/145 [00:03<00:58,  2.39it/s, loss=0.0803]
Ep  25 [train]:   5%|▍         | 7/145 [00:03<01:10,  1.97it/s, loss=0.0803]
Ep  25 [train]:   5%|▍         | 7/145 [00:03<01:10,  1.97it/s, loss=0.0735]
Ep  25 [train]:   6%|▌         | 8/145 [00:03<00:55,  2.46it/s, loss=0.0735]
Ep  25 [train]:   6%|▌         | 8/145 [00:04<00:55,  2.46it/s, loss=0.0732]
Ep  25 [train]:   6%|▌         | 9/145 [00:04<01:06,  2.04it/s, loss=0.0732]
Ep  25 [train]:   6%|▌         | 9/145 [00:04<01:06,  2.04it/s, loss=0.0763]
Ep  25 [train]:   7%|▋         | 10/145 [00:04<00:53,  2.54it/s, loss=0.0763]
Ep  25 [train]:   7%|▋         | 10/145 [00:05<00:53,  2.54it/s, loss=0.0739]
Ep  25 [train]:   8%|▊         | 11/145 [00:05<01:05,  2.06it/s, loss=0.0739]
Ep  25 [train]:   8%|▊         | 11/145 [00:05<01:05,  2.06it/s, loss=0.0775]
Ep  25 [train]:   8%|▊         | 12/145 [00:05<00:53,  2.50it/s, loss=0.0775]
Ep  25 [train]:   8%|▊         | 12/145 [00:06<00:53,  2.50it/s, loss=0.0770]
Ep  25 [train]:   9%|▉         | 13/145 [00:06<01:01,  2.15it/s, loss=0.0770]
Ep  25 [train]:   9%|▉         | 13/145 [00:06<01:01,  2.15it/s, loss=0.0682]
Ep  25 [train]:  10%|▉         | 14/145 [00:06<00:50,  2.61it/s, loss=0.0682]
Ep  25 [train]:  10%|▉         | 14/145 [00:07<00:50,  2.61it/s, loss=0.0693]
Ep  25 [train]:  10%|█         | 15/145 [00:07<01:01,  2.11it/s, loss=0.0693]
Ep  25 [train]:  10%|█         | 15/145 [00:07<01:01,  2.11it/s, loss=0.0703]
Ep  25 [train]:  11%|█         | 16/145 [00:07<00:50,  2.57it/s, loss=0.0703]
Ep  25 [train]:  11%|█         | 16/145 [00:07<00:50,  2.57it/s, loss=0.0672]
Ep  25 [train]:  12%|█▏        | 17/145 [00:07<00:59,  2.17it/s, loss=0.0672]
Ep  25 [train]:  12%|█▏        | 17/145 [00:08<00:59,  2.17it/s, loss=0.0721]
Ep  25 [train]:  12%|█▏        | 18/145 [00:08<00:49,  2.59it/s, loss=0.0721]
Ep  25 [train]:  12%|█▏        | 18/145 [00:08<00:49,  2.59it/s, loss=0.0699]
Ep  25 [train]:  13%|█▎        | 19/145 [00:08<00:55,  2.27it/s, loss=0.0699]
Ep  25 [train]:  13%|█▎        | 19/145 [00:08<00:55,  2.27it/s, loss=0.0687]
Ep  25 [train]:  14%|█▍        | 20/145 [00:08<00:45,  2.75it/s, loss=0.0687]
Ep  25 [train]:  14%|█▍        | 20/145 [00:09<00:45,  2.75it/s, loss=0.0736]
Ep  25 [train]:  14%|█▍        | 21/145 [00:09<00:57,  2.14it/s, loss=0.0736]
Ep  25 [train]:  14%|█▍        | 21/145 [00:09<00:57,  2.14it/s, loss=0.0748]
Ep  25 [train]:  15%|█▌        | 22/145 [00:09<00:46,  2.62it/s, loss=0.0748]
Ep  25 [train]:  15%|█▌        | 22/145 [00:10<00:46,  2.62it/s, loss=0.0676]
Ep  25 [train]:  16%|█▌        | 23/145 [00:10<00:57,  2.14it/s, loss=0.0676]
Ep  25 [train]:  16%|█▌        | 23/145 [00:10<00:57,  2.14it/s, loss=0.0717]
Ep  25 [train]:  17%|█▋        | 24/145 [00:10<00:46,  2.61it/s, loss=0.0717]
Ep  25 [train]:  17%|█▋        | 24/145 [00:11<00:46,  2.61it/s, loss=0.0735]
Ep  25 [train]:  17%|█▋        | 25/145 [00:11<00:58,  2.04it/s, loss=0.0735]
Ep  25 [train]:  17%|█▋        | 25/145 [00:11<00:58,  2.04it/s, loss=0.0709]
Ep  25 [train]:  18%|█▊        | 26/145 [00:11<00:48,  2.47it/s, loss=0.0709]
Ep  25 [train]:  18%|█▊        | 26/145 [00:12<00:48,  2.47it/s, loss=0.0750]
Ep  25 [train]:  19%|█▊        | 27/145 [00:12<00:55,  2.14it/s, loss=0.0750]
Ep  25 [train]:  19%|█▊        | 27/145 [00:12<00:55,  2.14it/s, loss=0.0735]
Ep  25 [train]:  19%|█▉        | 28/145 [00:12<00:45,  2.55it/s, loss=0.0735]
Ep  25 [train]:  19%|█▉        | 28/145 [00:13<00:45,  2.55it/s, loss=0.0651]
Ep  25 [train]:  20%|██        | 29/145 [00:13<00:56,  2.07it/s, loss=0.0651]
Ep  25 [train]:  20%|██        | 29/145 [00:13<00:56,  2.07it/s, loss=0.0796]
Ep  25 [train]:  21%|██        | 30/145 [00:13<00:46,  2.49it/s, loss=0.0796]
Ep  25 [train]:  21%|██        | 30/145 [00:13<00:46,  2.49it/s, loss=0.0776]
Ep  25 [train]:  21%|██▏       | 31/145 [00:13<00:54,  2.07it/s, loss=0.0776]
Ep  25 [train]:  21%|██▏       | 31/145 [00:14<00:54,  2.07it/s, loss=0.0741]
Ep  25 [train]:  22%|██▏       | 32/145 [00:14<00:44,  2.53it/s, loss=0.0741]
Ep  25 [train]:  22%|██▏       | 32/145 [00:14<00:44,  2.53it/s, loss=0.0752]
Ep  25 [train]:  23%|██▎       | 33/145 [00:14<00:52,  2.14it/s, loss=0.0752]
Ep  25 [train]:  23%|██▎       | 33/145 [00:15<00:52,  2.14it/s, loss=0.0682]
Ep  25 [train]:  23%|██▎       | 34/145 [00:15<00:42,  2.62it/s, loss=0.0682]
Ep  25 [train]:  23%|██▎       | 34/145 [00:15<00:42,  2.62it/s, loss=0.0715]
Ep  25 [train]:  24%|██▍       | 35/145 [00:15<00:52,  2.11it/s, loss=0.0715]
Ep  25 [train]:  24%|██▍       | 35/145 [00:15<00:52,  2.11it/s, loss=0.0791]
Ep  25 [train]:  25%|██▍       | 36/145 [00:15<00:41,  2.60it/s, loss=0.0791]
Ep  25 [train]:  25%|██▍       | 36/145 [00:16<00:41,  2.60it/s, loss=0.0727]
Ep  25 [train]:  26%|██▌       | 37/145 [00:16<00:50,  2.16it/s, loss=0.0727]
Ep  25 [train]:  26%|██▌       | 37/145 [00:16<00:50,  2.16it/s, loss=0.0782]
Ep  25 [train]:  26%|██▌       | 38/145 [00:16<00:40,  2.63it/s, loss=0.0782]
Ep  25 [train]:  26%|██▌       | 38/145 [00:17<00:40,  2.63it/s, loss=0.0731]
Ep  25 [train]:  27%|██▋       | 39/145 [00:17<00:52,  2.01it/s, loss=0.0731]
Ep  25 [train]:  27%|██▋       | 39/145 [00:17<00:52,  2.01it/s, loss=0.0740]
Ep  25 [train]:  28%|██▊       | 40/145 [00:17<00:42,  2.48it/s, loss=0.0740]
Ep  25 [train]:  28%|██▊       | 40/145 [00:18<00:42,  2.48it/s, loss=0.0742]
Ep  25 [train]:  28%|██▊       | 41/145 [00:18<00:54,  1.89it/s, loss=0.0742]
Ep  25 [train]:  28%|██▊       | 41/145 [00:18<00:54,  1.89it/s, loss=0.0768]
Ep  25 [train]:  29%|██▉       | 42/145 [00:18<00:44,  2.33it/s, loss=0.0768]
Ep  25 [train]:  29%|██▉       | 42/145 [00:19<00:44,  2.33it/s, loss=0.0737]
Ep  25 [train]:  30%|██▉       | 43/145 [00:19<00:51,  1.97it/s, loss=0.0737]
Ep  25 [train]:  30%|██▉       | 43/145 [00:19<00:51,  1.97it/s, loss=0.0660]
Ep  25 [train]:  30%|███       | 44/145 [00:19<00:41,  2.41it/s, loss=0.0660]
Ep  25 [train]:  30%|███       | 44/145 [00:20<00:41,  2.41it/s, loss=0.0684]
Ep  25 [train]:  31%|███       | 45/145 [00:20<00:50,  1.97it/s, loss=0.0684]
Ep  25 [train]:  31%|███       | 45/145 [00:20<00:50,  1.97it/s, loss=0.0689]
Ep  25 [train]:  32%|███▏      | 46/145 [00:20<00:40,  2.44it/s, loss=0.0689]
Ep  25 [train]:  32%|███▏      | 46/145 [00:21<00:40,  2.44it/s, loss=0.0662]
Ep  25 [train]:  32%|███▏      | 47/145 [00:21<00:50,  1.95it/s, loss=0.0662]
Ep  25 [train]:  32%|███▏      | 47/145 [00:21<00:50,  1.95it/s, loss=0.0704]
Ep  25 [train]:  33%|███▎      | 48/145 [00:21<00:40,  2.42it/s, loss=0.0704]
Ep  25 [train]:  33%|███▎      | 48/145 [00:22<00:40,  2.42it/s, loss=0.0704]
Ep  25 [train]:  34%|███▍      | 49/145 [00:22<00:45,  2.12it/s, loss=0.0704]
Ep  25 [train]:  34%|███▍      | 49/145 [00:22<00:45,  2.12it/s, loss=0.0753]
Ep  25 [train]:  34%|███▍      | 50/145 [00:22<00:37,  2.57it/s, loss=0.0753]
Ep  25 [train]:  34%|███▍      | 50/145 [00:22<00:37,  2.57it/s, loss=0.0675]
Ep  25 [train]:  35%|███▌      | 51/145 [00:22<00:43,  2.16it/s, loss=0.0675]
Ep  25 [train]:  35%|███▌      | 51/145 [00:23<00:43,  2.16it/s, loss=0.0697]
Ep  25 [train]:  36%|███▌      | 52/145 [00:23<00:35,  2.64it/s, loss=0.0697]
Ep  25 [train]:  36%|███▌      | 52/145 [00:23<00:35,  2.64it/s, loss=0.0853]
Ep  25 [train]:  37%|███▋      | 53/145 [00:23<00:41,  2.23it/s, loss=0.0853]
Ep  25 [train]:  37%|███▋      | 53/145 [00:23<00:41,  2.23it/s, loss=0.0745]
Ep  25 [train]:  37%|███▋      | 54/145 [00:23<00:33,  2.70it/s, loss=0.0745]
Ep  25 [train]:  37%|███▋      | 54/145 [00:24<00:33,  2.70it/s, loss=0.0730]
Ep  25 [train]:  38%|███▊      | 55/145 [00:24<00:38,  2.32it/s, loss=0.0730]
Ep  25 [train]:  38%|███▊      | 55/145 [00:24<00:38,  2.32it/s, loss=0.0638]
Ep  25 [train]:  39%|███▊      | 56/145 [00:24<00:31,  2.81it/s, loss=0.0638]
Ep  25 [train]:  39%|███▊      | 56/145 [00:25<00:31,  2.81it/s, loss=0.0736]
Ep  25 [train]:  39%|███▉      | 57/145 [00:25<00:40,  2.16it/s, loss=0.0736]
Ep  25 [train]:  39%|███▉      | 57/145 [00:25<00:40,  2.16it/s, loss=0.0729]
Ep  25 [train]:  40%|████      | 58/145 [00:25<00:33,  2.59it/s, loss=0.0729]
Ep  25 [train]:  40%|████      | 58/145 [00:26<00:33,  2.59it/s, loss=0.0672]
Ep  25 [train]:  41%|████      | 59/145 [00:26<00:39,  2.16it/s, loss=0.0672]
Ep  25 [train]:  41%|████      | 59/145 [00:26<00:39,  2.16it/s, loss=0.0712]
Ep  25 [train]:  41%|████▏     | 60/145 [00:26<00:32,  2.64it/s, loss=0.0712]
Ep  25 [train]:  41%|████▏     | 60/145 [00:27<00:32,  2.64it/s, loss=0.0806]
Ep  25 [train]:  42%|████▏     | 61/145 [00:27<00:41,  2.02it/s, loss=0.0806]
Ep  25 [train]:  42%|████▏     | 61/145 [00:27<00:41,  2.02it/s, loss=0.0791]
Ep  25 [train]:  43%|████▎     | 62/145 [00:27<00:33,  2.45it/s, loss=0.0791]
Ep  25 [train]:  43%|████▎     | 62/145 [00:27<00:33,  2.45it/s, loss=0.0703]
Ep  25 [train]:  43%|████▎     | 63/145 [00:27<00:39,  2.05it/s, loss=0.0703]
Ep  25 [train]:  43%|████▎     | 63/145 [00:28<00:39,  2.05it/s, loss=0.0784]
Ep  25 [train]:  44%|████▍     | 64/145 [00:28<00:33,  2.40it/s, loss=0.0784]
Ep  25 [train]:  44%|████▍     | 64/145 [00:28<00:33,  2.40it/s, loss=0.0706]
Ep  25 [train]:  45%|████▍     | 65/145 [00:28<00:40,  1.97it/s, loss=0.0706]
Ep  25 [train]:  45%|████▍     | 65/145 [00:29<00:40,  1.97it/s, loss=0.0709]
Ep  25 [train]:  46%|████▌     | 66/145 [00:29<00:32,  2.45it/s, loss=0.0709]
Ep  25 [train]:  46%|████▌     | 66/145 [00:29<00:32,  2.45it/s, loss=0.0688]
Ep  25 [train]:  46%|████▌     | 67/145 [00:29<00:39,  1.98it/s, loss=0.0688]
Ep  25 [train]:  46%|████▌     | 67/145 [00:30<00:39,  1.98it/s, loss=0.0740]
Ep  25 [train]:  47%|████▋     | 68/145 [00:30<00:31,  2.46it/s, loss=0.0740]
Ep  25 [train]:  47%|████▋     | 68/145 [00:30<00:31,  2.46it/s, loss=0.0697]
Ep  25 [train]:  48%|████▊     | 69/145 [00:30<00:38,  1.96it/s, loss=0.0697]
Ep  25 [train]:  48%|████▊     | 69/145 [00:30<00:38,  1.96it/s, loss=0.0762]
Ep  25 [train]:  48%|████▊     | 70/145 [00:30<00:30,  2.44it/s, loss=0.0762]
Ep  25 [train]:  48%|████▊     | 70/145 [00:31<00:30,  2.44it/s, loss=0.0727]
Ep  25 [train]:  49%|████▉     | 71/145 [00:31<00:37,  1.96it/s, loss=0.0727]
Ep  25 [train]:  49%|████▉     | 71/145 [00:31<00:37,  1.96it/s, loss=0.0704]
Ep  25 [train]:  50%|████▉     | 72/145 [00:31<00:30,  2.43it/s, loss=0.0704]
Ep  25 [train]:  50%|████▉     | 72/145 [00:32<00:30,  2.43it/s, loss=0.0779]
Ep  25 [train]:  50%|█████     | 73/145 [00:32<00:35,  2.04it/s, loss=0.0779]
Ep  25 [train]:  50%|█████     | 73/145 [00:32<00:35,  2.04it/s, loss=0.0737]
Ep  25 [train]:  51%|█████     | 74/145 [00:32<00:28,  2.49it/s, loss=0.0737]
Ep  25 [train]:  51%|█████     | 74/145 [00:33<00:28,  2.49it/s, loss=0.0698]
Ep  25 [train]:  52%|█████▏    | 75/145 [00:33<00:35,  1.95it/s, loss=0.0698]
Ep  25 [train]:  52%|█████▏    | 75/145 [00:33<00:35,  1.95it/s, loss=0.0710]
Ep  25 [train]:  52%|█████▏    | 76/145 [00:33<00:28,  2.42it/s, loss=0.0710]
Ep  25 [train]:  52%|█████▏    | 76/145 [00:34<00:28,  2.42it/s, loss=0.0844]
Ep  25 [train]:  53%|█████▎    | 77/145 [00:34<00:34,  1.99it/s, loss=0.0844]
Ep  25 [train]:  53%|█████▎    | 77/145 [00:34<00:34,  1.99it/s, loss=0.0731]
Ep  25 [train]:  54%|█████▍    | 78/145 [00:34<00:27,  2.47it/s, loss=0.0731]
Ep  25 [train]:  54%|█████▍    | 78/145 [00:35<00:27,  2.47it/s, loss=0.0674]
Ep  25 [train]:  54%|█████▍    | 79/145 [00:35<00:32,  2.01it/s, loss=0.0674]
Ep  25 [train]:  54%|█████▍    | 79/145 [00:35<00:32,  2.01it/s, loss=0.0662]
Ep  25 [train]:  55%|█████▌    | 80/145 [00:35<00:26,  2.48it/s, loss=0.0662]
Ep  25 [train]:  55%|█████▌    | 80/145 [00:36<00:26,  2.48it/s, loss=0.0732]
Ep  25 [train]:  56%|█████▌    | 81/145 [00:36<00:29,  2.16it/s, loss=0.0732]
Ep  25 [train]:  56%|█████▌    | 81/145 [00:36<00:29,  2.16it/s, loss=0.0785]
Ep  25 [train]:  57%|█████▋    | 82/145 [00:36<00:23,  2.66it/s, loss=0.0785]
Ep  25 [train]:  57%|█████▋    | 82/145 [00:36<00:23,  2.66it/s, loss=0.0715]
Ep  25 [train]:  57%|█████▋    | 83/145 [00:36<00:28,  2.18it/s, loss=0.0715]
Ep  25 [train]:  57%|█████▋    | 83/145 [00:37<00:28,  2.18it/s, loss=0.0767]
Ep  25 [train]:  58%|█████▊    | 84/145 [00:37<00:23,  2.64it/s, loss=0.0767]
Ep  25 [train]:  58%|█████▊    | 84/145 [00:37<00:23,  2.64it/s, loss=0.0718]
Ep  25 [train]:  59%|█████▊    | 85/145 [00:37<00:28,  2.10it/s, loss=0.0718]
Ep  25 [train]:  59%|█████▊    | 85/145 [00:37<00:28,  2.10it/s, loss=0.0728]
Ep  25 [train]:  59%|█████▉    | 86/145 [00:37<00:22,  2.58it/s, loss=0.0728]
Ep  25 [train]:  59%|█████▉    | 86/145 [00:38<00:22,  2.58it/s, loss=0.0743]
Ep  25 [train]:  60%|██████    | 87/145 [00:38<00:27,  2.11it/s, loss=0.0743]
Ep  25 [train]:  60%|██████    | 87/145 [00:38<00:27,  2.11it/s, loss=0.0721]
Ep  25 [train]:  61%|██████    | 88/145 [00:38<00:22,  2.58it/s, loss=0.0721]
Ep  25 [train]:  61%|██████    | 88/145 [00:39<00:22,  2.58it/s, loss=0.0739]
Ep  25 [train]:  61%|██████▏   | 89/145 [00:39<00:26,  2.13it/s, loss=0.0739]
Ep  25 [train]:  61%|██████▏   | 89/145 [00:39<00:26,  2.13it/s, loss=0.0663]
Ep  25 [train]:  62%|██████▏   | 90/145 [00:39<00:20,  2.63it/s, loss=0.0663]
Ep  25 [train]:  62%|██████▏   | 90/145 [00:40<00:20,  2.63it/s, loss=0.0720]
Ep  25 [train]:  63%|██████▎   | 91/145 [00:40<00:25,  2.10it/s, loss=0.0720]
Ep  25 [train]:  63%|██████▎   | 91/145 [00:40<00:25,  2.10it/s, loss=0.0677]
Ep  25 [train]:  63%|██████▎   | 92/145 [00:40<00:21,  2.51it/s, loss=0.0677]
Ep  25 [train]:  63%|██████▎   | 92/145 [00:41<00:21,  2.51it/s, loss=0.0688]
Ep  25 [train]:  64%|██████▍   | 93/145 [00:41<00:25,  2.05it/s, loss=0.0688]
Ep  25 [train]:  64%|██████▍   | 93/145 [00:41<00:25,  2.05it/s, loss=0.0736]
Ep  25 [train]:  65%|██████▍   | 94/145 [00:41<00:20,  2.46it/s, loss=0.0736]
Ep  25 [train]:  65%|██████▍   | 94/145 [00:42<00:20,  2.46it/s, loss=0.0774]
Ep  25 [train]:  66%|██████▌   | 95/145 [00:42<00:24,  2.03it/s, loss=0.0774]
Ep  25 [train]:  66%|██████▌   | 95/145 [00:42<00:24,  2.03it/s, loss=0.0765]
Ep  25 [train]:  66%|██████▌   | 96/145 [00:42<00:19,  2.46it/s, loss=0.0765]
Ep  25 [train]:  66%|██████▌   | 96/145 [00:43<00:19,  2.46it/s, loss=0.0642]
Ep  25 [train]:  67%|██████▋   | 97/145 [00:43<00:23,  2.01it/s, loss=0.0642]
Ep  25 [train]:  67%|██████▋   | 97/145 [00:43<00:23,  2.01it/s, loss=0.0670]
Ep  25 [train]:  68%|██████▊   | 98/145 [00:43<00:19,  2.46it/s, loss=0.0670]
Ep  25 [train]:  68%|██████▊   | 98/145 [00:44<00:19,  2.46it/s, loss=0.0687]
Ep  25 [train]:  68%|██████▊   | 99/145 [00:44<00:22,  2.01it/s, loss=0.0687]
Ep  25 [train]:  68%|██████▊   | 99/145 [00:44<00:22,  2.01it/s, loss=0.0681]
Ep  25 [train]:  69%|██████▉   | 100/145 [00:44<00:18,  2.45it/s, loss=0.0681]
Ep  25 [train]:  69%|██████▉   | 100/145 [00:44<00:18,  2.45it/s, loss=0.0736]
Ep  25 [train]:  70%|██████▉   | 101/145 [00:44<00:22,  1.99it/s, loss=0.0736]
Ep  25 [train]:  70%|██████▉   | 101/145 [00:45<00:22,  1.99it/s, loss=0.0696]
Ep  25 [train]:  70%|███████   | 102/145 [00:45<00:18,  2.36it/s, loss=0.0696]
Ep  25 [train]:  70%|███████   | 102/145 [00:45<00:18,  2.36it/s, loss=0.0658]
Ep  25 [train]:  71%|███████   | 103/145 [00:45<00:20,  2.01it/s, loss=0.0658]
Ep  25 [train]:  71%|███████   | 103/145 [00:46<00:20,  2.01it/s, loss=0.0704]
Ep  25 [train]:  72%|███████▏  | 104/145 [00:46<00:16,  2.42it/s, loss=0.0704]
Ep  25 [train]:  72%|███████▏  | 104/145 [00:46<00:16,  2.42it/s, loss=0.0734]
Ep  25 [train]:  72%|███████▏  | 105/145 [00:46<00:19,  2.03it/s, loss=0.0734]
Ep  25 [train]:  72%|███████▏  | 105/145 [00:47<00:19,  2.03it/s, loss=0.0719]
Ep  25 [train]:  73%|███████▎  | 106/145 [00:47<00:16,  2.32it/s, loss=0.0719]
Ep  25 [train]:  73%|███████▎  | 106/145 [00:47<00:16,  2.32it/s, loss=0.0733]
Ep  25 [train]:  74%|███████▍  | 107/145 [00:47<00:18,  2.07it/s, loss=0.0733]
Ep  25 [train]:  74%|███████▍  | 107/145 [00:47<00:18,  2.07it/s, loss=0.0712]
Ep  25 [train]:  74%|███████▍  | 108/145 [00:47<00:16,  2.27it/s, loss=0.0712]
Ep  25 [train]:  74%|███████▍  | 108/145 [00:48<00:16,  2.27it/s, loss=0.0734]
Ep  25 [train]:  75%|███████▌  | 109/145 [00:48<00:17,  2.03it/s, loss=0.0734]
Ep  25 [train]:  75%|███████▌  | 109/145 [00:48<00:17,  2.03it/s, loss=0.0733]
Ep  25 [train]:  76%|███████▌  | 110/145 [00:48<00:15,  2.32it/s, loss=0.0733]
Ep  25 [train]:  76%|███████▌  | 110/145 [00:49<00:15,  2.32it/s, loss=0.0696]
Ep  25 [train]:  77%|███████▋  | 111/145 [00:49<00:18,  1.87it/s, loss=0.0696]
Ep  25 [train]:  77%|███████▋  | 111/145 [00:49<00:18,  1.87it/s, loss=0.0748]
Ep  25 [train]:  77%|███████▋  | 112/145 [00:49<00:14,  2.31it/s, loss=0.0748]
Ep  25 [train]:  77%|███████▋  | 112/145 [00:50<00:14,  2.31it/s, loss=0.0704]
Ep  25 [train]:  78%|███████▊  | 113/145 [00:50<00:16,  1.89it/s, loss=0.0704]
Ep  25 [train]:  78%|███████▊  | 113/145 [00:50<00:16,  1.89it/s, loss=0.0650]
Ep  25 [train]:  79%|███████▊  | 114/145 [00:50<00:13,  2.33it/s, loss=0.0650]
Ep  25 [train]:  79%|███████▊  | 114/145 [00:51<00:13,  2.33it/s, loss=0.0725]
Ep  25 [train]:  79%|███████▉  | 115/145 [00:51<00:15,  1.93it/s, loss=0.0725]
Ep  25 [train]:  79%|███████▉  | 115/145 [00:51<00:15,  1.93it/s, loss=0.0739]
Ep  25 [train]:  80%|████████  | 116/145 [00:51<00:12,  2.37it/s, loss=0.0739]
Ep  25 [train]:  80%|████████  | 116/145 [00:52<00:12,  2.37it/s, loss=0.0714]
Ep  25 [train]:  81%|████████  | 117/145 [00:52<00:14,  2.00it/s, loss=0.0714]
Ep  25 [train]:  81%|████████  | 117/145 [00:52<00:14,  2.00it/s, loss=0.0740]
Ep  25 [train]:  81%|████████▏ | 118/145 [00:52<00:10,  2.46it/s, loss=0.0740]
Ep  25 [train]:  81%|████████▏ | 118/145 [00:53<00:10,  2.46it/s, loss=0.0787]
Ep  25 [train]:  82%|████████▏ | 119/145 [00:53<00:13,  1.97it/s, loss=0.0787]
Ep  25 [train]:  82%|████████▏ | 119/145 [00:53<00:13,  1.97it/s, loss=0.0703]
Ep  25 [train]:  83%|████████▎ | 120/145 [00:53<00:10,  2.44it/s, loss=0.0703]
Ep  25 [train]:  83%|████████▎ | 120/145 [00:54<00:10,  2.44it/s, loss=0.0783]
Ep  25 [train]:  83%|████████▎ | 121/145 [00:54<00:13,  1.82it/s, loss=0.0783]
Ep  25 [train]:  83%|████████▎ | 121/145 [00:54<00:13,  1.82it/s, loss=0.0696]
Ep  25 [train]:  84%|████████▍ | 122/145 [00:54<00:10,  2.27it/s, loss=0.0696]
Ep  25 [train]:  84%|████████▍ | 122/145 [00:55<00:10,  2.27it/s, loss=0.0726]
Ep  25 [train]:  85%|████████▍ | 123/145 [00:55<00:11,  1.86it/s, loss=0.0726]
Ep  25 [train]:  85%|████████▍ | 123/145 [00:55<00:11,  1.86it/s, loss=0.0748]
Ep  25 [train]:  86%|████████▌ | 124/145 [00:55<00:09,  2.31it/s, loss=0.0748]
Ep  25 [train]:  86%|████████▌ | 124/145 [00:56<00:09,  2.31it/s, loss=0.0750]
Ep  25 [train]:  86%|████████▌ | 125/145 [00:56<00:10,  1.92it/s, loss=0.0750]
Ep  25 [train]:  86%|████████▌ | 125/145 [00:56<00:10,  1.92it/s, loss=0.0682]
Ep  25 [train]:  87%|████████▋ | 126/145 [00:56<00:07,  2.39it/s, loss=0.0682]
Ep  25 [train]:  87%|████████▋ | 126/145 [00:57<00:07,  2.39it/s, loss=0.0710]
Ep  25 [train]:  88%|████████▊ | 127/145 [00:57<00:09,  1.87it/s, loss=0.0710]
Ep  25 [train]:  88%|████████▊ | 127/145 [00:57<00:09,  1.87it/s, loss=0.0691]
Ep  25 [train]:  88%|████████▊ | 128/145 [00:57<00:07,  2.33it/s, loss=0.0691]
Ep  25 [train]:  88%|████████▊ | 128/145 [00:58<00:07,  2.33it/s, loss=0.0702]
Ep  25 [train]:  89%|████████▉ | 129/145 [00:58<00:08,  1.93it/s, loss=0.0702]
Ep  25 [train]:  89%|████████▉ | 129/145 [00:58<00:08,  1.93it/s, loss=0.0681]
Ep  25 [train]:  90%|████████▉ | 130/145 [00:58<00:06,  2.41it/s, loss=0.0681]
Ep  25 [train]:  90%|████████▉ | 130/145 [00:59<00:06,  2.41it/s, loss=0.0721]
Ep  25 [train]:  90%|█████████ | 131/145 [00:59<00:07,  1.95it/s, loss=0.0721]
Ep  25 [train]:  90%|█████████ | 131/145 [00:59<00:07,  1.95it/s, loss=0.0740]
Ep  25 [train]:  91%|█████████ | 132/145 [00:59<00:05,  2.43it/s, loss=0.0740]
Ep  25 [train]:  91%|█████████ | 132/145 [01:00<00:05,  2.43it/s, loss=0.0734]
Ep  25 [train]:  92%|█████████▏| 133/145 [01:00<00:06,  1.92it/s, loss=0.0734]
Ep  25 [train]:  92%|█████████▏| 133/145 [01:00<00:06,  1.92it/s, loss=0.0710]
Ep  25 [train]:  92%|█████████▏| 134/145 [01:00<00:04,  2.39it/s, loss=0.0710]
Ep  25 [train]:  92%|█████████▏| 134/145 [01:01<00:04,  2.39it/s, loss=0.0639]
Ep  25 [train]:  93%|█████████▎| 135/145 [01:01<00:05,  1.87it/s, loss=0.0639]
Ep  25 [train]:  93%|█████████▎| 135/145 [01:01<00:05,  1.87it/s, loss=0.0687]
Ep  25 [train]:  94%|█████████▍| 136/145 [01:01<00:03,  2.35it/s, loss=0.0687]
Ep  25 [train]:  94%|█████████▍| 136/145 [01:01<00:03,  2.35it/s, loss=0.0682]
Ep  25 [train]:  94%|█████████▍| 137/145 [01:01<00:04,  1.89it/s, loss=0.0682]
Ep  25 [train]:  94%|█████████▍| 137/145 [01:02<00:04,  1.89it/s, loss=0.0697]
Ep  25 [train]:  95%|█████████▌| 138/145 [01:02<00:02,  2.36it/s, loss=0.0697]
Ep  25 [train]:  95%|█████████▌| 138/145 [01:02<00:02,  2.36it/s, loss=0.0689]
Ep  25 [train]:  96%|█████████▌| 139/145 [01:02<00:03,  1.88it/s, loss=0.0689]
Ep  25 [train]:  96%|█████████▌| 139/145 [01:03<00:03,  1.88it/s, loss=0.0704]
Ep  25 [train]:  97%|█████████▋| 140/145 [01:03<00:02,  2.32it/s, loss=0.0704]
Ep  25 [train]:  97%|█████████▋| 140/145 [01:03<00:02,  2.32it/s, loss=0.0690]
Ep  25 [train]:  97%|█████████▋| 141/145 [01:03<00:02,  1.91it/s, loss=0.0690]
Ep  25 [train]:  97%|█████████▋| 141/145 [01:04<00:02,  1.91it/s, loss=0.0755]
Ep  25 [train]:  98%|█████████▊| 142/145 [01:04<00:01,  2.39it/s, loss=0.0755]
Ep  25 [train]:  98%|█████████▊| 142/145 [01:04<00:01,  2.39it/s, loss=0.0673]
Ep  25 [train]:  99%|█████████▊| 143/145 [01:04<00:00,  2.01it/s, loss=0.0673]
Ep  25 [train]:  99%|█████████▊| 143/145 [01:04<00:00,  2.01it/s, loss=0.0684]
Ep  25 [train]:  99%|█████████▉| 144/145 [01:04<00:00,  2.49it/s, loss=0.0684]
Ep  25 [train]:  99%|█████████▉| 144/145 [01:05<00:00,  2.49it/s, loss=0.0732]
Ep  25 [train]: 100%|██████████| 145/145 [01:05<00:00,  2.19it/s, loss=0.0732]
                                                                              
  Ep  25 [train]  loss=0.0722  rmse_c=0.2379  mae_c=0.2148  r2_c=0.031  rmse_h=0.2972  mae_h=0.2194  r2_h=0.489  sup=0.327

Ep  25 [val  ]:   0%|          | 0/39 [00:00<?, ?it/s]
Ep  25 [val  ]:   0%|          | 0/39 [00:01<?, ?it/s, loss=0.0920]
Ep  25 [val  ]:   3%|▎         | 1/39 [00:01<00:46,  1.22s/it, loss=0.0920]
Ep  25 [val  ]:   3%|▎         | 1/39 [00:01<00:46,  1.22s/it, loss=0.0911]
Ep  25 [val  ]:   3%|▎         | 1/39 [00:01<00:46,  1.22s/it, loss=0.0762]
Ep  25 [val  ]:   8%|▊         | 3/39 [00:01<00:21,  1.69it/s, loss=0.0762]
Ep  25 [val  ]:   8%|▊         | 3/39 [00:02<00:21,  1.69it/s, loss=0.0719]
Ep  25 [val  ]:   8%|▊         | 3/39 [00:02<00:21,  1.69it/s, loss=0.0726]
Ep  25 [val  ]:  13%|█▎        | 5/39 [00:02<00:16,  2.12it/s, loss=0.0726]
Ep  25 [val  ]:  13%|█▎        | 5/39 [00:02<00:16,  2.12it/s, loss=0.0735]
Ep  25 [val  ]:  15%|█▌        | 6/39 [00:02<00:13,  2.49it/s, loss=0.0735]
Ep  25 [val  ]:  15%|█▌        | 6/39 [00:03<00:13,  2.49it/s, loss=0.0720]
Ep  25 [val  ]:  18%|█▊        | 7/39 [00:03<00:16,  1.90it/s, loss=0.0720]
Ep  25 [val  ]:  18%|█▊        | 7/39 [00:03<00:16,  1.90it/s, loss=0.0703]
Ep  25 [val  ]:  18%|█▊        | 7/39 [00:04<00:16,  1.90it/s, loss=0.0679]
Ep  25 [val  ]:  23%|██▎       | 9/39 [00:04<00:14,  2.10it/s, loss=0.0679]
Ep  25 [val  ]:  23%|██▎       | 9/39 [00:04<00:14,  2.10it/s, loss=0.0670]
Ep  25 [val  ]:  26%|██▌       | 10/39 [00:04<00:11,  2.49it/s, loss=0.0670]
Ep  25 [val  ]:  26%|██▌       | 10/39 [00:05<00:11,  2.49it/s, loss=0.0675]
Ep  25 [val  ]:  28%|██▊       | 11/39 [00:05<00:12,  2.20it/s, loss=0.0675]
Ep  25 [val  ]:  28%|██▊       | 11/39 [00:05<00:12,  2.20it/s, loss=0.0732]
Ep  25 [val  ]:  31%|███       | 12/39 [00:05<00:10,  2.50it/s, loss=0.0732]
Ep  25 [val  ]:  31%|███       | 12/39 [00:06<00:10,  2.50it/s, loss=0.0767]
Ep  25 [val  ]:  33%|███▎      | 13/39 [00:06<00:12,  2.07it/s, loss=0.0767]
Ep  25 [val  ]:  33%|███▎      | 13/39 [00:06<00:12,  2.07it/s, loss=0.0812]
Ep  25 [val  ]:  33%|███▎      | 13/39 [00:07<00:12,  2.07it/s, loss=0.0939]
Ep  25 [val  ]:  38%|███▊      | 15/39 [00:07<00:11,  2.16it/s, loss=0.0939]
Ep  25 [val  ]:  38%|███▊      | 15/39 [00:07<00:11,  2.16it/s, loss=0.0938]
Ep  25 [val  ]:  38%|███▊      | 15/39 [00:07<00:11,  2.16it/s, loss=0.0949]
Ep  25 [val  ]:  44%|████▎     | 17/39 [00:07<00:09,  2.26it/s, loss=0.0949]
Ep  25 [val  ]:  44%|████▎     | 17/39 [00:08<00:09,  2.26it/s, loss=0.0837]
Ep  25 [val  ]:  44%|████▎     | 17/39 [00:08<00:09,  2.26it/s, loss=0.0759]
Ep  25 [val  ]:  49%|████▊     | 19/39 [00:08<00:09,  2.20it/s, loss=0.0759]
Ep  25 [val  ]:  49%|████▊     | 19/39 [00:09<00:09,  2.20it/s, loss=0.0659]
Ep  25 [val  ]:  49%|████▊     | 19/39 [00:09<00:09,  2.20it/s, loss=0.0597]
Ep  25 [val  ]:  54%|█████▍    | 21/39 [00:09<00:08,  2.19it/s, loss=0.0597]
Ep  25 [val  ]:  54%|█████▍    | 21/39 [00:09<00:08,  2.19it/s, loss=0.0680]
Ep  25 [val  ]:  54%|█████▍    | 21/39 [00:10<00:08,  2.19it/s, loss=0.0602]
Ep  25 [val  ]:  59%|█████▉    | 23/39 [00:10<00:07,  2.17it/s, loss=0.0602]
Ep  25 [val  ]:  59%|█████▉    | 23/39 [00:10<00:07,  2.17it/s, loss=0.0616]
Ep  25 [val  ]:  59%|█████▉    | 23/39 [00:11<00:07,  2.17it/s, loss=0.0630]
Ep  25 [val  ]:  64%|██████▍   | 25/39 [00:11<00:06,  2.20it/s, loss=0.0630]
Ep  25 [val  ]:  64%|██████▍   | 25/39 [00:11<00:06,  2.20it/s, loss=0.0713]
Ep  25 [val  ]:  64%|██████▍   | 25/39 [00:12<00:06,  2.20it/s, loss=0.0798]
Ep  25 [val  ]:  69%|██████▉   | 27/39 [00:12<00:05,  2.19it/s, loss=0.0798]
Ep  25 [val  ]:  69%|██████▉   | 27/39 [00:12<00:05,  2.19it/s, loss=0.1215]
Ep  25 [val  ]:  69%|██████▉   | 27/39 [00:13<00:05,  2.19it/s, loss=0.0930]
Ep  25 [val  ]:  74%|███████▍  | 29/39 [00:13<00:04,  2.16it/s, loss=0.0930]
Ep  25 [val  ]:  74%|███████▍  | 29/39 [00:13<00:04,  2.16it/s, loss=0.0814]
Ep  25 [val  ]:  74%|███████▍  | 29/39 [00:14<00:04,  2.16it/s, loss=0.0816]
Ep  25 [val  ]:  79%|███████▉  | 31/39 [00:14<00:03,  2.14it/s, loss=0.0816]
Ep  25 [val  ]:  79%|███████▉  | 31/39 [00:14<00:03,  2.14it/s, loss=0.0737]
Ep  25 [val  ]:  82%|████████▏ | 32/39 [00:14<00:02,  2.48it/s, loss=0.0737]
Ep  25 [val  ]:  82%|████████▏ | 32/39 [00:15<00:02,  2.48it/s, loss=0.0753]
Ep  25 [val  ]:  85%|████████▍ | 33/39 [00:15<00:02,  2.03it/s, loss=0.0753]
Ep  25 [val  ]:  85%|████████▍ | 33/39 [00:15<00:02,  2.03it/s, loss=0.0778]
Ep  25 [val  ]:  85%|████████▍ | 33/39 [00:16<00:02,  2.03it/s, loss=0.0853]
Ep  25 [val  ]:  90%|████████▉ | 35/39 [00:16<00:01,  2.03it/s, loss=0.0853]
Ep  25 [val  ]:  90%|████████▉ | 35/39 [00:16<00:01,  2.03it/s, loss=0.0768]
Ep  25 [val  ]:  90%|████████▉ | 35/39 [00:17<00:01,  2.03it/s, loss=0.0721]
Ep  25 [val  ]:  95%|█████████▍| 37/39 [00:17<00:00,  2.07it/s, loss=0.0721]
Ep  25 [val  ]:  95%|█████████▍| 37/39 [00:17<00:00,  2.07it/s, loss=0.0616]
Ep  25 [val  ]:  95%|█████████▍| 37/39 [00:17<00:00,  2.07it/s, loss=0.0695]
                                                                            
  Ep  25 [val  ]  loss=0.0768  rmse_c=0.2433  mae_c=0.2186  r2_c=0.027  rmse_h=0.3078  mae_h=0.2189  r2_h=0.410  sup=0.308

Ep  26 [train]:   0%|          | 0/145 [00:00<?, ?it/s]
Ep  26 [train]:   0%|          | 0/145 [00:01<?, ?it/s, loss=0.0837]
Ep  26 [train]:   1%|          | 1/145 [00:01<02:34,  1.07s/it, loss=0.0837]
Ep  26 [train]:   1%|          | 1/145 [00:01<02:34,  1.07s/it, loss=0.0723]
Ep  26 [train]:   1%|▏         | 2/145 [00:01<01:20,  1.78it/s, loss=0.0723]
Ep  26 [train]:   1%|▏         | 2/145 [00:01<01:20,  1.78it/s, loss=0.0724]
Ep  26 [train]:   2%|▏         | 3/145 [00:01<01:28,  1.61it/s, loss=0.0724]
Ep  26 [train]:   2%|▏         | 3/145 [00:02<01:28,  1.61it/s, loss=0.0718]
Ep  26 [train]:   3%|▎         | 4/145 [00:02<01:03,  2.21it/s, loss=0.0718]
Ep  26 [train]:   3%|▎         | 4/145 [00:02<01:03,  2.21it/s, loss=0.0753]
Ep  26 [train]:   3%|▎         | 5/145 [00:02<01:14,  1.89it/s, loss=0.0753]
Ep  26 [train]:   3%|▎         | 5/145 [00:03<01:14,  1.89it/s, loss=0.0732]
Ep  26 [train]:   4%|▍         | 6/145 [00:03<00:57,  2.41it/s, loss=0.0732]
Ep  26 [train]:   4%|▍         | 6/145 [00:03<00:57,  2.41it/s, loss=0.0740]
Ep  26 [train]:   5%|▍         | 7/145 [00:03<01:10,  1.96it/s, loss=0.0740]
Ep  26 [train]:   5%|▍         | 7/145 [00:03<01:10,  1.96it/s, loss=0.0827]
Ep  26 [train]:   6%|▌         | 8/145 [00:03<00:55,  2.47it/s, loss=0.0827]
Ep  26 [train]:   6%|▌         | 8/145 [00:04<00:55,  2.47it/s, loss=0.0696]
Ep  26 [train]:   6%|▌         | 9/145 [00:04<01:09,  1.97it/s, loss=0.0696]
Ep  26 [train]:   6%|▌         | 9/145 [00:04<01:09,  1.97it/s, loss=0.0757]
Ep  26 [train]:   7%|▋         | 10/145 [00:04<00:56,  2.38it/s, loss=0.0757]
Ep  26 [train]:   7%|▋         | 10/145 [00:05<00:56,  2.38it/s, loss=0.0723]
Ep  26 [train]:   8%|▊         | 11/145 [00:05<01:08,  1.95it/s, loss=0.0723]
Ep  26 [train]:   8%|▊         | 11/145 [00:05<01:08,  1.95it/s, loss=0.0693]
Ep  26 [train]:   8%|▊         | 12/145 [00:05<00:54,  2.43it/s, loss=0.0693]
Ep  26 [train]:   8%|▊         | 12/145 [00:06<00:54,  2.43it/s, loss=0.0742]
Ep  26 [train]:   9%|▉         | 13/145 [00:06<01:10,  1.89it/s, loss=0.0742]
Ep  26 [train]:   9%|▉         | 13/145 [00:06<01:10,  1.89it/s, loss=0.0693]
Ep  26 [train]:  10%|▉         | 14/145 [00:06<00:55,  2.35it/s, loss=0.0693]
Ep  26 [train]:  10%|▉         | 14/145 [00:07<00:55,  2.35it/s, loss=0.0687]
Ep  26 [train]:  10%|█         | 15/145 [00:07<01:05,  1.98it/s, loss=0.0687]
Ep  26 [train]:  10%|█         | 15/145 [00:07<01:05,  1.98it/s, loss=0.0719]
Ep  26 [train]:  11%|█         | 16/145 [00:07<00:52,  2.44it/s, loss=0.0719]
Ep  26 [train]:  11%|█         | 16/145 [00:08<00:52,  2.44it/s, loss=0.0807]
Ep  26 [train]:  12%|█▏        | 17/145 [00:08<01:03,  2.03it/s, loss=0.0807]
Ep  26 [train]:  12%|█▏        | 17/145 [00:08<01:03,  2.03it/s, loss=0.0682]
Ep  26 [train]:  12%|█▏        | 18/145 [00:08<00:52,  2.44it/s, loss=0.0682]
Ep  26 [train]:  12%|█▏        | 18/145 [00:09<00:52,  2.44it/s, loss=0.0691]
Ep  26 [train]:  13%|█▎        | 19/145 [00:09<01:03,  1.98it/s, loss=0.0691]
Ep  26 [train]:  13%|█▎        | 19/145 [00:09<01:03,  1.98it/s, loss=0.0721]
Ep  26 [train]:  14%|█▍        | 20/145 [00:09<00:51,  2.42it/s, loss=0.0721]
Ep  26 [train]:  14%|█▍        | 20/145 [00:10<00:51,  2.42it/s, loss=0.0693]
Ep  26 [train]:  14%|█▍        | 21/145 [00:10<01:02,  1.99it/s, loss=0.0693]
Ep  26 [train]:  14%|█▍        | 21/145 [00:10<01:02,  1.99it/s, loss=0.0717]
Ep  26 [train]:  15%|█▌        | 22/145 [00:10<00:51,  2.41it/s, loss=0.0717]
Ep  26 [train]:  15%|█▌        | 22/145 [00:11<00:51,  2.41it/s, loss=0.0742]
Ep  26 [train]:  16%|█▌        | 23/145 [00:11<01:01,  1.99it/s, loss=0.0742]
Ep  26 [train]:  16%|█▌        | 23/145 [00:11<01:01,  1.99it/s, loss=0.0739]
Ep  26 [train]:  17%|█▋        | 24/145 [00:11<00:50,  2.41it/s, loss=0.0739]
Ep  26 [train]:  17%|█▋        | 24/145 [00:11<00:50,  2.41it/s, loss=0.0721]
Ep  26 [train]:  17%|█▋        | 25/145 [00:11<00:59,  2.03it/s, loss=0.0721]
Ep  26 [train]:  17%|█▋        | 25/145 [00:12<00:59,  2.03it/s, loss=0.0682]
Ep  26 [train]:  18%|█▊        | 26/145 [00:12<00:47,  2.48it/s, loss=0.0682]
Ep  26 [train]:  18%|█▊        | 26/145 [00:12<00:47,  2.48it/s, loss=0.0706]
Ep  26 [train]:  19%|█▊        | 27/145 [00:12<00:57,  2.04it/s, loss=0.0706]
Ep  26 [train]:  19%|█▊        | 27/145 [00:13<00:57,  2.04it/s, loss=0.0743]
Ep  26 [train]:  19%|█▉        | 28/145 [00:13<00:47,  2.49it/s, loss=0.0743]
Ep  26 [train]:  19%|█▉        | 28/145 [00:13<00:47,  2.49it/s, loss=0.0820]
Ep  26 [train]:  20%|██        | 29/145 [00:13<00:57,  2.03it/s, loss=0.0820]
Ep  26 [train]:  20%|██        | 29/145 [00:13<00:57,  2.03it/s, loss=0.0801]
Ep  26 [train]:  21%|██        | 30/145 [00:13<00:47,  2.44it/s, loss=0.0801]
Ep  26 [train]:  21%|██        | 30/145 [00:14<00:47,  2.44it/s, loss=0.0704]
Ep  26 [train]:  21%|██▏       | 31/145 [00:14<00:55,  2.04it/s, loss=0.0704]
Ep  26 [train]:  21%|██▏       | 31/145 [00:14<00:55,  2.04it/s, loss=0.0724]
Ep  26 [train]:  22%|██▏       | 32/145 [00:14<00:45,  2.46it/s, loss=0.0724]
Ep  26 [train]:  22%|██▏       | 32/145 [00:15<00:45,  2.46it/s, loss=0.0733]
Ep  26 [train]:  23%|██▎       | 33/145 [00:15<00:54,  2.06it/s, loss=0.0733]
Ep  26 [train]:  23%|██▎       | 33/145 [00:15<00:54,  2.06it/s, loss=0.0730]
Ep  26 [train]:  23%|██▎       | 34/145 [00:15<00:44,  2.49it/s, loss=0.0730]
Ep  26 [train]:  23%|██▎       | 34/145 [00:16<00:44,  2.49it/s, loss=0.0759]
Ep  26 [train]:  24%|██▍       | 35/145 [00:16<00:53,  2.06it/s, loss=0.0759]
Ep  26 [train]:  24%|██▍       | 35/145 [00:16<00:53,  2.06it/s, loss=0.0720]
Ep  26 [train]:  25%|██▍       | 36/145 [00:16<00:43,  2.52it/s, loss=0.0720]
Ep  26 [train]:  25%|██▍       | 36/145 [00:17<00:43,  2.52it/s, loss=0.0721]
Ep  26 [train]:  26%|██▌       | 37/145 [00:17<00:52,  2.08it/s, loss=0.0721]
Ep  26 [train]:  26%|██▌       | 37/145 [00:17<00:52,  2.08it/s, loss=0.0851]
Ep  26 [train]:  26%|██▌       | 38/145 [00:17<00:42,  2.55it/s, loss=0.0851]
Ep  26 [train]:  26%|██▌       | 38/145 [00:18<00:42,  2.55it/s, loss=0.0753]
Ep  26 [train]:  27%|██▋       | 39/145 [00:18<00:51,  2.05it/s, loss=0.0753]
Ep  26 [train]:  27%|██▋       | 39/145 [00:18<00:51,  2.05it/s, loss=0.0786]
Ep  26 [train]:  28%|██▊       | 40/145 [00:18<00:41,  2.54it/s, loss=0.0786]
Ep  26 [train]:  28%|██▊       | 40/145 [00:19<00:41,  2.54it/s, loss=0.0754]
Ep  26 [train]:  28%|██▊       | 41/145 [00:19<00:49,  2.12it/s, loss=0.0754]
Ep  26 [train]:  28%|██▊       | 41/145 [00:19<00:49,  2.12it/s, loss=0.0765]
Ep  26 [train]:  29%|██▉       | 42/145 [00:19<00:39,  2.60it/s, loss=0.0765]
Ep  26 [train]:  29%|██▉       | 42/145 [00:19<00:39,  2.60it/s, loss=0.0752]
Ep  26 [train]:  30%|██▉       | 43/145 [00:19<00:46,  2.17it/s, loss=0.0752]
Ep  26 [train]:  30%|██▉       | 43/145 [00:20<00:46,  2.17it/s, loss=0.0765]
Ep  26 [train]:  30%|███       | 44/145 [00:20<00:38,  2.64it/s, loss=0.0765]
Ep  26 [train]:  30%|███       | 44/145 [00:20<00:38,  2.64it/s, loss=0.0814]
Ep  26 [train]:  31%|███       | 45/145 [00:20<00:44,  2.23it/s, loss=0.0814]
Ep  26 [train]:  31%|███       | 45/145 [00:20<00:44,  2.23it/s, loss=0.0762]
Ep  26 [train]:  32%|███▏      | 46/145 [00:20<00:36,  2.72it/s, loss=0.0762]
Ep  26 [train]:  32%|███▏      | 46/145 [00:21<00:36,  2.72it/s, loss=0.0804]
Ep  26 [train]:  32%|███▏      | 47/145 [00:21<00:43,  2.27it/s, loss=0.0804]
Ep  26 [train]:  32%|███▏      | 47/145 [00:21<00:43,  2.27it/s, loss=0.0677]
Ep  26 [train]:  33%|███▎      | 48/145 [00:21<00:35,  2.73it/s, loss=0.0677]
Ep  26 [train]:  33%|███▎      | 48/145 [00:22<00:35,  2.73it/s, loss=0.0764]
Ep  26 [train]:  34%|███▍      | 49/145 [00:22<00:41,  2.30it/s, loss=0.0764]
Ep  26 [train]:  34%|███▍      | 49/145 [00:22<00:41,  2.30it/s, loss=0.0708]
Ep  26 [train]:  34%|███▍      | 50/145 [00:22<00:33,  2.80it/s, loss=0.0708]
Ep  26 [train]:  34%|███▍      | 50/145 [00:23<00:33,  2.80it/s, loss=0.0803]
Ep  26 [train]:  35%|███▌      | 51/145 [00:23<00:41,  2.29it/s, loss=0.0803]
Ep  26 [train]:  35%|███▌      | 51/145 [00:23<00:41,  2.29it/s, loss=0.0663]
Ep  26 [train]:  36%|███▌      | 52/145 [00:23<00:33,  2.77it/s, loss=0.0663]
Ep  26 [train]:  36%|███▌      | 52/145 [00:23<00:33,  2.77it/s, loss=0.0772]
Ep  26 [train]:  37%|███▋      | 53/145 [00:23<00:40,  2.28it/s, loss=0.0772]
Ep  26 [train]:  37%|███▋      | 53/145 [00:23<00:40,  2.28it/s, loss=0.0785]
Ep  26 [train]:  37%|███▋      | 54/145 [00:23<00:32,  2.77it/s, loss=0.0785]
Ep  26 [train]:  37%|███▋      | 54/145 [00:24<00:32,  2.77it/s, loss=0.0708]
Ep  26 [train]:  38%|███▊      | 55/145 [00:24<00:41,  2.16it/s, loss=0.0708]
Ep  26 [train]:  38%|███▊      | 55/145 [00:24<00:41,  2.16it/s, loss=0.0676]
Ep  26 [train]:  39%|███▊      | 56/145 [00:24<00:33,  2.63it/s, loss=0.0676]
Ep  26 [train]:  39%|███▊      | 56/145 [00:25<00:33,  2.63it/s, loss=0.0765]
Ep  26 [train]:  39%|███▉      | 57/145 [00:25<00:43,  2.00it/s, loss=0.0765]
Ep  26 [train]:  39%|███▉      | 57/145 [00:25<00:43,  2.00it/s, loss=0.0784]
Ep  26 [train]:  40%|████      | 58/145 [00:25<00:35,  2.44it/s, loss=0.0784]
Ep  26 [train]:  40%|████      | 58/145 [00:26<00:35,  2.44it/s, loss=0.0665]
Ep  26 [train]:  41%|████      | 59/145 [00:26<00:44,  1.94it/s, loss=0.0665]
Ep  26 [train]:  41%|████      | 59/145 [00:26<00:44,  1.94it/s, loss=0.0752]
Ep  26 [train]:  41%|████▏     | 60/145 [00:26<00:35,  2.36it/s, loss=0.0752]
Ep  26 [train]:  41%|████▏     | 60/145 [00:27<00:35,  2.36it/s, loss=0.0737]
Ep  26 [train]:  42%|████▏     | 61/145 [00:27<00:41,  2.04it/s, loss=0.0737]
Ep  26 [train]:  42%|████▏     | 61/145 [00:27<00:41,  2.04it/s, loss=0.0705]
Ep  26 [train]:  43%|████▎     | 62/145 [00:27<00:35,  2.36it/s, loss=0.0705]
Ep  26 [train]:  43%|████▎     | 62/145 [00:28<00:35,  2.36it/s, loss=0.0728]
Ep  26 [train]:  43%|████▎     | 63/145 [00:28<00:42,  1.95it/s, loss=0.0728]
Ep  26 [train]:  43%|████▎     | 63/145 [00:28<00:42,  1.95it/s, loss=0.0710]
Ep  26 [train]:  44%|████▍     | 64/145 [00:28<00:33,  2.40it/s, loss=0.0710]
Ep  26 [train]:  44%|████▍     | 64/145 [00:29<00:33,  2.40it/s, loss=0.0649]
Ep  26 [train]:  45%|████▍     | 65/145 [00:29<00:45,  1.74it/s, loss=0.0649]
Ep  26 [train]:  45%|████▍     | 65/145 [00:29<00:45,  1.74it/s, loss=0.0757]
Ep  26 [train]:  46%|████▌     | 66/145 [00:29<00:36,  2.17it/s, loss=0.0757]
Ep  26 [train]:  46%|████▌     | 66/145 [00:30<00:36,  2.17it/s, loss=0.0743]
Ep  26 [train]:  46%|████▌     | 67/145 [00:30<00:47,  1.63it/s, loss=0.0743]
Ep  26 [train]:  46%|████▌     | 67/145 [00:30<00:47,  1.63it/s, loss=0.0730]
Ep  26 [train]:  47%|████▋     | 68/145 [00:30<00:37,  2.06it/s, loss=0.0730]
Ep  26 [train]:  47%|████▋     | 68/145 [00:31<00:37,  2.06it/s, loss=0.0742]
Ep  26 [train]:  48%|████▊     | 69/145 [00:31<00:45,  1.67it/s, loss=0.0742]
Ep  26 [train]:  48%|████▊     | 69/145 [00:31<00:45,  1.67it/s, loss=0.0659]
Ep  26 [train]:  48%|████▊     | 70/145 [00:31<00:35,  2.12it/s, loss=0.0659]
Ep  26 [train]:  48%|████▊     | 70/145 [00:32<00:35,  2.12it/s, loss=0.0729]
Ep  26 [train]:  49%|████▉     | 71/145 [00:32<00:44,  1.66it/s, loss=0.0729]
Ep  26 [train]:  49%|████▉     | 71/145 [00:33<00:44,  1.66it/s, loss=0.0728]
Ep  26 [train]:  50%|████▉     | 72/145 [00:33<00:34,  2.10it/s, loss=0.0728]
Ep  26 [train]:  50%|████▉     | 72/145 [00:33<00:34,  2.10it/s, loss=0.0701]
Ep  26 [train]:  50%|█████     | 73/145 [00:33<00:42,  1.68it/s, loss=0.0701]
Ep  26 [train]:  50%|█████     | 73/145 [00:34<00:42,  1.68it/s, loss=0.0699]
Ep  26 [train]:  51%|█████     | 74/145 [00:34<00:33,  2.11it/s, loss=0.0699]
Ep  26 [train]:  51%|█████     | 74/145 [00:34<00:33,  2.11it/s, loss=0.0702]
Ep  26 [train]:  52%|█████▏    | 75/145 [00:34<00:40,  1.74it/s, loss=0.0702]
Ep  26 [train]:  52%|█████▏    | 75/145 [00:35<00:40,  1.74it/s, loss=0.0751]
Ep  26 [train]:  52%|█████▏    | 76/145 [00:35<00:31,  2.19it/s, loss=0.0751]
Ep  26 [train]:  52%|█████▏    | 76/145 [00:36<00:31,  2.19it/s, loss=0.0710]
Ep  26 [train]:  53%|█████▎    | 77/145 [00:36<00:41,  1.62it/s, loss=0.0710]
Ep  26 [train]:  53%|█████▎    | 77/145 [00:36<00:41,  1.62it/s, loss=0.0612]
Ep  26 [train]:  54%|█████▍    | 78/145 [00:36<00:32,  2.07it/s, loss=0.0612]
Ep  26 [train]:  54%|█████▍    | 78/145 [00:37<00:32,  2.07it/s, loss=0.0731]
Ep  26 [train]:  54%|█████▍    | 79/145 [00:37<00:40,  1.62it/s, loss=0.0731]
Ep  26 [train]:  54%|█████▍    | 79/145 [00:37<00:40,  1.62it/s, loss=0.0636]
Ep  26 [train]:  55%|█████▌    | 80/145 [00:37<00:31,  2.06it/s, loss=0.0636]
Ep  26 [train]:  55%|█████▌    | 80/145 [00:38<00:31,  2.06it/s, loss=0.0764]
Ep  26 [train]:  56%|█████▌    | 81/145 [00:38<00:33,  1.91it/s, loss=0.0764]
Ep  26 [train]:  56%|█████▌    | 81/145 [00:38<00:33,  1.91it/s, loss=0.0756]
Ep  26 [train]:  57%|█████▋    | 82/145 [00:38<00:26,  2.37it/s, loss=0.0756]
Ep  26 [train]:  57%|█████▋    | 82/145 [00:38<00:26,  2.37it/s, loss=0.0694]
Ep  26 [train]:  57%|█████▋    | 83/145 [00:38<00:29,  2.07it/s, loss=0.0694]
Ep  26 [train]:  57%|█████▋    | 83/145 [00:39<00:29,  2.07it/s, loss=0.0741]
Ep  26 [train]:  58%|█████▊    | 84/145 [00:39<00:23,  2.54it/s, loss=0.0741]
Ep  26 [train]:  58%|█████▊    | 84/145 [00:39<00:23,  2.54it/s, loss=0.0708]
Ep  26 [train]:  59%|█████▊    | 85/145 [00:39<00:27,  2.15it/s, loss=0.0708]
Ep  26 [train]:  59%|█████▊    | 85/145 [00:39<00:27,  2.15it/s, loss=0.0745]
Ep  26 [train]:  59%|█████▉    | 86/145 [00:39<00:22,  2.62it/s, loss=0.0745]
Ep  26 [train]:  59%|█████▉    | 86/145 [00:40<00:22,  2.62it/s, loss=0.0683]
Ep  26 [train]:  60%|██████    | 87/145 [00:40<00:31,  1.84it/s, loss=0.0683]
Ep  26 [train]:  60%|██████    | 87/145 [00:40<00:31,  1.84it/s, loss=0.0696]
Ep  26 [train]:  61%|██████    | 88/145 [00:40<00:24,  2.31it/s, loss=0.0696]
Ep  26 [train]:  61%|██████    | 88/145 [00:41<00:24,  2.31it/s, loss=0.0684]
Ep  26 [train]:  61%|██████▏   | 89/145 [00:41<00:27,  2.05it/s, loss=0.0684]
Ep  26 [train]:  61%|██████▏   | 89/145 [00:41<00:27,  2.05it/s, loss=0.0748]
Ep  26 [train]:  62%|██████▏   | 90/145 [00:41<00:22,  2.50it/s, loss=0.0748]
Ep  26 [train]:  62%|██████▏   | 90/145 [00:42<00:22,  2.50it/s, loss=0.0712]
Ep  26 [train]:  63%|██████▎   | 91/145 [00:42<00:27,  1.95it/s, loss=0.0712]
Ep  26 [train]:  63%|██████▎   | 91/145 [00:42<00:27,  1.95it/s, loss=0.0719]
Ep  26 [train]:  63%|██████▎   | 92/145 [00:42<00:21,  2.43it/s, loss=0.0719]
Ep  26 [train]:  63%|██████▎   | 92/145 [00:43<00:21,  2.43it/s, loss=0.0747]
Ep  26 [train]:  64%|██████▍   | 93/145 [00:43<00:27,  1.88it/s, loss=0.0747]
Ep  26 [train]:  64%|██████▍   | 93/145 [00:43<00:27,  1.88it/s, loss=0.0659]
Ep  26 [train]:  65%|██████▍   | 94/145 [00:43<00:21,  2.35it/s, loss=0.0659]
Ep  26 [train]:  65%|██████▍   | 94/145 [00:44<00:21,  2.35it/s, loss=0.0738]
Ep  26 [train]:  66%|██████▌   | 95/145 [00:44<00:26,  1.90it/s, loss=0.0738]
Ep  26 [train]:  66%|██████▌   | 95/145 [00:44<00:26,  1.90it/s, loss=0.0790]
Ep  26 [train]:  66%|██████▌   | 96/145 [00:44<00:20,  2.36it/s, loss=0.0790]
Ep  26 [train]:  66%|██████▌   | 96/145 [00:45<00:20,  2.36it/s, loss=0.0719]
Ep  26 [train]:  67%|██████▋   | 97/145 [00:45<00:24,  1.93it/s, loss=0.0719]
Ep  26 [train]:  67%|██████▋   | 97/145 [00:45<00:24,  1.93it/s, loss=0.0705]
Ep  26 [train]:  68%|██████▊   | 98/145 [00:45<00:19,  2.38it/s, loss=0.0705]
Ep  26 [train]:  68%|██████▊   | 98/145 [00:46<00:19,  2.38it/s, loss=0.0720]
Ep  26 [train]:  68%|██████▊   | 99/145 [00:46<00:23,  1.93it/s, loss=0.0720]
Ep  26 [train]:  68%|██████▊   | 99/145 [00:46<00:23,  1.93it/s, loss=0.0705]
Ep  26 [train]:  69%|██████▉   | 100/145 [00:46<00:18,  2.39it/s, loss=0.0705]
Ep  26 [train]:  69%|██████▉   | 100/145 [00:47<00:18,  2.39it/s, loss=0.0752]
Ep  26 [train]:  70%|██████▉   | 101/145 [00:47<00:23,  1.91it/s, loss=0.0752]
Ep  26 [train]:  70%|██████▉   | 101/145 [00:47<00:23,  1.91it/s, loss=0.0734]
Ep  26 [train]:  70%|███████   | 102/145 [00:47<00:18,  2.34it/s, loss=0.0734]
Ep  26 [train]:  70%|███████   | 102/145 [00:48<00:18,  2.34it/s, loss=0.0702]
Ep  26 [train]:  71%|███████   | 103/145 [00:48<00:22,  1.86it/s, loss=0.0702]
Ep  26 [train]:  71%|███████   | 103/145 [00:48<00:22,  1.86it/s, loss=0.0741]
Ep  26 [train]:  72%|███████▏  | 104/145 [00:48<00:17,  2.29it/s, loss=0.0741]
Ep  26 [train]:  72%|███████▏  | 104/145 [00:49<00:17,  2.29it/s, loss=0.0718]
Ep  26 [train]:  72%|███████▏  | 105/145 [00:49<00:20,  1.91it/s, loss=0.0718]
Ep  26 [train]:  72%|███████▏  | 105/145 [00:49<00:20,  1.91it/s, loss=0.0723]
Ep  26 [train]:  73%|███████▎  | 106/145 [00:49<00:16,  2.37it/s, loss=0.0723]
Ep  26 [train]:  73%|███████▎  | 106/145 [00:50<00:16,  2.37it/s, loss=0.0671]
Ep  26 [train]:  74%|███████▍  | 107/145 [00:50<00:20,  1.84it/s, loss=0.0671]
Ep  26 [train]:  74%|███████▍  | 107/145 [00:50<00:20,  1.84it/s, loss=0.0688]
Ep  26 [train]:  74%|███████▍  | 108/145 [00:50<00:16,  2.26it/s, loss=0.0688]
Ep  26 [train]:  74%|███████▍  | 108/145 [00:51<00:16,  2.26it/s, loss=0.0724]
Ep  26 [train]:  75%|███████▌  | 109/145 [00:51<00:19,  1.85it/s, loss=0.0724]
Ep  26 [train]:  75%|███████▌  | 109/145 [00:51<00:19,  1.85it/s, loss=0.0819]
Ep  26 [train]:  76%|███████▌  | 110/145 [00:51<00:15,  2.28it/s, loss=0.0819]
Ep  26 [train]:  76%|███████▌  | 110/145 [00:52<00:15,  2.28it/s, loss=0.0713]
Ep  26 [train]:  77%|███████▋  | 111/145 [00:52<00:18,  1.84it/s, loss=0.0713]
Ep  26 [train]:  77%|███████▋  | 111/145 [00:52<00:18,  1.84it/s, loss=0.0721]
Ep  26 [train]:  77%|███████▋  | 112/145 [00:52<00:14,  2.29it/s, loss=0.0721]
Ep  26 [train]:  77%|███████▋  | 112/145 [00:52<00:14,  2.29it/s, loss=0.0735]
Ep  26 [train]:  78%|███████▊  | 113/145 [00:52<00:15,  2.09it/s, loss=0.0735]
Ep  26 [train]:  78%|███████▊  | 113/145 [00:53<00:15,  2.09it/s, loss=0.0736]
Ep  26 [train]:  79%|███████▊  | 114/145 [00:53<00:12,  2.57it/s, loss=0.0736]
Ep  26 [train]:  79%|███████▊  | 114/145 [00:53<00:12,  2.57it/s, loss=0.0757]
Ep  26 [train]:  79%|███████▉  | 115/145 [00:53<00:15,  1.88it/s, loss=0.0757]
Ep  26 [train]:  79%|███████▉  | 115/145 [00:54<00:15,  1.88it/s, loss=0.0748]
Ep  26 [train]:  80%|████████  | 116/145 [00:54<00:12,  2.33it/s, loss=0.0748]
Ep  26 [train]:  80%|████████  | 116/145 [00:54<00:12,  2.33it/s, loss=0.0724]
Ep  26 [train]:  81%|████████  | 117/145 [00:54<00:15,  1.84it/s, loss=0.0724]
Ep  26 [train]:  81%|████████  | 117/145 [00:55<00:15,  1.84it/s, loss=0.0724]
Ep  26 [train]:  81%|████████▏ | 118/145 [00:55<00:11,  2.26it/s, loss=0.0724]
Ep  26 [train]:  81%|████████▏ | 118/145 [00:55<00:11,  2.26it/s, loss=0.0716]
Ep  26 [train]:  82%|████████▏ | 119/145 [00:55<00:13,  1.89it/s, loss=0.0716]
Ep  26 [train]:  82%|████████▏ | 119/145 [00:56<00:13,  1.89it/s, loss=0.0696]
Ep  26 [train]:  83%|████████▎ | 120/145 [00:56<00:10,  2.33it/s, loss=0.0696]
Ep  26 [train]:  83%|████████▎ | 120/145 [00:56<00:10,  2.33it/s, loss=0.0706]
Ep  26 [train]:  83%|████████▎ | 121/145 [00:56<00:12,  1.90it/s, loss=0.0706]
Ep  26 [train]:  83%|████████▎ | 121/145 [00:57<00:12,  1.90it/s, loss=0.0739]
Ep  26 [train]:  84%|████████▍ | 122/145 [00:57<00:09,  2.31it/s, loss=0.0739]
Ep  26 [train]:  84%|████████▍ | 122/145 [00:57<00:09,  2.31it/s, loss=0.0762]
Ep  26 [train]:  85%|████████▍ | 123/145 [00:57<00:11,  1.88it/s, loss=0.0762]
Ep  26 [train]:  85%|████████▍ | 123/145 [00:58<00:11,  1.88it/s, loss=0.0662]
Ep  26 [train]:  86%|████████▌ | 124/145 [00:58<00:08,  2.34it/s, loss=0.0662]
Ep  26 [train]:  86%|████████▌ | 124/145 [00:58<00:08,  2.34it/s, loss=0.0674]
Ep  26 [train]:  86%|████████▌ | 125/145 [00:58<00:10,  1.93it/s, loss=0.0674]
Ep  26 [train]:  86%|████████▌ | 125/145 [00:58<00:10,  1.93it/s, loss=0.0710]
Ep  26 [train]:  87%|████████▋ | 126/145 [00:58<00:07,  2.40it/s, loss=0.0710]
Ep  26 [train]:  87%|████████▋ | 126/145 [00:59<00:07,  2.40it/s, loss=0.0772]
Ep  26 [train]:  88%|████████▊ | 127/145 [00:59<00:09,  1.91it/s, loss=0.0772]
Ep  26 [train]:  88%|████████▊ | 127/145 [00:59<00:09,  1.91it/s, loss=0.0717]
Ep  26 [train]:  88%|████████▊ | 128/145 [00:59<00:07,  2.36it/s, loss=0.0717]
Ep  26 [train]:  88%|████████▊ | 128/145 [01:00<00:07,  2.36it/s, loss=0.0755]
Ep  26 [train]:  89%|████████▉ | 129/145 [01:00<00:08,  1.91it/s, loss=0.0755]
Ep  26 [train]:  89%|████████▉ | 129/145 [01:00<00:08,  1.91it/s, loss=0.0723]
Ep  26 [train]:  90%|████████▉ | 130/145 [01:00<00:06,  2.37it/s, loss=0.0723]
Ep  26 [train]:  90%|████████▉ | 130/145 [01:01<00:06,  2.37it/s, loss=0.0757]
Ep  26 [train]:  90%|█████████ | 131/145 [01:01<00:07,  1.86it/s, loss=0.0757]
Ep  26 [train]:  90%|█████████ | 131/145 [01:01<00:07,  1.86it/s, loss=0.0780]
Ep  26 [train]:  91%|█████████ | 132/145 [01:01<00:05,  2.33it/s, loss=0.0780]
Ep  26 [train]:  91%|█████████ | 132/145 [01:02<00:05,  2.33it/s, loss=0.0753]
Ep  26 [train]:  92%|█████████▏| 133/145 [01:02<00:06,  1.88it/s, loss=0.0753]
Ep  26 [train]:  92%|█████████▏| 133/145 [01:02<00:06,  1.88it/s, loss=0.0753]
Ep  26 [train]:  92%|█████████▏| 134/145 [01:02<00:04,  2.33it/s, loss=0.0753]
Ep  26 [train]:  92%|█████████▏| 134/145 [01:03<00:04,  2.33it/s, loss=0.0758]
Ep  26 [train]:  93%|█████████▎| 135/145 [01:03<00:05,  1.86it/s, loss=0.0758]
Ep  26 [train]:  93%|█████████▎| 135/145 [01:03<00:05,  1.86it/s, loss=0.0732]
Ep  26 [train]:  94%|█████████▍| 136/145 [01:03<00:03,  2.32it/s, loss=0.0732]
Ep  26 [train]:  94%|█████████▍| 136/145 [01:04<00:03,  2.32it/s, loss=0.0768]
Ep  26 [train]:  94%|█████████▍| 137/145 [01:04<00:04,  1.90it/s, loss=0.0768]
Ep  26 [train]:  94%|█████████▍| 137/145 [01:04<00:04,  1.90it/s, loss=0.0717]
Ep  26 [train]:  95%|█████████▌| 138/145 [01:04<00:02,  2.34it/s, loss=0.0717]
Ep  26 [train]:  95%|█████████▌| 138/145 [01:05<00:02,  2.34it/s, loss=0.0718]
Ep  26 [train]:  96%|█████████▌| 139/145 [01:05<00:03,  1.85it/s, loss=0.0718]
Ep  26 [train]:  96%|█████████▌| 139/145 [01:05<00:03,  1.85it/s, loss=0.0756]
Ep  26 [train]:  97%|█████████▋| 140/145 [01:05<00:02,  2.32it/s, loss=0.0756]
Ep  26 [train]:  97%|█████████▋| 140/145 [01:06<00:02,  2.32it/s, loss=0.0664]
Ep  26 [train]:  97%|█████████▋| 141/145 [01:06<00:02,  1.87it/s, loss=0.0664]
Ep  26 [train]:  97%|█████████▋| 141/145 [01:06<00:02,  1.87it/s, loss=0.0684]
Ep  26 [train]:  98%|█████████▊| 142/145 [01:06<00:01,  2.32it/s, loss=0.0684]
Ep  26 [train]:  98%|█████████▊| 142/145 [01:07<00:01,  2.32it/s, loss=0.0750]
Ep  26 [train]:  99%|█████████▊| 143/145 [01:07<00:01,  1.88it/s, loss=0.0750]
Ep  26 [train]:  99%|█████████▊| 143/145 [01:07<00:01,  1.88it/s, loss=0.0771]
Ep  26 [train]:  99%|█████████▉| 144/145 [01:07<00:00,  2.34it/s, loss=0.0771]
Ep  26 [train]:  99%|█████████▉| 144/145 [01:08<00:00,  2.34it/s, loss=0.0667]
Ep  26 [train]: 100%|██████████| 145/145 [01:08<00:00,  2.00it/s, loss=0.0667]
                                                                              
  Ep  26 [train]  loss=0.0730  rmse_c=0.2366  mae_c=0.2142  r2_c=0.026  rmse_h=0.3003  mae_h=0.2229  r2_h=0.478  sup=0.328

Ep  26 [val  ]:   0%|          | 0/39 [00:00<?, ?it/s]
Ep  26 [val  ]:   0%|          | 0/39 [00:01<?, ?it/s, loss=0.0908]
Ep  26 [val  ]:   3%|▎         | 1/39 [00:01<00:41,  1.09s/it, loss=0.0908]
Ep  26 [val  ]:   3%|▎         | 1/39 [00:01<00:41,  1.09s/it, loss=0.0885]
Ep  26 [val  ]:   3%|▎         | 1/39 [00:02<00:41,  1.09s/it, loss=0.0723]
Ep  26 [val  ]:   8%|▊         | 3/39 [00:02<00:23,  1.53it/s, loss=0.0723]
Ep  26 [val  ]:   8%|▊         | 3/39 [00:02<00:23,  1.53it/s, loss=0.0674]
Ep  26 [val  ]:   8%|▊         | 3/39 [00:02<00:23,  1.53it/s, loss=0.0731]
Ep  26 [val  ]:  13%|█▎        | 5/39 [00:02<00:17,  1.91it/s, loss=0.0731]
Ep  26 [val  ]:  13%|█▎        | 5/39 [00:02<00:17,  1.91it/s, loss=0.0778]
Ep  26 [val  ]:  13%|█▎        | 5/39 [00:03<00:17,  1.91it/s, loss=0.0690]
Ep  26 [val  ]:  18%|█▊        | 7/39 [00:03<00:15,  2.06it/s, loss=0.0690]
Ep  26 [val  ]:  18%|█▊        | 7/39 [00:03<00:15,  2.06it/s, loss=0.0689]
Ep  26 [val  ]:  18%|█▊        | 7/39 [00:04<00:15,  2.06it/s, loss=0.0669]
Ep  26 [val  ]:  23%|██▎       | 9/39 [00:04<00:14,  2.11it/s, loss=0.0669]
Ep  26 [val  ]:  23%|██▎       | 9/39 [00:04<00:14,  2.11it/s, loss=0.0657]
Ep  26 [val  ]:  23%|██▎       | 9/39 [00:05<00:14,  2.11it/s, loss=0.0673]
Ep  26 [val  ]:  28%|██▊       | 11/39 [00:05<00:12,  2.16it/s, loss=0.0673]
Ep  26 [val  ]:  28%|██▊       | 11/39 [00:05<00:12,  2.16it/s, loss=0.0724]
Ep  26 [val  ]:  28%|██▊       | 11/39 [00:06<00:12,  2.16it/s, loss=0.0750]
Ep  26 [val  ]:  33%|███▎      | 13/39 [00:06<00:11,  2.24it/s, loss=0.0750]
Ep  26 [val  ]:  33%|███▎      | 13/39 [00:06<00:11,  2.24it/s, loss=0.0798]
Ep  26 [val  ]:  33%|███▎      | 13/39 [00:07<00:11,  2.24it/s, loss=0.0890]
Ep  26 [val  ]:  38%|███▊      | 15/39 [00:07<00:10,  2.27it/s, loss=0.0890]
Ep  26 [val  ]:  38%|███▊      | 15/39 [00:07<00:10,  2.27it/s, loss=0.0891]
Ep  26 [val  ]:  38%|███▊      | 15/39 [00:08<00:10,  2.27it/s, loss=0.0866]
Ep  26 [val  ]:  44%|████▎     | 17/39 [00:08<00:09,  2.23it/s, loss=0.0866]
Ep  26 [val  ]:  44%|████▎     | 17/39 [00:08<00:09,  2.23it/s, loss=0.0790]
Ep  26 [val  ]:  44%|████▎     | 17/39 [00:09<00:09,  2.23it/s, loss=0.0743]
Ep  26 [val  ]:  49%|████▊     | 19/39 [00:09<00:09,  2.19it/s, loss=0.0743]
Ep  26 [val  ]:  49%|████▊     | 19/39 [00:09<00:09,  2.19it/s, loss=0.0637]
Ep  26 [val  ]:  51%|█████▏    | 20/39 [00:09<00:07,  2.55it/s, loss=0.0637]
Ep  26 [val  ]:  51%|█████▏    | 20/39 [00:10<00:07,  2.55it/s, loss=0.0564]
Ep  26 [val  ]:  54%|█████▍    | 21/39 [00:10<00:09,  1.97it/s, loss=0.0564]
Ep  26 [val  ]:  54%|█████▍    | 21/39 [00:10<00:09,  1.97it/s, loss=0.0641]
Ep  26 [val  ]:  54%|█████▍    | 21/39 [00:11<00:09,  1.97it/s, loss=0.0591]
Ep  26 [val  ]:  59%|█████▉    | 23/39 [00:11<00:07,  2.03it/s, loss=0.0591]
Ep  26 [val  ]:  59%|█████▉    | 23/39 [00:11<00:07,  2.03it/s, loss=0.0616]
Ep  26 [val  ]:  59%|█████▉    | 23/39 [00:12<00:07,  2.03it/s, loss=0.0627]
Ep  26 [val  ]:  64%|██████▍   | 25/39 [00:12<00:06,  2.10it/s, loss=0.0627]
Ep  26 [val  ]:  64%|██████▍   | 25/39 [00:12<00:06,  2.10it/s, loss=0.0692]
Ep  26 [val  ]:  64%|██████▍   | 25/39 [00:12<00:06,  2.10it/s, loss=0.0778]
Ep  26 [val  ]:  69%|██████▉   | 27/39 [00:12<00:05,  2.09it/s, loss=0.0778]
Ep  26 [val  ]:  69%|██████▉   | 27/39 [00:13<00:05,  2.09it/s, loss=0.1172]
Ep  26 [val  ]:  69%|██████▉   | 27/39 [00:13<00:05,  2.09it/s, loss=0.0939]
Ep  26 [val  ]:  74%|███████▍  | 29/39 [00:13<00:04,  2.08it/s, loss=0.0939]
Ep  26 [val  ]:  74%|███████▍  | 29/39 [00:14<00:04,  2.08it/s, loss=0.0823]
Ep  26 [val  ]:  77%|███████▋  | 30/39 [00:14<00:03,  2.41it/s, loss=0.0823]
Ep  26 [val  ]:  77%|███████▋  | 30/39 [00:14<00:03,  2.41it/s, loss=0.0781]
Ep  26 [val  ]:  79%|███████▉  | 31/39 [00:14<00:04,  1.95it/s, loss=0.0781]
Ep  26 [val  ]:  79%|███████▉  | 31/39 [00:15<00:04,  1.95it/s, loss=0.0701]
Ep  26 [val  ]:  79%|███████▉  | 31/39 [00:15<00:04,  1.95it/s, loss=0.0715]
Ep  26 [val  ]:  85%|████████▍ | 33/39 [00:15<00:02,  2.10it/s, loss=0.0715]
Ep  26 [val  ]:  85%|████████▍ | 33/39 [00:15<00:02,  2.10it/s, loss=0.0704]
Ep  26 [val  ]:  85%|████████▍ | 33/39 [00:16<00:02,  2.10it/s, loss=0.0751]
Ep  26 [val  ]:  90%|████████▉ | 35/39 [00:16<00:01,  2.16it/s, loss=0.0751]
Ep  26 [val  ]:  90%|████████▉ | 35/39 [00:16<00:01,  2.16it/s, loss=0.0691]
Ep  26 [val  ]:  90%|████████▉ | 35/39 [00:17<00:01,  2.16it/s, loss=0.0689]
Ep  26 [val  ]:  95%|█████████▍| 37/39 [00:17<00:00,  2.09it/s, loss=0.0689]
Ep  26 [val  ]:  95%|█████████▍| 37/39 [00:17<00:00,  2.09it/s, loss=0.0598]
Ep  26 [val  ]:  95%|█████████▍| 37/39 [00:17<00:00,  2.09it/s, loss=0.0692]
Ep  26 [val  ]: 100%|██████████| 39/39 [00:17<00:00,  2.92it/s, loss=0.0692]
                                                                            
  Ep  26 [val  ]  loss=0.0742  rmse_c=0.2433  mae_c=0.2182  r2_c=0.028  rmse_h=0.2991  mae_h=0.2205  r2_h=0.443  sup=0.308
  [new best] combined_val_rmse=0.2712

Ep  27 [train]:   0%|          | 0/145 [00:00<?, ?it/s]
Ep  27 [train]:   0%|          | 0/145 [00:01<?, ?it/s, loss=0.0745]
Ep  27 [train]:   1%|          | 1/145 [00:01<02:32,  1.06s/it, loss=0.0745]
Ep  27 [train]:   1%|          | 1/145 [00:01<02:32,  1.06s/it, loss=0.0654]
Ep  27 [train]:   1%|▏         | 2/145 [00:01<01:18,  1.83it/s, loss=0.0654]
Ep  27 [train]:   1%|▏         | 2/145 [00:01<01:18,  1.83it/s, loss=0.0661]
Ep  27 [train]:   2%|▏         | 3/145 [00:01<01:22,  1.73it/s, loss=0.0661]
Ep  27 [train]:   2%|▏         | 3/145 [00:02<01:22,  1.73it/s, loss=0.0699]
Ep  27 [train]:   3%|▎         | 4/145 [00:02<00:59,  2.36it/s, loss=0.0699]
Ep  27 [train]:   3%|▎         | 4/145 [00:02<00:59,  2.36it/s, loss=0.0693]
Ep  27 [train]:   3%|▎         | 5/145 [00:02<01:19,  1.77it/s, loss=0.0693]
Ep  27 [train]:   3%|▎         | 5/145 [00:03<01:19,  1.77it/s, loss=0.0651]
Ep  27 [train]:   4%|▍         | 6/145 [00:03<01:00,  2.28it/s, loss=0.0651]
Ep  27 [train]:   4%|▍         | 6/145 [00:03<01:00,  2.28it/s, loss=0.0758]
Ep  27 [train]:   5%|▍         | 7/145 [00:03<01:13,  1.87it/s, loss=0.0758]
Ep  27 [train]:   5%|▍         | 7/145 [00:03<01:13,  1.87it/s, loss=0.0706]
Ep  27 [train]:   6%|▌         | 8/145 [00:03<00:57,  2.37it/s, loss=0.0706]
Ep  27 [train]:   6%|▌         | 8/145 [00:04<00:57,  2.37it/s, loss=0.0706]
Ep  27 [train]:   6%|▌         | 9/145 [00:04<01:13,  1.84it/s, loss=0.0706]
Ep  27 [train]:   6%|▌         | 9/145 [00:04<01:13,  1.84it/s, loss=0.0680]
Ep  27 [train]:   7%|▋         | 10/145 [00:04<00:58,  2.31it/s, loss=0.0680]
Ep  27 [train]:   7%|▋         | 10/145 [00:05<00:58,  2.31it/s, loss=0.0753]
Ep  27 [train]:   8%|▊         | 11/145 [00:05<01:12,  1.85it/s, loss=0.0753]
Ep  27 [train]:   8%|▊         | 11/145 [00:05<01:12,  1.85it/s, loss=0.0710]
Ep  27 [train]:   8%|▊         | 12/145 [00:05<00:57,  2.32it/s, loss=0.0710]
Ep  27 [train]:   8%|▊         | 12/145 [00:06<00:57,  2.32it/s, loss=0.0720]
Ep  27 [train]:   9%|▉         | 13/145 [00:06<01:09,  1.90it/s, loss=0.0720]
Ep  27 [train]:   9%|▉         | 13/145 [00:06<01:09,  1.90it/s, loss=0.0793]
Ep  27 [train]:  10%|▉         | 14/145 [00:06<00:55,  2.37it/s, loss=0.0793]
Ep  27 [train]:  10%|▉         | 14/145 [00:07<00:55,  2.37it/s, loss=0.0695]
Ep  27 [train]:  10%|█         | 15/145 [00:07<01:08,  1.89it/s, loss=0.0695]
Ep  27 [train]:  10%|█         | 15/145 [00:07<01:08,  1.89it/s, loss=0.0728]
Ep  27 [train]:  11%|█         | 16/145 [00:07<00:54,  2.36it/s, loss=0.0728]
Ep  27 [train]:  11%|█         | 16/145 [00:08<00:54,  2.36it/s, loss=0.0698]
Ep  27 [train]:  12%|█▏        | 17/145 [00:08<01:07,  1.90it/s, loss=0.0698]
Ep  27 [train]:  12%|█▏        | 17/145 [00:08<01:07,  1.90it/s, loss=0.0757]
Ep  27 [train]:  12%|█▏        | 18/145 [00:08<00:53,  2.37it/s, loss=0.0757]
Ep  27 [train]:  12%|█▏        | 18/145 [00:09<00:53,  2.37it/s, loss=0.0740]
Ep  27 [train]:  13%|█▎        | 19/145 [00:09<01:12,  1.73it/s, loss=0.0740]
Ep  27 [train]:  13%|█▎        | 19/145 [00:09<01:12,  1.73it/s, loss=0.0665]
Ep  27 [train]:  14%|█▍        | 20/145 [00:09<00:58,  2.15it/s, loss=0.0665]
Ep  27 [train]:  14%|█▍        | 20/145 [00:10<00:58,  2.15it/s, loss=0.0724]
Ep  27 [train]:  14%|█▍        | 21/145 [00:10<01:02,  1.97it/s, loss=0.0724]
Ep  27 [train]:  14%|█▍        | 21/145 [00:10<01:02,  1.97it/s, loss=0.0709]
Ep  27 [train]:  15%|█▌        | 22/145 [00:10<00:51,  2.41it/s, loss=0.0709]
Ep  27 [train]:  15%|█▌        | 22/145 [00:11<00:51,  2.41it/s, loss=0.0734]
Ep  27 [train]:  16%|█▌        | 23/145 [00:11<00:58,  2.09it/s, loss=0.0734]
Ep  27 [train]:  16%|█▌        | 23/145 [00:11<00:58,  2.09it/s, loss=0.0734]
Ep  27 [train]:  17%|█▋        | 24/145 [00:11<00:47,  2.56it/s, loss=0.0734]
Ep  27 [train]:  17%|█▋        | 24/145 [00:12<00:47,  2.56it/s, loss=0.0707]
Ep  27 [train]:  17%|█▋        | 25/145 [00:12<00:55,  2.18it/s, loss=0.0707]
Ep  27 [train]:  17%|█▋        | 25/145 [00:12<00:55,  2.18it/s, loss=0.0759]
Ep  27 [train]:  18%|█▊        | 26/145 [00:12<00:45,  2.61it/s, loss=0.0759]
Ep  27 [train]:  18%|█▊        | 26/145 [00:12<00:45,  2.61it/s, loss=0.0731]
Ep  27 [train]:  19%|█▊        | 27/145 [00:12<00:49,  2.39it/s, loss=0.0731]
Ep  27 [train]:  19%|█▊        | 27/145 [00:13<00:49,  2.39it/s, loss=0.0750]
Ep  27 [train]:  19%|█▉        | 28/145 [00:13<00:40,  2.88it/s, loss=0.0750]
Ep  27 [train]:  19%|█▉        | 28/145 [00:13<00:40,  2.88it/s, loss=0.0781]
Ep  27 [train]:  20%|██        | 29/145 [00:13<00:49,  2.34it/s, loss=0.0781]
Ep  27 [train]:  20%|██        | 29/145 [00:13<00:49,  2.34it/s, loss=0.0680]
Ep  27 [train]:  21%|██        | 30/145 [00:13<00:41,  2.80it/s, loss=0.0680]
Ep  27 [train]:  21%|██        | 30/145 [00:14<00:41,  2.80it/s, loss=0.0688]
Ep  27 [train]:  21%|██▏       | 31/145 [00:14<00:48,  2.35it/s, loss=0.0688]
Ep  27 [train]:  21%|██▏       | 31/145 [00:14<00:48,  2.35it/s, loss=0.0693]
Ep  27 [train]:  22%|██▏       | 32/145 [00:14<00:47,  2.36it/s, loss=0.0693]
Ep  27 [train]:  22%|██▏       | 32/145 [00:15<00:47,  2.36it/s, loss=0.0686]
Ep  27 [train]:  23%|██▎       | 33/145 [00:15<00:45,  2.47it/s, loss=0.0686]
Ep  27 [train]:  23%|██▎       | 33/145 [00:15<00:45,  2.47it/s, loss=0.0743]
Ep  27 [train]:  23%|██▎       | 34/145 [00:15<00:56,  1.95it/s, loss=0.0743]
Ep  27 [train]:  23%|██▎       | 34/145 [00:16<00:56,  1.95it/s, loss=0.0726]
Ep  27 [train]:  24%|██▍       | 35/145 [00:16<00:45,  2.43it/s, loss=0.0726]
Ep  27 [train]:  24%|██▍       | 35/145 [00:16<00:45,  2.43it/s, loss=0.0715]
Ep  27 [train]:  25%|██▍       | 36/145 [00:16<00:58,  1.87it/s, loss=0.0715]
Ep  27 [train]:  25%|██▍       | 36/145 [00:17<00:58,  1.87it/s, loss=0.0782]
Ep  27 [train]:  26%|██▌       | 37/145 [00:17<00:46,  2.30it/s, loss=0.0782]
Ep  27 [train]:  26%|██▌       | 37/145 [00:17<00:46,  2.30it/s, loss=0.0712]
Ep  27 [train]:  26%|██▌       | 38/145 [00:17<00:52,  2.04it/s, loss=0.0712]
Ep  27 [train]:  26%|██▌       | 38/145 [00:17<00:52,  2.04it/s, loss=0.0685]
Ep  27 [train]:  27%|██▋       | 39/145 [00:17<00:42,  2.50it/s, loss=0.0685]
Ep  27 [train]:  27%|██▋       | 39/145 [00:18<00:42,  2.50it/s, loss=0.0791]
Ep  27 [train]:  28%|██▊       | 40/145 [00:18<00:54,  1.92it/s, loss=0.0791]
Ep  27 [train]:  28%|██▊       | 40/145 [00:18<00:54,  1.92it/s, loss=0.0688]
Ep  27 [train]:  28%|██▊       | 41/145 [00:18<00:44,  2.36it/s, loss=0.0688]
Ep  27 [train]:  28%|██▊       | 41/145 [00:19<00:44,  2.36it/s, loss=0.0667]
Ep  27 [train]:  29%|██▉       | 42/145 [00:19<00:48,  2.12it/s, loss=0.0667]
Ep  27 [train]:  29%|██▉       | 42/145 [00:19<00:48,  2.12it/s, loss=0.0732]
Ep  27 [train]:  30%|██▉       | 43/145 [00:19<00:39,  2.59it/s, loss=0.0732]
Ep  27 [train]:  30%|██▉       | 43/145 [00:20<00:39,  2.59it/s, loss=0.0738]
Ep  27 [train]:  30%|███       | 44/145 [00:20<00:46,  2.19it/s, loss=0.0738]
Ep  27 [train]:  30%|███       | 44/145 [00:20<00:46,  2.19it/s, loss=0.0746]
Ep  27 [train]:  31%|███       | 45/145 [00:20<00:38,  2.63it/s, loss=0.0746]
Ep  27 [train]:  31%|███       | 45/145 [00:21<00:38,  2.63it/s, loss=0.0748]
Ep  27 [train]:  32%|███▏      | 46/145 [00:21<00:44,  2.22it/s, loss=0.0748]
Ep  27 [train]:  32%|███▏      | 46/145 [00:21<00:44,  2.22it/s, loss=0.0681]
Ep  27 [train]:  32%|███▏      | 47/145 [00:21<00:36,  2.71it/s, loss=0.0681]
Ep  27 [train]:  32%|███▏      | 47/145 [00:22<00:36,  2.71it/s, loss=0.0718]
Ep  27 [train]:  33%|███▎      | 48/145 [00:22<00:45,  2.15it/s, loss=0.0718]
Ep  27 [train]:  33%|███▎      | 48/145 [00:22<00:45,  2.15it/s, loss=0.0700]
Ep  27 [train]:  34%|███▍      | 49/145 [00:22<00:36,  2.62it/s, loss=0.0700]
Ep  27 [train]:  34%|███▍      | 49/145 [00:22<00:36,  2.62it/s, loss=0.0703]
Ep  27 [train]:  34%|███▍      | 50/145 [00:22<00:42,  2.25it/s, loss=0.0703]
Ep  27 [train]:  34%|███▍      | 50/145 [00:23<00:42,  2.25it/s, loss=0.0708]
Ep  27 [train]:  35%|███▌      | 51/145 [00:23<00:34,  2.72it/s, loss=0.0708]
Ep  27 [train]:  35%|███▌      | 51/145 [00:23<00:34,  2.72it/s, loss=0.0815]
Ep  27 [train]:  36%|███▌      | 52/145 [00:23<00:40,  2.32it/s, loss=0.0815]
Ep  27 [train]:  36%|███▌      | 52/145 [00:23<00:40,  2.32it/s, loss=0.0713]
Ep  27 [train]:  37%|███▋      | 53/145 [00:23<00:33,  2.76it/s, loss=0.0713]
Ep  27 [train]:  37%|███▋      | 53/145 [00:24<00:33,  2.76it/s, loss=0.0774]
Ep  27 [train]:  37%|███▋      | 54/145 [00:24<00:39,  2.29it/s, loss=0.0774]
Ep  27 [train]:  37%|███▋      | 54/145 [00:24<00:39,  2.29it/s, loss=0.0727]
Ep  27 [train]:  38%|███▊      | 55/145 [00:24<00:32,  2.78it/s, loss=0.0727]
Ep  27 [train]:  38%|███▊      | 55/145 [00:25<00:32,  2.78it/s, loss=0.0708]
Ep  27 [train]:  39%|███▊      | 56/145 [00:25<00:38,  2.34it/s, loss=0.0708]
Ep  27 [train]:  39%|███▊      | 56/145 [00:25<00:38,  2.34it/s, loss=0.0757]
Ep  27 [train]:  39%|███▉      | 57/145 [00:25<00:31,  2.83it/s, loss=0.0757]
Ep  27 [train]:  39%|███▉      | 57/145 [00:26<00:31,  2.83it/s, loss=0.0706]
Ep  27 [train]:  40%|████      | 58/145 [00:26<00:39,  2.20it/s, loss=0.0706]
Ep  27 [train]:  40%|████      | 58/145 [00:26<00:39,  2.20it/s, loss=0.0754]
Ep  27 [train]:  41%|████      | 59/145 [00:26<00:32,  2.67it/s, loss=0.0754]
Ep  27 [train]:  41%|████      | 59/145 [00:27<00:32,  2.67it/s, loss=0.0803]
Ep  27 [train]:  41%|████▏     | 60/145 [00:27<00:47,  1.81it/s, loss=0.0803]
Ep  27 [train]:  41%|████▏     | 60/145 [00:27<00:47,  1.81it/s, loss=0.0701]
Ep  27 [train]:  42%|████▏     | 61/145 [00:27<00:36,  2.27it/s, loss=0.0701]
Ep  27 [train]:  42%|████▏     | 61/145 [00:28<00:36,  2.27it/s, loss=0.0710]
Ep  27 [train]:  43%|████▎     | 62/145 [00:28<00:46,  1.79it/s, loss=0.0710]
Ep  27 [train]:  43%|████▎     | 62/145 [00:28<00:46,  1.79it/s, loss=0.0694]
Ep  27 [train]:  43%|████▎     | 63/145 [00:28<00:36,  2.23it/s, loss=0.0694]
Ep  27 [train]:  43%|████▎     | 63/145 [00:29<00:36,  2.23it/s, loss=0.0718]
Ep  27 [train]:  44%|████▍     | 64/145 [00:29<00:40,  1.99it/s, loss=0.0718]
Ep  27 [train]:  44%|████▍     | 64/145 [00:29<00:40,  1.99it/s, loss=0.0703]
Ep  27 [train]:  45%|████▍     | 65/145 [00:29<00:32,  2.44it/s, loss=0.0703]
Ep  27 [train]:  45%|████▍     | 65/145 [00:29<00:32,  2.44it/s, loss=0.0723]
Ep  27 [train]:  46%|████▌     | 66/145 [00:29<00:38,  2.05it/s, loss=0.0723]
Ep  27 [train]:  46%|████▌     | 66/145 [00:30<00:38,  2.05it/s, loss=0.0718]
Ep  27 [train]:  46%|████▌     | 67/145 [00:30<00:31,  2.48it/s, loss=0.0718]
Ep  27 [train]:  46%|████▌     | 67/145 [00:30<00:31,  2.48it/s, loss=0.0656]
Ep  27 [train]:  47%|████▋     | 68/145 [00:30<00:37,  2.06it/s, loss=0.0656]
Ep  27 [train]:  47%|████▋     | 68/145 [00:30<00:37,  2.06it/s, loss=0.0721]
Ep  27 [train]:  48%|████▊     | 69/145 [00:30<00:29,  2.54it/s, loss=0.0721]
Ep  27 [train]:  48%|████▊     | 69/145 [00:31<00:29,  2.54it/s, loss=0.0702]
Ep  27 [train]:  48%|████▊     | 70/145 [00:31<00:36,  2.06it/s, loss=0.0702]
Ep  27 [train]:  48%|████▊     | 70/145 [00:31<00:36,  2.06it/s, loss=0.0664]
Ep  27 [train]:  49%|████▉     | 71/145 [00:31<00:29,  2.54it/s, loss=0.0664]
Ep  27 [train]:  49%|████▉     | 71/145 [00:32<00:29,  2.54it/s, loss=0.0712]
Ep  27 [train]:  50%|████▉     | 72/145 [00:32<00:34,  2.10it/s, loss=0.0712]
Ep  27 [train]:  50%|████▉     | 72/145 [00:32<00:34,  2.10it/s, loss=0.0739]
Ep  27 [train]:  50%|█████     | 73/145 [00:32<00:27,  2.59it/s, loss=0.0739]
Ep  27 [train]:  50%|█████     | 73/145 [00:33<00:27,  2.59it/s, loss=0.0630]
Ep  27 [train]:  51%|█████     | 74/145 [00:33<00:33,  2.11it/s, loss=0.0630]
Ep  27 [train]:  51%|█████     | 74/145 [00:33<00:33,  2.11it/s, loss=0.0701]
Ep  27 [train]:  52%|█████▏    | 75/145 [00:33<00:27,  2.58it/s, loss=0.0701]
Ep  27 [train]:  52%|█████▏    | 75/145 [00:34<00:27,  2.58it/s, loss=0.0703]
Ep  27 [train]:  52%|█████▏    | 76/145 [00:34<00:31,  2.21it/s, loss=0.0703]
Ep  27 [train]:  52%|█████▏    | 76/145 [00:34<00:31,  2.21it/s, loss=0.0724]
Ep  27 [train]:  53%|█████▎    | 77/145 [00:34<00:25,  2.70it/s, loss=0.0724]
Ep  27 [train]:  53%|█████▎    | 77/145 [00:35<00:25,  2.70it/s, loss=0.0702]
Ep  27 [train]:  54%|█████▍    | 78/145 [00:35<00:31,  2.14it/s, loss=0.0702]
Ep  27 [train]:  54%|█████▍    | 78/145 [00:35<00:31,  2.14it/s, loss=0.0833]
Ep  27 [train]:  54%|█████▍    | 79/145 [00:35<00:25,  2.59it/s, loss=0.0833]
Ep  27 [train]:  54%|█████▍    | 79/145 [00:35<00:25,  2.59it/s, loss=0.0780]
Ep  27 [train]:  55%|█████▌    | 80/145 [00:35<00:30,  2.16it/s, loss=0.0780]
Ep  27 [train]:  55%|█████▌    | 80/145 [00:36<00:30,  2.16it/s, loss=0.0693]
Ep  27 [train]:  56%|█████▌    | 81/145 [00:36<00:24,  2.65it/s, loss=0.0693]
Ep  27 [train]:  56%|█████▌    | 81/145 [00:36<00:24,  2.65it/s, loss=0.0699]
Ep  27 [train]:  57%|█████▋    | 82/145 [00:36<00:28,  2.18it/s, loss=0.0699]
Ep  27 [train]:  57%|█████▋    | 82/145 [00:36<00:28,  2.18it/s, loss=0.0648]
Ep  27 [train]:  57%|█████▋    | 83/145 [00:36<00:23,  2.67it/s, loss=0.0648]
Ep  27 [train]:  57%|█████▋    | 83/145 [00:37<00:23,  2.67it/s, loss=0.0740]
Ep  27 [train]:  58%|█████▊    | 84/145 [00:37<00:27,  2.18it/s, loss=0.0740]
Ep  27 [train]:  58%|█████▊    | 84/145 [00:37<00:27,  2.18it/s, loss=0.0779]
Ep  27 [train]:  59%|█████▊    | 85/145 [00:37<00:22,  2.66it/s, loss=0.0779]
Ep  27 [train]:  59%|█████▊    | 85/145 [00:38<00:22,  2.66it/s, loss=0.0725]
Ep  27 [train]:  59%|█████▉    | 86/145 [00:38<00:26,  2.19it/s, loss=0.0725]
Ep  27 [train]:  59%|█████▉    | 86/145 [00:38<00:26,  2.19it/s, loss=0.0694]
Ep  27 [train]:  60%|██████    | 87/145 [00:38<00:22,  2.58it/s, loss=0.0694]
Ep  27 [train]:  60%|██████    | 87/145 [00:39<00:22,  2.58it/s, loss=0.0724]
Ep  27 [train]:  61%|██████    | 88/145 [00:39<00:27,  2.10it/s, loss=0.0724]
Ep  27 [train]:  61%|██████    | 88/145 [00:39<00:27,  2.10it/s, loss=0.0717]
Ep  27 [train]:  61%|██████▏   | 89/145 [00:39<00:21,  2.57it/s, loss=0.0717]
Ep  27 [train]:  61%|██████▏   | 89/145 [00:40<00:21,  2.57it/s, loss=0.0733]
Ep  27 [train]:  62%|██████▏   | 90/145 [00:40<00:24,  2.22it/s, loss=0.0733]
Ep  27 [train]:  62%|██████▏   | 90/145 [00:40<00:24,  2.22it/s, loss=0.0710]
Ep  27 [train]:  63%|██████▎   | 91/145 [00:40<00:19,  2.70it/s, loss=0.0710]
Ep  27 [train]:  63%|██████▎   | 91/145 [00:40<00:19,  2.70it/s, loss=0.0663]
Ep  27 [train]:  63%|██████▎   | 92/145 [00:40<00:24,  2.20it/s, loss=0.0663]
Ep  27 [train]:  63%|██████▎   | 92/145 [00:41<00:24,  2.20it/s, loss=0.0782]
Ep  27 [train]:  64%|██████▍   | 93/145 [00:41<00:19,  2.68it/s, loss=0.0782]
Ep  27 [train]:  64%|██████▍   | 93/145 [00:41<00:19,  2.68it/s, loss=0.0742]
Ep  27 [train]:  65%|██████▍   | 94/145 [00:41<00:22,  2.22it/s, loss=0.0742]
Ep  27 [train]:  65%|██████▍   | 94/145 [00:41<00:22,  2.22it/s, loss=0.0739]
Ep  27 [train]:  66%|██████▌   | 95/145 [00:41<00:18,  2.69it/s, loss=0.0739]
Ep  27 [train]:  66%|██████▌   | 95/145 [00:42<00:18,  2.69it/s, loss=0.0732]
Ep  27 [train]:  66%|██████▌   | 96/145 [00:42<00:22,  2.20it/s, loss=0.0732]
Ep  27 [train]:  66%|██████▌   | 96/145 [00:42<00:22,  2.20it/s, loss=0.0652]
Ep  27 [train]:  67%|██████▋   | 97/145 [00:42<00:19,  2.41it/s, loss=0.0652]
Ep  27 [train]:  67%|██████▋   | 97/145 [00:43<00:19,  2.41it/s, loss=0.0696]
Ep  27 [train]:  68%|██████▊   | 98/145 [00:43<00:21,  2.20it/s, loss=0.0696]
Ep  27 [train]:  68%|██████▊   | 98/145 [00:43<00:21,  2.20it/s, loss=0.0707]
Ep  27 [train]:  68%|██████▊   | 99/145 [00:43<00:21,  2.10it/s, loss=0.0707]
Ep  27 [train]:  68%|██████▊   | 99/145 [00:44<00:21,  2.10it/s, loss=0.0793]
Ep  27 [train]:  69%|██████▉   | 100/145 [00:44<00:19,  2.33it/s, loss=0.0793]
Ep  27 [train]:  69%|██████▉   | 100/145 [00:44<00:19,  2.33it/s, loss=0.0699]
Ep  27 [train]:  70%|██████▉   | 101/145 [00:44<00:23,  1.91it/s, loss=0.0699]
Ep  27 [train]:  70%|██████▉   | 101/145 [00:45<00:23,  1.91it/s, loss=0.0719]
Ep  27 [train]:  70%|███████   | 102/145 [00:45<00:18,  2.38it/s, loss=0.0719]
Ep  27 [train]:  70%|███████   | 102/145 [00:46<00:18,  2.38it/s, loss=0.0713]
Ep  27 [train]:  71%|███████   | 103/145 [00:46<00:23,  1.82it/s, loss=0.0713]
Ep  27 [train]:  71%|███████   | 103/145 [00:46<00:23,  1.82it/s, loss=0.0710]
Ep  27 [train]:  72%|███████▏  | 104/145 [00:46<00:18,  2.27it/s, loss=0.0710]
Ep  27 [train]:  72%|███████▏  | 104/145 [00:47<00:18,  2.27it/s, loss=0.0676]
Ep  27 [train]:  72%|███████▏  | 105/145 [00:47<00:22,  1.79it/s, loss=0.0676]
Ep  27 [train]:  72%|███████▏  | 105/145 [00:47<00:22,  1.79it/s, loss=0.0674]
Ep  27 [train]:  73%|███████▎  | 106/145 [00:47<00:17,  2.26it/s, loss=0.0674]
Ep  27 [train]:  73%|███████▎  | 106/145 [00:48<00:17,  2.26it/s, loss=0.0721]
Ep  27 [train]:  74%|███████▍  | 107/145 [00:48<00:21,  1.73it/s, loss=0.0721]
Ep  27 [train]:  74%|███████▍  | 107/145 [00:48<00:21,  1.73it/s, loss=0.0709]
Ep  27 [train]:  74%|███████▍  | 108/145 [00:48<00:17,  2.17it/s, loss=0.0709]
Ep  27 [train]:  74%|███████▍  | 108/145 [00:49<00:17,  2.17it/s, loss=0.0710]
Ep  27 [train]:  75%|███████▌  | 109/145 [00:49<00:19,  1.81it/s, loss=0.0710]
Ep  27 [train]:  75%|███████▌  | 109/145 [00:49<00:19,  1.81it/s, loss=0.0729]
Ep  27 [train]:  76%|███████▌  | 110/145 [00:49<00:15,  2.26it/s, loss=0.0729]
Ep  27 [train]:  76%|███████▌  | 110/145 [00:49<00:15,  2.26it/s, loss=0.0689]
Ep  27 [train]:  77%|███████▋  | 111/145 [00:49<00:18,  1.88it/s, loss=0.0689]
Ep  27 [train]:  77%|███████▋  | 111/145 [00:50<00:18,  1.88it/s, loss=0.0825]
Ep  27 [train]:  77%|███████▋  | 112/145 [00:50<00:14,  2.31it/s, loss=0.0825]
Ep  27 [train]:  77%|███████▋  | 112/145 [00:50<00:14,  2.31it/s, loss=0.0699]
Ep  27 [train]:  78%|███████▊  | 113/145 [00:50<00:15,  2.02it/s, loss=0.0699]
Ep  27 [train]:  78%|███████▊  | 113/145 [00:51<00:15,  2.02it/s, loss=0.0706]
Ep  27 [train]:  79%|███████▊  | 114/145 [00:51<00:12,  2.45it/s, loss=0.0706]
Ep  27 [train]:  79%|███████▊  | 114/145 [00:51<00:12,  2.45it/s, loss=0.0685]
Ep  27 [train]:  79%|███████▉  | 115/145 [00:51<00:14,  2.08it/s, loss=0.0685]
Ep  27 [train]:  79%|███████▉  | 115/145 [00:51<00:14,  2.08it/s, loss=0.0781]
Ep  27 [train]:  80%|████████  | 116/145 [00:51<00:11,  2.52it/s, loss=0.0781]
Ep  27 [train]:  80%|████████  | 116/145 [00:52<00:11,  2.52it/s, loss=0.0682]
Ep  27 [train]:  81%|████████  | 117/145 [00:52<00:13,  2.15it/s, loss=0.0682]
Ep  27 [train]:  81%|████████  | 117/145 [00:52<00:13,  2.15it/s, loss=0.0760]
Ep  27 [train]:  81%|████████▏ | 118/145 [00:52<00:10,  2.60it/s, loss=0.0760]
Ep  27 [train]:  81%|████████▏ | 118/145 [00:53<00:10,  2.60it/s, loss=0.0699]
Ep  27 [train]:  82%|████████▏ | 119/145 [00:53<00:11,  2.20it/s, loss=0.0699]
Ep  27 [train]:  82%|████████▏ | 119/145 [00:53<00:11,  2.20it/s, loss=0.0716]
Ep  27 [train]:  83%|████████▎ | 120/145 [00:53<00:09,  2.70it/s, loss=0.0716]
Ep  27 [train]:  83%|████████▎ | 120/145 [00:54<00:09,  2.70it/s, loss=0.0785]
Ep  27 [train]:  83%|████████▎ | 121/145 [00:54<00:10,  2.27it/s, loss=0.0785]
Ep  27 [train]:  83%|████████▎ | 121/145 [00:54<00:10,  2.27it/s, loss=0.0678]
Ep  27 [train]:  84%|████████▍ | 122/145 [00:54<00:08,  2.76it/s, loss=0.0678]
Ep  27 [train]:  84%|████████▍ | 122/145 [00:54<00:08,  2.76it/s, loss=0.0802]
Ep  27 [train]:  85%|████████▍ | 123/145 [00:54<00:09,  2.38it/s, loss=0.0802]
Ep  27 [train]:  85%|████████▍ | 123/145 [00:55<00:09,  2.38it/s, loss=0.0745]
Ep  27 [train]:  86%|████████▌ | 124/145 [00:55<00:07,  2.81it/s, loss=0.0745]
Ep  27 [train]:  86%|████████▌ | 124/145 [00:55<00:07,  2.81it/s, loss=0.0702]
Ep  27 [train]:  86%|████████▌ | 125/145 [00:55<00:09,  2.19it/s, loss=0.0702]
Ep  27 [train]:  86%|████████▌ | 125/145 [00:55<00:09,  2.19it/s, loss=0.0749]
Ep  27 [train]:  87%|████████▋ | 126/145 [00:55<00:07,  2.63it/s, loss=0.0749]
Ep  27 [train]:  87%|████████▋ | 126/145 [00:56<00:07,  2.63it/s, loss=0.0807]
Ep  27 [train]:  88%|████████▊ | 127/145 [00:56<00:09,  1.97it/s, loss=0.0807]
Ep  27 [train]:  88%|████████▊ | 127/145 [00:56<00:09,  1.97it/s, loss=0.0780]
Ep  27 [train]:  88%|████████▊ | 128/145 [00:56<00:06,  2.45it/s, loss=0.0780]
Ep  27 [train]:  88%|████████▊ | 128/145 [00:57<00:06,  2.45it/s, loss=0.0652]
Ep  27 [train]:  89%|████████▉ | 129/145 [00:57<00:08,  1.94it/s, loss=0.0652]
Ep  27 [train]:  89%|████████▉ | 129/145 [00:57<00:08,  1.94it/s, loss=0.0746]
Ep  27 [train]:  90%|████████▉ | 130/145 [00:57<00:06,  2.39it/s, loss=0.0746]
Ep  27 [train]:  90%|████████▉ | 130/145 [00:58<00:06,  2.39it/s, loss=0.0680]
Ep  27 [train]:  90%|█████████ | 131/145 [00:58<00:07,  1.85it/s, loss=0.0680]
Ep  27 [train]:  90%|█████████ | 131/145 [00:58<00:07,  1.85it/s, loss=0.0710]
Ep  27 [train]:  91%|█████████ | 132/145 [00:58<00:05,  2.31it/s, loss=0.0710]
Ep  27 [train]:  91%|█████████ | 132/145 [00:59<00:05,  2.31it/s, loss=0.0679]
Ep  27 [train]:  92%|█████████▏| 133/145 [00:59<00:06,  1.78it/s, loss=0.0679]
Ep  27 [train]:  92%|█████████▏| 133/145 [00:59<00:06,  1.78it/s, loss=0.0656]
Ep  27 [train]:  92%|█████████▏| 134/145 [00:59<00:05,  2.19it/s, loss=0.0656]
Ep  27 [train]:  92%|█████████▏| 134/145 [01:00<00:05,  2.19it/s, loss=0.0665]
Ep  27 [train]:  93%|█████████▎| 135/145 [01:00<00:05,  1.80it/s, loss=0.0665]
Ep  27 [train]:  93%|█████████▎| 135/145 [01:00<00:05,  1.80it/s, loss=0.0850]
Ep  27 [train]:  94%|█████████▍| 136/145 [01:00<00:04,  2.20it/s, loss=0.0850]
Ep  27 [train]:  94%|█████████▍| 136/145 [01:01<00:04,  2.20it/s, loss=0.0703]
Ep  27 [train]:  94%|█████████▍| 137/145 [01:01<00:04,  1.82it/s, loss=0.0703]
Ep  27 [train]:  94%|█████████▍| 137/145 [01:01<00:04,  1.82it/s, loss=0.0744]
Ep  27 [train]:  95%|█████████▌| 138/145 [01:01<00:03,  2.28it/s, loss=0.0744]
Ep  27 [train]:  95%|█████████▌| 138/145 [01:02<00:03,  2.28it/s, loss=0.0689]
Ep  27 [train]:  96%|█████████▌| 139/145 [01:02<00:03,  1.85it/s, loss=0.0689]
Ep  27 [train]:  96%|█████████▌| 139/145 [01:02<00:03,  1.85it/s, loss=0.0708]
Ep  27 [train]:  97%|█████████▋| 140/145 [01:02<00:02,  2.31it/s, loss=0.0708]
Ep  27 [train]:  97%|█████████▋| 140/145 [01:03<00:02,  2.31it/s, loss=0.0698]
Ep  27 [train]:  97%|█████████▋| 141/145 [01:03<00:02,  1.86it/s, loss=0.0698]
Ep  27 [train]:  97%|█████████▋| 141/145 [01:03<00:02,  1.86it/s, loss=0.0706]
Ep  27 [train]:  98%|█████████▊| 142/145 [01:03<00:01,  2.31it/s, loss=0.0706]
Ep  27 [train]:  98%|█████████▊| 142/145 [01:04<00:01,  2.31it/s, loss=0.0768]
Ep  27 [train]:  99%|█████████▊| 143/145 [01:04<00:00,  2.01it/s, loss=0.0768]
Ep  27 [train]:  99%|█████████▊| 143/145 [01:04<00:00,  2.01it/s, loss=0.0684]
Ep  27 [train]:  99%|█████████▉| 144/145 [01:04<00:00,  2.48it/s, loss=0.0684]
Ep  27 [train]:  99%|█████████▉| 144/145 [01:05<00:00,  2.48it/s, loss=0.0708]
Ep  27 [train]: 100%|██████████| 145/145 [01:05<00:00,  2.14it/s, loss=0.0708]
                                                                              
  Ep  27 [train]  loss=0.0719  rmse_c=0.2377  mae_c=0.2145  r2_c=0.034  rmse_h=0.2961  mae_h=0.2184  r2_h=0.493  sup=0.322

Ep  27 [val  ]:   0%|          | 0/39 [00:00<?, ?it/s]
Ep  27 [val  ]:   0%|          | 0/39 [00:01<?, ?it/s, loss=0.0917]
Ep  27 [val  ]:   3%|▎         | 1/39 [00:01<00:40,  1.07s/it, loss=0.0917]
Ep  27 [val  ]:   3%|▎         | 1/39 [00:01<00:40,  1.07s/it, loss=0.0867]
Ep  27 [val  ]:   3%|▎         | 1/39 [00:02<00:40,  1.07s/it, loss=0.0737]
Ep  27 [val  ]:   8%|▊         | 3/39 [00:02<00:22,  1.60it/s, loss=0.0737]
Ep  27 [val  ]:   8%|▊         | 3/39 [00:02<00:22,  1.60it/s, loss=0.0764]
Ep  27 [val  ]:   8%|▊         | 3/39 [00:02<00:22,  1.60it/s, loss=0.0718]
Ep  27 [val  ]:  13%|█▎        | 5/39 [00:02<00:17,  1.90it/s, loss=0.0718]
Ep  27 [val  ]:  13%|█▎        | 5/39 [00:02<00:17,  1.90it/s, loss=0.0797]
Ep  27 [val  ]:  13%|█▎        | 5/39 [00:03<00:17,  1.90it/s, loss=0.0690]
Ep  27 [val  ]:  18%|█▊        | 7/39 [00:03<00:15,  2.04it/s, loss=0.0690]
Ep  27 [val  ]:  18%|█▊        | 7/39 [00:03<00:15,  2.04it/s, loss=0.0718]
Ep  27 [val  ]:  18%|█▊        | 7/39 [00:04<00:15,  2.04it/s, loss=0.0676]
Ep  27 [val  ]:  23%|██▎       | 9/39 [00:04<00:14,  2.12it/s, loss=0.0676]
Ep  27 [val  ]:  23%|██▎       | 9/39 [00:04<00:14,  2.12it/s, loss=0.0654]
Ep  27 [val  ]:  26%|██▌       | 10/39 [00:04<00:11,  2.53it/s, loss=0.0654]
Ep  27 [val  ]:  26%|██▌       | 10/39 [00:05<00:11,  2.53it/s, loss=0.0676]
Ep  27 [val  ]:  28%|██▊       | 11/39 [00:05<00:13,  2.09it/s, loss=0.0676]
Ep  27 [val  ]:  28%|██▊       | 11/39 [00:05<00:13,  2.09it/s, loss=0.0703]
Ep  27 [val  ]:  31%|███       | 12/39 [00:05<00:10,  2.58it/s, loss=0.0703]
Ep  27 [val  ]:  31%|███       | 12/39 [00:06<00:10,  2.58it/s, loss=0.0736]
Ep  27 [val  ]:  33%|███▎      | 13/39 [00:06<00:11,  2.18it/s, loss=0.0736]
Ep  27 [val  ]:  33%|███▎      | 13/39 [00:06<00:11,  2.18it/s, loss=0.0797]
Ep  27 [val  ]:  36%|███▌      | 14/39 [00:06<00:09,  2.77it/s, loss=0.0797]
Ep  27 [val  ]:  36%|███▌      | 14/39 [00:07<00:09,  2.77it/s, loss=0.0904]
Ep  27 [val  ]:  38%|███▊      | 15/39 [00:07<00:11,  2.12it/s, loss=0.0904]
Ep  27 [val  ]:  38%|███▊      | 15/39 [00:07<00:11,  2.12it/s, loss=0.0920]
Ep  27 [val  ]:  41%|████      | 16/39 [00:07<00:08,  2.59it/s, loss=0.0920]
Ep  27 [val  ]:  41%|████      | 16/39 [00:07<00:08,  2.59it/s, loss=0.0896]
Ep  27 [val  ]:  44%|████▎     | 17/39 [00:07<00:10,  2.14it/s, loss=0.0896]
Ep  27 [val  ]:  44%|████▎     | 17/39 [00:08<00:10,  2.14it/s, loss=0.0808]
Ep  27 [val  ]:  46%|████▌     | 18/39 [00:08<00:07,  2.77it/s, loss=0.0808]
Ep  27 [val  ]:  46%|████▌     | 18/39 [00:08<00:07,  2.77it/s, loss=0.0727]
Ep  27 [val  ]:  49%|████▊     | 19/39 [00:08<00:09,  2.12it/s, loss=0.0727]
Ep  27 [val  ]:  49%|████▊     | 19/39 [00:08<00:09,  2.12it/s, loss=0.0631]
Ep  27 [val  ]:  49%|████▊     | 19/39 [00:09<00:09,  2.12it/s, loss=0.0565]
Ep  27 [val  ]:  54%|█████▍    | 21/39 [00:09<00:08,  2.15it/s, loss=0.0565]
Ep  27 [val  ]:  54%|█████▍    | 21/39 [00:09<00:08,  2.15it/s, loss=0.0637]
Ep  27 [val  ]:  54%|█████▍    | 21/39 [00:10<00:08,  2.15it/s, loss=0.0590]
Ep  27 [val  ]:  59%|█████▉    | 23/39 [00:10<00:07,  2.19it/s, loss=0.0590]
Ep  27 [val  ]:  59%|█████▉    | 23/39 [00:10<00:07,  2.19it/s, loss=0.0626]
Ep  27 [val  ]:  59%|█████▉    | 23/39 [00:11<00:07,  2.19it/s, loss=0.0624]
Ep  27 [val  ]:  64%|██████▍   | 25/39 [00:11<00:06,  2.14it/s, loss=0.0624]
Ep  27 [val  ]:  64%|██████▍   | 25/39 [00:11<00:06,  2.14it/s, loss=0.0701]
Ep  27 [val  ]:  64%|██████▍   | 25/39 [00:12<00:06,  2.14it/s, loss=0.0793]
Ep  27 [val  ]:  69%|██████▉   | 27/39 [00:12<00:05,  2.19it/s, loss=0.0793]
Ep  27 [val  ]:  69%|██████▉   | 27/39 [00:12<00:05,  2.19it/s, loss=0.1194]
Ep  27 [val  ]:  69%|██████▉   | 27/39 [00:13<00:05,  2.19it/s, loss=0.0909]
Ep  27 [val  ]:  74%|███████▍  | 29/39 [00:13<00:04,  2.14it/s, loss=0.0909]
Ep  27 [val  ]:  74%|███████▍  | 29/39 [00:13<00:04,  2.14it/s, loss=0.0825]
Ep  27 [val  ]:  74%|███████▍  | 29/39 [00:14<00:04,  2.14it/s, loss=0.0811]
Ep  27 [val  ]:  79%|███████▉  | 31/39 [00:14<00:03,  2.15it/s, loss=0.0811]
Ep  27 [val  ]:  79%|███████▉  | 31/39 [00:14<00:03,  2.15it/s, loss=0.0688]
Ep  27 [val  ]:  79%|███████▉  | 31/39 [00:15<00:03,  2.15it/s, loss=0.0731]
Ep  27 [val  ]:  85%|████████▍ | 33/39 [00:15<00:02,  2.23it/s, loss=0.0731]
Ep  27 [val  ]:  85%|████████▍ | 33/39 [00:15<00:02,  2.23it/s, loss=0.0707]
Ep  27 [val  ]:  87%|████████▋ | 34/39 [00:15<00:01,  2.59it/s, loss=0.0707]
Ep  27 [val  ]:  87%|████████▋ | 34/39 [00:16<00:01,  2.59it/s, loss=0.0751]
Ep  27 [val  ]:  90%|████████▉ | 35/39 [00:16<00:01,  2.13it/s, loss=0.0751]
Ep  27 [val  ]:  90%|████████▉ | 35/39 [00:16<00:01,  2.13it/s, loss=0.0690]
Ep  27 [val  ]:  90%|████████▉ | 35/39 [00:16<00:01,  2.13it/s, loss=0.0691]
Ep  27 [val  ]:  95%|█████████▍| 37/39 [00:16<00:00,  2.18it/s, loss=0.0691]
Ep  27 [val  ]:  95%|█████████▍| 37/39 [00:17<00:00,  2.18it/s, loss=0.0596]
Ep  27 [val  ]:  95%|█████████▍| 37/39 [00:17<00:00,  2.18it/s, loss=0.0690]
Ep  27 [val  ]: 100%|██████████| 39/39 [00:17<00:00,  3.16it/s, loss=0.0690]
                                                                            
  Ep  27 [val  ]  loss=0.0747  rmse_c=0.2438  mae_c=0.2187  r2_c=0.024  rmse_h=0.3024  mae_h=0.2192  r2_h=0.430  sup=0.308

Ep  28 [train]:   0%|          | 0/145 [00:00<?, ?it/s]
Ep  28 [train]:   0%|          | 0/145 [00:01<?, ?it/s, loss=0.0651]
Ep  28 [train]:   1%|          | 1/145 [00:01<02:44,  1.14s/it, loss=0.0651]
Ep  28 [train]:   1%|          | 1/145 [00:01<02:44,  1.14s/it, loss=0.0729]
Ep  28 [train]:   1%|▏         | 2/145 [00:01<01:22,  1.72it/s, loss=0.0729]
Ep  28 [train]:   1%|▏         | 2/145 [00:01<01:22,  1.72it/s, loss=0.0669]
Ep  28 [train]:   2%|▏         | 3/145 [00:01<01:27,  1.63it/s, loss=0.0669]
Ep  28 [train]:   2%|▏         | 3/145 [00:02<01:27,  1.63it/s, loss=0.0763]
Ep  28 [train]:   3%|▎         | 4/145 [00:02<01:03,  2.22it/s, loss=0.0763]
Ep  28 [train]:   3%|▎         | 4/145 [00:02<01:03,  2.22it/s, loss=0.0711]
Ep  28 [train]:   3%|▎         | 5/145 [00:02<01:16,  1.82it/s, loss=0.0711]
Ep  28 [train]:   3%|▎         | 5/145 [00:03<01:16,  1.82it/s, loss=0.0698]
Ep  28 [train]:   4%|▍         | 6/145 [00:03<00:59,  2.35it/s, loss=0.0698]
Ep  28 [train]:   4%|▍         | 6/145 [00:03<00:59,  2.35it/s, loss=0.0754]
Ep  28 [train]:   5%|▍         | 7/145 [00:03<01:14,  1.86it/s, loss=0.0754]
Ep  28 [train]:   5%|▍         | 7/145 [00:04<01:14,  1.86it/s, loss=0.0688]
Ep  28 [train]:   6%|▌         | 8/145 [00:04<00:58,  2.35it/s, loss=0.0688]
Ep  28 [train]:   6%|▌         | 8/145 [00:04<00:58,  2.35it/s, loss=0.0697]
Ep  28 [train]:   6%|▌         | 9/145 [00:04<01:10,  1.92it/s, loss=0.0697]
Ep  28 [train]:   6%|▌         | 9/145 [00:04<01:10,  1.92it/s, loss=0.0790]
Ep  28 [train]:   7%|▋         | 10/145 [00:04<00:56,  2.40it/s, loss=0.0790]
Ep  28 [train]:   7%|▋         | 10/145 [00:05<00:56,  2.40it/s, loss=0.0698]
Ep  28 [train]:   8%|▊         | 11/145 [00:05<01:04,  2.09it/s, loss=0.0698]
Ep  28 [train]:   8%|▊         | 11/145 [00:05<01:04,  2.09it/s, loss=0.0759]
Ep  28 [train]:   8%|▊         | 12/145 [00:05<00:52,  2.55it/s, loss=0.0759]
Ep  28 [train]:   8%|▊         | 12/145 [00:06<00:52,  2.55it/s, loss=0.0731]
Ep  28 [train]:   9%|▉         | 13/145 [00:06<01:02,  2.12it/s, loss=0.0731]
Ep  28 [train]:   9%|▉         | 13/145 [00:06<01:02,  2.12it/s, loss=0.0735]
Ep  28 [train]:  10%|▉         | 14/145 [00:06<00:51,  2.56it/s, loss=0.0735]
Ep  28 [train]:  10%|▉         | 14/145 [00:07<00:51,  2.56it/s, loss=0.0681]
Ep  28 [train]:  10%|█         | 15/145 [00:07<01:05,  1.98it/s, loss=0.0681]
Ep  28 [train]:  10%|█         | 15/145 [00:07<01:05,  1.98it/s, loss=0.0720]
Ep  28 [train]:  11%|█         | 16/145 [00:07<00:52,  2.44it/s, loss=0.0720]
Ep  28 [train]:  11%|█         | 16/145 [00:08<00:52,  2.44it/s, loss=0.0748]
Ep  28 [train]:  12%|█▏        | 17/145 [00:08<01:07,  1.89it/s, loss=0.0748]
Ep  28 [train]:  12%|█▏        | 17/145 [00:08<01:07,  1.89it/s, loss=0.0733]
Ep  28 [train]:  12%|█▏        | 18/145 [00:08<00:54,  2.34it/s, loss=0.0733]
Ep  28 [train]:  12%|█▏        | 18/145 [00:09<00:54,  2.34it/s, loss=0.0682]
Ep  28 [train]:  13%|█▎        | 19/145 [00:09<01:07,  1.87it/s, loss=0.0682]
Ep  28 [train]:  13%|█▎        | 19/145 [00:09<01:07,  1.87it/s, loss=0.0699]
Ep  28 [train]:  14%|█▍        | 20/145 [00:09<00:53,  2.34it/s, loss=0.0699]
Ep  28 [train]:  14%|█▍        | 20/145 [00:10<00:53,  2.34it/s, loss=0.0718]
Ep  28 [train]:  14%|█▍        | 21/145 [00:10<01:07,  1.84it/s, loss=0.0718]
Ep  28 [train]:  14%|█▍        | 21/145 [00:10<01:07,  1.84it/s, loss=0.0687]
Ep  28 [train]:  15%|█▌        | 22/145 [00:10<00:53,  2.28it/s, loss=0.0687]
Ep  28 [train]:  15%|█▌        | 22/145 [00:11<00:53,  2.28it/s, loss=0.0702]
Ep  28 [train]:  16%|█▌        | 23/145 [00:11<01:06,  1.85it/s, loss=0.0702]
Ep  28 [train]:  16%|█▌        | 23/145 [00:11<01:06,  1.85it/s, loss=0.0750]
Ep  28 [train]:  17%|█▋        | 24/145 [00:11<00:52,  2.31it/s, loss=0.0750]
Ep  28 [train]:  17%|█▋        | 24/145 [00:12<00:52,  2.31it/s, loss=0.0730]
Ep  28 [train]:  17%|█▋        | 25/145 [00:12<01:03,  1.88it/s, loss=0.0730]
Ep  28 [train]:  17%|█▋        | 25/145 [00:12<01:03,  1.88it/s, loss=0.0703]
Ep  28 [train]:  18%|█▊        | 26/145 [00:12<00:51,  2.32it/s, loss=0.0703]
Ep  28 [train]:  18%|█▊        | 26/145 [00:13<00:51,  2.32it/s, loss=0.0707]
Ep  28 [train]:  19%|█▊        | 27/145 [00:13<01:00,  1.96it/s, loss=0.0707]
Ep  28 [train]:  19%|█▊        | 27/145 [00:13<01:00,  1.96it/s, loss=0.0702]
Ep  28 [train]:  19%|█▉        | 28/145 [00:13<00:49,  2.37it/s, loss=0.0702]
Ep  28 [train]:  19%|█▉        | 28/145 [00:14<00:49,  2.37it/s, loss=0.0747]
Ep  28 [train]:  20%|██        | 29/145 [00:14<00:59,  1.95it/s, loss=0.0747]
Ep  28 [train]:  20%|██        | 29/145 [00:14<00:59,  1.95it/s, loss=0.0703]
Ep  28 [train]:  21%|██        | 30/145 [00:14<00:48,  2.39it/s, loss=0.0703]
Ep  28 [train]:  21%|██        | 30/145 [00:14<00:48,  2.39it/s, loss=0.0709]
Ep  28 [train]:  21%|██▏       | 31/145 [00:14<00:55,  2.04it/s, loss=0.0709]
Ep  28 [train]:  21%|██▏       | 31/145 [00:15<00:55,  2.04it/s, loss=0.0735]
Ep  28 [train]:  22%|██▏       | 32/145 [00:15<00:45,  2.50it/s, loss=0.0735]
Ep  28 [train]:  22%|██▏       | 32/145 [00:15<00:45,  2.50it/s, loss=0.0659]
Ep  28 [train]:  23%|██▎       | 33/145 [00:15<00:56,  1.97it/s, loss=0.0659]
Ep  28 [train]:  23%|██▎       | 33/145 [00:16<00:56,  1.97it/s, loss=0.0723]
Ep  28 [train]:  23%|██▎       | 34/145 [00:16<00:45,  2.44it/s, loss=0.0723]
Ep  28 [train]:  23%|██▎       | 34/145 [00:16<00:45,  2.44it/s, loss=0.0670]
Ep  28 [train]:  24%|██▍       | 35/145 [00:16<00:57,  1.90it/s, loss=0.0670]
Ep  28 [train]:  24%|██▍       | 35/145 [00:17<00:57,  1.90it/s, loss=0.0697]
Ep  28 [train]:  25%|██▍       | 36/145 [00:17<00:46,  2.34it/s, loss=0.0697]
Ep  28 [train]:  25%|██▍       | 36/145 [00:17<00:46,  2.34it/s, loss=0.0702]
Ep  28 [train]:  26%|██▌       | 37/145 [00:17<00:54,  2.00it/s, loss=0.0702]
Ep  28 [train]:  26%|██▌       | 37/145 [00:17<00:54,  2.00it/s, loss=0.0768]
Ep  28 [train]:  26%|██▌       | 38/145 [00:17<00:43,  2.44it/s, loss=0.0768]
Ep  28 [train]:  26%|██▌       | 38/145 [00:18<00:43,  2.44it/s, loss=0.0711]
Ep  28 [train]:  27%|██▋       | 39/145 [00:18<00:54,  1.94it/s, loss=0.0711]
Ep  28 [train]:  27%|██▋       | 39/145 [00:18<00:54,  1.94it/s, loss=0.0732]
Ep  28 [train]:  28%|██▊       | 40/145 [00:18<00:44,  2.37it/s, loss=0.0732]
Ep  28 [train]:  28%|██▊       | 40/145 [00:19<00:44,  2.37it/s, loss=0.0647]
Ep  28 [train]:  28%|██▊       | 41/145 [00:19<00:53,  1.95it/s, loss=0.0647]
Ep  28 [train]:  28%|██▊       | 41/145 [00:19<00:53,  1.95it/s, loss=0.0718]
Ep  28 [train]:  29%|██▉       | 42/145 [00:19<00:43,  2.36it/s, loss=0.0718]
Ep  28 [train]:  29%|██▉       | 42/145 [00:20<00:43,  2.36it/s, loss=0.0671]
Ep  28 [train]:  30%|██▉       | 43/145 [00:20<00:54,  1.88it/s, loss=0.0671]
Ep  28 [train]:  30%|██▉       | 43/145 [00:20<00:54,  1.88it/s, loss=0.0743]
Ep  28 [train]:  30%|███       | 44/145 [00:20<00:43,  2.31it/s, loss=0.0743]
Ep  28 [train]:  30%|███       | 44/145 [00:21<00:43,  2.31it/s, loss=0.0707]
Ep  28 [train]:  31%|███       | 45/145 [00:21<00:53,  1.88it/s, loss=0.0707]
Ep  28 [train]:  31%|███       | 45/145 [00:21<00:53,  1.88it/s, loss=0.0809]
Ep  28 [train]:  32%|███▏      | 46/145 [00:21<00:42,  2.32it/s, loss=0.0809]
Ep  28 [train]:  32%|███▏      | 46/145 [00:22<00:42,  2.32it/s, loss=0.0750]
Ep  28 [train]:  32%|███▏      | 47/145 [00:22<00:51,  1.90it/s, loss=0.0750]
Ep  28 [train]:  32%|███▏      | 47/145 [00:22<00:51,  1.90it/s, loss=0.0749]
Ep  28 [train]:  33%|███▎      | 48/145 [00:22<00:42,  2.31it/s, loss=0.0749]
Ep  28 [train]:  33%|███▎      | 48/145 [00:23<00:42,  2.31it/s, loss=0.0688]
Ep  28 [train]:  34%|███▍      | 49/145 [00:23<00:51,  1.87it/s, loss=0.0688]
Ep  28 [train]:  34%|███▍      | 49/145 [00:23<00:51,  1.87it/s, loss=0.0695]
Ep  28 [train]:  34%|███▍      | 50/145 [00:23<00:41,  2.29it/s, loss=0.0695]
Ep  28 [train]:  34%|███▍      | 50/145 [00:24<00:41,  2.29it/s, loss=0.0674]
Ep  28 [train]:  35%|███▌      | 51/145 [00:24<00:51,  1.82it/s, loss=0.0674]
Ep  28 [train]:  35%|███▌      | 51/145 [00:24<00:51,  1.82it/s, loss=0.0792]
Ep  28 [train]:  36%|███▌      | 52/145 [00:24<00:41,  2.27it/s, loss=0.0792]
Ep  28 [train]:  36%|███▌      | 52/145 [00:25<00:41,  2.27it/s, loss=0.0720]
Ep  28 [train]:  37%|███▋      | 53/145 [00:25<00:49,  1.86it/s, loss=0.0720]
Ep  28 [train]:  37%|███▋      | 53/145 [00:25<00:49,  1.86it/s, loss=0.0723]
Ep  28 [train]:  37%|███▋      | 54/145 [00:25<00:40,  2.27it/s, loss=0.0723]
Ep  28 [train]:  37%|███▋      | 54/145 [00:26<00:40,  2.27it/s, loss=0.0714]
Ep  28 [train]:  38%|███▊      | 55/145 [00:26<00:48,  1.84it/s, loss=0.0714]
Ep  28 [train]:  38%|███▊      | 55/145 [00:26<00:48,  1.84it/s, loss=0.0673]
Ep  28 [train]:  39%|███▊      | 56/145 [00:26<00:39,  2.27it/s, loss=0.0673]
Ep  28 [train]:  39%|███▊      | 56/145 [00:27<00:39,  2.27it/s, loss=0.0688]
Ep  28 [train]:  39%|███▉      | 57/145 [00:27<00:45,  1.95it/s, loss=0.0688]
Ep  28 [train]:  39%|███▉      | 57/145 [00:27<00:45,  1.95it/s, loss=0.0746]
Ep  28 [train]:  40%|████      | 58/145 [00:27<00:36,  2.39it/s, loss=0.0746]
Ep  28 [train]:  40%|████      | 58/145 [00:28<00:36,  2.39it/s, loss=0.0703]
Ep  28 [train]:  41%|████      | 59/145 [00:28<00:44,  1.93it/s, loss=0.0703]
Ep  28 [train]:  41%|████      | 59/145 [00:28<00:44,  1.93it/s, loss=0.0764]
Ep  28 [train]:  41%|████▏     | 60/145 [00:28<00:35,  2.39it/s, loss=0.0764]
Ep  28 [train]:  41%|████▏     | 60/145 [00:29<00:35,  2.39it/s, loss=0.0689]
Ep  28 [train]:  42%|████▏     | 61/145 [00:29<00:44,  1.88it/s, loss=0.0689]
Ep  28 [train]:  42%|████▏     | 61/145 [00:29<00:44,  1.88it/s, loss=0.0668]
Ep  28 [train]:  43%|████▎     | 62/145 [00:29<00:35,  2.33it/s, loss=0.0668]
Ep  28 [train]:  43%|████▎     | 62/145 [00:30<00:35,  2.33it/s, loss=0.0714]
Ep  28 [train]:  43%|████▎     | 63/145 [00:30<00:40,  2.02it/s, loss=0.0714]
Ep  28 [train]:  43%|████▎     | 63/145 [00:30<00:40,  2.02it/s, loss=0.0731]
Ep  28 [train]:  44%|████▍     | 64/145 [00:30<00:32,  2.51it/s, loss=0.0731]
Ep  28 [train]:  44%|████▍     | 64/145 [00:31<00:32,  2.51it/s, loss=0.0769]
Ep  28 [train]:  45%|████▍     | 65/145 [00:31<00:41,  1.90it/s, loss=0.0769]
Ep  28 [train]:  45%|████▍     | 65/145 [00:31<00:41,  1.90it/s, loss=0.0754]
Ep  28 [train]:  46%|████▌     | 66/145 [00:31<00:33,  2.34it/s, loss=0.0754]
Ep  28 [train]:  46%|████▌     | 66/145 [00:32<00:33,  2.34it/s, loss=0.0745]
Ep  28 [train]:  46%|████▌     | 67/145 [00:32<00:39,  1.99it/s, loss=0.0745]
Ep  28 [train]:  46%|████▌     | 67/145 [00:32<00:39,  1.99it/s, loss=0.0721]
Ep  28 [train]:  47%|████▋     | 68/145 [00:32<00:31,  2.46it/s, loss=0.0721]
Ep  28 [train]:  47%|████▋     | 68/145 [00:32<00:31,  2.46it/s, loss=0.0724]
Ep  28 [train]:  48%|████▊     | 69/145 [00:32<00:38,  1.99it/s, loss=0.0724]
Ep  28 [train]:  48%|████▊     | 69/145 [00:33<00:38,  1.99it/s, loss=0.0691]
Ep  28 [train]:  48%|████▊     | 70/145 [00:33<00:30,  2.47it/s, loss=0.0691]
Ep  28 [train]:  48%|████▊     | 70/145 [00:33<00:30,  2.47it/s, loss=0.0784]
Ep  28 [train]:  49%|████▉     | 71/145 [00:33<00:36,  2.04it/s, loss=0.0784]
Ep  28 [train]:  49%|████▉     | 71/145 [00:34<00:36,  2.04it/s, loss=0.0737]
Ep  28 [train]:  50%|████▉     | 72/145 [00:34<00:29,  2.49it/s, loss=0.0737]
Ep  28 [train]:  50%|████▉     | 72/145 [00:34<00:29,  2.49it/s, loss=0.0701]
Ep  28 [train]:  50%|█████     | 73/145 [00:34<00:35,  2.04it/s, loss=0.0701]
Ep  28 [train]:  50%|█████     | 73/145 [00:34<00:35,  2.04it/s, loss=0.0735]
Ep  28 [train]:  51%|█████     | 74/145 [00:34<00:28,  2.49it/s, loss=0.0735]
Ep  28 [train]:  51%|█████     | 74/145 [00:35<00:28,  2.49it/s, loss=0.0716]
Ep  28 [train]:  52%|█████▏    | 75/145 [00:35<00:35,  1.97it/s, loss=0.0716]
Ep  28 [train]:  52%|█████▏    | 75/145 [00:35<00:35,  1.97it/s, loss=0.0740]
Ep  28 [train]:  52%|█████▏    | 76/145 [00:35<00:28,  2.42it/s, loss=0.0740]
Ep  28 [train]:  52%|█████▏    | 76/145 [00:36<00:28,  2.42it/s, loss=0.0682]
Ep  28 [train]:  53%|█████▎    | 77/145 [00:36<00:35,  1.90it/s, loss=0.0682]
Ep  28 [train]:  53%|█████▎    | 77/145 [00:36<00:35,  1.90it/s, loss=0.0745]
Ep  28 [train]:  54%|█████▍    | 78/145 [00:36<00:28,  2.36it/s, loss=0.0745]
Ep  28 [train]:  54%|█████▍    | 78/145 [00:37<00:28,  2.36it/s, loss=0.0654]
Ep  28 [train]:  54%|█████▍    | 79/145 [00:37<00:33,  1.95it/s, loss=0.0654]
Ep  28 [train]:  54%|█████▍    | 79/145 [00:37<00:33,  1.95it/s, loss=0.0696]
Ep  28 [train]:  55%|█████▌    | 80/145 [00:37<00:26,  2.41it/s, loss=0.0696]
Ep  28 [train]:  55%|█████▌    | 80/145 [00:38<00:26,  2.41it/s, loss=0.0754]
Ep  28 [train]:  56%|█████▌    | 81/145 [00:38<00:32,  1.94it/s, loss=0.0754]
Ep  28 [train]:  56%|█████▌    | 81/145 [00:38<00:32,  1.94it/s, loss=0.0760]
Ep  28 [train]:  57%|█████▋    | 82/145 [00:38<00:26,  2.36it/s, loss=0.0760]
Ep  28 [train]:  57%|█████▋    | 82/145 [00:39<00:26,  2.36it/s, loss=0.0758]
Ep  28 [train]:  57%|█████▋    | 83/145 [00:39<00:31,  1.97it/s, loss=0.0758]
Ep  28 [train]:  57%|█████▋    | 83/145 [00:39<00:31,  1.97it/s, loss=0.0774]
Ep  28 [train]:  58%|█████▊    | 84/145 [00:39<00:25,  2.44it/s, loss=0.0774]
Ep  28 [train]:  58%|█████▊    | 84/145 [00:40<00:25,  2.44it/s, loss=0.0756]
Ep  28 [train]:  59%|█████▊    | 85/145 [00:40<00:30,  1.96it/s, loss=0.0756]
Ep  28 [train]:  59%|█████▊    | 85/145 [00:40<00:30,  1.96it/s, loss=0.0694]
Ep  28 [train]:  59%|█████▉    | 86/145 [00:40<00:24,  2.44it/s, loss=0.0694]
Ep  28 [train]:  59%|█████▉    | 86/145 [00:41<00:24,  2.44it/s, loss=0.0724]
Ep  28 [train]:  60%|██████    | 87/145 [00:41<00:30,  1.91it/s, loss=0.0724]
Ep  28 [train]:  60%|██████    | 87/145 [00:41<00:30,  1.91it/s, loss=0.0725]
Ep  28 [train]:  61%|██████    | 88/145 [00:41<00:24,  2.36it/s, loss=0.0725]
Ep  28 [train]:  61%|██████    | 88/145 [00:42<00:24,  2.36it/s, loss=0.0848]
Ep  28 [train]:  61%|██████▏   | 89/145 [00:42<00:28,  1.93it/s, loss=0.0848]
Ep  28 [train]:  61%|██████▏   | 89/145 [00:42<00:28,  1.93it/s, loss=0.0782]
Ep  28 [train]:  62%|██████▏   | 90/145 [00:42<00:22,  2.40it/s, loss=0.0782]
Ep  28 [train]:  62%|██████▏   | 90/145 [00:43<00:22,  2.40it/s, loss=0.0769]
Ep  28 [train]:  63%|██████▎   | 91/145 [00:43<00:28,  1.92it/s, loss=0.0769]
Ep  28 [train]:  63%|██████▎   | 91/145 [00:43<00:28,  1.92it/s, loss=0.0678]
Ep  28 [train]:  63%|██████▎   | 92/145 [00:43<00:22,  2.39it/s, loss=0.0678]
Ep  28 [train]:  63%|██████▎   | 92/145 [00:44<00:22,  2.39it/s, loss=0.0717]
Ep  28 [train]:  64%|██████▍   | 93/145 [00:44<00:28,  1.83it/s, loss=0.0717]
Ep  28 [train]:  64%|██████▍   | 93/145 [00:44<00:28,  1.83it/s, loss=0.0742]
Ep  28 [train]:  65%|██████▍   | 94/145 [00:44<00:22,  2.29it/s, loss=0.0742]
Ep  28 [train]:  65%|██████▍   | 94/145 [00:45<00:22,  2.29it/s, loss=0.0662]
Ep  28 [train]:  66%|██████▌   | 95/145 [00:45<00:25,  1.97it/s, loss=0.0662]
Ep  28 [train]:  66%|██████▌   | 95/145 [00:45<00:25,  1.97it/s, loss=0.0752]
Ep  28 [train]:  66%|██████▌   | 96/145 [00:45<00:20,  2.40it/s, loss=0.0752]
Ep  28 [train]:  66%|██████▌   | 96/145 [00:46<00:20,  2.40it/s, loss=0.0677]
Ep  28 [train]:  67%|██████▋   | 97/145 [00:46<00:25,  1.92it/s, loss=0.0677]
Ep  28 [train]:  67%|██████▋   | 97/145 [00:46<00:25,  1.92it/s, loss=0.0814]
Ep  28 [train]:  68%|██████▊   | 98/145 [00:46<00:19,  2.38it/s, loss=0.0814]
Ep  28 [train]:  68%|██████▊   | 98/145 [00:46<00:19,  2.38it/s, loss=0.0684]
Ep  28 [train]:  68%|██████▊   | 99/145 [00:46<00:24,  1.91it/s, loss=0.0684]
Ep  28 [train]:  68%|██████▊   | 99/145 [00:47<00:24,  1.91it/s, loss=0.0690]
Ep  28 [train]:  69%|██████▉   | 100/145 [00:47<00:18,  2.37it/s, loss=0.0690]
Ep  28 [train]:  69%|██████▉   | 100/145 [00:47<00:18,  2.37it/s, loss=0.0742]
Ep  28 [train]:  70%|██████▉   | 101/145 [00:47<00:22,  1.95it/s, loss=0.0742]
Ep  28 [train]:  70%|██████▉   | 101/145 [00:48<00:22,  1.95it/s, loss=0.0687]
Ep  28 [train]:  70%|███████   | 102/145 [00:48<00:17,  2.43it/s, loss=0.0687]
Ep  28 [train]:  70%|███████   | 102/145 [00:48<00:17,  2.43it/s, loss=0.0735]
Ep  28 [train]:  71%|███████   | 103/145 [00:48<00:21,  1.93it/s, loss=0.0735]
Ep  28 [train]:  71%|███████   | 103/145 [00:48<00:21,  1.93it/s, loss=0.0881]
Ep  28 [train]:  72%|███████▏  | 104/145 [00:48<00:17,  2.40it/s, loss=0.0881]
Ep  28 [train]:  72%|███████▏  | 104/145 [00:49<00:17,  2.40it/s, loss=0.0687]
Ep  28 [train]:  72%|███████▏  | 105/145 [00:49<00:20,  2.00it/s, loss=0.0687]
Ep  28 [train]:  72%|███████▏  | 105/145 [00:49<00:20,  2.00it/s, loss=0.0693]
Ep  28 [train]:  73%|███████▎  | 106/145 [00:49<00:16,  2.42it/s, loss=0.0693]
Ep  28 [train]:  73%|███████▎  | 106/145 [00:50<00:16,  2.42it/s, loss=0.0731]
Ep  28 [train]:  74%|███████▍  | 107/145 [00:50<00:19,  1.95it/s, loss=0.0731]
Ep  28 [train]:  74%|███████▍  | 107/145 [00:50<00:19,  1.95it/s, loss=0.0677]
Ep  28 [train]:  74%|███████▍  | 108/145 [00:50<00:15,  2.43it/s, loss=0.0677]
Ep  28 [train]:  74%|███████▍  | 108/145 [00:51<00:15,  2.43it/s, loss=0.0757]
Ep  28 [train]:  75%|███████▌  | 109/145 [00:51<00:18,  1.98it/s, loss=0.0757]
Ep  28 [train]:  75%|███████▌  | 109/145 [00:51<00:18,  1.98it/s, loss=0.0671]
Ep  28 [train]:  76%|███████▌  | 110/145 [00:51<00:14,  2.40it/s, loss=0.0671]
Ep  28 [train]:  76%|███████▌  | 110/145 [00:52<00:14,  2.40it/s, loss=0.0753]
Ep  28 [train]:  77%|███████▋  | 111/145 [00:52<00:17,  1.95it/s, loss=0.0753]
Ep  28 [train]:  77%|███████▋  | 111/145 [00:52<00:17,  1.95it/s, loss=0.0693]
Ep  28 [train]:  77%|███████▋  | 112/145 [00:52<00:13,  2.38it/s, loss=0.0693]
Ep  28 [train]:  77%|███████▋  | 112/145 [00:53<00:13,  2.38it/s, loss=0.0659]
Ep  28 [train]:  78%|███████▊  | 113/145 [00:53<00:16,  1.96it/s, loss=0.0659]
Ep  28 [train]:  78%|███████▊  | 113/145 [00:53<00:16,  1.96it/s, loss=0.0740]
Ep  28 [train]:  79%|███████▊  | 114/145 [00:53<00:12,  2.39it/s, loss=0.0740]
Ep  28 [train]:  79%|███████▊  | 114/145 [00:54<00:12,  2.39it/s, loss=0.0745]
Ep  28 [train]:  79%|███████▉  | 115/145 [00:54<00:14,  2.04it/s, loss=0.0745]
Ep  28 [train]:  79%|███████▉  | 115/145 [00:54<00:14,  2.04it/s, loss=0.0753]
Ep  28 [train]:  80%|████████  | 116/145 [00:54<00:11,  2.49it/s, loss=0.0753]
Ep  28 [train]:  80%|████████  | 116/145 [00:55<00:11,  2.49it/s, loss=0.0773]
Ep  28 [train]:  81%|████████  | 117/145 [00:55<00:13,  2.04it/s, loss=0.0773]
Ep  28 [train]:  81%|████████  | 117/145 [00:55<00:13,  2.04it/s, loss=0.0751]
Ep  28 [train]:  81%|████████▏ | 118/145 [00:55<00:10,  2.49it/s, loss=0.0751]
Ep  28 [train]:  81%|████████▏ | 118/145 [00:56<00:10,  2.49it/s, loss=0.0718]
Ep  28 [train]:  82%|████████▏ | 119/145 [00:56<00:12,  2.08it/s, loss=0.0718]
Ep  28 [train]:  82%|████████▏ | 119/145 [00:56<00:12,  2.08it/s, loss=0.0636]
Ep  28 [train]:  83%|████████▎ | 120/145 [00:56<00:10,  2.47it/s, loss=0.0636]
Ep  28 [train]:  83%|████████▎ | 120/145 [00:56<00:10,  2.47it/s, loss=0.0649]
Ep  28 [train]:  83%|████████▎ | 121/145 [00:56<00:11,  2.10it/s, loss=0.0649]
Ep  28 [train]:  83%|████████▎ | 121/145 [00:57<00:11,  2.10it/s, loss=0.0708]
Ep  28 [train]:  84%|████████▍ | 122/145 [00:57<00:09,  2.49it/s, loss=0.0708]
Ep  28 [train]:  84%|████████▍ | 122/145 [00:57<00:09,  2.49it/s, loss=0.0749]
Ep  28 [train]:  85%|████████▍ | 123/145 [00:57<00:11,  1.98it/s, loss=0.0749]
Ep  28 [train]:  85%|████████▍ | 123/145 [00:58<00:11,  1.98it/s, loss=0.0741]
Ep  28 [train]:  86%|████████▌ | 124/145 [00:58<00:08,  2.46it/s, loss=0.0741]
Ep  28 [train]:  86%|████████▌ | 124/145 [00:58<00:08,  2.46it/s, loss=0.0698]
Ep  28 [train]:  86%|████████▌ | 125/145 [00:58<00:10,  1.94it/s, loss=0.0698]
Ep  28 [train]:  86%|████████▌ | 125/145 [00:59<00:10,  1.94it/s, loss=0.0696]
Ep  28 [train]:  87%|████████▋ | 126/145 [00:59<00:08,  2.36it/s, loss=0.0696]
Ep  28 [train]:  87%|████████▋ | 126/145 [00:59<00:08,  2.36it/s, loss=0.0747]
Ep  28 [train]:  88%|████████▊ | 127/145 [00:59<00:09,  1.94it/s, loss=0.0747]
Ep  28 [train]:  88%|████████▊ | 127/145 [00:59<00:09,  1.94it/s, loss=0.0732]
Ep  28 [train]:  88%|████████▊ | 128/145 [00:59<00:07,  2.37it/s, loss=0.0732]
Ep  28 [train]:  88%|████████▊ | 128/145 [01:00<00:07,  2.37it/s, loss=0.0750]
Ep  28 [train]:  89%|████████▉ | 129/145 [01:00<00:08,  1.96it/s, loss=0.0750]
Ep  28 [train]:  89%|████████▉ | 129/145 [01:00<00:08,  1.96it/s, loss=0.0715]
Ep  28 [train]:  90%|████████▉ | 130/145 [01:00<00:06,  2.42it/s, loss=0.0715]
Ep  28 [train]:  90%|████████▉ | 130/145 [01:01<00:06,  2.42it/s, loss=0.0730]
Ep  28 [train]:  90%|█████████ | 131/145 [01:01<00:07,  1.98it/s, loss=0.0730]
Ep  28 [train]:  90%|█████████ | 131/145 [01:01<00:07,  1.98it/s, loss=0.0701]
Ep  28 [train]:  91%|█████████ | 132/145 [01:01<00:05,  2.44it/s, loss=0.0701]
Ep  28 [train]:  91%|█████████ | 132/145 [01:02<00:05,  2.44it/s, loss=0.0684]
Ep  28 [train]:  92%|█████████▏| 133/145 [01:02<00:06,  1.94it/s, loss=0.0684]
Ep  28 [train]:  92%|█████████▏| 133/145 [01:02<00:06,  1.94it/s, loss=0.0719]
Ep  28 [train]:  92%|█████████▏| 134/145 [01:02<00:04,  2.41it/s, loss=0.0719]
Ep  28 [train]:  92%|█████████▏| 134/145 [01:03<00:04,  2.41it/s, loss=0.0769]
Ep  28 [train]:  93%|█████████▎| 135/145 [01:03<00:05,  1.95it/s, loss=0.0769]
Ep  28 [train]:  93%|█████████▎| 135/145 [01:03<00:05,  1.95it/s, loss=0.0762]
Ep  28 [train]:  94%|█████████▍| 136/145 [01:03<00:03,  2.43it/s, loss=0.0762]
Ep  28 [train]:  94%|█████████▍| 136/145 [01:04<00:03,  2.43it/s, loss=0.0721]
Ep  28 [train]:  94%|█████████▍| 137/145 [01:04<00:04,  1.89it/s, loss=0.0721]
Ep  28 [train]:  94%|█████████▍| 137/145 [01:04<00:04,  1.89it/s, loss=0.0703]
Ep  28 [train]:  95%|█████████▌| 138/145 [01:04<00:02,  2.35it/s, loss=0.0703]
Ep  28 [train]:  95%|█████████▌| 138/145 [01:05<00:02,  2.35it/s, loss=0.0728]
Ep  28 [train]:  96%|█████████▌| 139/145 [01:05<00:03,  1.93it/s, loss=0.0728]
Ep  28 [train]:  96%|█████████▌| 139/145 [01:05<00:03,  1.93it/s, loss=0.0815]
Ep  28 [train]:  97%|█████████▋| 140/145 [01:05<00:02,  2.33it/s, loss=0.0815]
Ep  28 [train]:  97%|█████████▋| 140/145 [01:06<00:02,  2.33it/s, loss=0.0741]
Ep  28 [train]:  97%|█████████▋| 141/145 [01:06<00:02,  1.92it/s, loss=0.0741]
Ep  28 [train]:  97%|█████████▋| 141/145 [01:06<00:02,  1.92it/s, loss=0.0741]
Ep  28 [train]:  98%|█████████▊| 142/145 [01:06<00:01,  2.39it/s, loss=0.0741]
Ep  28 [train]:  98%|█████████▊| 142/145 [01:07<00:01,  2.39it/s, loss=0.0690]
Ep  28 [train]:  99%|█████████▊| 143/145 [01:07<00:00,  2.01it/s, loss=0.0690]
Ep  28 [train]:  99%|█████████▊| 143/145 [01:07<00:00,  2.01it/s, loss=0.0726]
Ep  28 [train]:  99%|█████████▉| 144/145 [01:07<00:00,  2.50it/s, loss=0.0726]
Ep  28 [train]:  99%|█████████▉| 144/145 [01:07<00:00,  2.50it/s, loss=0.0712]
Ep  28 [train]: 100%|██████████| 145/145 [01:07<00:00,  2.15it/s, loss=0.0712]
                                                                              
  Ep  28 [train]  loss=0.0722  rmse_c=0.2372  mae_c=0.2145  r2_c=0.035  rmse_h=0.2974  mae_h=0.2196  r2_h=0.491  sup=0.324

Ep  28 [val  ]:   0%|          | 0/39 [00:00<?, ?it/s]
Ep  28 [val  ]:   0%|          | 0/39 [00:01<?, ?it/s, loss=0.0916]
Ep  28 [val  ]:   3%|▎         | 1/39 [00:01<00:42,  1.12s/it, loss=0.0916]
Ep  28 [val  ]:   3%|▎         | 1/39 [00:01<00:42,  1.12s/it, loss=0.0880]
Ep  28 [val  ]:   3%|▎         | 1/39 [00:01<00:42,  1.12s/it, loss=0.0723]
Ep  28 [val  ]:   8%|▊         | 3/39 [00:01<00:21,  1.69it/s, loss=0.0723]
Ep  28 [val  ]:   8%|▊         | 3/39 [00:02<00:21,  1.69it/s, loss=0.0698]
Ep  28 [val  ]:   8%|▊         | 3/39 [00:02<00:21,  1.69it/s, loss=0.0723]
Ep  28 [val  ]:  13%|█▎        | 5/39 [00:02<00:17,  1.96it/s, loss=0.0723]
Ep  28 [val  ]:  13%|█▎        | 5/39 [00:02<00:17,  1.96it/s, loss=0.0752]
Ep  28 [val  ]:  13%|█▎        | 5/39 [00:03<00:17,  1.96it/s, loss=0.0679]
Ep  28 [val  ]:  18%|█▊        | 7/39 [00:03<00:15,  2.03it/s, loss=0.0679]
Ep  28 [val  ]:  18%|█▊        | 7/39 [00:03<00:15,  2.03it/s, loss=0.0692]
Ep  28 [val  ]:  18%|█▊        | 7/39 [00:04<00:15,  2.03it/s, loss=0.0676]
Ep  28 [val  ]:  23%|██▎       | 9/39 [00:04<00:13,  2.16it/s, loss=0.0676]
Ep  28 [val  ]:  23%|██▎       | 9/39 [00:04<00:13,  2.16it/s, loss=0.0668]
Ep  28 [val  ]:  23%|██▎       | 9/39 [00:05<00:13,  2.16it/s, loss=0.0684]
Ep  28 [val  ]:  28%|██▊       | 11/39 [00:05<00:12,  2.21it/s, loss=0.0684]
Ep  28 [val  ]:  28%|██▊       | 11/39 [00:05<00:12,  2.21it/s, loss=0.0707]
Ep  28 [val  ]:  28%|██▊       | 11/39 [00:06<00:12,  2.21it/s, loss=0.0748]
Ep  28 [val  ]:  33%|███▎      | 13/39 [00:06<00:11,  2.27it/s, loss=0.0748]
Ep  28 [val  ]:  33%|███▎      | 13/39 [00:06<00:11,  2.27it/s, loss=0.0786]
Ep  28 [val  ]:  33%|███▎      | 13/39 [00:07<00:11,  2.27it/s, loss=0.0915]
Ep  28 [val  ]:  38%|███▊      | 15/39 [00:07<00:10,  2.38it/s, loss=0.0915]
Ep  28 [val  ]:  38%|███▊      | 15/39 [00:07<00:10,  2.38it/s, loss=0.0924]
Ep  28 [val  ]:  38%|███▊      | 15/39 [00:07<00:10,  2.38it/s, loss=0.0901]
Ep  28 [val  ]:  44%|████▎     | 17/39 [00:07<00:09,  2.41it/s, loss=0.0901]
Ep  28 [val  ]:  44%|████▎     | 17/39 [00:07<00:09,  2.41it/s, loss=0.0808]
Ep  28 [val  ]:  44%|████▎     | 17/39 [00:08<00:09,  2.41it/s, loss=0.0726]
Ep  28 [val  ]:  49%|████▊     | 19/39 [00:08<00:08,  2.33it/s, loss=0.0726]
Ep  28 [val  ]:  49%|████▊     | 19/39 [00:08<00:08,  2.33it/s, loss=0.0643]
Ep  28 [val  ]:  49%|████▊     | 19/39 [00:09<00:08,  2.33it/s, loss=0.0571]
Ep  28 [val  ]:  54%|█████▍    | 21/39 [00:09<00:07,  2.30it/s, loss=0.0571]
Ep  28 [val  ]:  54%|█████▍    | 21/39 [00:09<00:07,  2.30it/s, loss=0.0635]
Ep  28 [val  ]:  54%|█████▍    | 21/39 [00:10<00:07,  2.30it/s, loss=0.0592]
Ep  28 [val  ]:  59%|█████▉    | 23/39 [00:10<00:07,  2.24it/s, loss=0.0592]
Ep  28 [val  ]:  59%|█████▉    | 23/39 [00:10<00:07,  2.24it/s, loss=0.0607]
Ep  28 [val  ]:  59%|█████▉    | 23/39 [00:11<00:07,  2.24it/s, loss=0.0627]
Ep  28 [val  ]:  64%|██████▍   | 25/39 [00:11<00:06,  2.20it/s, loss=0.0627]
Ep  28 [val  ]:  64%|██████▍   | 25/39 [00:11<00:06,  2.20it/s, loss=0.0690]
Ep  28 [val  ]:  64%|██████▍   | 25/39 [00:12<00:06,  2.20it/s, loss=0.0760]
Ep  28 [val  ]:  69%|██████▉   | 27/39 [00:12<00:05,  2.17it/s, loss=0.0760]
Ep  28 [val  ]:  69%|██████▉   | 27/39 [00:12<00:05,  2.17it/s, loss=0.1136]
Ep  28 [val  ]:  69%|██████▉   | 27/39 [00:13<00:05,  2.17it/s, loss=0.0881]
Ep  28 [val  ]:  74%|███████▍  | 29/39 [00:13<00:04,  2.14it/s, loss=0.0881]
Ep  28 [val  ]:  74%|███████▍  | 29/39 [00:13<00:04,  2.14it/s, loss=0.0811]
Ep  28 [val  ]:  74%|███████▍  | 29/39 [00:14<00:04,  2.14it/s, loss=0.0793]
Ep  28 [val  ]:  79%|███████▉  | 31/39 [00:14<00:03,  2.15it/s, loss=0.0793]
Ep  28 [val  ]:  79%|███████▉  | 31/39 [00:14<00:03,  2.15it/s, loss=0.0707]
Ep  28 [val  ]:  79%|███████▉  | 31/39 [00:15<00:03,  2.15it/s, loss=0.0722]
Ep  28 [val  ]:  85%|████████▍ | 33/39 [00:15<00:02,  2.15it/s, loss=0.0722]
Ep  28 [val  ]:  85%|████████▍ | 33/39 [00:15<00:02,  2.15it/s, loss=0.0697]
Ep  28 [val  ]:  87%|████████▋ | 34/39 [00:15<00:02,  2.49it/s, loss=0.0697]
Ep  28 [val  ]:  87%|████████▋ | 34/39 [00:16<00:02,  2.49it/s, loss=0.0757]
Ep  28 [val  ]:  90%|████████▉ | 35/39 [00:16<00:01,  2.04it/s, loss=0.0757]
Ep  28 [val  ]:  90%|████████▉ | 35/39 [00:16<00:01,  2.04it/s, loss=0.0700]
Ep  28 [val  ]:  90%|████████▉ | 35/39 [00:17<00:01,  2.04it/s, loss=0.0687]
Ep  28 [val  ]:  95%|█████████▍| 37/39 [00:17<00:00,  2.13it/s, loss=0.0687]
Ep  28 [val  ]:  95%|█████████▍| 37/39 [00:17<00:00,  2.13it/s, loss=0.0608]
Ep  28 [val  ]:  95%|█████████▍| 37/39 [00:17<00:00,  2.13it/s, loss=0.0704]
                                                                            
  Ep  28 [val  ]  loss=0.0742  rmse_c=0.2435  mae_c=0.2196  r2_c=0.026  rmse_h=0.2976  mae_h=0.2192  r2_h=0.448  sup=0.308
  [new best] combined_val_rmse=0.2706

Ep  29 [train]:   0%|          | 0/145 [00:00<?, ?it/s]
Ep  29 [train]:   0%|          | 0/145 [00:01<?, ?it/s, loss=0.0720]
Ep  29 [train]:   1%|          | 1/145 [00:01<02:36,  1.09s/it, loss=0.0720]
Ep  29 [train]:   1%|          | 1/145 [00:01<02:36,  1.09s/it, loss=0.0704]
Ep  29 [train]:   1%|▏         | 2/145 [00:01<01:20,  1.78it/s, loss=0.0704]
Ep  29 [train]:   1%|▏         | 2/145 [00:01<01:20,  1.78it/s, loss=0.0716]
Ep  29 [train]:   2%|▏         | 3/145 [00:01<01:26,  1.64it/s, loss=0.0716]
Ep  29 [train]:   2%|▏         | 3/145 [00:02<01:26,  1.64it/s, loss=0.0673]
Ep  29 [train]:   3%|▎         | 4/145 [00:02<01:03,  2.21it/s, loss=0.0673]
Ep  29 [train]:   3%|▎         | 4/145 [00:02<01:03,  2.21it/s, loss=0.0695]
Ep  29 [train]:   3%|▎         | 5/145 [00:02<01:14,  1.87it/s, loss=0.0695]
Ep  29 [train]:   3%|▎         | 5/145 [00:03<01:14,  1.87it/s, loss=0.0778]
Ep  29 [train]:   4%|▍         | 6/145 [00:03<00:57,  2.42it/s, loss=0.0778]
Ep  29 [train]:   4%|▍         | 6/145 [00:03<00:57,  2.42it/s, loss=0.0685]
Ep  29 [train]:   5%|▍         | 7/145 [00:03<01:11,  1.94it/s, loss=0.0685]
Ep  29 [train]:   5%|▍         | 7/145 [00:03<01:11,  1.94it/s, loss=0.0710]
Ep  29 [train]:   6%|▌         | 8/145 [00:03<00:57,  2.38it/s, loss=0.0710]
Ep  29 [train]:   6%|▌         | 8/145 [00:04<00:57,  2.38it/s, loss=0.0667]
Ep  29 [train]:   6%|▌         | 9/145 [00:04<01:09,  1.95it/s, loss=0.0667]
Ep  29 [train]:   6%|▌         | 9/145 [00:04<01:09,  1.95it/s, loss=0.0737]
Ep  29 [train]:   7%|▋         | 10/145 [00:04<00:55,  2.42it/s, loss=0.0737]
Ep  29 [train]:   7%|▋         | 10/145 [00:05<00:55,  2.42it/s, loss=0.0693]
Ep  29 [train]:   8%|▊         | 11/145 [00:05<01:09,  1.93it/s, loss=0.0693]
Ep  29 [train]:   8%|▊         | 11/145 [00:05<01:09,  1.93it/s, loss=0.0710]
Ep  29 [train]:   8%|▊         | 12/145 [00:05<00:55,  2.41it/s, loss=0.0710]
Ep  29 [train]:   8%|▊         | 12/145 [00:06<00:55,  2.41it/s, loss=0.0742]
Ep  29 [train]:   9%|▉         | 13/145 [00:06<01:08,  1.93it/s, loss=0.0742]
Ep  29 [train]:   9%|▉         | 13/145 [00:06<01:08,  1.93it/s, loss=0.0721]
Ep  29 [train]:  10%|▉         | 14/145 [00:06<00:54,  2.40it/s, loss=0.0721]
Ep  29 [train]:  10%|▉         | 14/145 [00:07<00:54,  2.40it/s, loss=0.0772]
Ep  29 [train]:  10%|█         | 15/145 [00:07<01:05,  1.99it/s, loss=0.0772]
Ep  29 [train]:  10%|█         | 15/145 [00:07<01:05,  1.99it/s, loss=0.0697]
Ep  29 [train]:  11%|█         | 16/145 [00:07<00:52,  2.47it/s, loss=0.0697]
Ep  29 [train]:  11%|█         | 16/145 [00:08<00:52,  2.47it/s, loss=0.0756]
Ep  29 [train]:  12%|█▏        | 17/145 [00:08<01:05,  1.95it/s, loss=0.0756]
Ep  29 [train]:  12%|█▏        | 17/145 [00:08<01:05,  1.95it/s, loss=0.0762]
Ep  29 [train]:  12%|█▏        | 18/145 [00:08<00:52,  2.43it/s, loss=0.0762]
Ep  29 [train]:  12%|█▏        | 18/145 [00:09<00:52,  2.43it/s, loss=0.0707]
Ep  29 [train]:  13%|█▎        | 19/145 [00:09<00:58,  2.17it/s, loss=0.0707]
Ep  29 [train]:  13%|█▎        | 19/145 [00:09<00:58,  2.17it/s, loss=0.0664]
Ep  29 [train]:  14%|█▍        | 20/145 [00:09<00:47,  2.65it/s, loss=0.0664]
Ep  29 [train]:  14%|█▍        | 20/145 [00:10<00:47,  2.65it/s, loss=0.0673]
Ep  29 [train]:  14%|█▍        | 21/145 [00:10<00:59,  2.07it/s, loss=0.0673]
Ep  29 [train]:  14%|█▍        | 21/145 [00:10<00:59,  2.07it/s, loss=0.0709]
Ep  29 [train]:  15%|█▌        | 22/145 [00:10<00:48,  2.55it/s, loss=0.0709]
Ep  29 [train]:  15%|█▌        | 22/145 [00:10<00:48,  2.55it/s, loss=0.0693]
Ep  29 [train]:  16%|█▌        | 23/145 [00:10<00:58,  2.10it/s, loss=0.0693]
Ep  29 [train]:  16%|█▌        | 23/145 [00:11<00:58,  2.10it/s, loss=0.0728]
Ep  29 [train]:  17%|█▋        | 24/145 [00:11<00:46,  2.58it/s, loss=0.0728]
Ep  29 [train]:  17%|█▋        | 24/145 [00:11<00:46,  2.58it/s, loss=0.0674]
Ep  29 [train]:  17%|█▋        | 25/145 [00:11<00:55,  2.15it/s, loss=0.0674]
Ep  29 [train]:  17%|█▋        | 25/145 [00:11<00:55,  2.15it/s, loss=0.0706]
Ep  29 [train]:  18%|█▊        | 26/145 [00:11<00:46,  2.56it/s, loss=0.0706]
Ep  29 [train]:  18%|█▊        | 26/145 [00:12<00:46,  2.56it/s, loss=0.0687]
Ep  29 [train]:  19%|█▊        | 27/145 [00:12<00:57,  2.05it/s, loss=0.0687]
Ep  29 [train]:  19%|█▊        | 27/145 [00:12<00:57,  2.05it/s, loss=0.0708]
Ep  29 [train]:  19%|█▉        | 28/145 [00:12<00:47,  2.49it/s, loss=0.0708]
Ep  29 [train]:  19%|█▉        | 28/145 [00:13<00:47,  2.49it/s, loss=0.0676]
Ep  29 [train]:  20%|██        | 29/145 [00:13<00:57,  2.01it/s, loss=0.0676]
Ep  29 [train]:  20%|██        | 29/145 [00:13<00:57,  2.01it/s, loss=0.0719]
Ep  29 [train]:  21%|██        | 30/145 [00:13<00:46,  2.48it/s, loss=0.0719]
Ep  29 [train]:  21%|██        | 30/145 [00:14<00:46,  2.48it/s, loss=0.0833]
Ep  29 [train]:  21%|██▏       | 31/145 [00:14<00:57,  1.97it/s, loss=0.0833]
Ep  29 [train]:  21%|██▏       | 31/145 [00:14<00:57,  1.97it/s, loss=0.0632]
Ep  29 [train]:  22%|██▏       | 32/145 [00:14<00:46,  2.43it/s, loss=0.0632]
Ep  29 [train]:  22%|██▏       | 32/145 [00:15<00:46,  2.43it/s, loss=0.0743]
Ep  29 [train]:  23%|██▎       | 33/145 [00:15<00:57,  1.93it/s, loss=0.0743]
Ep  29 [train]:  23%|██▎       | 33/145 [00:15<00:57,  1.93it/s, loss=0.0670]
Ep  29 [train]:  23%|██▎       | 34/145 [00:15<00:47,  2.36it/s, loss=0.0670]
Ep  29 [train]:  23%|██▎       | 34/145 [00:16<00:47,  2.36it/s, loss=0.0849]
Ep  29 [train]:  24%|██▍       | 35/145 [00:16<00:55,  1.99it/s, loss=0.0849]
Ep  29 [train]:  24%|██▍       | 35/145 [00:16<00:55,  1.99it/s, loss=0.0663]
Ep  29 [train]:  25%|██▍       | 36/145 [00:16<00:44,  2.44it/s, loss=0.0663]
Ep  29 [train]:  25%|██▍       | 36/145 [00:17<00:44,  2.44it/s, loss=0.0726]
Ep  29 [train]:  26%|██▌       | 37/145 [00:17<00:59,  1.81it/s, loss=0.0726]
Ep  29 [train]:  26%|██▌       | 37/145 [00:17<00:59,  1.81it/s, loss=0.0700]
Ep  29 [train]:  26%|██▌       | 38/145 [00:17<00:46,  2.28it/s, loss=0.0700]
Ep  29 [train]:  26%|██▌       | 38/145 [00:18<00:46,  2.28it/s, loss=0.0717]
Ep  29 [train]:  27%|██▋       | 39/145 [00:18<00:54,  1.93it/s, loss=0.0717]
Ep  29 [train]:  27%|██▋       | 39/145 [00:18<00:54,  1.93it/s, loss=0.0653]
Ep  29 [train]:  28%|██▊       | 40/145 [00:18<00:43,  2.40it/s, loss=0.0653]
Ep  29 [train]:  28%|██▊       | 40/145 [00:19<00:43,  2.40it/s, loss=0.0685]
Ep  29 [train]:  28%|██▊       | 41/145 [00:19<00:54,  1.91it/s, loss=0.0685]
Ep  29 [train]:  28%|██▊       | 41/145 [00:19<00:54,  1.91it/s, loss=0.0723]
Ep  29 [train]:  29%|██▉       | 42/145 [00:19<00:43,  2.36it/s, loss=0.0723]
Ep  29 [train]:  29%|██▉       | 42/145 [00:20<00:43,  2.36it/s, loss=0.0754]
Ep  29 [train]:  30%|██▉       | 43/145 [00:20<00:49,  2.06it/s, loss=0.0754]
Ep  29 [train]:  30%|██▉       | 43/145 [00:20<00:49,  2.06it/s, loss=0.0754]
Ep  29 [train]:  30%|███       | 44/145 [00:20<00:41,  2.44it/s, loss=0.0754]
Ep  29 [train]:  30%|███       | 44/145 [00:21<00:41,  2.44it/s, loss=0.0742]
Ep  29 [train]:  31%|███       | 45/145 [00:21<00:53,  1.88it/s, loss=0.0742]
Ep  29 [train]:  31%|███       | 45/145 [00:21<00:53,  1.88it/s, loss=0.0737]
Ep  29 [train]:  32%|███▏      | 46/145 [00:21<00:42,  2.35it/s, loss=0.0737]
Ep  29 [train]:  32%|███▏      | 46/145 [00:22<00:42,  2.35it/s, loss=0.0697]
Ep  29 [train]:  32%|███▏      | 47/145 [00:22<00:49,  1.96it/s, loss=0.0697]
Ep  29 [train]:  32%|███▏      | 47/145 [00:22<00:49,  1.96it/s, loss=0.0659]
Ep  29 [train]:  33%|███▎      | 48/145 [00:22<00:39,  2.43it/s, loss=0.0659]
Ep  29 [train]:  33%|███▎      | 48/145 [00:22<00:39,  2.43it/s, loss=0.0683]
Ep  29 [train]:  34%|███▍      | 49/145 [00:22<00:50,  1.92it/s, loss=0.0683]
Ep  29 [train]:  34%|███▍      | 49/145 [00:23<00:50,  1.92it/s, loss=0.0707]
Ep  29 [train]:  34%|███▍      | 50/145 [00:23<00:40,  2.37it/s, loss=0.0707]
Ep  29 [train]:  34%|███▍      | 50/145 [00:23<00:40,  2.37it/s, loss=0.0699]
Ep  29 [train]:  35%|███▌      | 51/145 [00:23<00:48,  1.95it/s, loss=0.0699]
Ep  29 [train]:  35%|███▌      | 51/145 [00:24<00:48,  1.95it/s, loss=0.0719]
Ep  29 [train]:  36%|███▌      | 52/145 [00:24<00:40,  2.30it/s, loss=0.0719]
Ep  29 [train]:  36%|███▌      | 52/145 [00:24<00:40,  2.30it/s, loss=0.0808]
Ep  29 [train]:  37%|███▋      | 53/145 [00:24<00:47,  1.95it/s, loss=0.0808]
Ep  29 [train]:  37%|███▋      | 53/145 [00:25<00:47,  1.95it/s, loss=0.0782]
Ep  29 [train]:  37%|███▋      | 54/145 [00:25<00:37,  2.41it/s, loss=0.0782]
Ep  29 [train]:  37%|███▋      | 54/145 [00:25<00:37,  2.41it/s, loss=0.0706]
Ep  29 [train]:  38%|███▊      | 55/145 [00:25<00:45,  1.97it/s, loss=0.0706]
Ep  29 [train]:  38%|███▊      | 55/145 [00:25<00:45,  1.97it/s, loss=0.0670]
Ep  29 [train]:  39%|███▊      | 56/145 [00:25<00:36,  2.43it/s, loss=0.0670]
Ep  29 [train]:  39%|███▊      | 56/145 [00:26<00:36,  2.43it/s, loss=0.0696]
Ep  29 [train]:  39%|███▉      | 57/145 [00:26<00:43,  2.04it/s, loss=0.0696]
Ep  29 [train]:  39%|███▉      | 57/145 [00:26<00:43,  2.04it/s, loss=0.0675]
Ep  29 [train]:  40%|████      | 58/145 [00:26<00:34,  2.49it/s, loss=0.0675]
Ep  29 [train]:  40%|████      | 58/145 [00:27<00:34,  2.49it/s, loss=0.0715]
Ep  29 [train]:  41%|████      | 59/145 [00:27<00:42,  2.02it/s, loss=0.0715]
Ep  29 [train]:  41%|████      | 59/145 [00:27<00:42,  2.02it/s, loss=0.0687]
Ep  29 [train]:  41%|████▏     | 60/145 [00:27<00:34,  2.43it/s, loss=0.0687]
Ep  29 [train]:  41%|████▏     | 60/145 [00:28<00:34,  2.43it/s, loss=0.0780]
Ep  29 [train]:  42%|████▏     | 61/145 [00:28<00:40,  2.05it/s, loss=0.0780]
Ep  29 [train]:  42%|████▏     | 61/145 [00:28<00:40,  2.05it/s, loss=0.0678]
Ep  29 [train]:  43%|████▎     | 62/145 [00:28<00:36,  2.25it/s, loss=0.0678]
Ep  29 [train]:  43%|████▎     | 62/145 [00:29<00:36,  2.25it/s, loss=0.0748]
Ep  29 [train]:  43%|████▎     | 63/145 [00:29<00:38,  2.11it/s, loss=0.0748]
Ep  29 [train]:  43%|████▎     | 63/145 [00:29<00:38,  2.11it/s, loss=0.0706]
Ep  29 [train]:  44%|████▍     | 64/145 [00:29<00:35,  2.27it/s, loss=0.0706]
Ep  29 [train]:  44%|████▍     | 64/145 [00:30<00:35,  2.27it/s, loss=0.0715]
Ep  29 [train]:  45%|████▍     | 65/145 [00:30<00:38,  2.09it/s, loss=0.0715]
Ep  29 [train]:  45%|████▍     | 65/145 [00:30<00:38,  2.09it/s, loss=0.0740]
Ep  29 [train]:  46%|████▌     | 66/145 [00:30<00:34,  2.26it/s, loss=0.0740]
Ep  29 [train]:  46%|████▌     | 66/145 [00:31<00:34,  2.26it/s, loss=0.0797]
Ep  29 [train]:  46%|████▌     | 67/145 [00:31<00:36,  2.14it/s, loss=0.0797]
Ep  29 [train]:  46%|████▌     | 67/145 [00:31<00:36,  2.14it/s, loss=0.0784]
Ep  29 [train]:  47%|████▋     | 68/145 [00:31<00:35,  2.18it/s, loss=0.0784]
Ep  29 [train]:  47%|████▋     | 68/145 [00:32<00:35,  2.18it/s, loss=0.0778]
Ep  29 [train]:  48%|████▊     | 69/145 [00:32<00:35,  2.13it/s, loss=0.0778]
Ep  29 [train]:  48%|████▊     | 69/145 [00:32<00:35,  2.13it/s, loss=0.0745]
Ep  29 [train]:  48%|████▊     | 70/145 [00:32<00:35,  2.10it/s, loss=0.0745]
Ep  29 [train]:  48%|████▊     | 70/145 [00:32<00:35,  2.10it/s, loss=0.0742]
Ep  29 [train]:  49%|████▉     | 71/145 [00:32<00:34,  2.12it/s, loss=0.0742]
Ep  29 [train]:  49%|████▉     | 71/145 [00:33<00:34,  2.12it/s, loss=0.0664]
Ep  29 [train]:  50%|████▉     | 72/145 [00:33<00:35,  2.08it/s, loss=0.0664]
Ep  29 [train]:  50%|████▉     | 72/145 [00:33<00:35,  2.08it/s, loss=0.0720]
Ep  29 [train]:  50%|█████     | 73/145 [00:33<00:34,  2.09it/s, loss=0.0720]
Ep  29 [train]:  50%|█████     | 73/145 [00:34<00:34,  2.09it/s, loss=0.0641]
Ep  29 [train]:  51%|█████     | 74/145 [00:34<00:34,  2.09it/s, loss=0.0641]
Ep  29 [train]:  51%|█████     | 74/145 [00:35<00:34,  2.09it/s, loss=0.0667]
Ep  29 [train]:  52%|█████▏    | 75/145 [00:35<00:35,  1.98it/s, loss=0.0667]
Ep  29 [train]:  52%|█████▏    | 75/145 [00:35<00:35,  1.98it/s, loss=0.0673]
Ep  29 [train]:  52%|█████▏    | 76/145 [00:35<00:32,  2.12it/s, loss=0.0673]
Ep  29 [train]:  52%|█████▏    | 76/145 [00:35<00:32,  2.12it/s, loss=0.0688]
Ep  29 [train]:  53%|█████▎    | 77/145 [00:35<00:31,  2.18it/s, loss=0.0688]
Ep  29 [train]:  53%|█████▎    | 77/145 [00:36<00:31,  2.18it/s, loss=0.0699]
Ep  29 [train]:  54%|█████▍    | 78/145 [00:36<00:32,  2.08it/s, loss=0.0699]
Ep  29 [train]:  54%|█████▍    | 78/145 [00:36<00:32,  2.08it/s, loss=0.0676]
Ep  29 [train]:  54%|█████▍    | 79/145 [00:36<00:29,  2.23it/s, loss=0.0676]
Ep  29 [train]:  54%|█████▍    | 79/145 [00:37<00:29,  2.23it/s, loss=0.0722]
Ep  29 [train]:  55%|█████▌    | 80/145 [00:37<00:32,  2.02it/s, loss=0.0722]
Ep  29 [train]:  55%|█████▌    | 80/145 [00:37<00:32,  2.02it/s, loss=0.0727]
Ep  29 [train]:  56%|█████▌    | 81/145 [00:37<00:28,  2.28it/s, loss=0.0727]
Ep  29 [train]:  56%|█████▌    | 81/145 [00:38<00:28,  2.28it/s, loss=0.0691]
Ep  29 [train]:  57%|█████▋    | 82/145 [00:38<00:31,  2.00it/s, loss=0.0691]
Ep  29 [train]:  57%|█████▋    | 82/145 [00:38<00:31,  2.00it/s, loss=0.0726]
Ep  29 [train]:  57%|█████▋    | 83/145 [00:38<00:26,  2.34it/s, loss=0.0726]
Ep  29 [train]:  57%|█████▋    | 83/145 [00:39<00:26,  2.34it/s, loss=0.0684]
Ep  29 [train]:  58%|█████▊    | 84/145 [00:39<00:30,  2.01it/s, loss=0.0684]
Ep  29 [train]:  58%|█████▊    | 84/145 [00:39<00:30,  2.01it/s, loss=0.0701]
Ep  29 [train]:  59%|█████▊    | 85/145 [00:39<00:25,  2.38it/s, loss=0.0701]
Ep  29 [train]:  59%|█████▊    | 85/145 [00:40<00:25,  2.38it/s, loss=0.0710]
Ep  29 [train]:  59%|█████▉    | 86/145 [00:40<00:30,  1.92it/s, loss=0.0710]
Ep  29 [train]:  59%|█████▉    | 86/145 [00:40<00:30,  1.92it/s, loss=0.0725]
Ep  29 [train]:  60%|██████    | 87/145 [00:40<00:24,  2.33it/s, loss=0.0725]
Ep  29 [train]:  60%|██████    | 87/145 [00:41<00:24,  2.33it/s, loss=0.0712]
Ep  29 [train]:  61%|██████    | 88/145 [00:41<00:29,  1.93it/s, loss=0.0712]
Ep  29 [train]:  61%|██████    | 88/145 [00:41<00:29,  1.93it/s, loss=0.0703]
Ep  29 [train]:  61%|██████▏   | 89/145 [00:41<00:23,  2.40it/s, loss=0.0703]
Ep  29 [train]:  61%|██████▏   | 89/145 [00:42<00:23,  2.40it/s, loss=0.0667]
Ep  29 [train]:  62%|██████▏   | 90/145 [00:42<00:28,  1.94it/s, loss=0.0667]
Ep  29 [train]:  62%|██████▏   | 90/145 [00:42<00:28,  1.94it/s, loss=0.0702]
Ep  29 [train]:  63%|██████▎   | 91/145 [00:42<00:22,  2.41it/s, loss=0.0702]
Ep  29 [train]:  63%|██████▎   | 91/145 [00:43<00:22,  2.41it/s, loss=0.0728]
Ep  29 [train]:  63%|██████▎   | 92/145 [00:43<00:28,  1.89it/s, loss=0.0728]
Ep  29 [train]:  63%|██████▎   | 92/145 [00:43<00:28,  1.89it/s, loss=0.0667]
Ep  29 [train]:  64%|██████▍   | 93/145 [00:43<00:22,  2.36it/s, loss=0.0667]
Ep  29 [train]:  64%|██████▍   | 93/145 [00:43<00:22,  2.36it/s, loss=0.0707]
Ep  29 [train]:  65%|██████▍   | 94/145 [00:43<00:26,  1.92it/s, loss=0.0707]
Ep  29 [train]:  65%|██████▍   | 94/145 [00:44<00:26,  1.92it/s, loss=0.0682]
Ep  29 [train]:  66%|██████▌   | 95/145 [00:44<00:20,  2.39it/s, loss=0.0682]
Ep  29 [train]:  66%|██████▌   | 95/145 [00:44<00:20,  2.39it/s, loss=0.0734]
Ep  29 [train]:  66%|██████▌   | 96/145 [00:44<00:25,  1.94it/s, loss=0.0734]
Ep  29 [train]:  66%|██████▌   | 96/145 [00:45<00:25,  1.94it/s, loss=0.0699]
Ep  29 [train]:  67%|██████▋   | 97/145 [00:45<00:19,  2.41it/s, loss=0.0699]
Ep  29 [train]:  67%|██████▋   | 97/145 [00:45<00:19,  2.41it/s, loss=0.0725]
Ep  29 [train]:  68%|██████▊   | 98/145 [00:45<00:24,  1.95it/s, loss=0.0725]
Ep  29 [train]:  68%|██████▊   | 98/145 [00:46<00:24,  1.95it/s, loss=0.0692]
Ep  29 [train]:  68%|██████▊   | 99/145 [00:46<00:19,  2.41it/s, loss=0.0692]
Ep  29 [train]:  68%|██████▊   | 99/145 [00:46<00:19,  2.41it/s, loss=0.0735]
Ep  29 [train]:  69%|██████▉   | 100/145 [00:46<00:22,  1.97it/s, loss=0.0735]
Ep  29 [train]:  69%|██████▉   | 100/145 [00:46<00:22,  1.97it/s, loss=0.0736]
Ep  29 [train]:  70%|██████▉   | 101/145 [00:46<00:17,  2.45it/s, loss=0.0736]
Ep  29 [train]:  70%|██████▉   | 101/145 [00:47<00:17,  2.45it/s, loss=0.0682]
Ep  29 [train]:  70%|███████   | 102/145 [00:47<00:21,  1.96it/s, loss=0.0682]
Ep  29 [train]:  70%|███████   | 102/145 [00:47<00:21,  1.96it/s, loss=0.0696]
Ep  29 [train]:  71%|███████   | 103/145 [00:47<00:17,  2.43it/s, loss=0.0696]
Ep  29 [train]:  71%|███████   | 103/145 [00:48<00:17,  2.43it/s, loss=0.0696]
Ep  29 [train]:  72%|███████▏  | 104/145 [00:48<00:20,  1.96it/s, loss=0.0696]
Ep  29 [train]:  72%|███████▏  | 104/145 [00:48<00:20,  1.96it/s, loss=0.0685]
Ep  29 [train]:  72%|███████▏  | 105/145 [00:48<00:16,  2.41it/s, loss=0.0685]
Ep  29 [train]:  72%|███████▏  | 105/145 [00:49<00:16,  2.41it/s, loss=0.0749]
Ep  29 [train]:  73%|███████▎  | 106/145 [00:49<00:19,  2.01it/s, loss=0.0749]
Ep  29 [train]:  73%|███████▎  | 106/145 [00:49<00:19,  2.01it/s, loss=0.0706]
Ep  29 [train]:  74%|███████▍  | 107/145 [00:49<00:15,  2.48it/s, loss=0.0706]
Ep  29 [train]:  74%|███████▍  | 107/145 [00:50<00:15,  2.48it/s, loss=0.0693]
Ep  29 [train]:  74%|███████▍  | 108/145 [00:50<00:18,  2.04it/s, loss=0.0693]
Ep  29 [train]:  74%|███████▍  | 108/145 [00:50<00:18,  2.04it/s, loss=0.0691]
Ep  29 [train]:  75%|███████▌  | 109/145 [00:50<00:14,  2.51it/s, loss=0.0691]
Ep  29 [train]:  75%|███████▌  | 109/145 [00:51<00:14,  2.51it/s, loss=0.0742]
Ep  29 [train]:  76%|███████▌  | 110/145 [00:51<00:17,  1.98it/s, loss=0.0742]
Ep  29 [train]:  76%|███████▌  | 110/145 [00:51<00:17,  1.98it/s, loss=0.0686]
Ep  29 [train]:  77%|███████▋  | 111/145 [00:51<00:13,  2.44it/s, loss=0.0686]
Ep  29 [train]:  77%|███████▋  | 111/145 [00:52<00:13,  2.44it/s, loss=0.0798]
Ep  29 [train]:  77%|███████▋  | 112/145 [00:52<00:15,  2.09it/s, loss=0.0798]
Ep  29 [train]:  77%|███████▋  | 112/145 [00:52<00:15,  2.09it/s, loss=0.0740]
Ep  29 [train]:  78%|███████▊  | 113/145 [00:52<00:12,  2.52it/s, loss=0.0740]
Ep  29 [train]:  78%|███████▊  | 113/145 [00:52<00:12,  2.52it/s, loss=0.0717]
Ep  29 [train]:  79%|███████▊  | 114/145 [00:52<00:14,  2.21it/s, loss=0.0717]
Ep  29 [train]:  79%|███████▊  | 114/145 [00:53<00:14,  2.21it/s, loss=0.0709]
Ep  29 [train]:  79%|███████▉  | 115/145 [00:53<00:11,  2.72it/s, loss=0.0709]
Ep  29 [train]:  79%|███████▉  | 115/145 [00:53<00:11,  2.72it/s, loss=0.0706]
Ep  29 [train]:  80%|████████  | 116/145 [00:53<00:13,  2.07it/s, loss=0.0706]
Ep  29 [train]:  80%|████████  | 116/145 [00:54<00:13,  2.07it/s, loss=0.0687]
Ep  29 [train]:  81%|████████  | 117/145 [00:54<00:11,  2.53it/s, loss=0.0687]
Ep  29 [train]:  81%|████████  | 117/145 [00:54<00:11,  2.53it/s, loss=0.0767]
Ep  29 [train]:  81%|████████▏ | 118/145 [00:54<00:14,  1.91it/s, loss=0.0767]
Ep  29 [train]:  81%|████████▏ | 118/145 [00:55<00:14,  1.91it/s, loss=0.0721]
Ep  29 [train]:  82%|████████▏ | 119/145 [00:55<00:10,  2.38it/s, loss=0.0721]
Ep  29 [train]:  82%|████████▏ | 119/145 [00:55<00:10,  2.38it/s, loss=0.0762]
Ep  29 [train]:  83%|████████▎ | 120/145 [00:55<00:13,  1.81it/s, loss=0.0762]
Ep  29 [train]:  83%|████████▎ | 120/145 [00:56<00:13,  1.81it/s, loss=0.0714]
Ep  29 [train]:  83%|████████▎ | 121/145 [00:56<00:10,  2.26it/s, loss=0.0714]
Ep  29 [train]:  83%|████████▎ | 121/145 [00:56<00:10,  2.26it/s, loss=0.0762]
Ep  29 [train]:  84%|████████▍ | 122/145 [00:56<00:12,  1.87it/s, loss=0.0762]
Ep  29 [train]:  84%|████████▍ | 122/145 [00:56<00:12,  1.87it/s, loss=0.0672]
Ep  29 [train]:  85%|████████▍ | 123/145 [00:56<00:09,  2.32it/s, loss=0.0672]
Ep  29 [train]:  85%|████████▍ | 123/145 [00:57<00:09,  2.32it/s, loss=0.0743]
Ep  29 [train]:  86%|████████▌ | 124/145 [00:57<00:11,  1.88it/s, loss=0.0743]
Ep  29 [train]:  86%|████████▌ | 124/145 [00:57<00:11,  1.88it/s, loss=0.0753]
Ep  29 [train]:  86%|████████▌ | 125/145 [00:57<00:08,  2.35it/s, loss=0.0753]
Ep  29 [train]:  86%|████████▌ | 125/145 [00:58<00:08,  2.35it/s, loss=0.0770]
Ep  29 [train]:  87%|████████▋ | 126/145 [00:58<00:09,  1.98it/s, loss=0.0770]
Ep  29 [train]:  87%|████████▋ | 126/145 [00:58<00:09,  1.98it/s, loss=0.0736]
Ep  29 [train]:  88%|████████▊ | 127/145 [00:58<00:07,  2.46it/s, loss=0.0736]
Ep  29 [train]:  88%|████████▊ | 127/145 [00:59<00:07,  2.46it/s, loss=0.0777]
Ep  29 [train]:  88%|████████▊ | 128/145 [00:59<00:08,  2.00it/s, loss=0.0777]
Ep  29 [train]:  88%|████████▊ | 128/145 [00:59<00:08,  2.00it/s, loss=0.0703]
Ep  29 [train]:  89%|████████▉ | 129/145 [00:59<00:06,  2.47it/s, loss=0.0703]
Ep  29 [train]:  89%|████████▉ | 129/145 [01:00<00:06,  2.47it/s, loss=0.0772]
Ep  29 [train]:  90%|████████▉ | 130/145 [01:00<00:07,  1.99it/s, loss=0.0772]
Ep  29 [train]:  90%|████████▉ | 130/145 [01:00<00:07,  1.99it/s, loss=0.0724]
Ep  29 [train]:  90%|█████████ | 131/145 [01:00<00:05,  2.46it/s, loss=0.0724]
Ep  29 [train]:  90%|█████████ | 131/145 [01:01<00:05,  2.46it/s, loss=0.0699]
Ep  29 [train]:  91%|█████████ | 132/145 [01:01<00:06,  1.96it/s, loss=0.0699]
Ep  29 [train]:  91%|█████████ | 132/145 [01:01<00:06,  1.96it/s, loss=0.0684]
Ep  29 [train]:  92%|█████████▏| 133/145 [01:01<00:04,  2.41it/s, loss=0.0684]
Ep  29 [train]:  92%|█████████▏| 133/145 [01:02<00:04,  2.41it/s, loss=0.0718]
Ep  29 [train]:  92%|█████████▏| 134/145 [01:02<00:05,  1.99it/s, loss=0.0718]
Ep  29 [train]:  92%|█████████▏| 134/145 [01:02<00:05,  1.99it/s, loss=0.0703]
Ep  29 [train]:  93%|█████████▎| 135/145 [01:02<00:04,  2.47it/s, loss=0.0703]
Ep  29 [train]:  93%|█████████▎| 135/145 [01:03<00:04,  2.47it/s, loss=0.0699]
Ep  29 [train]:  94%|█████████▍| 136/145 [01:03<00:04,  1.92it/s, loss=0.0699]
Ep  29 [train]:  94%|█████████▍| 136/145 [01:03<00:04,  1.92it/s, loss=0.0679]
Ep  29 [train]:  94%|█████████▍| 137/145 [01:03<00:03,  2.35it/s, loss=0.0679]
Ep  29 [train]:  94%|█████████▍| 137/145 [01:04<00:03,  2.35it/s, loss=0.0688]
Ep  29 [train]:  95%|█████████▌| 138/145 [01:04<00:03,  1.90it/s, loss=0.0688]
Ep  29 [train]:  95%|█████████▌| 138/145 [01:04<00:03,  1.90it/s, loss=0.0685]
Ep  29 [train]:  96%|█████████▌| 139/145 [01:04<00:02,  2.37it/s, loss=0.0685]
Ep  29 [train]:  96%|█████████▌| 139/145 [01:05<00:02,  2.37it/s, loss=0.0732]
Ep  29 [train]:  97%|█████████▋| 140/145 [01:05<00:02,  1.92it/s, loss=0.0732]
Ep  29 [train]:  97%|█████████▋| 140/145 [01:05<00:02,  1.92it/s, loss=0.0671]
Ep  29 [train]:  97%|█████████▋| 141/145 [01:05<00:01,  2.39it/s, loss=0.0671]
Ep  29 [train]:  97%|█████████▋| 141/145 [01:05<00:01,  2.39it/s, loss=0.0687]
Ep  29 [train]:  98%|█████████▊| 142/145 [01:05<00:01,  2.02it/s, loss=0.0687]
Ep  29 [train]:  98%|█████████▊| 142/145 [01:06<00:01,  2.02it/s, loss=0.0698]
Ep  29 [train]:  99%|█████████▊| 143/145 [01:06<00:00,  2.50it/s, loss=0.0698]
Ep  29 [train]:  99%|█████████▊| 143/145 [01:06<00:00,  2.50it/s, loss=0.0704]
Ep  29 [train]:  99%|█████████▉| 144/145 [01:06<00:00,  2.10it/s, loss=0.0704]
Ep  29 [train]:  99%|█████████▉| 144/145 [01:06<00:00,  2.10it/s, loss=0.0643]
Ep  29 [train]: 100%|██████████| 145/145 [01:06<00:00,  2.59it/s, loss=0.0643]
                                                                              
  Ep  29 [train]  loss=0.0713  rmse_c=0.2367  mae_c=0.2141  r2_c=0.031  rmse_h=0.2946  mae_h=0.2175  r2_h=0.496  sup=0.327

Ep  29 [val  ]:   0%|          | 0/39 [00:00<?, ?it/s]
Ep  29 [val  ]:   0%|          | 0/39 [00:01<?, ?it/s, loss=0.0912]
Ep  29 [val  ]:   3%|▎         | 1/39 [00:01<00:40,  1.07s/it, loss=0.0912]
