[2026-04-29 10:58:42,765] torch.distributed.run: [WARNING] master_addr is only used for static rdzv_backend and when rdzv_endpoint is not specified.
[2026-04-29 10:58:42,765] torch.distributed.run: [WARNING] 
[2026-04-29 10:58:42,765] torch.distributed.run: [WARNING] *****************************************
[2026-04-29 10:58:42,765] torch.distributed.run: [WARNING] Setting OMP_NUM_THREADS environment variable for each process to be 1 in default, to avoid your system being overloaded, please further tune the variable for optimal performance in your application as needed. 
[2026-04-29 10:58:42,765] torch.distributed.run: [WARNING] *****************************************
[transformers] Disabling PyTorch because PyTorch >= 2.4 is required but found 2.1.2
[transformers] Disabling PyTorch because PyTorch >= 2.4 is required but found 2.1.2
[transformers] PyTorch was not found. Models won't be available and only tokenizers, configuration and file/data utilities can be used.
[transformers] PyTorch was not found. Models won't be available and only tokenizers, configuration and file/data utilities can be used.
DDP enabled: 2 processes
Loaded norm stats from /workspace/artifacts/norm_stats.json  (49 channels)
Train: 9327 patches  |  Val: 2446 patches  |  Test: 1853 patches
Input channels: 49
Warning: You are sending unauthenticated requests to the HF Hub. Please set a HF_TOKEN to enable higher rate limits and faster downloads.
Model: unet_resnet50  |  Trainable params: 32,665,506

Ep   1 [train]:   0%|          | 0/145 [00:00<?, ?it/s]/opt/conda/lib/python3.10/site-packages/torch/optim/lr_scheduler.py:136: UserWarning: Detected call of `lr_scheduler.step()` before `optimizer.step()`. In PyTorch 1.1.0 and later, you should call them in the opposite order: `optimizer.step()` before `lr_scheduler.step()`.  Failure to do this will result in PyTorch skipping the first value of the learning rate schedule. See more details at https://pytorch.org/docs/stable/optim.html#how-to-adjust-learning-rate
  warnings.warn("Detected call of `lr_scheduler.step()` before `optimizer.step()`. "
/opt/conda/lib/python3.10/site-packages/torch/optim/lr_scheduler.py:136: UserWarning: Detected call of `lr_scheduler.step()` before `optimizer.step()`. In PyTorch 1.1.0 and later, you should call them in the opposite order: `optimizer.step()` before `lr_scheduler.step()`.  Failure to do this will result in PyTorch skipping the first value of the learning rate schedule. See more details at https://pytorch.org/docs/stable/optim.html#how-to-adjust-learning-rate
  warnings.warn("Detected call of `lr_scheduler.step()` before `optimizer.step()`. "

Ep   1 [train]:   0%|          | 0/145 [00:04<?, ?it/s, loss=2.4688]
Ep   1 [train]:   1%|          | 1/145 [00:04<10:21,  4.32s/it, loss=2.4688]
Ep   1 [train]:   1%|          | 1/145 [00:04<10:21,  4.32s/it, loss=2.4512]
Ep   1 [train]:   1%|▏         | 2/145 [00:04<04:35,  1.93s/it, loss=2.4512]
Ep   1 [train]:   1%|▏         | 2/145 [00:04<04:35,  1.93s/it, loss=2.2344]
Ep   1 [train]:   2%|▏         | 3/145 [00:04<02:35,  1.10s/it, loss=2.2344]
Ep   1 [train]:   2%|▏         | 3/145 [00:04<02:35,  1.10s/it, loss=2.2402]
Ep   1 [train]:   3%|▎         | 4/145 [00:04<01:40,  1.40it/s, loss=2.2402]
Ep   1 [train]:   3%|▎         | 4/145 [00:04<01:40,  1.40it/s, loss=2.0410]
Ep   1 [train]:   3%|▎         | 5/145 [00:04<01:09,  2.02it/s, loss=2.0410]
Ep   1 [train]:   3%|▎         | 5/145 [00:05<01:09,  2.02it/s, loss=1.9180]
Ep   1 [train]:   4%|▍         | 6/145 [00:05<01:04,  2.15it/s, loss=1.9180]
Ep   1 [train]:   4%|▍         | 6/145 [00:05<01:04,  2.15it/s, loss=1.8613]
Ep   1 [train]:   5%|▍         | 7/145 [00:05<00:53,  2.58it/s, loss=1.8613]
Ep   1 [train]:   5%|▍         | 7/145 [00:06<00:53,  2.58it/s, loss=1.7139]
Ep   1 [train]:   6%|▌         | 8/145 [00:06<01:02,  2.20it/s, loss=1.7139]
Ep   1 [train]:   6%|▌         | 8/145 [00:06<01:02,  2.20it/s, loss=1.6670]
Ep   1 [train]:   6%|▌         | 9/145 [00:06<00:47,  2.85it/s, loss=1.6670]
Ep   1 [train]:   6%|▌         | 9/145 [00:06<00:47,  2.85it/s, loss=1.5537]
Ep   1 [train]:   7%|▋         | 10/145 [00:06<00:53,  2.50it/s, loss=1.5537]
Ep   1 [train]:   7%|▋         | 10/145 [00:06<00:53,  2.50it/s, loss=1.3936]
Ep   1 [train]:   8%|▊         | 11/145 [00:06<00:45,  2.93it/s, loss=1.3936]
Ep   1 [train]:   8%|▊         | 11/145 [00:07<00:45,  2.93it/s, loss=1.3281]
Ep   1 [train]:   8%|▊         | 12/145 [00:07<00:48,  2.72it/s, loss=1.3281]
Ep   1 [train]:   8%|▊         | 12/145 [00:07<00:48,  2.72it/s, loss=1.2598]
Ep   1 [train]:   9%|▉         | 13/145 [00:07<00:45,  2.93it/s, loss=1.2598]
Ep   1 [train]:   9%|▉         | 13/145 [00:08<00:45,  2.93it/s, loss=1.2432]
Ep   1 [train]:  10%|▉         | 14/145 [00:08<00:50,  2.62it/s, loss=1.2432]
Ep   1 [train]:  10%|▉         | 14/145 [00:08<00:50,  2.62it/s, loss=1.1934]
Ep   1 [train]:  10%|█         | 15/145 [00:08<00:43,  2.96it/s, loss=1.1934]
Ep   1 [train]:  10%|█         | 15/145 [00:08<00:43,  2.96it/s, loss=1.1338]
Ep   1 [train]:  11%|█         | 16/145 [00:08<00:50,  2.58it/s, loss=1.1338]
Ep   1 [train]:  11%|█         | 16/145 [00:09<00:50,  2.58it/s, loss=1.0225]
Ep   1 [train]:  12%|█▏        | 17/145 [00:09<00:50,  2.55it/s, loss=1.0225]
Ep   1 [train]:  12%|█▏        | 17/145 [00:09<00:50,  2.55it/s, loss=1.0996]
Ep   1 [train]:  12%|█▏        | 18/145 [00:09<00:51,  2.45it/s, loss=1.0996]
Ep   1 [train]:  12%|█▏        | 18/145 [00:10<00:51,  2.45it/s, loss=1.0469]
Ep   1 [train]:  13%|█▎        | 19/145 [00:10<00:51,  2.46it/s, loss=1.0469]
Ep   1 [train]:  13%|█▎        | 19/145 [00:10<00:51,  2.46it/s, loss=0.9150]
Ep   1 [train]:  14%|█▍        | 20/145 [00:10<00:50,  2.46it/s, loss=0.9150]
Ep   1 [train]:  14%|█▍        | 20/145 [00:10<00:50,  2.46it/s, loss=0.8770]
Ep   1 [train]:  14%|█▍        | 21/145 [00:10<00:51,  2.42it/s, loss=0.8770]
Ep   1 [train]:  14%|█▍        | 21/145 [00:11<00:51,  2.42it/s, loss=0.8447]
Ep   1 [train]:  15%|█▌        | 22/145 [00:11<00:48,  2.53it/s, loss=0.8447]
Ep   1 [train]:  15%|█▌        | 22/145 [00:11<00:48,  2.53it/s, loss=0.7827]
Ep   1 [train]:  16%|█▌        | 23/145 [00:11<00:51,  2.38it/s, loss=0.7827]
Ep   1 [train]:  16%|█▌        | 23/145 [00:12<00:51,  2.38it/s, loss=0.8174]
Ep   1 [train]:  17%|█▋        | 24/145 [00:12<00:47,  2.54it/s, loss=0.8174]
Ep   1 [train]:  17%|█▋        | 24/145 [00:12<00:47,  2.54it/s, loss=0.8770]
Ep   1 [train]:  17%|█▋        | 25/145 [00:12<00:50,  2.38it/s, loss=0.8770]
Ep   1 [train]:  17%|█▋        | 25/145 [00:12<00:50,  2.38it/s, loss=0.8208]
Ep   1 [train]:  18%|█▊        | 26/145 [00:12<00:47,  2.53it/s, loss=0.8208]
Ep   1 [train]:  18%|█▊        | 26/145 [00:13<00:47,  2.53it/s, loss=0.7759]
Ep   1 [train]:  19%|█▊        | 27/145 [00:13<00:47,  2.47it/s, loss=0.7759]
Ep   1 [train]:  19%|█▊        | 27/145 [00:13<00:47,  2.47it/s, loss=0.7817]
Ep   1 [train]:  19%|█▉        | 28/145 [00:13<00:48,  2.43it/s, loss=0.7817]
Ep   1 [train]:  19%|█▉        | 28/145 [00:14<00:48,  2.43it/s, loss=0.7427]
Ep   1 [train]:  20%|██        | 29/145 [00:14<00:46,  2.49it/s, loss=0.7427]
Ep   1 [train]:  20%|██        | 29/145 [00:14<00:46,  2.49it/s, loss=0.6104]
Ep   1 [train]:  21%|██        | 30/145 [00:14<00:48,  2.36it/s, loss=0.6104]
Ep   1 [train]:  21%|██        | 30/145 [00:15<00:48,  2.36it/s, loss=0.5762]
Ep   1 [train]:  21%|██▏       | 31/145 [00:15<00:45,  2.50it/s, loss=0.5762]
Ep   1 [train]:  21%|██▏       | 31/145 [00:15<00:45,  2.50it/s, loss=0.9595]
Ep   1 [train]:  22%|██▏       | 32/145 [00:15<00:48,  2.32it/s, loss=0.9595]
Ep   1 [train]:  22%|██▏       | 32/145 [00:15<00:48,  2.32it/s, loss=0.5049]
Ep   1 [train]:  23%|██▎       | 33/145 [00:15<00:44,  2.54it/s, loss=0.5049]
Ep   1 [train]:  23%|██▎       | 33/145 [00:16<00:44,  2.54it/s, loss=0.5435]
Ep   1 [train]:  23%|██▎       | 34/145 [00:16<00:48,  2.28it/s, loss=0.5435]
Ep   1 [train]:  23%|██▎       | 34/145 [00:16<00:48,  2.28it/s, loss=0.6187]
Ep   1 [train]:  24%|██▍       | 35/145 [00:16<00:43,  2.52it/s, loss=0.6187]
Ep   1 [train]:  24%|██▍       | 35/145 [00:17<00:43,  2.52it/s, loss=0.5688]
Ep   1 [train]:  25%|██▍       | 36/145 [00:17<00:49,  2.22it/s, loss=0.5688]
Ep   1 [train]:  25%|██▍       | 36/145 [00:17<00:49,  2.22it/s, loss=0.6548]
Ep   1 [train]:  26%|██▌       | 37/145 [00:17<00:41,  2.62it/s, loss=0.6548]
Ep   1 [train]:  26%|██▌       | 37/145 [00:18<00:41,  2.62it/s, loss=0.6426]
Ep   1 [train]:  26%|██▌       | 38/145 [00:18<00:47,  2.28it/s, loss=0.6426]
Ep   1 [train]:  26%|██▌       | 38/145 [00:18<00:47,  2.28it/s, loss=0.5903]
Ep   1 [train]:  27%|██▋       | 39/145 [00:18<00:40,  2.61it/s, loss=0.5903]
Ep   1 [train]:  27%|██▋       | 39/145 [00:18<00:40,  2.61it/s, loss=0.3931]
Ep   1 [train]:  28%|██▊       | 40/145 [00:18<00:45,  2.33it/s, loss=0.3931]
Ep   1 [train]:  28%|██▊       | 40/145 [00:19<00:45,  2.33it/s, loss=0.5664]
Ep   1 [train]:  28%|██▊       | 41/145 [00:19<00:39,  2.64it/s, loss=0.5664]
Ep   1 [train]:  28%|██▊       | 41/145 [00:19<00:39,  2.64it/s, loss=0.4128]
Ep   1 [train]:  29%|██▉       | 42/145 [00:19<00:43,  2.36it/s, loss=0.4128]
Ep   1 [train]:  29%|██▉       | 42/145 [00:19<00:43,  2.36it/s, loss=0.5469]
Ep   1 [train]:  30%|██▉       | 43/145 [00:19<00:38,  2.63it/s, loss=0.5469]
Ep   1 [train]:  30%|██▉       | 43/145 [00:20<00:38,  2.63it/s, loss=0.4854]
Ep   1 [train]:  30%|███       | 44/145 [00:20<00:45,  2.20it/s, loss=0.4854]
Ep   1 [train]:  30%|███       | 44/145 [00:20<00:45,  2.20it/s, loss=0.4480]
Ep   1 [train]:  31%|███       | 45/145 [00:20<00:37,  2.68it/s, loss=0.4480]
Ep   1 [train]:  31%|███       | 45/145 [00:21<00:37,  2.68it/s, loss=0.3945]
Ep   1 [train]:  32%|███▏      | 46/145 [00:21<00:44,  2.23it/s, loss=0.3945]
Ep   1 [train]:  32%|███▏      | 46/145 [00:21<00:44,  2.23it/s, loss=0.4775]
Ep   1 [train]:  32%|███▏      | 47/145 [00:21<00:36,  2.71it/s, loss=0.4775]
Ep   1 [train]:  32%|███▏      | 47/145 [00:22<00:36,  2.71it/s, loss=0.4849]
Ep   1 [train]:  33%|███▎      | 48/145 [00:22<00:44,  2.19it/s, loss=0.4849]
Ep   1 [train]:  33%|███▎      | 48/145 [00:22<00:44,  2.19it/s, loss=0.4688]
Ep   1 [train]:  34%|███▍      | 49/145 [00:22<00:34,  2.75it/s, loss=0.4688]
Ep   1 [train]:  34%|███▍      | 49/145 [00:23<00:34,  2.75it/s, loss=0.4189]
Ep   1 [train]:  34%|███▍      | 50/145 [00:23<00:42,  2.21it/s, loss=0.4189]
Ep   1 [train]:  34%|███▍      | 50/145 [00:23<00:42,  2.21it/s, loss=0.3235]
Ep   1 [train]:  35%|███▌      | 51/145 [00:23<00:33,  2.82it/s, loss=0.3235]
Ep   1 [train]:  35%|███▌      | 51/145 [00:23<00:33,  2.82it/s, loss=0.4116]
Ep   1 [train]:  36%|███▌      | 52/145 [00:23<00:42,  2.21it/s, loss=0.4116]
Ep   1 [train]:  36%|███▌      | 52/145 [00:23<00:42,  2.21it/s, loss=0.3455]
Ep   1 [train]:  37%|███▋      | 53/145 [00:23<00:32,  2.79it/s, loss=0.3455]
Ep   1 [train]:  37%|███▋      | 53/145 [00:24<00:32,  2.79it/s, loss=0.3955]
Ep   1 [train]:  37%|███▋      | 54/145 [00:24<00:42,  2.16it/s, loss=0.3955]
Ep   1 [train]:  37%|███▋      | 54/145 [00:24<00:42,  2.16it/s, loss=0.3289]
Ep   1 [train]:  38%|███▊      | 55/145 [00:24<00:33,  2.72it/s, loss=0.3289]
Ep   1 [train]:  38%|███▊      | 55/145 [00:25<00:33,  2.72it/s, loss=0.5293]
Ep   1 [train]:  39%|███▊      | 56/145 [00:25<00:40,  2.17it/s, loss=0.5293]
Ep   1 [train]:  39%|███▊      | 56/145 [00:25<00:40,  2.17it/s, loss=0.5034]
Ep   1 [train]:  39%|███▉      | 57/145 [00:25<00:31,  2.76it/s, loss=0.5034]
Ep   1 [train]:  39%|███▉      | 57/145 [00:26<00:31,  2.76it/s, loss=0.4172]
Ep   1 [train]:  40%|████      | 58/145 [00:26<00:39,  2.19it/s, loss=0.4172]
Ep   1 [train]:  40%|████      | 58/145 [00:26<00:39,  2.19it/s, loss=0.4404]
Ep   1 [train]:  41%|████      | 59/145 [00:26<00:30,  2.80it/s, loss=0.4404]
Ep   1 [train]:  41%|████      | 59/145 [00:27<00:30,  2.80it/s, loss=0.3206]
Ep   1 [train]:  41%|████▏     | 60/145 [00:27<00:38,  2.22it/s, loss=0.3206]
Ep   1 [train]:  41%|████▏     | 60/145 [00:27<00:38,  2.22it/s, loss=0.3376]
Ep   1 [train]:  42%|████▏     | 61/145 [00:27<00:30,  2.80it/s, loss=0.3376]
Ep   1 [train]:  42%|████▏     | 61/145 [00:27<00:30,  2.80it/s, loss=0.3784]
Ep   1 [train]:  43%|████▎     | 62/145 [00:27<00:37,  2.20it/s, loss=0.3784]
Ep   1 [train]:  43%|████▎     | 62/145 [00:28<00:37,  2.20it/s, loss=0.4116]
Ep   1 [train]:  43%|████▎     | 63/145 [00:28<00:29,  2.79it/s, loss=0.4116]
Ep   1 [train]:  43%|████▎     | 63/145 [00:28<00:29,  2.79it/s, loss=0.3540]
Ep   1 [train]:  44%|████▍     | 64/145 [00:28<00:38,  2.11it/s, loss=0.3540]
Ep   1 [train]:  44%|████▍     | 64/145 [00:28<00:38,  2.11it/s, loss=0.2969]
Ep   1 [train]:  45%|████▍     | 65/145 [00:28<00:29,  2.73it/s, loss=0.2969]
Ep   1 [train]:  45%|████▍     | 65/145 [00:29<00:29,  2.73it/s, loss=0.3806]
Ep   1 [train]:  46%|████▌     | 66/145 [00:29<00:37,  2.12it/s, loss=0.3806]
Ep   1 [train]:  46%|████▌     | 66/145 [00:29<00:37,  2.12it/s, loss=0.3411]
Ep   1 [train]:  46%|████▌     | 67/145 [00:29<00:28,  2.70it/s, loss=0.3411]
Ep   1 [train]:  46%|████▌     | 67/145 [00:30<00:28,  2.70it/s, loss=0.3469]
Ep   1 [train]:  47%|████▋     | 68/145 [00:30<00:36,  2.13it/s, loss=0.3469]
Ep   1 [train]:  47%|████▋     | 68/145 [00:30<00:36,  2.13it/s, loss=0.2869]
Ep   1 [train]:  48%|████▊     | 69/145 [00:30<00:27,  2.74it/s, loss=0.2869]
Ep   1 [train]:  48%|████▊     | 69/145 [00:31<00:27,  2.74it/s, loss=0.3040]
Ep   1 [train]:  48%|████▊     | 70/145 [00:31<00:34,  2.15it/s, loss=0.3040]
Ep   1 [train]:  48%|████▊     | 70/145 [00:31<00:34,  2.15it/s, loss=0.3884]
Ep   1 [train]:  49%|████▉     | 71/145 [00:31<00:26,  2.75it/s, loss=0.3884]
Ep   1 [train]:  49%|████▉     | 71/145 [00:32<00:26,  2.75it/s, loss=0.3289]
Ep   1 [train]:  50%|████▉     | 72/145 [00:32<00:33,  2.20it/s, loss=0.3289]
Ep   1 [train]:  50%|████▉     | 72/145 [00:32<00:33,  2.20it/s, loss=0.3357]
Ep   1 [train]:  50%|█████     | 73/145 [00:32<00:25,  2.81it/s, loss=0.3357]
Ep   1 [train]:  50%|█████     | 73/145 [00:32<00:25,  2.81it/s, loss=0.2678]
Ep   1 [train]:  51%|█████     | 74/145 [00:32<00:32,  2.20it/s, loss=0.2678]
Ep   1 [train]:  51%|█████     | 74/145 [00:32<00:32,  2.20it/s, loss=0.3118]
Ep   1 [train]:  52%|█████▏    | 75/145 [00:32<00:24,  2.81it/s, loss=0.3118]
Ep   1 [train]:  52%|█████▏    | 75/145 [00:33<00:24,  2.81it/s, loss=0.2695]
Ep   1 [train]:  52%|█████▏    | 76/145 [00:33<00:32,  2.13it/s, loss=0.2695]
Ep   1 [train]:  52%|█████▏    | 76/145 [00:33<00:32,  2.13it/s, loss=0.2798]
Ep   1 [train]:  53%|█████▎    | 77/145 [00:33<00:24,  2.75it/s, loss=0.2798]
Ep   1 [train]:  53%|█████▎    | 77/145 [00:34<00:24,  2.75it/s, loss=0.3794]
Ep   1 [train]:  54%|█████▍    | 78/145 [00:34<00:30,  2.20it/s, loss=0.3794]
Ep   1 [train]:  54%|█████▍    | 78/145 [00:34<00:30,  2.20it/s, loss=0.2542]
Ep   1 [train]:  54%|█████▍    | 79/145 [00:34<00:23,  2.81it/s, loss=0.2542]
Ep   1 [train]:  54%|█████▍    | 79/145 [00:35<00:23,  2.81it/s, loss=0.2734]
Ep   1 [train]:  55%|█████▌    | 80/145 [00:35<00:29,  2.18it/s, loss=0.2734]
Ep   1 [train]:  55%|█████▌    | 80/145 [00:35<00:29,  2.18it/s, loss=0.2430]
Ep   1 [train]:  56%|█████▌    | 81/145 [00:35<00:23,  2.70it/s, loss=0.2430]
Ep   1 [train]:  56%|█████▌    | 81/145 [00:36<00:23,  2.70it/s, loss=0.2505]
Ep   1 [train]:  57%|█████▋    | 82/145 [00:36<00:29,  2.15it/s, loss=0.2505]
Ep   1 [train]:  57%|█████▋    | 82/145 [00:36<00:29,  2.15it/s, loss=0.2808]
Ep   1 [train]:  57%|█████▋    | 83/145 [00:36<00:23,  2.66it/s, loss=0.2808]
Ep   1 [train]:  57%|█████▋    | 83/145 [00:36<00:23,  2.66it/s, loss=0.2466]
Ep   1 [train]:  58%|█████▊    | 84/145 [00:36<00:27,  2.24it/s, loss=0.2466]
Ep   1 [train]:  58%|█████▊    | 84/145 [00:37<00:27,  2.24it/s, loss=0.2529]
Ep   1 [train]:  59%|█████▊    | 85/145 [00:37<00:21,  2.80it/s, loss=0.2529]
Ep   1 [train]:  59%|█████▊    | 85/145 [00:37<00:21,  2.80it/s, loss=0.3081]
Ep   1 [train]:  59%|█████▉    | 86/145 [00:37<00:26,  2.20it/s, loss=0.3081]
Ep   1 [train]:  59%|█████▉    | 86/145 [00:37<00:26,  2.20it/s, loss=0.2190]
Ep   1 [train]:  60%|██████    | 87/145 [00:37<00:20,  2.78it/s, loss=0.2190]
Ep   1 [train]:  60%|██████    | 87/145 [00:38<00:20,  2.78it/s, loss=0.2119]
Ep   1 [train]:  61%|██████    | 88/145 [00:38<00:25,  2.26it/s, loss=0.2119]
Ep   1 [train]:  61%|██████    | 88/145 [00:38<00:25,  2.26it/s, loss=0.2290]
Ep   1 [train]:  61%|██████▏   | 89/145 [00:38<00:20,  2.72it/s, loss=0.2290]
Ep   1 [train]:  61%|██████▏   | 89/145 [00:39<00:20,  2.72it/s, loss=0.2317]
Ep   1 [train]:  62%|██████▏   | 90/145 [00:39<00:24,  2.27it/s, loss=0.2317]
Ep   1 [train]:  62%|██████▏   | 90/145 [00:39<00:24,  2.27it/s, loss=0.2700]
Ep   1 [train]:  63%|██████▎   | 91/145 [00:39<00:18,  2.86it/s, loss=0.2700]
Ep   1 [train]:  63%|██████▎   | 91/145 [00:40<00:18,  2.86it/s, loss=0.2068]
Ep   1 [train]:  63%|██████▎   | 92/145 [00:40<00:23,  2.22it/s, loss=0.2068]
Ep   1 [train]:  63%|██████▎   | 92/145 [00:40<00:23,  2.22it/s, loss=0.1797]
Ep   1 [train]:  64%|██████▍   | 93/145 [00:40<00:18,  2.83it/s, loss=0.1797]
Ep   1 [train]:  64%|██████▍   | 93/145 [00:41<00:18,  2.83it/s, loss=0.2566]
Ep   1 [train]:  65%|██████▍   | 94/145 [00:41<00:23,  2.18it/s, loss=0.2566]
Ep   1 [train]:  65%|██████▍   | 94/145 [00:41<00:23,  2.18it/s, loss=0.2258]
Ep   1 [train]:  66%|██████▌   | 95/145 [00:41<00:17,  2.79it/s, loss=0.2258]
Ep   1 [train]:  66%|██████▌   | 95/145 [00:41<00:17,  2.79it/s, loss=0.1824]
Ep   1 [train]:  66%|██████▌   | 96/145 [00:41<00:23,  2.09it/s, loss=0.1824]
Ep   1 [train]:  66%|██████▌   | 96/145 [00:42<00:23,  2.09it/s, loss=0.2026]
Ep   1 [train]:  67%|██████▋   | 97/145 [00:42<00:18,  2.56it/s, loss=0.2026]
Ep   1 [train]:  67%|██████▋   | 97/145 [00:42<00:18,  2.56it/s, loss=0.1528]
Ep   1 [train]:  68%|██████▊   | 98/145 [00:42<00:21,  2.16it/s, loss=0.1528]
Ep   1 [train]:  68%|██████▊   | 98/145 [00:42<00:21,  2.16it/s, loss=0.2007]
Ep   1 [train]:  68%|██████▊   | 99/145 [00:42<00:17,  2.69it/s, loss=0.2007]
Ep   1 [train]:  68%|██████▊   | 99/145 [00:43<00:17,  2.69it/s, loss=0.1649]
Ep   1 [train]:  69%|██████▉   | 100/145 [00:43<00:20,  2.17it/s, loss=0.1649]
Ep   1 [train]:  69%|██████▉   | 100/145 [00:43<00:20,  2.17it/s, loss=0.1885]
Ep   1 [train]:  70%|██████▉   | 101/145 [00:43<00:16,  2.74it/s, loss=0.1885]
Ep   1 [train]:  70%|██████▉   | 101/145 [00:44<00:16,  2.74it/s, loss=0.2216]
Ep   1 [train]:  70%|███████   | 102/145 [00:44<00:20,  2.10it/s, loss=0.2216]
Ep   1 [train]:  70%|███████   | 102/145 [00:44<00:20,  2.10it/s, loss=0.1897]
Ep   1 [train]:  71%|███████   | 103/145 [00:44<00:15,  2.63it/s, loss=0.1897]
Ep   1 [train]:  71%|███████   | 103/145 [00:45<00:15,  2.63it/s, loss=0.2129]
Ep   1 [train]:  72%|███████▏  | 104/145 [00:45<00:18,  2.18it/s, loss=0.2129]
Ep   1 [train]:  72%|███████▏  | 104/145 [00:45<00:18,  2.18it/s, loss=0.2281]
Ep   1 [train]:  72%|███████▏  | 105/145 [00:45<00:14,  2.77it/s, loss=0.2281]
Ep   1 [train]:  72%|███████▏  | 105/145 [00:46<00:14,  2.77it/s, loss=0.1577]
Ep   1 [train]:  73%|███████▎  | 106/145 [00:46<00:18,  2.09it/s, loss=0.1577]
Ep   1 [train]:  73%|███████▎  | 106/145 [00:46<00:18,  2.09it/s, loss=0.1606]
Ep   1 [train]:  74%|███████▍  | 107/145 [00:46<00:14,  2.68it/s, loss=0.1606]
Ep   1 [train]:  74%|███████▍  | 107/145 [00:46<00:14,  2.68it/s, loss=0.1654]
Ep   1 [train]:  74%|███████▍  | 108/145 [00:46<00:17,  2.15it/s, loss=0.1654]
Ep   1 [train]:  74%|███████▍  | 108/145 [00:47<00:17,  2.15it/s, loss=0.2275]
Ep   1 [train]:  75%|███████▌  | 109/145 [00:47<00:13,  2.65it/s, loss=0.2275]
Ep   1 [train]:  75%|███████▌  | 109/145 [00:47<00:13,  2.65it/s, loss=0.1479]
Ep   1 [train]:  76%|███████▌  | 110/145 [00:47<00:16,  2.15it/s, loss=0.1479]
Ep   1 [train]:  76%|███████▌  | 110/145 [00:47<00:16,  2.15it/s, loss=0.1643]
Ep   1 [train]:  77%|███████▋  | 111/145 [00:47<00:12,  2.66it/s, loss=0.1643]
Ep   1 [train]:  77%|███████▋  | 111/145 [00:48<00:12,  2.66it/s, loss=0.1810]
Ep   1 [train]:  77%|███████▋  | 112/145 [00:48<00:15,  2.15it/s, loss=0.1810]
Ep   1 [train]:  77%|███████▋  | 112/145 [00:48<00:15,  2.15it/s, loss=0.1826]
Ep   1 [train]:  78%|███████▊  | 113/145 [00:48<00:12,  2.66it/s, loss=0.1826]
Ep   1 [train]:  78%|███████▊  | 113/145 [00:49<00:12,  2.66it/s, loss=0.1858]
Ep   1 [train]:  79%|███████▊  | 114/145 [00:49<00:14,  2.15it/s, loss=0.1858]
Ep   1 [train]:  79%|███████▊  | 114/145 [00:49<00:14,  2.15it/s, loss=0.1641]
Ep   1 [train]:  79%|███████▉  | 115/145 [00:49<00:11,  2.63it/s, loss=0.1641]
Ep   1 [train]:  79%|███████▉  | 115/145 [00:50<00:11,  2.63it/s, loss=0.1481]
Ep   1 [train]:  80%|████████  | 116/145 [00:50<00:13,  2.20it/s, loss=0.1481]
Ep   1 [train]:  80%|████████  | 116/145 [00:50<00:13,  2.20it/s, loss=0.1749]
Ep   1 [train]:  81%|████████  | 117/145 [00:50<00:10,  2.76it/s, loss=0.1749]
Ep   1 [train]:  81%|████████  | 117/145 [00:51<00:10,  2.76it/s, loss=0.1381]
Ep   1 [train]:  81%|████████▏ | 118/145 [00:51<00:12,  2.13it/s, loss=0.1381]
Ep   1 [train]:  81%|████████▏ | 118/145 [00:51<00:12,  2.13it/s, loss=0.2078]
Ep   1 [train]:  82%|████████▏ | 119/145 [00:51<00:09,  2.66it/s, loss=0.2078]
Ep   1 [train]:  82%|████████▏ | 119/145 [00:51<00:09,  2.66it/s, loss=0.1731]
Ep   1 [train]:  83%|████████▎ | 120/145 [00:51<00:11,  2.21it/s, loss=0.1731]
Ep   1 [train]:  83%|████████▎ | 120/145 [00:52<00:11,  2.21it/s, loss=0.1511]
Ep   1 [train]:  83%|████████▎ | 121/145 [00:52<00:08,  2.76it/s, loss=0.1511]
Ep   1 [train]:  83%|████████▎ | 121/145 [00:52<00:08,  2.76it/s, loss=0.2046]
Ep   1 [train]:  84%|████████▍ | 122/145 [00:52<00:10,  2.12it/s, loss=0.2046]
Ep   1 [train]:  84%|████████▍ | 122/145 [00:52<00:10,  2.12it/s, loss=0.1678]
Ep   1 [train]:  85%|████████▍ | 123/145 [00:52<00:08,  2.66it/s, loss=0.1678]
Ep   1 [train]:  85%|████████▍ | 123/145 [00:53<00:08,  2.66it/s, loss=0.1561]
Ep   1 [train]:  86%|████████▌ | 124/145 [00:53<00:09,  2.14it/s, loss=0.1561]
Ep   1 [train]:  86%|████████▌ | 124/145 [00:53<00:09,  2.14it/s, loss=0.1534]
Ep   1 [train]:  86%|████████▌ | 125/145 [00:53<00:07,  2.74it/s, loss=0.1534]
Ep   1 [train]:  86%|████████▌ | 125/145 [00:54<00:07,  2.74it/s, loss=0.1646]
Ep   1 [train]:  87%|████████▋ | 126/145 [00:54<00:09,  2.06it/s, loss=0.1646]
Ep   1 [train]:  87%|████████▋ | 126/145 [00:54<00:09,  2.06it/s, loss=0.1508]
Ep   1 [train]:  88%|████████▊ | 127/145 [00:54<00:06,  2.58it/s, loss=0.1508]
Ep   1 [train]:  88%|████████▊ | 127/145 [00:55<00:06,  2.58it/s, loss=0.1382]
Ep   1 [train]:  88%|████████▊ | 128/145 [00:55<00:08,  2.10it/s, loss=0.1382]
Ep   1 [train]:  88%|████████▊ | 128/145 [00:55<00:08,  2.10it/s, loss=0.2681]
Ep   1 [train]:  89%|████████▉ | 129/145 [00:55<00:06,  2.52it/s, loss=0.2681]
Ep   1 [train]:  89%|████████▉ | 129/145 [00:56<00:06,  2.52it/s, loss=0.1621]
Ep   1 [train]:  90%|████████▉ | 130/145 [00:56<00:07,  2.11it/s, loss=0.1621]
Ep   1 [train]:  90%|████████▉ | 130/145 [00:56<00:07,  2.11it/s, loss=0.1976]
Ep   1 [train]:  90%|█████████ | 131/145 [00:56<00:05,  2.64it/s, loss=0.1976]
Ep   1 [train]:  90%|█████████ | 131/145 [00:57<00:05,  2.64it/s, loss=0.1558]
Ep   1 [train]:  91%|█████████ | 132/145 [00:57<00:05,  2.19it/s, loss=0.1558]
Ep   1 [train]:  91%|█████████ | 132/145 [00:57<00:05,  2.19it/s, loss=0.1390]
Ep   1 [train]:  92%|█████████▏| 133/145 [00:57<00:04,  2.70it/s, loss=0.1390]
Ep   1 [train]:  92%|█████████▏| 133/145 [00:57<00:04,  2.70it/s, loss=0.1321]
Ep   1 [train]:  92%|█████████▏| 134/145 [00:57<00:05,  2.18it/s, loss=0.1321]
Ep   1 [train]:  92%|█████████▏| 134/145 [00:58<00:05,  2.18it/s, loss=0.1759]
Ep   1 [train]:  93%|█████████▎| 135/145 [00:58<00:03,  2.71it/s, loss=0.1759]
Ep   1 [train]:  93%|█████████▎| 135/145 [00:58<00:03,  2.71it/s, loss=0.1676]
Ep   1 [train]:  94%|█████████▍| 136/145 [00:58<00:04,  2.14it/s, loss=0.1676]
Ep   1 [train]:  94%|█████████▍| 136/145 [00:58<00:04,  2.14it/s, loss=0.1521]
Ep   1 [train]:  94%|█████████▍| 137/145 [00:58<00:02,  2.72it/s, loss=0.1521]
Ep   1 [train]:  94%|█████████▍| 137/145 [00:59<00:02,  2.72it/s, loss=0.1279]
Ep   1 [train]:  95%|█████████▌| 138/145 [00:59<00:03,  2.23it/s, loss=0.1279]
Ep   1 [train]:  95%|█████████▌| 138/145 [00:59<00:03,  2.23it/s, loss=0.1411]
Ep   1 [train]:  96%|█████████▌| 139/145 [00:59<00:02,  2.79it/s, loss=0.1411]
Ep   1 [train]:  96%|█████████▌| 139/145 [01:00<00:02,  2.79it/s, loss=0.1545]
Ep   1 [train]:  97%|█████████▋| 140/145 [01:00<00:02,  2.21it/s, loss=0.1545]
Ep   1 [train]:  97%|█████████▋| 140/145 [01:00<00:02,  2.21it/s, loss=0.1409]
Ep   1 [train]:  97%|█████████▋| 141/145 [01:00<00:01,  2.74it/s, loss=0.1409]
Ep   1 [train]:  97%|█████████▋| 141/145 [01:01<00:01,  2.74it/s, loss=0.1273]
Ep   1 [train]:  98%|█████████▊| 142/145 [01:01<00:01,  2.24it/s, loss=0.1273]
Ep   1 [train]:  98%|█████████▊| 142/145 [01:01<00:01,  2.24it/s, loss=0.1401]
Ep   1 [train]:  99%|█████████▊| 143/145 [01:01<00:00,  2.75it/s, loss=0.1401]
Ep   1 [train]:  99%|█████████▊| 143/145 [01:01<00:00,  2.75it/s, loss=0.1376]
Ep   1 [train]:  99%|█████████▉| 144/145 [01:01<00:00,  2.23it/s, loss=0.1376]
Ep   1 [train]:  99%|█████████▉| 144/145 [01:02<00:00,  2.23it/s, loss=0.1212]
Ep   1 [train]: 100%|██████████| 145/145 [01:02<00:00,  2.79it/s, loss=0.1212]
                                                                              
  Ep   1 [train]  loss=0.5040  rmse_c=0.3253  mae_c=0.2608  r2_c=-0.806  rmse_h=1.1433  mae_h=0.7761  r2_h=-6.519  sup=0.326

Ep   1 [val  ]:   0%|          | 0/39 [00:00<?, ?it/s]
Ep   1 [val  ]:   0%|          | 0/39 [00:01<?, ?it/s, loss=0.1871]
Ep   1 [val  ]:   3%|▎         | 1/39 [00:01<00:53,  1.41s/it, loss=0.1871]
Ep   1 [val  ]:   3%|▎         | 1/39 [00:01<00:53,  1.41s/it, loss=0.1694]
Ep   1 [val  ]:   3%|▎         | 1/39 [00:02<00:53,  1.41s/it, loss=0.1545]
Ep   1 [val  ]:   8%|▊         | 3/39 [00:02<00:25,  1.44it/s, loss=0.1545]
Ep   1 [val  ]:   8%|▊         | 3/39 [00:02<00:25,  1.44it/s, loss=0.1345]
Ep   1 [val  ]:   8%|▊         | 3/39 [00:03<00:25,  1.44it/s, loss=0.1832]
Ep   1 [val  ]:  13%|█▎        | 5/39 [00:03<00:20,  1.64it/s, loss=0.1832]
Ep   1 [val  ]:  13%|█▎        | 5/39 [00:03<00:20,  1.64it/s, loss=0.2439]
Ep   1 [val  ]:  13%|█▎        | 5/39 [00:04<00:20,  1.64it/s, loss=0.1754]
Ep   1 [val  ]:  18%|█▊        | 7/39 [00:04<00:16,  1.89it/s, loss=0.1754]
Ep   1 [val  ]:  18%|█▊        | 7/39 [00:04<00:16,  1.89it/s, loss=0.1492]
Ep   1 [val  ]:  18%|█▊        | 7/39 [00:05<00:16,  1.89it/s, loss=0.1536]
Ep   1 [val  ]:  23%|██▎       | 9/39 [00:05<00:14,  2.01it/s, loss=0.1536]
Ep   1 [val  ]:  23%|██▎       | 9/39 [00:05<00:14,  2.01it/s, loss=0.1337]
Ep   1 [val  ]:  23%|██▎       | 9/39 [00:05<00:14,  2.01it/s, loss=0.1633]
Ep   1 [val  ]:  28%|██▊       | 11/39 [00:05<00:13,  2.15it/s, loss=0.1633]
Ep   1 [val  ]:  28%|██▊       | 11/39 [00:05<00:13,  2.15it/s, loss=0.1450]
Ep   1 [val  ]:  28%|██▊       | 11/39 [00:06<00:13,  2.15it/s, loss=0.1514]
Ep   1 [val  ]:  33%|███▎      | 13/39 [00:06<00:11,  2.18it/s, loss=0.1514]
Ep   1 [val  ]:  33%|███▎      | 13/39 [00:06<00:11,  2.18it/s, loss=0.1611]
Ep   1 [val  ]:  33%|███▎      | 13/39 [00:07<00:11,  2.18it/s, loss=0.1602]
Ep   1 [val  ]:  38%|███▊      | 15/39 [00:07<00:11,  2.10it/s, loss=0.1602]
Ep   1 [val  ]:  38%|███▊      | 15/39 [00:07<00:11,  2.10it/s, loss=0.1610]
Ep   1 [val  ]:  41%|████      | 16/39 [00:07<00:09,  2.44it/s, loss=0.1610]
Ep   1 [val  ]:  41%|████      | 16/39 [00:08<00:09,  2.44it/s, loss=0.1869]
Ep   1 [val  ]:  44%|████▎     | 17/39 [00:08<00:11,  1.98it/s, loss=0.1869]
Ep   1 [val  ]:  44%|████▎     | 17/39 [00:08<00:11,  1.98it/s, loss=0.1674]
Ep   1 [val  ]:  44%|████▎     | 17/39 [00:09<00:11,  1.98it/s, loss=0.1687]
Ep   1 [val  ]:  49%|████▊     | 19/39 [00:09<00:10,  2.00it/s, loss=0.1687]
Ep   1 [val  ]:  49%|████▊     | 19/39 [00:09<00:10,  2.00it/s, loss=0.1321]
Ep   1 [val  ]:  49%|████▊     | 19/39 [00:10<00:10,  2.00it/s, loss=0.1019]
Ep   1 [val  ]:  54%|█████▍    | 21/39 [00:10<00:09,  1.97it/s, loss=0.1019]
Ep   1 [val  ]:  54%|█████▍    | 21/39 [00:10<00:09,  1.97it/s, loss=0.1154]
Ep   1 [val  ]:  54%|█████▍    | 21/39 [00:11<00:09,  1.97it/s, loss=0.1040]
Ep   1 [val  ]:  59%|█████▉    | 23/39 [00:11<00:07,  2.04it/s, loss=0.1040]
Ep   1 [val  ]:  59%|█████▉    | 23/39 [00:11<00:07,  2.04it/s, loss=0.1169]
Ep   1 [val  ]:  59%|█████▉    | 23/39 [00:12<00:07,  2.04it/s, loss=0.1088]
Ep   1 [val  ]:  64%|██████▍   | 25/39 [00:12<00:06,  2.00it/s, loss=0.1088]
Ep   1 [val  ]:  64%|██████▍   | 25/39 [00:12<00:06,  2.00it/s, loss=0.1254]
Ep   1 [val  ]:  64%|██████▍   | 25/39 [00:13<00:06,  2.00it/s, loss=0.1433]
Ep   1 [val  ]:  69%|██████▉   | 27/39 [00:13<00:05,  2.11it/s, loss=0.1433]
Ep   1 [val  ]:  69%|██████▉   | 27/39 [00:13<00:05,  2.11it/s, loss=0.2000]
Ep   1 [val  ]:  69%|██████▉   | 27/39 [00:14<00:05,  2.11it/s, loss=0.1503]
Ep   1 [val  ]:  74%|███████▍  | 29/39 [00:14<00:04,  2.08it/s, loss=0.1503]
Ep   1 [val  ]:  74%|███████▍  | 29/39 [00:14<00:04,  2.08it/s, loss=0.1412]
Ep   1 [val  ]:  74%|███████▍  | 29/39 [00:15<00:04,  2.08it/s, loss=0.1002]
Ep   1 [val  ]:  79%|███████▉  | 31/39 [00:15<00:03,  2.09it/s, loss=0.1002]
Ep   1 [val  ]:  79%|███████▉  | 31/39 [00:15<00:03,  2.09it/s, loss=0.1088]
Ep   1 [val  ]:  79%|███████▉  | 31/39 [00:16<00:03,  2.09it/s, loss=0.1183]
Ep   1 [val  ]:  85%|████████▍ | 33/39 [00:16<00:02,  2.11it/s, loss=0.1183]
Ep   1 [val  ]:  85%|████████▍ | 33/39 [00:16<00:02,  2.11it/s, loss=0.1066]
Ep   1 [val  ]:  85%|████████▍ | 33/39 [00:17<00:02,  2.11it/s, loss=0.1073]
Ep   1 [val  ]:  90%|████████▉ | 35/39 [00:17<00:01,  2.07it/s, loss=0.1073]
Ep   1 [val  ]:  90%|████████▉ | 35/39 [00:17<00:01,  2.07it/s, loss=0.1062]
Ep   1 [val  ]:  90%|████████▉ | 35/39 [00:18<00:01,  2.07it/s, loss=0.1052]
Ep   1 [val  ]:  95%|█████████▍| 37/39 [00:18<00:00,  2.14it/s, loss=0.1052]
Ep   1 [val  ]:  95%|█████████▍| 37/39 [00:18<00:00,  2.14it/s, loss=0.1261]
Ep   1 [val  ]:  95%|█████████▍| 37/39 [00:19<00:00,  2.14it/s, loss=0.1744]
Ep   1 [val  ]: 100%|██████████| 39/39 [00:19<00:00,  2.27it/s, loss=0.1744]
                                                                            
  Ep   1 [val  ]  loss=0.1447  rmse_c=0.2628  mae_c=0.2284  r2_c=-0.134  rmse_h=0.4789  mae_h=0.3351  r2_h=-0.429  sup=0.308
  [new best] combined_val_rmse=0.3708

Ep   2 [train]:   0%|          | 0/145 [00:00<?, ?it/s]
Ep   2 [train]:   0%|          | 0/145 [00:01<?, ?it/s, loss=0.1479]
Ep   2 [train]:   1%|          | 1/145 [00:01<02:43,  1.13s/it, loss=0.1479]
Ep   2 [train]:   1%|          | 1/145 [00:01<02:43,  1.13s/it, loss=0.1558]
Ep   2 [train]:   1%|▏         | 2/145 [00:01<01:16,  1.86it/s, loss=0.1558]
Ep   2 [train]:   1%|▏         | 2/145 [00:01<01:16,  1.86it/s, loss=0.1230]
Ep   2 [train]:   2%|▏         | 3/145 [00:01<01:20,  1.76it/s, loss=0.1230]
Ep   2 [train]:   2%|▏         | 3/145 [00:01<01:20,  1.76it/s, loss=0.1149]
Ep   2 [train]:   3%|▎         | 4/145 [00:01<00:55,  2.55it/s, loss=0.1149]
Ep   2 [train]:   3%|▎         | 4/145 [00:02<00:55,  2.55it/s, loss=0.1252]
Ep   2 [train]:   3%|▎         | 5/145 [00:02<01:06,  2.11it/s, loss=0.1252]
Ep   2 [train]:   3%|▎         | 5/145 [00:02<01:06,  2.11it/s, loss=0.1290]
Ep   2 [train]:   4%|▍         | 6/145 [00:02<00:49,  2.82it/s, loss=0.1290]
Ep   2 [train]:   4%|▍         | 6/145 [00:03<00:49,  2.82it/s, loss=0.1273]
Ep   2 [train]:   5%|▍         | 7/145 [00:03<00:59,  2.34it/s, loss=0.1273]
Ep   2 [train]:   5%|▍         | 7/145 [00:03<00:59,  2.34it/s, loss=0.1302]
Ep   2 [train]:   6%|▌         | 8/145 [00:03<00:45,  3.02it/s, loss=0.1302]
Ep   2 [train]:   6%|▌         | 8/145 [00:04<00:45,  3.02it/s, loss=0.1306]
Ep   2 [train]:   6%|▌         | 9/145 [00:04<00:55,  2.44it/s, loss=0.1306]
Ep   2 [train]:   6%|▌         | 9/145 [00:04<00:55,  2.44it/s, loss=0.1191]
Ep   2 [train]:   7%|▋         | 10/145 [00:04<00:44,  3.07it/s, loss=0.1191]
Ep   2 [train]:   7%|▋         | 10/145 [00:04<00:44,  3.07it/s, loss=0.1543]
Ep   2 [train]:   8%|▊         | 11/145 [00:04<00:56,  2.39it/s, loss=0.1543]
Ep   2 [train]:   8%|▊         | 11/145 [00:04<00:56,  2.39it/s, loss=0.1215]
Ep   2 [train]:   8%|▊         | 12/145 [00:04<00:43,  3.06it/s, loss=0.1215]
Ep   2 [train]:   8%|▊         | 12/145 [00:05<00:43,  3.06it/s, loss=0.1262]
Ep   2 [train]:   9%|▉         | 13/145 [00:05<00:57,  2.30it/s, loss=0.1262]
Ep   2 [train]:   9%|▉         | 13/145 [00:05<00:57,  2.30it/s, loss=0.1221]
Ep   2 [train]:  10%|▉         | 14/145 [00:05<00:46,  2.84it/s, loss=0.1221]
Ep   2 [train]:  10%|▉         | 14/145 [00:06<00:46,  2.84it/s, loss=0.1285]
Ep   2 [train]:  10%|█         | 15/145 [00:06<00:57,  2.28it/s, loss=0.1285]
Ep   2 [train]:  10%|█         | 15/145 [00:06<00:57,  2.28it/s, loss=0.1357]
Ep   2 [train]:  11%|█         | 16/145 [00:06<00:46,  2.77it/s, loss=0.1357]
Ep   2 [train]:  11%|█         | 16/145 [00:07<00:46,  2.77it/s, loss=0.1418]
Ep   2 [train]:  12%|█▏        | 17/145 [00:07<00:56,  2.28it/s, loss=0.1418]
Ep   2 [train]:  12%|█▏        | 17/145 [00:07<00:56,  2.28it/s, loss=0.1307]
Ep   2 [train]:  12%|█▏        | 18/145 [00:07<00:44,  2.87it/s, loss=0.1307]
Ep   2 [train]:  12%|█▏        | 18/145 [00:07<00:44,  2.87it/s, loss=0.1272]
Ep   2 [train]:  13%|█▎        | 19/145 [00:07<00:54,  2.29it/s, loss=0.1272]
Ep   2 [train]:  13%|█▎        | 19/145 [00:08<00:54,  2.29it/s, loss=0.1158]
Ep   2 [train]:  14%|█▍        | 20/145 [00:08<00:43,  2.89it/s, loss=0.1158]
Ep   2 [train]:  14%|█▍        | 20/145 [00:08<00:43,  2.89it/s, loss=0.1312]
Ep   2 [train]:  14%|█▍        | 21/145 [00:08<00:55,  2.24it/s, loss=0.1312]
Ep   2 [train]:  14%|█▍        | 21/145 [00:08<00:55,  2.24it/s, loss=0.1257]
Ep   2 [train]:  15%|█▌        | 22/145 [00:08<00:43,  2.80it/s, loss=0.1257]
Ep   2 [train]:  15%|█▌        | 22/145 [00:09<00:43,  2.80it/s, loss=0.1193]
Ep   2 [train]:  16%|█▌        | 23/145 [00:09<00:54,  2.24it/s, loss=0.1193]
Ep   2 [train]:  16%|█▌        | 23/145 [00:09<00:54,  2.24it/s, loss=0.1067]
Ep   2 [train]:  17%|█▋        | 24/145 [00:09<00:42,  2.85it/s, loss=0.1067]
Ep   2 [train]:  17%|█▋        | 24/145 [00:10<00:42,  2.85it/s, loss=0.1180]
Ep   2 [train]:  17%|█▋        | 25/145 [00:10<00:54,  2.20it/s, loss=0.1180]
Ep   2 [train]:  17%|█▋        | 25/145 [00:10<00:54,  2.20it/s, loss=0.1443]
Ep   2 [train]:  18%|█▊        | 26/145 [00:10<00:42,  2.80it/s, loss=0.1443]
Ep   2 [train]:  18%|█▊        | 26/145 [00:11<00:42,  2.80it/s, loss=0.1318]
Ep   2 [train]:  19%|█▊        | 27/145 [00:11<00:54,  2.18it/s, loss=0.1318]
Ep   2 [train]:  19%|█▊        | 27/145 [00:11<00:54,  2.18it/s, loss=0.1151]
Ep   2 [train]:  19%|█▉        | 28/145 [00:11<00:41,  2.81it/s, loss=0.1151]
Ep   2 [train]:  19%|█▉        | 28/145 [00:12<00:41,  2.81it/s, loss=0.1125]
Ep   2 [train]:  20%|██        | 29/145 [00:12<00:53,  2.18it/s, loss=0.1125]
Ep   2 [train]:  20%|██        | 29/145 [00:12<00:53,  2.18it/s, loss=0.1217]
Ep   2 [train]:  21%|██        | 30/145 [00:12<00:41,  2.78it/s, loss=0.1217]
Ep   2 [train]:  21%|██        | 30/145 [00:12<00:41,  2.78it/s, loss=0.1057]
Ep   2 [train]:  21%|██▏       | 31/145 [00:12<00:52,  2.18it/s, loss=0.1057]
Ep   2 [train]:  21%|██▏       | 31/145 [00:12<00:52,  2.18it/s, loss=0.1197]
Ep   2 [train]:  22%|██▏       | 32/145 [00:13<00:41,  2.75it/s, loss=0.1197]
Ep   2 [train]:  22%|██▏       | 32/145 [00:13<00:41,  2.75it/s, loss=0.1102]
Ep   2 [train]:  23%|██▎       | 33/145 [00:13<00:51,  2.19it/s, loss=0.1102]
Ep   2 [train]:  23%|██▎       | 33/145 [00:13<00:51,  2.19it/s, loss=0.0981]
Ep   2 [train]:  23%|██▎       | 34/145 [00:13<00:40,  2.74it/s, loss=0.0981]
Ep   2 [train]:  23%|██▎       | 34/145 [00:14<00:40,  2.74it/s, loss=0.1136]
Ep   2 [train]:  24%|██▍       | 35/145 [00:14<00:49,  2.22it/s, loss=0.1136]
Ep   2 [train]:  24%|██▍       | 35/145 [00:14<00:49,  2.22it/s, loss=0.1072]
Ep   2 [train]:  25%|██▍       | 36/145 [00:14<00:38,  2.82it/s, loss=0.1072]
Ep   2 [train]:  25%|██▍       | 36/145 [00:15<00:38,  2.82it/s, loss=0.1289]
Ep   2 [train]:  26%|██▌       | 37/145 [00:15<00:47,  2.27it/s, loss=0.1289]
Ep   2 [train]:  26%|██▌       | 37/145 [00:15<00:47,  2.27it/s, loss=0.1027]
Ep   2 [train]:  26%|██▌       | 38/145 [00:15<00:37,  2.88it/s, loss=0.1027]
Ep   2 [train]:  26%|██▌       | 38/145 [00:16<00:37,  2.88it/s, loss=0.1185]
Ep   2 [train]:  27%|██▋       | 39/145 [00:16<00:46,  2.29it/s, loss=0.1185]
Ep   2 [train]:  27%|██▋       | 39/145 [00:16<00:46,  2.29it/s, loss=0.1072]
Ep   2 [train]:  28%|██▊       | 40/145 [00:16<00:36,  2.85it/s, loss=0.1072]
Ep   2 [train]:  28%|██▊       | 40/145 [00:16<00:36,  2.85it/s, loss=0.0974]
Ep   2 [train]:  28%|██▊       | 41/145 [00:16<00:46,  2.26it/s, loss=0.0974]
Ep   2 [train]:  28%|██▊       | 41/145 [00:16<00:46,  2.26it/s, loss=0.1128]
Ep   2 [train]:  29%|██▉       | 42/145 [00:16<00:36,  2.82it/s, loss=0.1128]
Ep   2 [train]:  29%|██▉       | 42/145 [00:17<00:36,  2.82it/s, loss=0.1105]
Ep   2 [train]:  30%|██▉       | 43/145 [00:17<00:45,  2.22it/s, loss=0.1105]
Ep   2 [train]:  30%|██▉       | 43/145 [00:17<00:45,  2.22it/s, loss=0.1075]
Ep   2 [train]:  30%|███       | 44/145 [00:17<00:36,  2.79it/s, loss=0.1075]
Ep   2 [train]:  30%|███       | 44/145 [00:18<00:36,  2.79it/s, loss=0.1405]
Ep   2 [train]:  31%|███       | 45/145 [00:18<00:46,  2.15it/s, loss=0.1405]
Ep   2 [train]:  31%|███       | 45/145 [00:18<00:46,  2.15it/s, loss=0.1664]
Ep   2 [train]:  32%|███▏      | 46/145 [00:18<00:35,  2.75it/s, loss=0.1664]
Ep   2 [train]:  32%|███▏      | 46/145 [00:19<00:35,  2.75it/s, loss=0.0931]
Ep   2 [train]:  32%|███▏      | 47/145 [00:19<00:44,  2.21it/s, loss=0.0931]
Ep   2 [train]:  32%|███▏      | 47/145 [00:19<00:44,  2.21it/s, loss=0.1057]
Ep   2 [train]:  33%|███▎      | 48/145 [00:19<00:34,  2.79it/s, loss=0.1057]
Ep   2 [train]:  33%|███▎      | 48/145 [00:20<00:34,  2.79it/s, loss=0.1163]
Ep   2 [train]:  34%|███▍      | 49/145 [00:20<00:42,  2.28it/s, loss=0.1163]
Ep   2 [train]:  34%|███▍      | 49/145 [00:20<00:42,  2.28it/s, loss=0.1014]
Ep   2 [train]:  34%|███▍      | 50/145 [00:20<00:33,  2.86it/s, loss=0.1014]
Ep   2 [train]:  34%|███▍      | 50/145 [00:20<00:33,  2.86it/s, loss=0.1062]
Ep   2 [train]:  35%|███▌      | 51/145 [00:20<00:40,  2.32it/s, loss=0.1062]
Ep   2 [train]:  35%|███▌      | 51/145 [00:20<00:40,  2.32it/s, loss=0.1095]
Ep   2 [train]:  36%|███▌      | 52/145 [00:20<00:32,  2.88it/s, loss=0.1095]
Ep   2 [train]:  36%|███▌      | 52/145 [00:21<00:32,  2.88it/s, loss=0.1051]
Ep   2 [train]:  37%|███▋      | 53/145 [00:21<00:40,  2.29it/s, loss=0.1051]
Ep   2 [train]:  37%|███▋      | 53/145 [00:21<00:40,  2.29it/s, loss=0.1086]
Ep   2 [train]:  37%|███▋      | 54/145 [00:21<00:31,  2.87it/s, loss=0.1086]
Ep   2 [train]:  37%|███▋      | 54/145 [00:22<00:31,  2.87it/s, loss=0.1045]
Ep   2 [train]:  38%|███▊      | 55/145 [00:22<00:39,  2.27it/s, loss=0.1045]
Ep   2 [train]:  38%|███▊      | 55/145 [00:22<00:39,  2.27it/s, loss=0.1027]
Ep   2 [train]:  39%|███▊      | 56/145 [00:22<00:31,  2.83it/s, loss=0.1027]
Ep   2 [train]:  39%|███▊      | 56/145 [00:23<00:31,  2.83it/s, loss=0.1019]
Ep   2 [train]:  39%|███▉      | 57/145 [00:23<00:38,  2.31it/s, loss=0.1019]
Ep   2 [train]:  39%|███▉      | 57/145 [00:23<00:38,  2.31it/s, loss=0.1126]
Ep   2 [train]:  40%|████      | 58/145 [00:23<00:30,  2.88it/s, loss=0.1126]
Ep   2 [train]:  40%|████      | 58/145 [00:23<00:30,  2.88it/s, loss=0.1289]
Ep   2 [train]:  41%|████      | 59/145 [00:23<00:37,  2.27it/s, loss=0.1289]
Ep   2 [train]:  41%|████      | 59/145 [00:24<00:37,  2.27it/s, loss=0.1152]
Ep   2 [train]:  41%|████▏     | 60/145 [00:24<00:29,  2.86it/s, loss=0.1152]
Ep   2 [train]:  41%|████▏     | 60/145 [00:24<00:29,  2.86it/s, loss=0.1058]
Ep   2 [train]:  42%|████▏     | 61/145 [00:24<00:37,  2.25it/s, loss=0.1058]
Ep   2 [train]:  42%|████▏     | 61/145 [00:24<00:37,  2.25it/s, loss=0.1028]
Ep   2 [train]:  43%|████▎     | 62/145 [00:24<00:29,  2.78it/s, loss=0.1028]
Ep   2 [train]:  43%|████▎     | 62/145 [00:25<00:29,  2.78it/s, loss=0.1221]
Ep   2 [train]:  43%|████▎     | 63/145 [00:25<00:35,  2.30it/s, loss=0.1221]
Ep   2 [train]:  43%|████▎     | 63/145 [00:25<00:35,  2.30it/s, loss=0.1030]
Ep   2 [train]:  44%|████▍     | 64/145 [00:25<00:28,  2.87it/s, loss=0.1030]
Ep   2 [train]:  44%|████▍     | 64/145 [00:26<00:28,  2.87it/s, loss=0.1113]
Ep   2 [train]:  45%|████▍     | 65/145 [00:26<00:34,  2.31it/s, loss=0.1113]
Ep   2 [train]:  45%|████▍     | 65/145 [00:26<00:34,  2.31it/s, loss=0.1276]
Ep   2 [train]:  46%|████▌     | 66/145 [00:26<00:27,  2.91it/s, loss=0.1276]
Ep   2 [train]:  46%|████▌     | 66/145 [00:27<00:27,  2.91it/s, loss=0.1191]
Ep   2 [train]:  46%|████▌     | 67/145 [00:27<00:33,  2.32it/s, loss=0.1191]
Ep   2 [train]:  46%|████▌     | 67/145 [00:27<00:33,  2.32it/s, loss=0.1383]
Ep   2 [train]:  47%|████▋     | 68/145 [00:27<00:27,  2.83it/s, loss=0.1383]
Ep   2 [train]:  47%|████▋     | 68/145 [00:27<00:27,  2.83it/s, loss=0.1320]
Ep   2 [train]:  48%|████▊     | 69/145 [00:27<00:32,  2.32it/s, loss=0.1320]
Ep   2 [train]:  48%|████▊     | 69/145 [00:28<00:32,  2.32it/s, loss=0.1121]
Ep   2 [train]:  48%|████▊     | 70/145 [00:28<00:27,  2.70it/s, loss=0.1121]
Ep   2 [train]:  48%|████▊     | 70/145 [00:28<00:27,  2.70it/s, loss=0.1039]
Ep   2 [train]:  49%|████▉     | 71/145 [00:28<00:31,  2.37it/s, loss=0.1039]
Ep   2 [train]:  49%|████▉     | 71/145 [00:28<00:31,  2.37it/s, loss=0.0977]
Ep   2 [train]:  50%|████▉     | 72/145 [00:28<00:27,  2.68it/s, loss=0.0977]
Ep   2 [train]:  50%|████▉     | 72/145 [00:29<00:27,  2.68it/s, loss=0.1113]
Ep   2 [train]:  50%|█████     | 73/145 [00:29<00:31,  2.28it/s, loss=0.1113]
Ep   2 [train]:  50%|█████     | 73/145 [00:29<00:31,  2.28it/s, loss=0.1019]
Ep   2 [train]:  51%|█████     | 74/145 [00:29<00:27,  2.61it/s, loss=0.1019]
Ep   2 [train]:  51%|█████     | 74/145 [00:30<00:27,  2.61it/s, loss=0.0964]
Ep   2 [train]:  52%|█████▏    | 75/145 [00:30<00:30,  2.29it/s, loss=0.0964]
Ep   2 [train]:  52%|█████▏    | 75/145 [00:30<00:30,  2.29it/s, loss=0.1035]
Ep   2 [train]:  52%|█████▏    | 76/145 [00:30<00:25,  2.67it/s, loss=0.1035]
Ep   2 [train]:  52%|█████▏    | 76/145 [00:31<00:25,  2.67it/s, loss=0.1010]
Ep   2 [train]:  53%|█████▎    | 77/145 [00:31<00:29,  2.33it/s, loss=0.1010]
Ep   2 [train]:  53%|█████▎    | 77/145 [00:31<00:29,  2.33it/s, loss=0.1003]
Ep   2 [train]:  54%|█████▍    | 78/145 [00:31<00:26,  2.56it/s, loss=0.1003]
Ep   2 [train]:  54%|█████▍    | 78/145 [00:31<00:26,  2.56it/s, loss=0.1079]
Ep   2 [train]:  54%|█████▍    | 79/145 [00:31<00:27,  2.43it/s, loss=0.1079]
Ep   2 [train]:  54%|█████▍    | 79/145 [00:32<00:27,  2.43it/s, loss=0.1000]
Ep   2 [train]:  55%|█████▌    | 80/145 [00:32<00:26,  2.46it/s, loss=0.1000]
Ep   2 [train]:  55%|█████▌    | 80/145 [00:32<00:26,  2.46it/s, loss=0.1048]
Ep   2 [train]:  56%|█████▌    | 81/145 [00:32<00:26,  2.38it/s, loss=0.1048]
Ep   2 [train]:  56%|█████▌    | 81/145 [00:33<00:26,  2.38it/s, loss=0.1047]
Ep   2 [train]:  57%|█████▋    | 82/145 [00:33<00:24,  2.52it/s, loss=0.1047]
Ep   2 [train]:  57%|█████▋    | 82/145 [00:33<00:24,  2.52it/s, loss=0.1003]
Ep   2 [train]:  57%|█████▋    | 83/145 [00:33<00:26,  2.33it/s, loss=0.1003]
Ep   2 [train]:  57%|█████▋    | 83/145 [00:33<00:26,  2.33it/s, loss=0.1030]
Ep   2 [train]:  58%|█████▊    | 84/145 [00:33<00:23,  2.58it/s, loss=0.1030]
Ep   2 [train]:  58%|█████▊    | 84/145 [00:34<00:23,  2.58it/s, loss=0.1155]
Ep   2 [train]:  59%|█████▊    | 85/145 [00:34<00:24,  2.48it/s, loss=0.1155]
Ep   2 [train]:  59%|█████▊    | 85/145 [00:34<00:24,  2.48it/s, loss=0.0968]
Ep   2 [train]:  59%|█████▉    | 86/145 [00:34<00:23,  2.49it/s, loss=0.0968]
Ep   2 [train]:  59%|█████▉    | 86/145 [00:35<00:23,  2.49it/s, loss=0.1089]
Ep   2 [train]:  60%|██████    | 87/145 [00:35<00:23,  2.51it/s, loss=0.1089]
Ep   2 [train]:  60%|██████    | 87/145 [00:35<00:23,  2.51it/s, loss=0.1154]
Ep   2 [train]:  61%|██████    | 88/145 [00:35<00:25,  2.26it/s, loss=0.1154]
Ep   2 [train]:  61%|██████    | 88/145 [00:35<00:25,  2.26it/s, loss=0.1041]
Ep   2 [train]:  61%|██████▏   | 89/145 [00:35<00:20,  2.68it/s, loss=0.1041]
Ep   2 [train]:  61%|██████▏   | 89/145 [00:36<00:20,  2.68it/s, loss=0.0931]
Ep   2 [train]:  62%|██████▏   | 90/145 [00:36<00:25,  2.20it/s, loss=0.0931]
Ep   2 [train]:  62%|██████▏   | 90/145 [00:36<00:25,  2.20it/s, loss=0.1050]
Ep   2 [train]:  63%|██████▎   | 91/145 [00:36<00:19,  2.79it/s, loss=0.1050]
Ep   2 [train]:  63%|██████▎   | 91/145 [00:37<00:19,  2.79it/s, loss=0.1118]
Ep   2 [train]:  63%|██████▎   | 92/145 [00:37<00:23,  2.28it/s, loss=0.1118]
Ep   2 [train]:  63%|██████▎   | 92/145 [00:37<00:23,  2.28it/s, loss=0.1000]
Ep   2 [train]:  64%|██████▍   | 93/145 [00:37<00:18,  2.85it/s, loss=0.1000]
Ep   2 [train]:  64%|██████▍   | 93/145 [00:38<00:18,  2.85it/s, loss=0.1287]
Ep   2 [train]:  65%|██████▍   | 94/145 [00:38<00:22,  2.24it/s, loss=0.1287]
Ep   2 [train]:  65%|██████▍   | 94/145 [00:38<00:22,  2.24it/s, loss=0.0898]
Ep   2 [train]:  66%|██████▌   | 95/145 [00:38<00:17,  2.86it/s, loss=0.0898]
Ep   2 [train]:  66%|██████▌   | 95/145 [00:38<00:17,  2.86it/s, loss=0.0957]
Ep   2 [train]:  66%|██████▌   | 96/145 [00:38<00:22,  2.20it/s, loss=0.0957]
Ep   2 [train]:  66%|██████▌   | 96/145 [00:39<00:22,  2.20it/s, loss=0.0974]
Ep   2 [train]:  67%|██████▋   | 97/145 [00:39<00:17,  2.78it/s, loss=0.0974]
Ep   2 [train]:  67%|██████▋   | 97/145 [00:39<00:17,  2.78it/s, loss=0.0889]
Ep   2 [train]:  68%|██████▊   | 98/145 [00:39<00:21,  2.20it/s, loss=0.0889]
Ep   2 [train]:  68%|██████▊   | 98/145 [00:39<00:21,  2.20it/s, loss=0.0925]
Ep   2 [train]:  68%|██████▊   | 99/145 [00:39<00:16,  2.76it/s, loss=0.0925]
Ep   2 [train]:  68%|██████▊   | 99/145 [00:40<00:16,  2.76it/s, loss=0.0889]
Ep   2 [train]:  69%|██████▉   | 100/145 [00:40<00:20,  2.23it/s, loss=0.0889]
Ep   2 [train]:  69%|██████▉   | 100/145 [00:40<00:20,  2.23it/s, loss=0.1436]
Ep   2 [train]:  70%|██████▉   | 101/145 [00:40<00:15,  2.79it/s, loss=0.1436]
Ep   2 [train]:  70%|██████▉   | 101/145 [00:41<00:15,  2.79it/s, loss=0.1207]
Ep   2 [train]:  70%|███████   | 102/145 [00:41<00:19,  2.22it/s, loss=0.1207]
Ep   2 [train]:  70%|███████   | 102/145 [00:41<00:19,  2.22it/s, loss=0.0983]
Ep   2 [train]:  71%|███████   | 103/145 [00:41<00:14,  2.84it/s, loss=0.0983]
Ep   2 [train]:  71%|███████   | 103/145 [00:42<00:14,  2.84it/s, loss=0.1027]
Ep   2 [train]:  72%|███████▏  | 104/145 [00:42<00:18,  2.22it/s, loss=0.1027]
Ep   2 [train]:  72%|███████▏  | 104/145 [00:42<00:18,  2.22it/s, loss=0.1063]
Ep   2 [train]:  72%|███████▏  | 105/145 [00:42<00:14,  2.81it/s, loss=0.1063]
Ep   2 [train]:  72%|███████▏  | 105/145 [00:42<00:14,  2.81it/s, loss=0.1038]
Ep   2 [train]:  73%|███████▎  | 106/145 [00:42<00:17,  2.20it/s, loss=0.1038]
Ep   2 [train]:  73%|███████▎  | 106/145 [00:43<00:17,  2.20it/s, loss=0.1097]
Ep   2 [train]:  74%|███████▍  | 107/145 [00:43<00:13,  2.78it/s, loss=0.1097]
Ep   2 [train]:  74%|███████▍  | 107/145 [00:43<00:13,  2.78it/s, loss=0.1274]
Ep   2 [train]:  74%|███████▍  | 108/145 [00:43<00:17,  2.17it/s, loss=0.1274]
Ep   2 [train]:  74%|███████▍  | 108/145 [00:43<00:17,  2.17it/s, loss=0.1417]
Ep   2 [train]:  75%|███████▌  | 109/145 [00:43<00:13,  2.74it/s, loss=0.1417]
Ep   2 [train]:  75%|███████▌  | 109/145 [00:44<00:13,  2.74it/s, loss=0.1004]
Ep   2 [train]:  76%|███████▌  | 110/145 [00:44<00:15,  2.24it/s, loss=0.1004]
Ep   2 [train]:  76%|███████▌  | 110/145 [00:44<00:15,  2.24it/s, loss=0.1124]
Ep   2 [train]:  77%|███████▋  | 111/145 [00:44<00:12,  2.81it/s, loss=0.1124]
Ep   2 [train]:  77%|███████▋  | 111/145 [00:45<00:12,  2.81it/s, loss=0.1067]
Ep   2 [train]:  77%|███████▋  | 112/145 [00:45<00:14,  2.20it/s, loss=0.1067]
Ep   2 [train]:  77%|███████▋  | 112/145 [00:45<00:14,  2.20it/s, loss=0.0946]
Ep   2 [train]:  78%|███████▊  | 113/145 [00:45<00:11,  2.80it/s, loss=0.0946]
Ep   2 [train]:  78%|███████▊  | 113/145 [00:46<00:11,  2.80it/s, loss=0.1047]
Ep   2 [train]:  79%|███████▊  | 114/145 [00:46<00:14,  2.10it/s, loss=0.1047]
Ep   2 [train]:  79%|███████▊  | 114/145 [00:46<00:14,  2.10it/s, loss=0.1105]
Ep   2 [train]:  79%|███████▉  | 115/145 [00:46<00:11,  2.58it/s, loss=0.1105]
Ep   2 [train]:  79%|███████▉  | 115/145 [00:47<00:11,  2.58it/s, loss=0.1006]
Ep   2 [train]:  80%|████████  | 116/145 [00:47<00:13,  2.14it/s, loss=0.1006]
Ep   2 [train]:  80%|████████  | 116/145 [00:47<00:13,  2.14it/s, loss=0.1082]
Ep   2 [train]:  81%|████████  | 117/145 [00:47<00:10,  2.64it/s, loss=0.1082]
Ep   2 [train]:  81%|████████  | 117/145 [00:47<00:10,  2.64it/s, loss=0.0891]
Ep   2 [train]:  81%|████████▏ | 118/145 [00:47<00:12,  2.15it/s, loss=0.0891]
Ep   2 [train]:  81%|████████▏ | 118/145 [00:48<00:12,  2.15it/s, loss=0.1058]
Ep   2 [train]:  82%|████████▏ | 119/145 [00:48<00:09,  2.71it/s, loss=0.1058]
Ep   2 [train]:  82%|████████▏ | 119/145 [00:48<00:09,  2.71it/s, loss=0.1029]
Ep   2 [train]:  83%|████████▎ | 120/145 [00:48<00:11,  2.22it/s, loss=0.1029]
Ep   2 [train]:  83%|████████▎ | 120/145 [00:48<00:11,  2.22it/s, loss=0.1005]
Ep   2 [train]:  83%|████████▎ | 121/145 [00:48<00:08,  2.76it/s, loss=0.1005]
Ep   2 [train]:  83%|████████▎ | 121/145 [00:49<00:08,  2.76it/s, loss=0.0943]
Ep   2 [train]:  84%|████████▍ | 122/145 [00:49<00:10,  2.16it/s, loss=0.0943]
Ep   2 [train]:  84%|████████▍ | 122/145 [00:49<00:10,  2.16it/s, loss=0.1052]
Ep   2 [train]:  85%|████████▍ | 123/145 [00:49<00:08,  2.61it/s, loss=0.1052]
Ep   2 [train]:  85%|████████▍ | 123/145 [00:50<00:08,  2.61it/s, loss=0.1024]
Ep   2 [train]:  86%|████████▌ | 124/145 [00:50<00:09,  2.15it/s, loss=0.1024]
Ep   2 [train]:  86%|████████▌ | 124/145 [00:50<00:09,  2.15it/s, loss=0.1090]
Ep   2 [train]:  86%|████████▌ | 125/145 [00:50<00:07,  2.67it/s, loss=0.1090]
Ep   2 [train]:  86%|████████▌ | 125/145 [00:51<00:07,  2.67it/s, loss=0.1069]
Ep   2 [train]:  87%|████████▋ | 126/145 [00:51<00:09,  2.01it/s, loss=0.1069]
Ep   2 [train]:  87%|████████▋ | 126/145 [00:51<00:09,  2.01it/s, loss=0.1041]
Ep   2 [train]:  88%|████████▊ | 127/145 [00:51<00:07,  2.49it/s, loss=0.1041]
Ep   2 [train]:  88%|████████▊ | 127/145 [00:52<00:07,  2.49it/s, loss=0.0939]
Ep   2 [train]:  88%|████████▊ | 128/145 [00:52<00:08,  1.98it/s, loss=0.0939]
Ep   2 [train]:  88%|████████▊ | 128/145 [00:52<00:08,  1.98it/s, loss=0.0854]
Ep   2 [train]:  89%|████████▉ | 129/145 [00:52<00:06,  2.51it/s, loss=0.0854]
Ep   2 [train]:  89%|████████▉ | 129/145 [00:53<00:06,  2.51it/s, loss=0.1121]
Ep   2 [train]:  90%|████████▉ | 130/145 [00:53<00:07,  1.97it/s, loss=0.1121]
Ep   2 [train]:  90%|████████▉ | 130/145 [00:53<00:07,  1.97it/s, loss=0.0984]
Ep   2 [train]:  90%|█████████ | 131/145 [00:53<00:05,  2.49it/s, loss=0.0984]
Ep   2 [train]:  90%|█████████ | 131/145 [00:54<00:05,  2.49it/s, loss=0.1043]
Ep   2 [train]:  91%|█████████ | 132/145 [00:54<00:06,  1.97it/s, loss=0.1043]
Ep   2 [train]:  91%|█████████ | 132/145 [00:54<00:06,  1.97it/s, loss=0.0994]
Ep   2 [train]:  92%|█████████▏| 133/145 [00:54<00:04,  2.52it/s, loss=0.0994]
Ep   2 [train]:  92%|█████████▏| 133/145 [00:54<00:04,  2.52it/s, loss=0.0974]
Ep   2 [train]:  92%|█████████▏| 134/145 [00:54<00:05,  2.02it/s, loss=0.0974]
Ep   2 [train]:  92%|█████████▏| 134/145 [00:55<00:05,  2.02it/s, loss=0.0929]
Ep   2 [train]:  93%|█████████▎| 135/145 [00:55<00:03,  2.55it/s, loss=0.0929]
Ep   2 [train]:  93%|█████████▎| 135/145 [00:55<00:03,  2.55it/s, loss=0.1218]
Ep   2 [train]:  94%|█████████▍| 136/145 [00:55<00:04,  2.06it/s, loss=0.1218]
Ep   2 [train]:  94%|█████████▍| 136/145 [00:56<00:04,  2.06it/s, loss=0.1117]
Ep   2 [train]:  94%|█████████▍| 137/145 [00:56<00:03,  2.55it/s, loss=0.1117]
Ep   2 [train]:  94%|█████████▍| 137/145 [00:56<00:03,  2.55it/s, loss=0.0987]
Ep   2 [train]:  95%|█████████▌| 138/145 [00:56<00:03,  2.08it/s, loss=0.0987]
Ep   2 [train]:  95%|█████████▌| 138/145 [00:56<00:03,  2.08it/s, loss=0.0931]
Ep   2 [train]:  96%|█████████▌| 139/145 [00:56<00:02,  2.54it/s, loss=0.0931]
Ep   2 [train]:  96%|█████████▌| 139/145 [00:57<00:02,  2.54it/s, loss=0.1057]
Ep   2 [train]:  97%|█████████▋| 140/145 [00:57<00:02,  2.14it/s, loss=0.1057]
Ep   2 [train]:  97%|█████████▋| 140/145 [00:57<00:02,  2.14it/s, loss=0.1008]
Ep   2 [train]:  97%|█████████▋| 141/145 [00:57<00:01,  2.60it/s, loss=0.1008]
Ep   2 [train]:  97%|█████████▋| 141/145 [00:58<00:01,  2.60it/s, loss=0.1095]
Ep   2 [train]:  98%|█████████▊| 142/145 [00:58<00:01,  2.19it/s, loss=0.1095]
Ep   2 [train]:  98%|█████████▊| 142/145 [00:58<00:01,  2.19it/s, loss=0.0842]
Ep   2 [train]:  99%|█████████▊| 143/145 [00:58<00:00,  2.76it/s, loss=0.0842]
Ep   2 [train]:  99%|█████████▊| 143/145 [00:59<00:00,  2.76it/s, loss=0.1029]
Ep   2 [train]:  99%|█████████▉| 144/145 [00:59<00:00,  2.16it/s, loss=0.1029]
Ep   2 [train]:  99%|█████████▉| 144/145 [00:59<00:00,  2.16it/s, loss=0.0984]
Ep   2 [train]: 100%|██████████| 145/145 [00:59<00:00,  2.66it/s, loss=0.0984]
                                                                              
  Ep   2 [train]  loss=0.1114  rmse_c=0.2513  mae_c=0.2220  r2_c=-0.078  rmse_h=0.4124  mae_h=0.3050  r2_h=0.027  sup=0.325

Ep   2 [val  ]:   0%|          | 0/39 [00:00<?, ?it/s]
Ep   2 [val  ]:   0%|          | 0/39 [00:01<?, ?it/s, loss=0.1212]
Ep   2 [val  ]:   3%|▎         | 1/39 [00:01<00:41,  1.09s/it, loss=0.1212]
Ep   2 [val  ]:   3%|▎         | 1/39 [00:01<00:41,  1.09s/it, loss=0.1125]
Ep   2 [val  ]:   3%|▎         | 1/39 [00:02<00:41,  1.09s/it, loss=0.1006]
Ep   2 [val  ]:   8%|▊         | 3/39 [00:02<00:23,  1.55it/s, loss=0.1006]
Ep   2 [val  ]:   8%|▊         | 3/39 [00:02<00:23,  1.55it/s, loss=0.0895]
Ep   2 [val  ]:   8%|▊         | 3/39 [00:02<00:23,  1.55it/s, loss=0.0976]
Ep   2 [val  ]:  13%|█▎        | 5/39 [00:02<00:18,  1.82it/s, loss=0.0976]
Ep   2 [val  ]:  13%|█▎        | 5/39 [00:03<00:18,  1.82it/s, loss=0.1273]
Ep   2 [val  ]:  13%|█▎        | 5/39 [00:03<00:18,  1.82it/s, loss=0.1061]
Ep   2 [val  ]:  18%|█▊        | 7/39 [00:03<00:16,  1.98it/s, loss=0.1061]
Ep   2 [val  ]:  18%|█▊        | 7/39 [00:03<00:16,  1.98it/s, loss=0.0953]
Ep   2 [val  ]:  18%|█▊        | 7/39 [00:04<00:16,  1.98it/s, loss=0.1015]
Ep   2 [val  ]:  23%|██▎       | 9/39 [00:04<00:13,  2.16it/s, loss=0.1015]
Ep   2 [val  ]:  23%|██▎       | 9/39 [00:04<00:13,  2.16it/s, loss=0.0895]
Ep   2 [val  ]:  23%|██▎       | 9/39 [00:05<00:13,  2.16it/s, loss=0.0972]
Ep   2 [val  ]:  28%|██▊       | 11/39 [00:05<00:11,  2.34it/s, loss=0.0972]
Ep   2 [val  ]:  28%|██▊       | 11/39 [00:05<00:11,  2.34it/s, loss=0.0923]
Ep   2 [val  ]:  28%|██▊       | 11/39 [00:06<00:11,  2.34it/s, loss=0.0922]
Ep   2 [val  ]:  33%|███▎      | 13/39 [00:06<00:10,  2.40it/s, loss=0.0922]
Ep   2 [val  ]:  33%|███▎      | 13/39 [00:06<00:10,  2.40it/s, loss=0.1051]
Ep   2 [val  ]:  33%|███▎      | 13/39 [00:07<00:10,  2.40it/s, loss=0.1294]
Ep   2 [val  ]:  38%|███▊      | 15/39 [00:07<00:10,  2.32it/s, loss=0.1294]
Ep   2 [val  ]:  38%|███▊      | 15/39 [00:07<00:10,  2.32it/s, loss=0.1301]
Ep   2 [val  ]:  38%|███▊      | 15/39 [00:07<00:10,  2.32it/s, loss=0.1331]
Ep   2 [val  ]:  44%|████▎     | 17/39 [00:07<00:09,  2.30it/s, loss=0.1331]
Ep   2 [val  ]:  44%|████▎     | 17/39 [00:08<00:09,  2.30it/s, loss=0.1202]
Ep   2 [val  ]:  44%|████▎     | 17/39 [00:08<00:09,  2.30it/s, loss=0.1139]
Ep   2 [val  ]:  49%|████▊     | 19/39 [00:08<00:08,  2.27it/s, loss=0.1139]
Ep   2 [val  ]:  49%|████▊     | 19/39 [00:08<00:08,  2.27it/s, loss=0.0814]
Ep   2 [val  ]:  49%|████▊     | 19/39 [00:09<00:08,  2.27it/s, loss=0.0668]
Ep   2 [val  ]:  54%|█████▍    | 21/39 [00:09<00:08,  2.24it/s, loss=0.0668]
Ep   2 [val  ]:  54%|█████▍    | 21/39 [00:09<00:08,  2.24it/s, loss=0.0748]
Ep   2 [val  ]:  54%|█████▍    | 21/39 [00:10<00:08,  2.24it/s, loss=0.0692]
Ep   2 [val  ]:  59%|█████▉    | 23/39 [00:10<00:07,  2.23it/s, loss=0.0692]
Ep   2 [val  ]:  59%|█████▉    | 23/39 [00:10<00:07,  2.23it/s, loss=0.0787]
Ep   2 [val  ]:  62%|██████▏   | 24/39 [00:10<00:05,  2.57it/s, loss=0.0787]
Ep   2 [val  ]:  62%|██████▏   | 24/39 [00:11<00:05,  2.57it/s, loss=0.0767]
Ep   2 [val  ]:  64%|██████▍   | 25/39 [00:11<00:06,  2.11it/s, loss=0.0767]
Ep   2 [val  ]:  64%|██████▍   | 25/39 [00:11<00:06,  2.11it/s, loss=0.0870]
Ep   2 [val  ]:  64%|██████▍   | 25/39 [00:12<00:06,  2.11it/s, loss=0.0963]
Ep   2 [val  ]:  69%|██████▉   | 27/39 [00:12<00:05,  2.14it/s, loss=0.0963]
Ep   2 [val  ]:  69%|██████▉   | 27/39 [00:12<00:05,  2.14it/s, loss=0.1455]
Ep   2 [val  ]:  69%|██████▉   | 27/39 [00:13<00:05,  2.14it/s, loss=0.1096]
Ep   2 [val  ]:  74%|███████▍  | 29/39 [00:13<00:04,  2.10it/s, loss=0.1096]
Ep   2 [val  ]:  74%|███████▍  | 29/39 [00:13<00:04,  2.10it/s, loss=0.1030]
Ep   2 [val  ]:  74%|███████▍  | 29/39 [00:14<00:04,  2.10it/s, loss=0.0811]
Ep   2 [val  ]:  79%|███████▉  | 31/39 [00:14<00:03,  2.12it/s, loss=0.0811]
Ep   2 [val  ]:  79%|███████▉  | 31/39 [00:14<00:03,  2.12it/s, loss=0.0808]
Ep   2 [val  ]:  79%|███████▉  | 31/39 [00:15<00:03,  2.12it/s, loss=0.0795]
Ep   2 [val  ]:  85%|████████▍ | 33/39 [00:15<00:02,  2.08it/s, loss=0.0795]
Ep   2 [val  ]:  85%|████████▍ | 33/39 [00:15<00:02,  2.08it/s, loss=0.0777]
Ep   2 [val  ]:  85%|████████▍ | 33/39 [00:16<00:02,  2.08it/s, loss=0.0811]
Ep   2 [val  ]:  90%|████████▉ | 35/39 [00:16<00:01,  2.18it/s, loss=0.0811]
Ep   2 [val  ]:  90%|████████▉ | 35/39 [00:16<00:01,  2.18it/s, loss=0.0795]
Ep   2 [val  ]:  90%|████████▉ | 35/39 [00:17<00:01,  2.18it/s, loss=0.0770]
Ep   2 [val  ]:  95%|█████████▍| 37/39 [00:17<00:00,  2.30it/s, loss=0.0770]
Ep   2 [val  ]:  95%|█████████▍| 37/39 [00:17<00:00,  2.30it/s, loss=0.0697]
Ep   2 [val  ]:  95%|█████████▍| 37/39 [00:17<00:00,  2.30it/s, loss=0.0900]
                                                                            
  Ep   2 [val  ]  loss=0.0964  rmse_c=0.2514  mae_c=0.2227  r2_c=-0.038  rmse_h=0.3582  mae_h=0.2643  r2_h=0.201  sup=0.308
  [new best] combined_val_rmse=0.3048

Ep   3 [train]:   0%|          | 0/145 [00:00<?, ?it/s]
Ep   3 [train]:   0%|          | 0/145 [00:01<?, ?it/s, loss=0.1053]
Ep   3 [train]:   1%|          | 1/145 [00:01<02:26,  1.02s/it, loss=0.1053]
Ep   3 [train]:   1%|          | 1/145 [00:01<02:26,  1.02s/it, loss=0.0944]
Ep   3 [train]:   1%|▏         | 2/145 [00:01<01:10,  2.02it/s, loss=0.0944]
Ep   3 [train]:   1%|▏         | 2/145 [00:01<01:10,  2.02it/s, loss=0.0969]
Ep   3 [train]:   2%|▏         | 3/145 [00:01<01:17,  1.82it/s, loss=0.0969]
Ep   3 [train]:   2%|▏         | 3/145 [00:01<01:17,  1.82it/s, loss=0.0829]
Ep   3 [train]:   3%|▎         | 4/145 [00:01<00:54,  2.58it/s, loss=0.0829]
Ep   3 [train]:   3%|▎         | 4/145 [00:02<00:54,  2.58it/s, loss=0.0970]
Ep   3 [train]:   3%|▎         | 5/145 [00:02<01:03,  2.21it/s, loss=0.0970]
Ep   3 [train]:   3%|▎         | 5/145 [00:02<01:03,  2.21it/s, loss=0.0936]
Ep   3 [train]:   4%|▍         | 6/145 [00:02<00:47,  2.95it/s, loss=0.0936]
Ep   3 [train]:   4%|▍         | 6/145 [00:03<00:47,  2.95it/s, loss=0.0861]
Ep   3 [train]:   5%|▍         | 7/145 [00:03<00:55,  2.51it/s, loss=0.0861]
Ep   3 [train]:   5%|▍         | 7/145 [00:03<00:55,  2.51it/s, loss=0.0999]
Ep   3 [train]:   6%|▌         | 8/145 [00:03<00:42,  3.19it/s, loss=0.0999]
Ep   3 [train]:   6%|▌         | 8/145 [00:03<00:42,  3.19it/s, loss=0.0996]
Ep   3 [train]:   6%|▌         | 9/145 [00:03<00:54,  2.47it/s, loss=0.0996]
Ep   3 [train]:   6%|▌         | 9/145 [00:03<00:54,  2.47it/s, loss=0.0975]
Ep   3 [train]:   7%|▋         | 10/145 [00:03<00:43,  3.10it/s, loss=0.0975]
Ep   3 [train]:   7%|▋         | 10/145 [00:04<00:43,  3.10it/s, loss=0.0936]
Ep   3 [train]:   8%|▊         | 11/145 [00:04<00:52,  2.57it/s, loss=0.0936]
Ep   3 [train]:   8%|▊         | 11/145 [00:04<00:52,  2.57it/s, loss=0.0967]
Ep   3 [train]:   8%|▊         | 12/145 [00:04<00:41,  3.22it/s, loss=0.0967]
Ep   3 [train]:   8%|▊         | 12/145 [00:05<00:41,  3.22it/s, loss=0.0922]
Ep   3 [train]:   9%|▉         | 13/145 [00:05<00:50,  2.60it/s, loss=0.0922]
Ep   3 [train]:   9%|▉         | 13/145 [00:05<00:50,  2.60it/s, loss=0.0879]
Ep   3 [train]:  10%|▉         | 14/145 [00:05<00:40,  3.27it/s, loss=0.0879]
Ep   3 [train]:  10%|▉         | 14/145 [00:05<00:40,  3.27it/s, loss=0.0942]
Ep   3 [train]:  10%|█         | 15/145 [00:05<00:50,  2.57it/s, loss=0.0942]
Ep   3 [train]:  10%|█         | 15/145 [00:06<00:50,  2.57it/s, loss=0.0889]
Ep   3 [train]:  11%|█         | 16/145 [00:06<00:40,  3.20it/s, loss=0.0889]
Ep   3 [train]:  11%|█         | 16/145 [00:06<00:40,  3.20it/s, loss=0.0930]
Ep   3 [train]:  12%|█▏        | 17/145 [00:06<00:52,  2.43it/s, loss=0.0930]
Ep   3 [train]:  12%|█▏        | 17/145 [00:06<00:52,  2.43it/s, loss=0.0984]
Ep   3 [train]:  12%|█▏        | 18/145 [00:06<00:41,  3.09it/s, loss=0.0984]
Ep   3 [train]:  12%|█▏        | 18/145 [00:07<00:41,  3.09it/s, loss=0.0897]
Ep   3 [train]:  13%|█▎        | 19/145 [00:07<00:53,  2.36it/s, loss=0.0897]
Ep   3 [train]:  13%|█▎        | 19/145 [00:07<00:53,  2.36it/s, loss=0.0983]
Ep   3 [train]:  14%|█▍        | 20/145 [00:07<00:43,  2.87it/s, loss=0.0983]
Ep   3 [train]:  14%|█▍        | 20/145 [00:08<00:43,  2.87it/s, loss=0.0933]
Ep   3 [train]:  14%|█▍        | 21/145 [00:08<00:52,  2.35it/s, loss=0.0933]
Ep   3 [train]:  14%|█▍        | 21/145 [00:08<00:52,  2.35it/s, loss=0.0970]
Ep   3 [train]:  15%|█▌        | 22/145 [00:08<00:41,  2.98it/s, loss=0.0970]
Ep   3 [train]:  15%|█▌        | 22/145 [00:09<00:41,  2.98it/s, loss=0.0943]
Ep   3 [train]:  16%|█▌        | 23/145 [00:09<00:54,  2.24it/s, loss=0.0943]
Ep   3 [train]:  16%|█▌        | 23/145 [00:09<00:54,  2.24it/s, loss=0.1097]
Ep   3 [train]:  17%|█▋        | 24/145 [00:09<00:42,  2.82it/s, loss=0.1097]
Ep   3 [train]:  17%|█▋        | 24/145 [00:09<00:42,  2.82it/s, loss=0.0871]
Ep   3 [train]:  17%|█▋        | 25/145 [00:09<00:53,  2.22it/s, loss=0.0871]
Ep   3 [train]:  17%|█▋        | 25/145 [00:10<00:53,  2.22it/s, loss=0.0954]
Ep   3 [train]:  18%|█▊        | 26/145 [00:10<00:42,  2.81it/s, loss=0.0954]
Ep   3 [train]:  18%|█▊        | 26/145 [00:10<00:42,  2.81it/s, loss=0.0918]
Ep   3 [train]:  19%|█▊        | 27/145 [00:10<00:55,  2.14it/s, loss=0.0918]
Ep   3 [train]:  19%|█▊        | 27/145 [00:10<00:55,  2.14it/s, loss=0.0883]
Ep   3 [train]:  19%|█▉        | 28/145 [00:10<00:42,  2.73it/s, loss=0.0883]
Ep   3 [train]:  19%|█▉        | 28/145 [00:11<00:42,  2.73it/s, loss=0.1045]
Ep   3 [train]:  20%|██        | 29/145 [00:11<00:52,  2.21it/s, loss=0.1045]
Ep   3 [train]:  20%|██        | 29/145 [00:11<00:52,  2.21it/s, loss=0.1122]
Ep   3 [train]:  21%|██        | 30/145 [00:11<00:41,  2.79it/s, loss=0.1122]
Ep   3 [train]:  21%|██        | 30/145 [00:12<00:41,  2.79it/s, loss=0.0947]
Ep   3 [train]:  21%|██▏       | 31/145 [00:12<00:51,  2.22it/s, loss=0.0947]
Ep   3 [train]:  21%|██▏       | 31/145 [00:12<00:51,  2.22it/s, loss=0.0988]
Ep   3 [train]:  22%|██▏       | 32/145 [00:12<00:39,  2.83it/s, loss=0.0988]
Ep   3 [train]:  22%|██▏       | 32/145 [00:13<00:39,  2.83it/s, loss=0.1058]
Ep   3 [train]:  23%|██▎       | 33/145 [00:13<00:49,  2.26it/s, loss=0.1058]
Ep   3 [train]:  23%|██▎       | 33/145 [00:13<00:49,  2.26it/s, loss=0.0907]
Ep   3 [train]:  23%|██▎       | 34/145 [00:13<00:38,  2.92it/s, loss=0.0907]
Ep   3 [train]:  23%|██▎       | 34/145 [00:13<00:38,  2.92it/s, loss=0.0809]
Ep   3 [train]:  24%|██▍       | 35/145 [00:13<00:48,  2.27it/s, loss=0.0809]
Ep   3 [train]:  24%|██▍       | 35/145 [00:14<00:48,  2.27it/s, loss=0.0915]
Ep   3 [train]:  25%|██▍       | 36/145 [00:14<00:37,  2.92it/s, loss=0.0915]
Ep   3 [train]:  25%|██▍       | 36/145 [00:14<00:37,  2.92it/s, loss=0.0977]
Ep   3 [train]:  26%|██▌       | 37/145 [00:14<00:48,  2.24it/s, loss=0.0977]
Ep   3 [train]:  26%|██▌       | 37/145 [00:14<00:48,  2.24it/s, loss=0.0934]
Ep   3 [train]:  26%|██▌       | 38/145 [00:14<00:37,  2.88it/s, loss=0.0934]
Ep   3 [train]:  26%|██▌       | 38/145 [00:15<00:37,  2.88it/s, loss=0.1068]
Ep   3 [train]:  27%|██▋       | 39/145 [00:15<00:49,  2.16it/s, loss=0.1068]
Ep   3 [train]:  27%|██▋       | 39/145 [00:15<00:49,  2.16it/s, loss=0.0894]
Ep   3 [train]:  28%|██▊       | 40/145 [00:15<00:39,  2.68it/s, loss=0.0894]
Ep   3 [train]:  28%|██▊       | 40/145 [00:16<00:39,  2.68it/s, loss=0.0894]
Ep   3 [train]:  28%|██▊       | 41/145 [00:16<00:45,  2.27it/s, loss=0.0894]
Ep   3 [train]:  28%|██▊       | 41/145 [00:16<00:45,  2.27it/s, loss=0.0940]
Ep   3 [train]:  29%|██▉       | 42/145 [00:16<00:36,  2.79it/s, loss=0.0940]
Ep   3 [train]:  29%|██▉       | 42/145 [00:17<00:36,  2.79it/s, loss=0.0905]
Ep   3 [train]:  30%|██▉       | 43/145 [00:17<00:44,  2.29it/s, loss=0.0905]
Ep   3 [train]:  30%|██▉       | 43/145 [00:17<00:44,  2.29it/s, loss=0.0947]
Ep   3 [train]:  30%|███       | 44/145 [00:17<00:35,  2.86it/s, loss=0.0947]
Ep   3 [train]:  30%|███       | 44/145 [00:17<00:35,  2.86it/s, loss=0.0913]
Ep   3 [train]:  31%|███       | 45/145 [00:17<00:41,  2.39it/s, loss=0.0913]
Ep   3 [train]:  31%|███       | 45/145 [00:18<00:41,  2.39it/s, loss=0.1030]
Ep   3 [train]:  32%|███▏      | 46/145 [00:18<00:34,  2.83it/s, loss=0.1030]
Ep   3 [train]:  32%|███▏      | 46/145 [00:18<00:34,  2.83it/s, loss=0.0814]
Ep   3 [train]:  32%|███▏      | 47/145 [00:18<00:40,  2.39it/s, loss=0.0814]
Ep   3 [train]:  32%|███▏      | 47/145 [00:18<00:40,  2.39it/s, loss=0.0967]
Ep   3 [train]:  33%|███▎      | 48/145 [00:18<00:33,  2.91it/s, loss=0.0967]
Ep   3 [train]:  33%|███▎      | 48/145 [00:19<00:33,  2.91it/s, loss=0.0875]
Ep   3 [train]:  34%|███▍      | 49/145 [00:19<00:38,  2.48it/s, loss=0.0875]
Ep   3 [train]:  34%|███▍      | 49/145 [00:19<00:38,  2.48it/s, loss=0.1025]
Ep   3 [train]:  34%|███▍      | 50/145 [00:19<00:37,  2.52it/s, loss=0.1025]
Ep   3 [train]:  34%|███▍      | 50/145 [00:19<00:37,  2.52it/s, loss=0.0947]
Ep   3 [train]:  35%|███▌      | 51/145 [00:19<00:34,  2.69it/s, loss=0.0947]
Ep   3 [train]:  35%|███▌      | 51/145 [00:20<00:34,  2.69it/s, loss=0.0936]
Ep   3 [train]:  36%|███▌      | 52/145 [00:20<00:42,  2.17it/s, loss=0.0936]
Ep   3 [train]:  36%|███▌      | 52/145 [00:20<00:42,  2.17it/s, loss=0.0851]
Ep   3 [train]:  37%|███▋      | 53/145 [00:20<00:33,  2.72it/s, loss=0.0851]
Ep   3 [train]:  37%|███▋      | 53/145 [00:21<00:33,  2.72it/s, loss=0.1041]
Ep   3 [train]:  37%|███▋      | 54/145 [00:21<00:43,  2.10it/s, loss=0.1041]
Ep   3 [train]:  37%|███▋      | 54/145 [00:21<00:43,  2.10it/s, loss=0.0862]
Ep   3 [train]:  38%|███▊      | 55/145 [00:21<00:33,  2.66it/s, loss=0.0862]
Ep   3 [train]:  38%|███▊      | 55/145 [00:22<00:33,  2.66it/s, loss=0.0841]
Ep   3 [train]:  39%|███▊      | 56/145 [00:22<00:42,  2.10it/s, loss=0.0841]
Ep   3 [train]:  39%|███▊      | 56/145 [00:22<00:42,  2.10it/s, loss=0.1007]
Ep   3 [train]:  39%|███▉      | 57/145 [00:22<00:33,  2.62it/s, loss=0.1007]
Ep   3 [train]:  39%|███▉      | 57/145 [00:23<00:33,  2.62it/s, loss=0.1022]
Ep   3 [train]:  40%|████      | 58/145 [00:23<00:41,  2.08it/s, loss=0.1022]
Ep   3 [train]:  40%|████      | 58/145 [00:23<00:41,  2.08it/s, loss=0.0847]
Ep   3 [train]:  41%|████      | 59/145 [00:23<00:34,  2.46it/s, loss=0.0847]
Ep   3 [train]:  41%|████      | 59/145 [00:24<00:34,  2.46it/s, loss=0.1072]
Ep   3 [train]:  41%|████▏     | 60/145 [00:24<00:39,  2.13it/s, loss=0.1072]
Ep   3 [train]:  41%|████▏     | 60/145 [00:24<00:39,  2.13it/s, loss=0.1118]
Ep   3 [train]:  42%|████▏     | 61/145 [00:24<00:31,  2.67it/s, loss=0.1118]
Ep   3 [train]:  42%|████▏     | 61/145 [00:24<00:31,  2.67it/s, loss=0.1017]
Ep   3 [train]:  43%|████▎     | 62/145 [00:24<00:39,  2.13it/s, loss=0.1017]
Ep   3 [train]:  43%|████▎     | 62/145 [00:25<00:39,  2.13it/s, loss=0.0911]
Ep   3 [train]:  43%|████▎     | 63/145 [00:25<00:30,  2.70it/s, loss=0.0911]
Ep   3 [train]:  43%|████▎     | 63/145 [00:25<00:30,  2.70it/s, loss=0.0880]
Ep   3 [train]:  44%|████▍     | 64/145 [00:25<00:37,  2.18it/s, loss=0.0880]
Ep   3 [train]:  44%|████▍     | 64/145 [00:25<00:37,  2.18it/s, loss=0.0906]
Ep   3 [train]:  45%|████▍     | 65/145 [00:25<00:28,  2.81it/s, loss=0.0906]
Ep   3 [train]:  45%|████▍     | 65/145 [00:26<00:28,  2.81it/s, loss=0.1227]
Ep   3 [train]:  46%|████▌     | 66/145 [00:26<00:37,  2.12it/s, loss=0.1227]
Ep   3 [train]:  46%|████▌     | 66/145 [00:26<00:37,  2.12it/s, loss=0.0877]
Ep   3 [train]:  46%|████▌     | 67/145 [00:26<00:29,  2.64it/s, loss=0.0877]
Ep   3 [train]:  46%|████▌     | 67/145 [00:27<00:29,  2.64it/s, loss=0.0889]
Ep   3 [train]:  47%|████▋     | 68/145 [00:27<00:37,  2.03it/s, loss=0.0889]
Ep   3 [train]:  47%|████▋     | 68/145 [00:27<00:37,  2.03it/s, loss=0.0893]
Ep   3 [train]:  48%|████▊     | 69/145 [00:27<00:29,  2.55it/s, loss=0.0893]
Ep   3 [train]:  48%|████▊     | 69/145 [00:28<00:29,  2.55it/s, loss=0.0869]
Ep   3 [train]:  48%|████▊     | 70/145 [00:28<00:36,  2.07it/s, loss=0.0869]
Ep   3 [train]:  48%|████▊     | 70/145 [00:28<00:36,  2.07it/s, loss=0.0901]
Ep   3 [train]:  49%|████▉     | 71/145 [00:28<00:29,  2.52it/s, loss=0.0901]
Ep   3 [train]:  49%|████▉     | 71/145 [00:29<00:29,  2.52it/s, loss=0.0979]
Ep   3 [train]:  50%|████▉     | 72/145 [00:29<00:35,  2.07it/s, loss=0.0979]
Ep   3 [train]:  50%|████▉     | 72/145 [00:29<00:35,  2.07it/s, loss=0.0983]
Ep   3 [train]:  50%|█████     | 73/145 [00:29<00:29,  2.48it/s, loss=0.0983]
Ep   3 [train]:  50%|█████     | 73/145 [00:30<00:29,  2.48it/s, loss=0.0999]
Ep   3 [train]:  51%|█████     | 74/145 [00:30<00:33,  2.14it/s, loss=0.0999]
Ep   3 [train]:  51%|█████     | 74/145 [00:30<00:33,  2.14it/s, loss=0.1060]
Ep   3 [train]:  52%|█████▏    | 75/145 [00:30<00:26,  2.67it/s, loss=0.1060]
Ep   3 [train]:  52%|█████▏    | 75/145 [00:31<00:26,  2.67it/s, loss=0.0925]
Ep   3 [train]:  52%|█████▏    | 76/145 [00:31<00:33,  2.04it/s, loss=0.0925]
Ep   3 [train]:  52%|█████▏    | 76/145 [00:31<00:33,  2.04it/s, loss=0.0939]
Ep   3 [train]:  53%|█████▎    | 77/145 [00:31<00:26,  2.60it/s, loss=0.0939]
Ep   3 [train]:  53%|█████▎    | 77/145 [00:31<00:26,  2.60it/s, loss=0.0922]
Ep   3 [train]:  54%|█████▍    | 78/145 [00:31<00:32,  2.07it/s, loss=0.0922]
Ep   3 [train]:  54%|█████▍    | 78/145 [00:32<00:32,  2.07it/s, loss=0.0909]
Ep   3 [train]:  54%|█████▍    | 79/145 [00:32<00:25,  2.59it/s, loss=0.0909]
Ep   3 [train]:  54%|█████▍    | 79/145 [00:32<00:25,  2.59it/s, loss=0.0818]
Ep   3 [train]:  55%|█████▌    | 80/145 [00:32<00:31,  2.04it/s, loss=0.0818]
Ep   3 [train]:  55%|█████▌    | 80/145 [00:32<00:31,  2.04it/s, loss=0.0890]
Ep   3 [train]:  56%|█████▌    | 81/145 [00:32<00:24,  2.58it/s, loss=0.0890]
Ep   3 [train]:  56%|█████▌    | 81/145 [00:33<00:24,  2.58it/s, loss=0.0977]
Ep   3 [train]:  57%|█████▋    | 82/145 [00:33<00:29,  2.14it/s, loss=0.0977]
Ep   3 [train]:  57%|█████▋    | 82/145 [00:33<00:29,  2.14it/s, loss=0.0936]
Ep   3 [train]:  57%|█████▋    | 83/145 [00:33<00:22,  2.70it/s, loss=0.0936]
Ep   3 [train]:  57%|█████▋    | 83/145 [00:34<00:22,  2.70it/s, loss=0.0832]
Ep   3 [train]:  58%|█████▊    | 84/145 [00:34<00:29,  2.10it/s, loss=0.0832]
Ep   3 [train]:  58%|█████▊    | 84/145 [00:34<00:29,  2.10it/s, loss=0.0891]
Ep   3 [train]:  59%|█████▊    | 85/145 [00:34<00:22,  2.63it/s, loss=0.0891]
Ep   3 [train]:  59%|█████▊    | 85/145 [00:35<00:22,  2.63it/s, loss=0.1066]
Ep   3 [train]:  59%|█████▉    | 86/145 [00:35<00:27,  2.13it/s, loss=0.1066]
Ep   3 [train]:  59%|█████▉    | 86/145 [00:35<00:27,  2.13it/s, loss=0.0970]
Ep   3 [train]:  60%|██████    | 87/145 [00:35<00:21,  2.68it/s, loss=0.0970]
Ep   3 [train]:  60%|██████    | 87/145 [00:36<00:21,  2.68it/s, loss=0.0908]
Ep   3 [train]:  61%|██████    | 88/145 [00:36<00:27,  2.11it/s, loss=0.0908]
Ep   3 [train]:  61%|██████    | 88/145 [00:36<00:27,  2.11it/s, loss=0.0936]
Ep   3 [train]:  61%|██████▏   | 89/145 [00:36<00:20,  2.68it/s, loss=0.0936]
Ep   3 [train]:  61%|██████▏   | 89/145 [00:37<00:20,  2.68it/s, loss=0.0858]
Ep   3 [train]:  62%|██████▏   | 90/145 [00:37<00:26,  2.08it/s, loss=0.0858]
Ep   3 [train]:  62%|██████▏   | 90/145 [00:37<00:26,  2.08it/s, loss=0.0918]
Ep   3 [train]:  63%|██████▎   | 91/145 [00:37<00:20,  2.60it/s, loss=0.0918]
Ep   3 [train]:  63%|██████▎   | 91/145 [00:37<00:20,  2.60it/s, loss=0.0927]
Ep   3 [train]:  63%|██████▎   | 92/145 [00:37<00:25,  2.06it/s, loss=0.0927]
Ep   3 [train]:  63%|██████▎   | 92/145 [00:38<00:25,  2.06it/s, loss=0.0940]
Ep   3 [train]:  64%|██████▍   | 93/145 [00:38<00:20,  2.54it/s, loss=0.0940]
Ep   3 [train]:  64%|██████▍   | 93/145 [00:38<00:20,  2.54it/s, loss=0.0966]
Ep   3 [train]:  65%|██████▍   | 94/145 [00:38<00:24,  2.09it/s, loss=0.0966]
Ep   3 [train]:  65%|██████▍   | 94/145 [00:38<00:24,  2.09it/s, loss=0.0912]
Ep   3 [train]:  66%|██████▌   | 95/145 [00:38<00:19,  2.60it/s, loss=0.0912]
Ep   3 [train]:  66%|██████▌   | 95/145 [00:39<00:19,  2.60it/s, loss=0.0842]
Ep   3 [train]:  66%|██████▌   | 96/145 [00:39<00:24,  2.02it/s, loss=0.0842]
Ep   3 [train]:  66%|██████▌   | 96/145 [00:39<00:24,  2.02it/s, loss=0.0848]
Ep   3 [train]:  67%|██████▋   | 97/145 [00:39<00:19,  2.52it/s, loss=0.0848]
Ep   3 [train]:  67%|██████▋   | 97/145 [00:40<00:19,  2.52it/s, loss=0.0860]
Ep   3 [train]:  68%|██████▊   | 98/145 [00:40<00:22,  2.07it/s, loss=0.0860]
Ep   3 [train]:  68%|██████▊   | 98/145 [00:40<00:22,  2.07it/s, loss=0.0918]
Ep   3 [train]:  68%|██████▊   | 99/145 [00:40<00:17,  2.57it/s, loss=0.0918]
Ep   3 [train]:  68%|██████▊   | 99/145 [00:41<00:17,  2.57it/s, loss=0.0917]
Ep   3 [train]:  69%|██████▉   | 100/145 [00:41<00:22,  2.00it/s, loss=0.0917]
Ep   3 [train]:  69%|██████▉   | 100/145 [00:41<00:22,  2.00it/s, loss=0.0911]
Ep   3 [train]:  70%|██████▉   | 101/145 [00:41<00:17,  2.50it/s, loss=0.0911]
Ep   3 [train]:  70%|██████▉   | 101/145 [00:42<00:17,  2.50it/s, loss=0.0878]
Ep   3 [train]:  70%|███████   | 102/145 [00:42<00:20,  2.11it/s, loss=0.0878]
Ep   3 [train]:  70%|███████   | 102/145 [00:42<00:20,  2.11it/s, loss=0.0931]
Ep   3 [train]:  71%|███████   | 103/145 [00:42<00:15,  2.66it/s, loss=0.0931]
Ep   3 [train]:  71%|███████   | 103/145 [00:43<00:15,  2.66it/s, loss=0.0820]
Ep   3 [train]:  72%|███████▏  | 104/145 [00:43<00:19,  2.06it/s, loss=0.0820]
Ep   3 [train]:  72%|███████▏  | 104/145 [00:43<00:19,  2.06it/s, loss=0.0928]
Ep   3 [train]:  72%|███████▏  | 105/145 [00:43<00:15,  2.55it/s, loss=0.0928]
Ep   3 [train]:  72%|███████▏  | 105/145 [00:44<00:15,  2.55it/s, loss=0.0901]
Ep   3 [train]:  73%|███████▎  | 106/145 [00:44<00:19,  2.04it/s, loss=0.0901]
Ep   3 [train]:  73%|███████▎  | 106/145 [00:44<00:19,  2.04it/s, loss=0.0928]
Ep   3 [train]:  74%|███████▍  | 107/145 [00:44<00:14,  2.55it/s, loss=0.0928]
Ep   3 [train]:  74%|███████▍  | 107/145 [00:44<00:14,  2.55it/s, loss=0.0922]
Ep   3 [train]:  74%|███████▍  | 108/145 [00:44<00:18,  1.95it/s, loss=0.0922]
Ep   3 [train]:  74%|███████▍  | 108/145 [00:45<00:18,  1.95it/s, loss=0.0970]
Ep   3 [train]:  75%|███████▌  | 109/145 [00:45<00:14,  2.45it/s, loss=0.0970]
Ep   3 [train]:  75%|███████▌  | 109/145 [00:45<00:14,  2.45it/s, loss=0.1039]
Ep   3 [train]:  76%|███████▌  | 110/145 [00:45<00:17,  2.02it/s, loss=0.1039]
Ep   3 [train]:  76%|███████▌  | 110/145 [00:46<00:17,  2.02it/s, loss=0.0930]
Ep   3 [train]:  77%|███████▋  | 111/145 [00:46<00:13,  2.43it/s, loss=0.0930]
Ep   3 [train]:  77%|███████▋  | 111/145 [00:46<00:13,  2.43it/s, loss=0.0806]
Ep   3 [train]:  77%|███████▋  | 112/145 [00:46<00:15,  2.08it/s, loss=0.0806]
Ep   3 [train]:  77%|███████▋  | 112/145 [00:46<00:15,  2.08it/s, loss=0.0906]
Ep   3 [train]:  78%|███████▊  | 113/145 [00:46<00:12,  2.57it/s, loss=0.0906]
Ep   3 [train]:  78%|███████▊  | 113/145 [00:47<00:12,  2.57it/s, loss=0.0865]
Ep   3 [train]:  79%|███████▊  | 114/145 [00:47<00:15,  2.04it/s, loss=0.0865]
Ep   3 [train]:  79%|███████▊  | 114/145 [00:47<00:15,  2.04it/s, loss=0.0923]
Ep   3 [train]:  79%|███████▉  | 115/145 [00:47<00:11,  2.58it/s, loss=0.0923]
Ep   3 [train]:  79%|███████▉  | 115/145 [00:48<00:11,  2.58it/s, loss=0.0901]
Ep   3 [train]:  80%|████████  | 116/145 [00:48<00:13,  2.09it/s, loss=0.0901]
Ep   3 [train]:  80%|████████  | 116/145 [00:48<00:13,  2.09it/s, loss=0.0976]
Ep   3 [train]:  81%|████████  | 117/145 [00:48<00:10,  2.65it/s, loss=0.0976]
Ep   3 [train]:  81%|████████  | 117/145 [00:49<00:10,  2.65it/s, loss=0.0959]
Ep   3 [train]:  81%|████████▏ | 118/145 [00:49<00:12,  2.13it/s, loss=0.0959]
Ep   3 [train]:  81%|████████▏ | 118/145 [00:49<00:12,  2.13it/s, loss=0.0924]
Ep   3 [train]:  82%|████████▏ | 119/145 [00:49<00:09,  2.72it/s, loss=0.0924]
Ep   3 [train]:  82%|████████▏ | 119/145 [00:50<00:09,  2.72it/s, loss=0.0946]
Ep   3 [train]:  83%|████████▎ | 120/145 [00:50<00:11,  2.15it/s, loss=0.0946]
Ep   3 [train]:  83%|████████▎ | 120/145 [00:50<00:11,  2.15it/s, loss=0.0809]
Ep   3 [train]:  83%|████████▎ | 121/145 [00:50<00:08,  2.73it/s, loss=0.0809]
Ep   3 [train]:  83%|████████▎ | 121/145 [00:50<00:08,  2.73it/s, loss=0.0877]
Ep   3 [train]:  84%|████████▍ | 122/145 [00:50<00:10,  2.10it/s, loss=0.0877]
Ep   3 [train]:  84%|████████▍ | 122/145 [00:51<00:10,  2.10it/s, loss=0.0885]
Ep   3 [train]:  85%|████████▍ | 123/145 [00:51<00:08,  2.62it/s, loss=0.0885]
Ep   3 [train]:  85%|████████▍ | 123/145 [00:51<00:08,  2.62it/s, loss=0.0897]
Ep   3 [train]:  86%|████████▌ | 124/145 [00:51<00:09,  2.14it/s, loss=0.0897]
Ep   3 [train]:  86%|████████▌ | 124/145 [00:51<00:09,  2.14it/s, loss=0.0884]
Ep   3 [train]:  86%|████████▌ | 125/145 [00:51<00:07,  2.70it/s, loss=0.0884]
Ep   3 [train]:  86%|████████▌ | 125/145 [00:52<00:07,  2.70it/s, loss=0.0896]
Ep   3 [train]:  87%|████████▋ | 126/145 [00:52<00:09,  2.10it/s, loss=0.0896]
Ep   3 [train]:  87%|████████▋ | 126/145 [00:52<00:09,  2.10it/s, loss=0.0804]
Ep   3 [train]:  88%|████████▊ | 127/145 [00:52<00:06,  2.70it/s, loss=0.0804]
Ep   3 [train]:  88%|████████▊ | 127/145 [00:53<00:06,  2.70it/s, loss=0.0845]
Ep   3 [train]:  88%|████████▊ | 128/145 [00:53<00:07,  2.14it/s, loss=0.0845]
Ep   3 [train]:  88%|████████▊ | 128/145 [00:53<00:07,  2.14it/s, loss=0.0801]
Ep   3 [train]:  89%|████████▉ | 129/145 [00:53<00:06,  2.65it/s, loss=0.0801]
Ep   3 [train]:  89%|████████▉ | 129/145 [00:54<00:06,  2.65it/s, loss=0.0944]
Ep   3 [train]:  90%|████████▉ | 130/145 [00:54<00:06,  2.18it/s, loss=0.0944]
Ep   3 [train]:  90%|████████▉ | 130/145 [00:54<00:06,  2.18it/s, loss=0.0999]
Ep   3 [train]:  90%|█████████ | 131/145 [00:54<00:05,  2.71it/s, loss=0.0999]
Ep   3 [train]:  90%|█████████ | 131/145 [00:55<00:05,  2.71it/s, loss=0.0903]
Ep   3 [train]:  91%|█████████ | 132/145 [00:55<00:05,  2.21it/s, loss=0.0903]
Ep   3 [train]:  91%|█████████ | 132/145 [00:55<00:05,  2.21it/s, loss=0.0918]
Ep   3 [train]:  92%|█████████▏| 133/145 [00:55<00:04,  2.81it/s, loss=0.0918]
Ep   3 [train]:  92%|█████████▏| 133/145 [00:55<00:04,  2.81it/s, loss=0.0756]
Ep   3 [train]:  92%|█████████▏| 134/145 [00:55<00:05,  2.19it/s, loss=0.0756]
Ep   3 [train]:  92%|█████████▏| 134/145 [00:56<00:05,  2.19it/s, loss=0.0898]
Ep   3 [train]:  93%|█████████▎| 135/145 [00:56<00:03,  2.80it/s, loss=0.0898]
Ep   3 [train]:  93%|█████████▎| 135/145 [00:56<00:03,  2.80it/s, loss=0.1038]
Ep   3 [train]:  94%|█████████▍| 136/145 [00:56<00:04,  2.20it/s, loss=0.1038]
Ep   3 [train]:  94%|█████████▍| 136/145 [00:56<00:04,  2.20it/s, loss=0.0829]
Ep   3 [train]:  94%|█████████▍| 137/145 [00:56<00:02,  2.84it/s, loss=0.0829]
Ep   3 [train]:  94%|█████████▍| 137/145 [00:57<00:02,  2.84it/s, loss=0.1005]
Ep   3 [train]:  95%|█████████▌| 138/145 [00:57<00:03,  2.14it/s, loss=0.1005]
Ep   3 [train]:  95%|█████████▌| 138/145 [00:57<00:03,  2.14it/s, loss=0.0908]
Ep   3 [train]:  96%|█████████▌| 139/145 [00:57<00:02,  2.73it/s, loss=0.0908]
Ep   3 [train]:  96%|█████████▌| 139/145 [00:58<00:02,  2.73it/s, loss=0.0917]
Ep   3 [train]:  97%|█████████▋| 140/145 [00:58<00:02,  2.09it/s, loss=0.0917]
Ep   3 [train]:  97%|█████████▋| 140/145 [00:58<00:02,  2.09it/s, loss=0.0941]
Ep   3 [train]:  97%|█████████▋| 141/145 [00:58<00:01,  2.65it/s, loss=0.0941]
Ep   3 [train]:  97%|█████████▋| 141/145 [00:59<00:01,  2.65it/s, loss=0.0839]
Ep   3 [train]:  98%|█████████▊| 142/145 [00:59<00:01,  2.09it/s, loss=0.0839]
Ep   3 [train]:  98%|█████████▊| 142/145 [00:59<00:01,  2.09it/s, loss=0.0852]
Ep   3 [train]:  99%|█████████▊| 143/145 [00:59<00:00,  2.66it/s, loss=0.0852]
Ep   3 [train]:  99%|█████████▊| 143/145 [01:00<00:00,  2.66it/s, loss=0.0859]
Ep   3 [train]:  99%|█████████▉| 144/145 [01:00<00:00,  2.16it/s, loss=0.0859]
Ep   3 [train]:  99%|█████████▉| 144/145 [01:00<00:00,  2.16it/s, loss=0.0847]
Ep   3 [train]: 100%|██████████| 145/145 [01:00<00:00,  2.72it/s, loss=0.0847]
                                                                              
  Ep   3 [train]  loss=0.0929  rmse_c=0.2457  mae_c=0.2198  r2_c=-0.025  rmse_h=0.3587  mae_h=0.2698  r2_h=0.255  sup=0.327

Ep   3 [val  ]:   0%|          | 0/39 [00:00<?, ?it/s]
Ep   3 [val  ]:   0%|          | 0/39 [00:01<?, ?it/s, loss=0.1105]
Ep   3 [val  ]:   3%|▎         | 1/39 [00:01<00:38,  1.01s/it, loss=0.1105]
Ep   3 [val  ]:   3%|▎         | 1/39 [00:01<00:38,  1.01s/it, loss=0.1040]
Ep   3 [val  ]:   3%|▎         | 1/39 [00:01<00:38,  1.01s/it, loss=0.0901]
Ep   3 [val  ]:   8%|▊         | 3/39 [00:01<00:22,  1.62it/s, loss=0.0901]
Ep   3 [val  ]:   8%|▊         | 3/39 [00:02<00:22,  1.62it/s, loss=0.0802]
Ep   3 [val  ]:   8%|▊         | 3/39 [00:02<00:22,  1.62it/s, loss=0.0876]
Ep   3 [val  ]:  13%|█▎        | 5/39 [00:02<00:18,  1.87it/s, loss=0.0876]
Ep   3 [val  ]:  13%|█▎        | 5/39 [00:02<00:18,  1.87it/s, loss=0.1010]
Ep   3 [val  ]:  13%|█▎        | 5/39 [00:03<00:18,  1.87it/s, loss=0.0923]
Ep   3 [val  ]:  18%|█▊        | 7/39 [00:03<00:16,  1.97it/s, loss=0.0923]
Ep   3 [val  ]:  18%|█▊        | 7/39 [00:03<00:16,  1.97it/s, loss=0.0847]
Ep   3 [val  ]:  18%|█▊        | 7/39 [00:04<00:16,  1.97it/s, loss=0.0886]
Ep   3 [val  ]:  23%|██▎       | 9/39 [00:04<00:14,  2.04it/s, loss=0.0886]
Ep   3 [val  ]:  23%|██▎       | 9/39 [00:04<00:14,  2.04it/s, loss=0.0820]
Ep   3 [val  ]:  23%|██▎       | 9/39 [00:05<00:14,  2.04it/s, loss=0.0860]
Ep   3 [val  ]:  28%|██▊       | 11/39 [00:05<00:13,  2.04it/s, loss=0.0860]
Ep   3 [val  ]:  28%|██▊       | 11/39 [00:05<00:13,  2.04it/s, loss=0.0851]
Ep   3 [val  ]:  28%|██▊       | 11/39 [00:06<00:13,  2.04it/s, loss=0.0850]
Ep   3 [val  ]:  33%|███▎      | 13/39 [00:06<00:12,  2.07it/s, loss=0.0850]
Ep   3 [val  ]:  33%|███▎      | 13/39 [00:06<00:12,  2.07it/s, loss=0.0956]
Ep   3 [val  ]:  33%|███▎      | 13/39 [00:07<00:12,  2.07it/s, loss=0.1078]
Ep   3 [val  ]:  38%|███▊      | 15/39 [00:07<00:11,  2.12it/s, loss=0.1078]
Ep   3 [val  ]:  38%|███▊      | 15/39 [00:07<00:11,  2.12it/s, loss=0.1047]
Ep   3 [val  ]:  38%|███▊      | 15/39 [00:08<00:11,  2.12it/s, loss=0.1034]
Ep   3 [val  ]:  44%|████▎     | 17/39 [00:08<00:09,  2.28it/s, loss=0.1034]
Ep   3 [val  ]:  44%|████▎     | 17/39 [00:08<00:09,  2.28it/s, loss=0.1022]
Ep   3 [val  ]:  44%|████▎     | 17/39 [00:09<00:09,  2.28it/s, loss=0.0950]
Ep   3 [val  ]:  49%|████▊     | 19/39 [00:09<00:08,  2.39it/s, loss=0.0950]
Ep   3 [val  ]:  49%|████▊     | 19/39 [00:09<00:08,  2.39it/s, loss=0.0727]
Ep   3 [val  ]:  49%|████▊     | 19/39 [00:10<00:08,  2.39it/s, loss=0.0645]
Ep   3 [val  ]:  54%|█████▍    | 21/39 [00:10<00:07,  2.26it/s, loss=0.0645]
Ep   3 [val  ]:  54%|█████▍    | 21/39 [00:10<00:07,  2.26it/s, loss=0.0740]
Ep   3 [val  ]:  54%|█████▍    | 21/39 [00:10<00:07,  2.26it/s, loss=0.0666]
Ep   3 [val  ]:  59%|█████▉    | 23/39 [00:10<00:07,  2.24it/s, loss=0.0666]
Ep   3 [val  ]:  59%|█████▉    | 23/39 [00:11<00:07,  2.24it/s, loss=0.0731]
Ep   3 [val  ]:  59%|█████▉    | 23/39 [00:11<00:07,  2.24it/s, loss=0.0720]
Ep   3 [val  ]:  64%|██████▍   | 25/39 [00:11<00:06,  2.24it/s, loss=0.0720]
Ep   3 [val  ]:  64%|██████▍   | 25/39 [00:11<00:06,  2.24it/s, loss=0.0803]
Ep   3 [val  ]:  64%|██████▍   | 25/39 [00:12<00:06,  2.24it/s, loss=0.0924]
Ep   3 [val  ]:  69%|██████▉   | 27/39 [00:12<00:05,  2.33it/s, loss=0.0924]
Ep   3 [val  ]:  69%|██████▉   | 27/39 [00:12<00:05,  2.33it/s, loss=0.1362]
Ep   3 [val  ]:  69%|██████▉   | 27/39 [00:13<00:05,  2.33it/s, loss=0.1035]
Ep   3 [val  ]:  74%|███████▍  | 29/39 [00:13<00:04,  2.38it/s, loss=0.1035]
Ep   3 [val  ]:  74%|███████▍  | 29/39 [00:13<00:04,  2.38it/s, loss=0.0962]
Ep   3 [val  ]:  74%|███████▍  | 29/39 [00:14<00:04,  2.38it/s, loss=0.0859]
Ep   3 [val  ]:  79%|███████▉  | 31/39 [00:14<00:03,  2.42it/s, loss=0.0859]
Ep   3 [val  ]:  79%|███████▉  | 31/39 [00:14<00:03,  2.42it/s, loss=0.0847]
Ep   3 [val  ]:  79%|███████▉  | 31/39 [00:14<00:03,  2.42it/s, loss=0.0785]
Ep   3 [val  ]:  85%|████████▍ | 33/39 [00:14<00:02,  2.46it/s, loss=0.0785]
Ep   3 [val  ]:  85%|████████▍ | 33/39 [00:15<00:02,  2.46it/s, loss=0.0837]
Ep   3 [val  ]:  85%|████████▍ | 33/39 [00:15<00:02,  2.46it/s, loss=0.0895]
Ep   3 [val  ]:  90%|████████▉ | 35/39 [00:15<00:01,  2.46it/s, loss=0.0895]
Ep   3 [val  ]:  90%|████████▉ | 35/39 [00:15<00:01,  2.46it/s, loss=0.0847]
Ep   3 [val  ]:  90%|████████▉ | 35/39 [00:16<00:01,  2.46it/s, loss=0.0773]
Ep   3 [val  ]:  95%|█████████▍| 37/39 [00:16<00:00,  2.47it/s, loss=0.0773]
Ep   3 [val  ]:  95%|█████████▍| 37/39 [00:16<00:00,  2.47it/s, loss=0.0686]
Ep   3 [val  ]:  95%|█████████▍| 37/39 [00:16<00:00,  2.47it/s, loss=0.0908]
                                                                            
  Ep   3 [val  ]  loss=0.0887  rmse_c=0.2476  mae_c=0.2225  r2_c=-0.007  rmse_h=0.3393  mae_h=0.2485  r2_h=0.283  sup=0.308
  [new best] combined_val_rmse=0.2935

Ep   4 [train]:   0%|          | 0/145 [00:00<?, ?it/s]
Ep   4 [train]:   0%|          | 0/145 [00:01<?, ?it/s, loss=0.0911]
Ep   4 [train]:   1%|          | 1/145 [00:01<02:37,  1.09s/it, loss=0.0911]
Ep   4 [train]:   1%|          | 1/145 [00:01<02:37,  1.09s/it, loss=0.0853]
Ep   4 [train]:   1%|▏         | 2/145 [00:01<01:15,  1.90it/s, loss=0.0853]
Ep   4 [train]:   1%|▏         | 2/145 [00:01<01:15,  1.90it/s, loss=0.0822]
Ep   4 [train]:   2%|▏         | 3/145 [00:01<01:17,  1.84it/s, loss=0.0822]
Ep   4 [train]:   2%|▏         | 3/145 [00:01<01:17,  1.84it/s, loss=0.0941]
Ep   4 [train]:   3%|▎         | 4/145 [00:01<00:53,  2.66it/s, loss=0.0941]
Ep   4 [train]:   3%|▎         | 4/145 [00:02<00:53,  2.66it/s, loss=0.0864]
Ep   4 [train]:   3%|▎         | 5/145 [00:02<01:05,  2.13it/s, loss=0.0864]
Ep   4 [train]:   3%|▎         | 5/145 [00:02<01:05,  2.13it/s, loss=0.0856]
Ep   4 [train]:   4%|▍         | 6/145 [00:02<00:49,  2.81it/s, loss=0.0856]
Ep   4 [train]:   4%|▍         | 6/145 [00:03<00:49,  2.81it/s, loss=0.0912]
Ep   4 [train]:   5%|▍         | 7/145 [00:03<01:02,  2.22it/s, loss=0.0912]
Ep   4 [train]:   5%|▍         | 7/145 [00:03<01:02,  2.22it/s, loss=0.0931]
Ep   4 [train]:   6%|▌         | 8/145 [00:03<00:48,  2.82it/s, loss=0.0931]
Ep   4 [train]:   6%|▌         | 8/145 [00:04<00:48,  2.82it/s, loss=0.0815]
Ep   4 [train]:   6%|▌         | 9/145 [00:04<01:00,  2.25it/s, loss=0.0815]
Ep   4 [train]:   6%|▌         | 9/145 [00:04<01:00,  2.25it/s, loss=0.0834]
Ep   4 [train]:   7%|▋         | 10/145 [00:04<00:48,  2.80it/s, loss=0.0834]
Ep   4 [train]:   7%|▋         | 10/145 [00:04<00:48,  2.80it/s, loss=0.0824]
Ep   4 [train]:   8%|▊         | 11/145 [00:04<00:53,  2.51it/s, loss=0.0824]
Ep   4 [train]:   8%|▊         | 11/145 [00:05<00:53,  2.51it/s, loss=0.0858]
Ep   4 [train]:   8%|▊         | 12/145 [00:05<00:51,  2.59it/s, loss=0.0858]
Ep   4 [train]:   8%|▊         | 12/145 [00:05<00:51,  2.59it/s, loss=0.0825]
Ep   4 [train]:   9%|▉         | 13/145 [00:05<00:50,  2.62it/s, loss=0.0825]
Ep   4 [train]:   9%|▉         | 13/145 [00:05<00:50,  2.62it/s, loss=0.0889]
Ep   4 [train]:  10%|▉         | 14/145 [00:05<00:51,  2.55it/s, loss=0.0889]
Ep   4 [train]:  10%|▉         | 14/145 [00:06<00:51,  2.55it/s, loss=0.0806]
Ep   4 [train]:  10%|█         | 15/145 [00:06<00:47,  2.74it/s, loss=0.0806]
Ep   4 [train]:  10%|█         | 15/145 [00:06<00:47,  2.74it/s, loss=0.0828]
Ep   4 [train]:  11%|█         | 16/145 [00:06<00:50,  2.57it/s, loss=0.0828]
Ep   4 [train]:  11%|█         | 16/145 [00:06<00:50,  2.57it/s, loss=0.0963]
Ep   4 [train]:  12%|█▏        | 17/145 [00:06<00:44,  2.87it/s, loss=0.0963]
Ep   4 [train]:  12%|█▏        | 17/145 [00:07<00:44,  2.87it/s, loss=0.0717]
Ep   4 [train]:  12%|█▏        | 18/145 [00:07<00:48,  2.64it/s, loss=0.0717]
Ep   4 [train]:  12%|█▏        | 18/145 [00:07<00:48,  2.64it/s, loss=0.0846]
Ep   4 [train]:  13%|█▎        | 19/145 [00:07<00:43,  2.88it/s, loss=0.0846]
Ep   4 [train]:  13%|█▎        | 19/145 [00:08<00:43,  2.88it/s, loss=0.0806]
Ep   4 [train]:  14%|█▍        | 20/145 [00:08<00:45,  2.75it/s, loss=0.0806]
Ep   4 [train]:  14%|█▍        | 20/145 [00:08<00:45,  2.75it/s, loss=0.0894]
Ep   4 [train]:  14%|█▍        | 21/145 [00:08<00:42,  2.89it/s, loss=0.0894]
Ep   4 [train]:  14%|█▍        | 21/145 [00:08<00:42,  2.89it/s, loss=0.0931]
Ep   4 [train]:  15%|█▌        | 22/145 [00:08<00:42,  2.88it/s, loss=0.0931]
Ep   4 [train]:  15%|█▌        | 22/145 [00:09<00:42,  2.88it/s, loss=0.0843]
Ep   4 [train]:  16%|█▌        | 23/145 [00:09<00:42,  2.88it/s, loss=0.0843]
Ep   4 [train]:  16%|█▌        | 23/145 [00:09<00:42,  2.88it/s, loss=0.0807]
Ep   4 [train]:  17%|█▋        | 24/145 [00:09<00:40,  2.96it/s, loss=0.0807]
Ep   4 [train]:  17%|█▋        | 24/145 [00:09<00:40,  2.96it/s, loss=0.0908]
Ep   4 [train]:  17%|█▋        | 25/145 [00:09<00:43,  2.78it/s, loss=0.0908]
Ep   4 [train]:  17%|█▋        | 25/145 [00:10<00:43,  2.78it/s, loss=0.0971]
Ep   4 [train]:  18%|█▊        | 26/145 [00:10<00:41,  2.90it/s, loss=0.0971]
Ep   4 [train]:  18%|█▊        | 26/145 [00:10<00:41,  2.90it/s, loss=0.0895]
Ep   4 [train]:  19%|█▊        | 27/145 [00:10<00:43,  2.72it/s, loss=0.0895]
Ep   4 [train]:  19%|█▊        | 27/145 [00:10<00:43,  2.72it/s, loss=0.0918]
Ep   4 [train]:  19%|█▉        | 28/145 [00:10<00:42,  2.73it/s, loss=0.0918]
Ep   4 [train]:  19%|█▉        | 28/145 [00:11<00:42,  2.73it/s, loss=0.1031]
Ep   4 [train]:  20%|██        | 29/145 [00:11<00:43,  2.67it/s, loss=0.1031]
Ep   4 [train]:  20%|██        | 29/145 [00:11<00:43,  2.67it/s, loss=0.1008]
Ep   4 [train]:  21%|██        | 30/145 [00:11<00:45,  2.53it/s, loss=0.1008]
Ep   4 [train]:  21%|██        | 30/145 [00:12<00:45,  2.53it/s, loss=0.0877]
Ep   4 [train]:  21%|██▏       | 31/145 [00:12<00:41,  2.72it/s, loss=0.0877]
Ep   4 [train]:  21%|██▏       | 31/145 [00:12<00:41,  2.72it/s, loss=0.0825]
Ep   4 [train]:  22%|██▏       | 32/145 [00:12<00:45,  2.47it/s, loss=0.0825]
Ep   4 [train]:  22%|██▏       | 32/145 [00:12<00:45,  2.47it/s, loss=0.0872]
Ep   4 [train]:  23%|██▎       | 33/145 [00:12<00:41,  2.68it/s, loss=0.0872]
Ep   4 [train]:  23%|██▎       | 33/145 [00:13<00:41,  2.68it/s, loss=0.0947]
Ep   4 [train]:  23%|██▎       | 34/145 [00:13<00:46,  2.39it/s, loss=0.0947]
Ep   4 [train]:  23%|██▎       | 34/145 [00:13<00:46,  2.39it/s, loss=0.1061]
Ep   4 [train]:  24%|██▍       | 35/145 [00:13<00:43,  2.55it/s, loss=0.1061]
Ep   4 [train]:  24%|██▍       | 35/145 [00:14<00:43,  2.55it/s, loss=0.0942]
Ep   4 [train]:  25%|██▍       | 36/145 [00:14<00:45,  2.40it/s, loss=0.0942]
Ep   4 [train]:  25%|██▍       | 36/145 [00:14<00:45,  2.40it/s, loss=0.0878]
Ep   4 [train]:  26%|██▌       | 37/145 [00:14<00:40,  2.66it/s, loss=0.0878]
Ep   4 [train]:  26%|██▌       | 37/145 [00:14<00:40,  2.66it/s, loss=0.0955]
Ep   4 [train]:  26%|██▌       | 38/145 [00:14<00:45,  2.36it/s, loss=0.0955]
Ep   4 [train]:  26%|██▌       | 38/145 [00:15<00:45,  2.36it/s, loss=0.0945]
Ep   4 [train]:  27%|██▋       | 39/145 [00:15<00:39,  2.68it/s, loss=0.0945]
Ep   4 [train]:  27%|██▋       | 39/145 [00:15<00:39,  2.68it/s, loss=0.0851]
Ep   4 [train]:  28%|██▊       | 40/145 [00:15<00:45,  2.32it/s, loss=0.0851]
Ep   4 [train]:  28%|██▊       | 40/145 [00:16<00:45,  2.32it/s, loss=0.0952]
Ep   4 [train]:  28%|██▊       | 41/145 [00:16<00:39,  2.65it/s, loss=0.0952]
Ep   4 [train]:  28%|██▊       | 41/145 [00:16<00:39,  2.65it/s, loss=0.0880]
Ep   4 [train]:  29%|██▉       | 42/145 [00:16<00:44,  2.32it/s, loss=0.0880]
Ep   4 [train]:  29%|██▉       | 42/145 [00:16<00:44,  2.32it/s, loss=0.0906]
Ep   4 [train]:  30%|██▉       | 43/145 [00:16<00:37,  2.72it/s, loss=0.0906]
Ep   4 [train]:  30%|██▉       | 43/145 [00:17<00:37,  2.72it/s, loss=0.0861]
Ep   4 [train]:  30%|███       | 44/145 [00:17<00:45,  2.21it/s, loss=0.0861]
Ep   4 [train]:  30%|███       | 44/145 [00:17<00:45,  2.21it/s, loss=0.0961]
Ep   4 [train]:  31%|███       | 45/145 [00:17<00:36,  2.70it/s, loss=0.0961]
Ep   4 [train]:  31%|███       | 45/145 [00:18<00:36,  2.70it/s, loss=0.0861]
Ep   4 [train]:  32%|███▏      | 46/145 [00:18<00:45,  2.16it/s, loss=0.0861]
Ep   4 [train]:  32%|███▏      | 46/145 [00:18<00:45,  2.16it/s, loss=0.1036]
Ep   4 [train]:  32%|███▏      | 47/145 [00:18<00:36,  2.69it/s, loss=0.1036]
Ep   4 [train]:  32%|███▏      | 47/145 [00:19<00:36,  2.69it/s, loss=0.0871]
Ep   4 [train]:  33%|███▎      | 48/145 [00:19<00:47,  2.04it/s, loss=0.0871]
Ep   4 [train]:  33%|███▎      | 48/145 [00:19<00:47,  2.04it/s, loss=0.0897]
Ep   4 [train]:  34%|███▍      | 49/145 [00:19<00:37,  2.58it/s, loss=0.0897]
Ep   4 [train]:  34%|███▍      | 49/145 [00:20<00:37,  2.58it/s, loss=0.0825]
Ep   4 [train]:  34%|███▍      | 50/145 [00:20<00:46,  2.03it/s, loss=0.0825]
Ep   4 [train]:  34%|███▍      | 50/145 [00:20<00:46,  2.03it/s, loss=0.0884]
Ep   4 [train]:  35%|███▌      | 51/145 [00:20<00:36,  2.60it/s, loss=0.0884]
Ep   4 [train]:  35%|███▌      | 51/145 [00:20<00:36,  2.60it/s, loss=0.0919]
Ep   4 [train]:  36%|███▌      | 52/145 [00:20<00:42,  2.18it/s, loss=0.0919]
Ep   4 [train]:  36%|███▌      | 52/145 [00:21<00:42,  2.18it/s, loss=0.1017]
Ep   4 [train]:  37%|███▋      | 53/145 [00:21<00:33,  2.76it/s, loss=0.1017]
Ep   4 [train]:  37%|███▋      | 53/145 [00:21<00:33,  2.76it/s, loss=0.0795]
Ep   4 [train]:  37%|███▋      | 54/145 [00:21<00:41,  2.21it/s, loss=0.0795]
Ep   4 [train]:  37%|███▋      | 54/145 [00:21<00:41,  2.21it/s, loss=0.0817]
Ep   4 [train]:  38%|███▊      | 55/145 [00:21<00:31,  2.82it/s, loss=0.0817]
Ep   4 [train]:  38%|███▊      | 55/145 [00:22<00:31,  2.82it/s, loss=0.0917]
Ep   4 [train]:  39%|███▊      | 56/145 [00:22<00:42,  2.10it/s, loss=0.0917]
Ep   4 [train]:  39%|███▊      | 56/145 [00:22<00:42,  2.10it/s, loss=0.0831]
Ep   4 [train]:  39%|███▉      | 57/145 [00:22<00:32,  2.70it/s, loss=0.0831]
Ep   4 [train]:  39%|███▉      | 57/145 [00:23<00:32,  2.70it/s, loss=0.0912]
Ep   4 [train]:  40%|████      | 58/145 [00:23<00:40,  2.17it/s, loss=0.0912]
Ep   4 [train]:  40%|████      | 58/145 [00:23<00:40,  2.17it/s, loss=0.0878]
Ep   4 [train]:  41%|████      | 59/145 [00:23<00:30,  2.80it/s, loss=0.0878]
Ep   4 [train]:  41%|████      | 59/145 [00:24<00:30,  2.80it/s, loss=0.0892]
Ep   4 [train]:  41%|████▏     | 60/145 [00:24<00:40,  2.11it/s, loss=0.0892]
Ep   4 [train]:  41%|████▏     | 60/145 [00:24<00:40,  2.11it/s, loss=0.0820]
Ep   4 [train]:  42%|████▏     | 61/145 [00:24<00:31,  2.64it/s, loss=0.0820]
Ep   4 [train]:  42%|████▏     | 61/145 [00:25<00:31,  2.64it/s, loss=0.0914]
Ep   4 [train]:  43%|████▎     | 62/145 [00:25<00:39,  2.11it/s, loss=0.0914]
Ep   4 [train]:  43%|████▎     | 62/145 [00:25<00:39,  2.11it/s, loss=0.0828]
Ep   4 [train]:  43%|████▎     | 63/145 [00:25<00:31,  2.62it/s, loss=0.0828]
Ep   4 [train]:  43%|████▎     | 63/145 [00:25<00:31,  2.62it/s, loss=0.0900]
Ep   4 [train]:  44%|████▍     | 64/145 [00:25<00:38,  2.11it/s, loss=0.0900]
Ep   4 [train]:  44%|████▍     | 64/145 [00:26<00:38,  2.11it/s, loss=0.0919]
Ep   4 [train]:  45%|████▍     | 65/145 [00:26<00:29,  2.68it/s, loss=0.0919]
Ep   4 [train]:  45%|████▍     | 65/145 [00:26<00:29,  2.68it/s, loss=0.0818]
Ep   4 [train]:  46%|████▌     | 66/145 [00:26<00:37,  2.08it/s, loss=0.0818]
Ep   4 [train]:  46%|████▌     | 66/145 [00:26<00:37,  2.08it/s, loss=0.0855]
Ep   4 [train]:  46%|████▌     | 67/145 [00:26<00:29,  2.67it/s, loss=0.0855]
Ep   4 [train]:  46%|████▌     | 67/145 [00:27<00:29,  2.67it/s, loss=0.0892]
Ep   4 [train]:  47%|████▋     | 68/145 [00:27<00:37,  2.08it/s, loss=0.0892]
Ep   4 [train]:  47%|████▋     | 68/145 [00:27<00:37,  2.08it/s, loss=0.0884]
Ep   4 [train]:  48%|████▊     | 69/145 [00:27<00:29,  2.56it/s, loss=0.0884]
Ep   4 [train]:  48%|████▊     | 69/145 [00:28<00:29,  2.56it/s, loss=0.0889]
Ep   4 [train]:  48%|████▊     | 70/145 [00:28<00:35,  2.14it/s, loss=0.0889]
Ep   4 [train]:  48%|████▊     | 70/145 [00:28<00:35,  2.14it/s, loss=0.0850]
Ep   4 [train]:  49%|████▉     | 71/145 [00:28<00:27,  2.65it/s, loss=0.0850]
Ep   4 [train]:  49%|████▉     | 71/145 [00:29<00:27,  2.65it/s, loss=0.0912]
Ep   4 [train]:  50%|████▉     | 72/145 [00:29<00:33,  2.15it/s, loss=0.0912]
Ep   4 [train]:  50%|████▉     | 72/145 [00:29<00:33,  2.15it/s, loss=0.0868]
Ep   4 [train]:  50%|█████     | 73/145 [00:29<00:26,  2.76it/s, loss=0.0868]
Ep   4 [train]:  50%|█████     | 73/145 [00:30<00:26,  2.76it/s, loss=0.0900]
Ep   4 [train]:  51%|█████     | 74/145 [00:30<00:34,  2.07it/s, loss=0.0900]
Ep   4 [train]:  51%|█████     | 74/145 [00:30<00:34,  2.07it/s, loss=0.0928]
Ep   4 [train]:  52%|█████▏    | 75/145 [00:30<00:27,  2.57it/s, loss=0.0928]
Ep   4 [train]:  52%|█████▏    | 75/145 [00:31<00:27,  2.57it/s, loss=0.0882]
Ep   4 [train]:  52%|█████▏    | 76/145 [00:31<00:32,  2.10it/s, loss=0.0882]
Ep   4 [train]:  52%|█████▏    | 76/145 [00:31<00:32,  2.10it/s, loss=0.0859]
Ep   4 [train]:  53%|█████▎    | 77/145 [00:31<00:26,  2.61it/s, loss=0.0859]
Ep   4 [train]:  53%|█████▎    | 77/145 [00:31<00:26,  2.61it/s, loss=0.0795]
Ep   4 [train]:  54%|█████▍    | 78/145 [00:31<00:32,  2.06it/s, loss=0.0795]
Ep   4 [train]:  54%|█████▍    | 78/145 [00:32<00:32,  2.06it/s, loss=0.0946]
Ep   4 [train]:  54%|█████▍    | 79/145 [00:32<00:25,  2.58it/s, loss=0.0946]
Ep   4 [train]:  54%|█████▍    | 79/145 [00:32<00:25,  2.58it/s, loss=0.0905]
Ep   4 [train]:  55%|█████▌    | 80/145 [00:32<00:31,  2.07it/s, loss=0.0905]
Ep   4 [train]:  55%|█████▌    | 80/145 [00:32<00:31,  2.07it/s, loss=0.0837]
Ep   4 [train]:  56%|█████▌    | 81/145 [00:32<00:24,  2.60it/s, loss=0.0837]
Ep   4 [train]:  56%|█████▌    | 81/145 [00:33<00:24,  2.60it/s, loss=0.0862]
Ep   4 [train]:  57%|█████▋    | 82/145 [00:33<00:31,  1.98it/s, loss=0.0862]
Ep   4 [train]:  57%|█████▋    | 82/145 [00:33<00:31,  1.98it/s, loss=0.0971]
Ep   4 [train]:  57%|█████▋    | 83/145 [00:33<00:24,  2.52it/s, loss=0.0971]
Ep   4 [train]:  57%|█████▋    | 83/145 [00:34<00:24,  2.52it/s, loss=0.0918]
Ep   4 [train]:  58%|█████▊    | 84/145 [00:34<00:29,  2.08it/s, loss=0.0918]
Ep   4 [train]:  58%|█████▊    | 84/145 [00:34<00:29,  2.08it/s, loss=0.0842]
Ep   4 [train]:  59%|█████▊    | 85/145 [00:34<00:22,  2.69it/s, loss=0.0842]
Ep   4 [train]:  59%|█████▊    | 85/145 [00:35<00:22,  2.69it/s, loss=0.0917]
Ep   4 [train]:  59%|█████▉    | 86/145 [00:35<00:26,  2.19it/s, loss=0.0917]
Ep   4 [train]:  59%|█████▉    | 86/145 [00:35<00:26,  2.19it/s, loss=0.0950]
Ep   4 [train]:  60%|██████    | 87/145 [00:35<00:20,  2.78it/s, loss=0.0950]
Ep   4 [train]:  60%|██████    | 87/145 [00:36<00:20,  2.78it/s, loss=0.0800]
Ep   4 [train]:  61%|██████    | 88/145 [00:36<00:26,  2.16it/s, loss=0.0800]
Ep   4 [train]:  61%|██████    | 88/145 [00:36<00:26,  2.16it/s, loss=0.0863]
Ep   4 [train]:  61%|██████▏   | 89/145 [00:36<00:20,  2.70it/s, loss=0.0863]
Ep   4 [train]:  61%|██████▏   | 89/145 [00:36<00:20,  2.70it/s, loss=0.1046]
Ep   4 [train]:  62%|██████▏   | 90/145 [00:36<00:25,  2.18it/s, loss=0.1046]
Ep   4 [train]:  62%|██████▏   | 90/145 [00:37<00:25,  2.18it/s, loss=0.0817]
Ep   4 [train]:  63%|██████▎   | 91/145 [00:37<00:19,  2.74it/s, loss=0.0817]
Ep   4 [train]:  63%|██████▎   | 91/145 [00:37<00:19,  2.74it/s, loss=0.0803]
Ep   4 [train]:  63%|██████▎   | 92/145 [00:37<00:25,  2.08it/s, loss=0.0803]
Ep   4 [train]:  63%|██████▎   | 92/145 [00:38<00:25,  2.08it/s, loss=0.0778]
Ep   4 [train]:  64%|██████▍   | 93/145 [00:38<00:20,  2.57it/s, loss=0.0778]
Ep   4 [train]:  64%|██████▍   | 93/145 [00:38<00:20,  2.57it/s, loss=0.0878]
Ep   4 [train]:  65%|██████▍   | 94/145 [00:38<00:25,  2.00it/s, loss=0.0878]
Ep   4 [train]:  65%|██████▍   | 94/145 [00:38<00:25,  2.00it/s, loss=0.0903]
Ep   4 [train]:  66%|██████▌   | 95/145 [00:38<00:19,  2.54it/s, loss=0.0903]
Ep   4 [train]:  66%|██████▌   | 95/145 [00:39<00:19,  2.54it/s, loss=0.0811]
Ep   4 [train]:  66%|██████▌   | 96/145 [00:39<00:23,  2.10it/s, loss=0.0811]
Ep   4 [train]:  66%|██████▌   | 96/145 [00:39<00:23,  2.10it/s, loss=0.0868]
Ep   4 [train]:  67%|██████▋   | 97/145 [00:39<00:18,  2.66it/s, loss=0.0868]
Ep   4 [train]:  67%|██████▋   | 97/145 [00:40<00:18,  2.66it/s, loss=0.0862]
Ep   4 [train]:  68%|██████▊   | 98/145 [00:40<00:21,  2.16it/s, loss=0.0862]
Ep   4 [train]:  68%|██████▊   | 98/145 [00:40<00:21,  2.16it/s, loss=0.0829]
Ep   4 [train]:  68%|██████▊   | 99/145 [00:40<00:16,  2.76it/s, loss=0.0829]
Ep   4 [train]:  68%|██████▊   | 99/145 [00:41<00:16,  2.76it/s, loss=0.0823]
Ep   4 [train]:  69%|██████▉   | 100/145 [00:41<00:21,  2.12it/s, loss=0.0823]
Ep   4 [train]:  69%|██████▉   | 100/145 [00:41<00:21,  2.12it/s, loss=0.0894]
Ep   4 [train]:  70%|██████▉   | 101/145 [00:41<00:16,  2.66it/s, loss=0.0894]
Ep   4 [train]:  70%|██████▉   | 101/145 [00:42<00:16,  2.66it/s, loss=0.0786]
Ep   4 [train]:  70%|███████   | 102/145 [00:42<00:20,  2.11it/s, loss=0.0786]
Ep   4 [train]:  70%|███████   | 102/145 [00:42<00:20,  2.11it/s, loss=0.0983]
Ep   4 [train]:  71%|███████   | 103/145 [00:42<00:15,  2.64it/s, loss=0.0983]
Ep   4 [train]:  71%|███████   | 103/145 [00:43<00:15,  2.64it/s, loss=0.0789]
Ep   4 [train]:  72%|███████▏  | 104/145 [00:43<00:19,  2.08it/s, loss=0.0789]
Ep   4 [train]:  72%|███████▏  | 104/145 [00:43<00:19,  2.08it/s, loss=0.0829]
Ep   4 [train]:  72%|███████▏  | 105/145 [00:43<00:15,  2.67it/s, loss=0.0829]
Ep   4 [train]:  72%|███████▏  | 105/145 [00:43<00:15,  2.67it/s, loss=0.0822]
Ep   4 [train]:  73%|███████▎  | 106/145 [00:43<00:19,  1.99it/s, loss=0.0822]
Ep   4 [train]:  73%|███████▎  | 106/145 [00:44<00:19,  1.99it/s, loss=0.0815]
Ep   4 [train]:  74%|███████▍  | 107/145 [00:44<00:15,  2.52it/s, loss=0.0815]
Ep   4 [train]:  74%|███████▍  | 107/145 [00:44<00:15,  2.52it/s, loss=0.0905]
Ep   4 [train]:  74%|███████▍  | 108/145 [00:44<00:18,  2.03it/s, loss=0.0905]
Ep   4 [train]:  74%|███████▍  | 108/145 [00:44<00:18,  2.03it/s, loss=0.0953]
Ep   4 [train]:  75%|███████▌  | 109/145 [00:44<00:13,  2.58it/s, loss=0.0953]
Ep   4 [train]:  75%|███████▌  | 109/145 [00:45<00:13,  2.58it/s, loss=0.0892]
Ep   4 [train]:  76%|███████▌  | 110/145 [00:45<00:17,  2.04it/s, loss=0.0892]
Ep   4 [train]:  76%|███████▌  | 110/145 [00:45<00:17,  2.04it/s, loss=0.0910]
Ep   4 [train]:  77%|███████▋  | 111/145 [00:45<00:13,  2.54it/s, loss=0.0910]
Ep   4 [train]:  77%|███████▋  | 111/145 [00:46<00:13,  2.54it/s, loss=0.0845]
Ep   4 [train]:  77%|███████▋  | 112/145 [00:46<00:16,  2.04it/s, loss=0.0845]
Ep   4 [train]:  77%|███████▋  | 112/145 [00:46<00:16,  2.04it/s, loss=0.0936]
Ep   4 [train]:  78%|███████▊  | 113/145 [00:46<00:12,  2.54it/s, loss=0.0936]
Ep   4 [train]:  78%|███████▊  | 113/145 [00:47<00:12,  2.54it/s, loss=0.0957]
Ep   4 [train]:  79%|███████▊  | 114/145 [00:47<00:14,  2.11it/s, loss=0.0957]
Ep   4 [train]:  79%|███████▊  | 114/145 [00:47<00:14,  2.11it/s, loss=0.0986]
Ep   4 [train]:  79%|███████▉  | 115/145 [00:47<00:11,  2.61it/s, loss=0.0986]
Ep   4 [train]:  79%|███████▉  | 115/145 [00:48<00:11,  2.61it/s, loss=0.0864]
Ep   4 [train]:  80%|████████  | 116/145 [00:48<00:14,  2.07it/s, loss=0.0864]
Ep   4 [train]:  80%|████████  | 116/145 [00:48<00:14,  2.07it/s, loss=0.0919]
Ep   4 [train]:  81%|████████  | 117/145 [00:48<00:10,  2.62it/s, loss=0.0919]
Ep   4 [train]:  81%|████████  | 117/145 [00:49<00:10,  2.62it/s, loss=0.0834]
Ep   4 [train]:  81%|████████▏ | 118/145 [00:49<00:12,  2.09it/s, loss=0.0834]
Ep   4 [train]:  81%|████████▏ | 118/145 [00:49<00:12,  2.09it/s, loss=0.1001]
Ep   4 [train]:  82%|████████▏ | 119/145 [00:49<00:09,  2.64it/s, loss=0.1001]
Ep   4 [train]:  82%|████████▏ | 119/145 [00:50<00:09,  2.64it/s, loss=0.0867]
Ep   4 [train]:  83%|████████▎ | 120/145 [00:50<00:12,  2.06it/s, loss=0.0867]
Ep   4 [train]:  83%|████████▎ | 120/145 [00:50<00:12,  2.06it/s, loss=0.0948]
Ep   4 [train]:  83%|████████▎ | 121/145 [00:50<00:09,  2.60it/s, loss=0.0948]
Ep   4 [train]:  83%|████████▎ | 121/145 [00:50<00:09,  2.60it/s, loss=0.0850]
Ep   4 [train]:  84%|████████▍ | 122/145 [00:50<00:10,  2.09it/s, loss=0.0850]
Ep   4 [train]:  84%|████████▍ | 122/145 [00:51<00:10,  2.09it/s, loss=0.0941]
Ep   4 [train]:  85%|████████▍ | 123/145 [00:51<00:08,  2.62it/s, loss=0.0941]
Ep   4 [train]:  85%|████████▍ | 123/145 [00:51<00:08,  2.62it/s, loss=0.0858]
Ep   4 [train]:  86%|████████▌ | 124/145 [00:51<00:10,  2.10it/s, loss=0.0858]
Ep   4 [train]:  86%|████████▌ | 124/145 [00:51<00:10,  2.10it/s, loss=0.0994]
Ep   4 [train]:  86%|████████▌ | 125/145 [00:51<00:07,  2.60it/s, loss=0.0994]
Ep   4 [train]:  86%|████████▌ | 125/145 [00:52<00:07,  2.60it/s, loss=0.0934]
Ep   4 [train]:  87%|████████▋ | 126/145 [00:52<00:09,  2.11it/s, loss=0.0934]
Ep   4 [train]:  87%|████████▋ | 126/145 [00:52<00:09,  2.11it/s, loss=0.0844]
Ep   4 [train]:  88%|████████▊ | 127/145 [00:52<00:07,  2.54it/s, loss=0.0844]
Ep   4 [train]:  88%|████████▊ | 127/145 [00:53<00:07,  2.54it/s, loss=0.0848]
Ep   4 [train]:  88%|████████▊ | 128/145 [00:53<00:08,  2.12it/s, loss=0.0848]
Ep   4 [train]:  88%|████████▊ | 128/145 [00:53<00:08,  2.12it/s, loss=0.0845]
Ep   4 [train]:  89%|████████▉ | 129/145 [00:53<00:06,  2.52it/s, loss=0.0845]
Ep   4 [train]:  89%|████████▉ | 129/145 [00:54<00:06,  2.52it/s, loss=0.0861]
Ep   4 [train]:  90%|████████▉ | 130/145 [00:54<00:07,  2.14it/s, loss=0.0861]
Ep   4 [train]:  90%|████████▉ | 130/145 [00:54<00:07,  2.14it/s, loss=0.0956]
Ep   4 [train]:  90%|█████████ | 131/145 [00:54<00:05,  2.71it/s, loss=0.0956]
Ep   4 [train]:  90%|█████████ | 131/145 [00:55<00:05,  2.71it/s, loss=0.0960]
Ep   4 [train]:  91%|█████████ | 132/145 [00:55<00:06,  2.09it/s, loss=0.0960]
Ep   4 [train]:  91%|█████████ | 132/145 [00:55<00:06,  2.09it/s, loss=0.0798]
Ep   4 [train]:  92%|█████████▏| 133/145 [00:55<00:04,  2.61it/s, loss=0.0798]
Ep   4 [train]:  92%|█████████▏| 133/145 [00:56<00:04,  2.61it/s, loss=0.0856]
Ep   4 [train]:  92%|█████████▏| 134/145 [00:56<00:05,  1.98it/s, loss=0.0856]
Ep   4 [train]:  92%|█████████▏| 134/145 [00:56<00:05,  1.98it/s, loss=0.0984]
Ep   4 [train]:  93%|█████████▎| 135/145 [00:56<00:03,  2.53it/s, loss=0.0984]
Ep   4 [train]:  93%|█████████▎| 135/145 [00:57<00:03,  2.53it/s, loss=0.0850]
Ep   4 [train]:  94%|█████████▍| 136/145 [00:57<00:04,  1.98it/s, loss=0.0850]
Ep   4 [train]:  94%|█████████▍| 136/145 [00:57<00:04,  1.98it/s, loss=0.0885]
Ep   4 [train]:  94%|█████████▍| 137/145 [00:57<00:03,  2.39it/s, loss=0.0885]
Ep   4 [train]:  94%|█████████▍| 137/145 [00:57<00:03,  2.39it/s, loss=0.0797]
Ep   4 [train]:  95%|█████████▌| 138/145 [00:57<00:03,  2.01it/s, loss=0.0797]
Ep   4 [train]:  95%|█████████▌| 138/145 [00:58<00:03,  2.01it/s, loss=0.0960]
Ep   4 [train]:  96%|█████████▌| 139/145 [00:58<00:02,  2.53it/s, loss=0.0960]
Ep   4 [train]:  96%|█████████▌| 139/145 [00:58<00:02,  2.53it/s, loss=0.0934]
Ep   4 [train]:  97%|█████████▋| 140/145 [00:58<00:02,  2.00it/s, loss=0.0934]
Ep   4 [train]:  97%|█████████▋| 140/145 [00:58<00:02,  2.00it/s, loss=0.0887]
Ep   4 [train]:  97%|█████████▋| 141/145 [00:58<00:01,  2.55it/s, loss=0.0887]
Ep   4 [train]:  97%|█████████▋| 141/145 [00:59<00:01,  2.55it/s, loss=0.0806]
Ep   4 [train]:  98%|█████████▊| 142/145 [00:59<00:01,  2.12it/s, loss=0.0806]
Ep   4 [train]:  98%|█████████▊| 142/145 [00:59<00:01,  2.12it/s, loss=0.0914]
Ep   4 [train]:  99%|█████████▊| 143/145 [00:59<00:00,  2.61it/s, loss=0.0914]
Ep   4 [train]:  99%|█████████▊| 143/145 [01:00<00:00,  2.61it/s, loss=0.0889]
Ep   4 [train]:  99%|█████████▉| 144/145 [01:00<00:00,  2.17it/s, loss=0.0889]
Ep   4 [train]:  99%|█████████▉| 144/145 [01:00<00:00,  2.17it/s, loss=0.0942]
Ep   4 [train]: 100%|██████████| 145/145 [01:00<00:00,  2.77it/s, loss=0.0942]
                                                                              
  Ep   4 [train]  loss=0.0886  rmse_c=0.2421  mae_c=0.2177  r2_c=-0.009  rmse_h=0.3465  mae_h=0.2613  r2_h=0.314  sup=0.321

Ep   4 [val  ]:   0%|          | 0/39 [00:00<?, ?it/s]
Ep   4 [val  ]:   0%|          | 0/39 [00:01<?, ?it/s, loss=0.1064]
Ep   4 [val  ]:   3%|▎         | 1/39 [00:01<00:40,  1.08s/it, loss=0.1064]
Ep   4 [val  ]:   3%|▎         | 1/39 [00:01<00:40,  1.08s/it, loss=0.1012]
Ep   4 [val  ]:   5%|▌         | 2/39 [00:01<00:18,  1.96it/s, loss=0.1012]
Ep   4 [val  ]:   5%|▌         | 2/39 [00:02<00:18,  1.96it/s, loss=0.0867]
Ep   4 [val  ]:   8%|▊         | 3/39 [00:02<00:23,  1.51it/s, loss=0.0867]
Ep   4 [val  ]:   8%|▊         | 3/39 [00:02<00:23,  1.51it/s, loss=0.0778]
Ep   4 [val  ]:  10%|█         | 4/39 [00:02<00:15,  2.19it/s, loss=0.0778]
Ep   4 [val  ]:  10%|█         | 4/39 [00:02<00:15,  2.19it/s, loss=0.0850]
Ep   4 [val  ]:  13%|█▎        | 5/39 [00:02<00:19,  1.73it/s, loss=0.0850]
Ep   4 [val  ]:  13%|█▎        | 5/39 [00:03<00:19,  1.73it/s, loss=0.0966]
Ep   4 [val  ]:  15%|█▌        | 6/39 [00:03<00:14,  2.24it/s, loss=0.0966]
Ep   4 [val  ]:  15%|█▌        | 6/39 [00:03<00:14,  2.24it/s, loss=0.0855]
Ep   4 [val  ]:  18%|█▊        | 7/39 [00:03<00:17,  1.87it/s, loss=0.0855]
Ep   4 [val  ]:  18%|█▊        | 7/39 [00:04<00:17,  1.87it/s, loss=0.0801]
Ep   4 [val  ]:  21%|██        | 8/39 [00:04<00:14,  2.08it/s, loss=0.0801]
Ep   4 [val  ]:  21%|██        | 8/39 [00:04<00:14,  2.08it/s, loss=0.0853]
Ep   4 [val  ]:  23%|██▎       | 9/39 [00:04<00:15,  1.98it/s, loss=0.0853]
Ep   4 [val  ]:  23%|██▎       | 9/39 [00:05<00:15,  1.98it/s, loss=0.0791]
Ep   4 [val  ]:  26%|██▌       | 10/39 [00:05<00:13,  2.13it/s, loss=0.0791]
Ep   4 [val  ]:  26%|██▌       | 10/39 [00:05<00:13,  2.13it/s, loss=0.0829]
Ep   4 [val  ]:  28%|██▊       | 11/39 [00:05<00:13,  2.12it/s, loss=0.0829]
Ep   4 [val  ]:  28%|██▊       | 11/39 [00:06<00:13,  2.12it/s, loss=0.0809]
Ep   4 [val  ]:  31%|███       | 12/39 [00:06<00:12,  2.10it/s, loss=0.0809]
Ep   4 [val  ]:  31%|███       | 12/39 [00:06<00:12,  2.10it/s, loss=0.0818]
Ep   4 [val  ]:  33%|███▎      | 13/39 [00:06<00:12,  2.12it/s, loss=0.0818]
Ep   4 [val  ]:  33%|███▎      | 13/39 [00:07<00:12,  2.12it/s, loss=0.0885]
Ep   4 [val  ]:  36%|███▌      | 14/39 [00:07<00:11,  2.09it/s, loss=0.0885]
Ep   4 [val  ]:  36%|███▌      | 14/39 [00:07<00:11,  2.09it/s, loss=0.1038]
Ep   4 [val  ]:  38%|███▊      | 15/39 [00:07<00:10,  2.21it/s, loss=0.1038]
Ep   4 [val  ]:  38%|███▊      | 15/39 [00:08<00:10,  2.21it/s, loss=0.1031]
Ep   4 [val  ]:  41%|████      | 16/39 [00:08<00:11,  2.06it/s, loss=0.1031]
Ep   4 [val  ]:  41%|████      | 16/39 [00:08<00:11,  2.06it/s, loss=0.1033]
Ep   4 [val  ]:  44%|████▎     | 17/39 [00:08<00:09,  2.30it/s, loss=0.1033]
Ep   4 [val  ]:  44%|████▎     | 17/39 [00:08<00:09,  2.30it/s, loss=0.0972]
Ep   4 [val  ]:  46%|████▌     | 18/39 [00:08<00:09,  2.13it/s, loss=0.0972]
Ep   4 [val  ]:  46%|████▌     | 18/39 [00:09<00:09,  2.13it/s, loss=0.0875]
Ep   4 [val  ]:  49%|████▊     | 19/39 [00:09<00:08,  2.28it/s, loss=0.0875]
Ep   4 [val  ]:  49%|████▊     | 19/39 [00:09<00:08,  2.28it/s, loss=0.0712]
Ep   4 [val  ]:  51%|█████▏    | 20/39 [00:09<00:09,  2.02it/s, loss=0.0712]
Ep   4 [val  ]:  51%|█████▏    | 20/39 [00:10<00:09,  2.02it/s, loss=0.0641]
Ep   4 [val  ]:  54%|█████▍    | 21/39 [00:10<00:08,  2.20it/s, loss=0.0641]
Ep   4 [val  ]:  54%|█████▍    | 21/39 [00:10<00:08,  2.20it/s, loss=0.0720]
Ep   4 [val  ]:  56%|█████▋    | 22/39 [00:10<00:08,  1.98it/s, loss=0.0720]
Ep   4 [val  ]:  56%|█████▋    | 22/39 [00:11<00:08,  1.98it/s, loss=0.0661]
Ep   4 [val  ]:  59%|█████▉    | 23/39 [00:11<00:07,  2.15it/s, loss=0.0661]
Ep   4 [val  ]:  59%|█████▉    | 23/39 [00:11<00:07,  2.15it/s, loss=0.0707]
Ep   4 [val  ]:  62%|██████▏   | 24/39 [00:11<00:07,  2.11it/s, loss=0.0707]
Ep   4 [val  ]:  62%|██████▏   | 24/39 [00:12<00:07,  2.11it/s, loss=0.0696]
Ep   4 [val  ]:  64%|██████▍   | 25/39 [00:12<00:06,  2.23it/s, loss=0.0696]
Ep   4 [val  ]:  64%|██████▍   | 25/39 [00:12<00:06,  2.23it/s, loss=0.0786]
Ep   4 [val  ]:  67%|██████▋   | 26/39 [00:12<00:05,  2.43it/s, loss=0.0786]
Ep   4 [val  ]:  67%|██████▋   | 26/39 [00:13<00:05,  2.43it/s, loss=0.0868]
Ep   4 [val  ]:  69%|██████▉   | 27/39 [00:13<00:05,  2.14it/s, loss=0.0868]
Ep   4 [val  ]:  69%|██████▉   | 27/39 [00:13<00:05,  2.14it/s, loss=0.1290]
Ep   4 [val  ]:  72%|███████▏  | 28/39 [00:13<00:04,  2.67it/s, loss=0.1290]
Ep   4 [val  ]:  72%|███████▏  | 28/39 [00:13<00:04,  2.67it/s, loss=0.0990]
Ep   4 [val  ]:  74%|███████▍  | 29/39 [00:13<00:04,  2.15it/s, loss=0.0990]
Ep   4 [val  ]:  74%|███████▍  | 29/39 [00:14<00:04,  2.15it/s, loss=0.0923]
Ep   4 [val  ]:  74%|███████▍  | 29/39 [00:14<00:04,  2.15it/s, loss=0.0776]
Ep   4 [val  ]:  79%|███████▉  | 31/39 [00:14<00:03,  2.28it/s, loss=0.0776]
Ep   4 [val  ]:  79%|███████▉  | 31/39 [00:14<00:03,  2.28it/s, loss=0.0784]
Ep   4 [val  ]:  79%|███████▉  | 31/39 [00:15<00:03,  2.28it/s, loss=0.0835]
Ep   4 [val  ]:  85%|████████▍ | 33/39 [00:15<00:02,  2.26it/s, loss=0.0835]
Ep   4 [val  ]:  85%|████████▍ | 33/39 [00:15<00:02,  2.26it/s, loss=0.0781]
Ep   4 [val  ]:  85%|████████▍ | 33/39 [00:16<00:02,  2.26it/s, loss=0.0790]
Ep   4 [val  ]:  90%|████████▉ | 35/39 [00:16<00:01,  2.22it/s, loss=0.0790]
Ep   4 [val  ]:  90%|████████▉ | 35/39 [00:16<00:01,  2.22it/s, loss=0.0778]
Ep   4 [val  ]:  90%|████████▉ | 35/39 [00:17<00:01,  2.22it/s, loss=0.0787]
Ep   4 [val  ]:  95%|█████████▍| 37/39 [00:17<00:00,  2.24it/s, loss=0.0787]
Ep   4 [val  ]:  95%|█████████▍| 37/39 [00:17<00:00,  2.24it/s, loss=0.0737]
Ep   4 [val  ]:  95%|█████████▍| 37/39 [00:17<00:00,  2.24it/s, loss=0.0879]
                                                                            
  Ep   4 [val  ]  loss=0.0853  rmse_c=0.2465  mae_c=0.2213  r2_c=0.002  rmse_h=0.3296  mae_h=0.2473  r2_h=0.323  sup=0.308
  [new best] combined_val_rmse=0.2880

Ep   5 [train]:   0%|          | 0/145 [00:00<?, ?it/s]
Ep   5 [train]:   0%|          | 0/145 [00:01<?, ?it/s, loss=0.0840]
Ep   5 [train]:   1%|          | 1/145 [00:01<02:24,  1.00s/it, loss=0.0840]
Ep   5 [train]:   1%|          | 1/145 [00:01<02:24,  1.00s/it, loss=0.0833]
Ep   5 [train]:   1%|▏         | 2/145 [00:01<01:12,  1.98it/s, loss=0.0833]
Ep   5 [train]:   1%|▏         | 2/145 [00:01<01:12,  1.98it/s, loss=0.0846]
Ep   5 [train]:   2%|▏         | 3/145 [00:01<01:15,  1.89it/s, loss=0.0846]
Ep   5 [train]:   2%|▏         | 3/145 [00:01<01:15,  1.89it/s, loss=0.0879]
Ep   5 [train]:   3%|▎         | 4/145 [00:01<00:52,  2.71it/s, loss=0.0879]
Ep   5 [train]:   3%|▎         | 4/145 [00:02<00:52,  2.71it/s, loss=0.0930]
Ep   5 [train]:   3%|▎         | 5/145 [00:02<01:09,  2.01it/s, loss=0.0930]
Ep   5 [train]:   3%|▎         | 5/145 [00:02<01:09,  2.01it/s, loss=0.0789]
Ep   5 [train]:   4%|▍         | 6/145 [00:02<00:52,  2.66it/s, loss=0.0789]
Ep   5 [train]:   4%|▍         | 6/145 [00:03<00:52,  2.66it/s, loss=0.0845]
Ep   5 [train]:   5%|▍         | 7/145 [00:03<01:00,  2.28it/s, loss=0.0845]
Ep   5 [train]:   5%|▍         | 7/145 [00:03<01:00,  2.28it/s, loss=0.0796]
Ep   5 [train]:   6%|▌         | 8/145 [00:03<00:46,  2.94it/s, loss=0.0796]
Ep   5 [train]:   6%|▌         | 8/145 [00:03<00:46,  2.94it/s, loss=0.0861]
Ep   5 [train]:   6%|▌         | 9/145 [00:03<00:57,  2.38it/s, loss=0.0861]
Ep   5 [train]:   6%|▌         | 9/145 [00:04<00:57,  2.38it/s, loss=0.0822]
Ep   5 [train]:   7%|▋         | 10/145 [00:04<00:45,  2.99it/s, loss=0.0822]
Ep   5 [train]:   7%|▋         | 10/145 [00:04<00:45,  2.99it/s, loss=0.0897]
Ep   5 [train]:   8%|▊         | 11/145 [00:04<00:55,  2.43it/s, loss=0.0897]
Ep   5 [train]:   8%|▊         | 11/145 [00:04<00:55,  2.43it/s, loss=0.0872]
Ep   5 [train]:   8%|▊         | 12/145 [00:04<00:43,  3.09it/s, loss=0.0872]
Ep   5 [train]:   8%|▊         | 12/145 [00:05<00:43,  3.09it/s, loss=0.0801]
Ep   5 [train]:   9%|▉         | 13/145 [00:05<00:53,  2.46it/s, loss=0.0801]
Ep   5 [train]:   9%|▉         | 13/145 [00:05<00:53,  2.46it/s, loss=0.0933]
Ep   5 [train]:  10%|▉         | 14/145 [00:05<00:46,  2.83it/s, loss=0.0933]
Ep   5 [train]:  10%|▉         | 14/145 [00:06<00:46,  2.83it/s, loss=0.0800]
Ep   5 [train]:  10%|█         | 15/145 [00:06<00:50,  2.57it/s, loss=0.0800]
Ep   5 [train]:  10%|█         | 15/145 [00:06<00:50,  2.57it/s, loss=0.0809]
Ep   5 [train]:  11%|█         | 16/145 [00:06<00:51,  2.51it/s, loss=0.0809]
Ep   5 [train]:  11%|█         | 16/145 [00:06<00:51,  2.51it/s, loss=0.0864]
Ep   5 [train]:  12%|█▏        | 17/145 [00:06<00:48,  2.66it/s, loss=0.0864]
Ep   5 [train]:  12%|█▏        | 17/145 [00:07<00:48,  2.66it/s, loss=0.0855]
Ep   5 [train]:  12%|█▏        | 18/145 [00:07<00:55,  2.29it/s, loss=0.0855]
Ep   5 [train]:  12%|█▏        | 18/145 [00:07<00:55,  2.29it/s, loss=0.0768]
Ep   5 [train]:  13%|█▎        | 19/145 [00:07<00:44,  2.85it/s, loss=0.0768]
Ep   5 [train]:  13%|█▎        | 19/145 [00:08<00:44,  2.85it/s, loss=0.0842]
Ep   5 [train]:  14%|█▍        | 20/145 [00:08<00:56,  2.20it/s, loss=0.0842]
Ep   5 [train]:  14%|█▍        | 20/145 [00:08<00:56,  2.20it/s, loss=0.0869]
Ep   5 [train]:  14%|█▍        | 21/145 [00:08<00:44,  2.78it/s, loss=0.0869]
Ep   5 [train]:  14%|█▍        | 21/145 [00:09<00:44,  2.78it/s, loss=0.0989]
Ep   5 [train]:  15%|█▌        | 22/145 [00:09<00:58,  2.10it/s, loss=0.0989]
Ep   5 [train]:  15%|█▌        | 22/145 [00:09<00:58,  2.10it/s, loss=0.0778]
Ep   5 [train]:  16%|█▌        | 23/145 [00:09<00:45,  2.69it/s, loss=0.0778]
Ep   5 [train]:  16%|█▌        | 23/145 [00:10<00:45,  2.69it/s, loss=0.0811]
Ep   5 [train]:  17%|█▋        | 24/145 [00:10<00:57,  2.12it/s, loss=0.0811]
Ep   5 [train]:  17%|█▋        | 24/145 [00:10<00:57,  2.12it/s, loss=0.0908]
Ep   5 [train]:  17%|█▋        | 25/145 [00:10<00:44,  2.71it/s, loss=0.0908]
Ep   5 [train]:  17%|█▋        | 25/145 [00:10<00:44,  2.71it/s, loss=0.0822]
Ep   5 [train]:  18%|█▊        | 26/145 [00:10<00:54,  2.20it/s, loss=0.0822]
Ep   5 [train]:  18%|█▊        | 26/145 [00:10<00:54,  2.20it/s, loss=0.0819]
Ep   5 [train]:  19%|█▊        | 27/145 [00:10<00:42,  2.81it/s, loss=0.0819]
Ep   5 [train]:  19%|█▊        | 27/145 [00:11<00:42,  2.81it/s, loss=0.0790]
Ep   5 [train]:  19%|█▉        | 28/145 [00:11<00:50,  2.32it/s, loss=0.0790]
Ep   5 [train]:  19%|█▉        | 28/145 [00:11<00:50,  2.32it/s, loss=0.0831]
Ep   5 [train]:  20%|██        | 29/145 [00:11<00:39,  2.96it/s, loss=0.0831]
Ep   5 [train]:  20%|██        | 29/145 [00:12<00:39,  2.96it/s, loss=0.0851]
Ep   5 [train]:  21%|██        | 30/145 [00:12<00:48,  2.36it/s, loss=0.0851]
Ep   5 [train]:  21%|██        | 30/145 [00:12<00:48,  2.36it/s, loss=0.0813]
Ep   5 [train]:  21%|██▏       | 31/145 [00:12<00:38,  2.93it/s, loss=0.0813]
Ep   5 [train]:  21%|██▏       | 31/145 [00:13<00:38,  2.93it/s, loss=0.0886]
Ep   5 [train]:  22%|██▏       | 32/145 [00:13<00:46,  2.43it/s, loss=0.0886]
Ep   5 [train]:  22%|██▏       | 32/145 [00:13<00:46,  2.43it/s, loss=0.0900]
Ep   5 [train]:  23%|██▎       | 33/145 [00:13<00:36,  3.06it/s, loss=0.0900]
Ep   5 [train]:  23%|██▎       | 33/145 [00:13<00:36,  3.06it/s, loss=0.0729]
Ep   5 [train]:  23%|██▎       | 34/145 [00:13<00:44,  2.50it/s, loss=0.0729]
Ep   5 [train]:  23%|██▎       | 34/145 [00:13<00:44,  2.50it/s, loss=0.1133]
Ep   5 [train]:  24%|██▍       | 35/145 [00:13<00:35,  3.11it/s, loss=0.1133]
Ep   5 [train]:  24%|██▍       | 35/145 [00:14<00:35,  3.11it/s, loss=0.0852]
Ep   5 [train]:  25%|██▍       | 36/145 [00:14<00:43,  2.51it/s, loss=0.0852]
Ep   5 [train]:  25%|██▍       | 36/145 [00:14<00:43,  2.51it/s, loss=0.0828]
Ep   5 [train]:  26%|██▌       | 37/145 [00:14<00:35,  3.08it/s, loss=0.0828]
Ep   5 [train]:  26%|██▌       | 37/145 [00:15<00:35,  3.08it/s, loss=0.0808]
Ep   5 [train]:  26%|██▌       | 38/145 [00:15<00:45,  2.37it/s, loss=0.0808]
Ep   5 [train]:  26%|██▌       | 38/145 [00:15<00:45,  2.37it/s, loss=0.0869]
Ep   5 [train]:  27%|██▋       | 39/145 [00:15<00:37,  2.79it/s, loss=0.0869]
Ep   5 [train]:  27%|██▋       | 39/145 [00:16<00:37,  2.79it/s, loss=0.0880]
Ep   5 [train]:  28%|██▊       | 40/145 [00:16<00:47,  2.22it/s, loss=0.0880]
Ep   5 [train]:  28%|██▊       | 40/145 [00:16<00:47,  2.22it/s, loss=0.0830]
Ep   5 [train]:  28%|██▊       | 41/145 [00:16<00:37,  2.76it/s, loss=0.0830]
Ep   5 [train]:  28%|██▊       | 41/145 [00:16<00:37,  2.76it/s, loss=0.0891]
Ep   5 [train]:  29%|██▉       | 42/145 [00:16<00:46,  2.20it/s, loss=0.0891]
Ep   5 [train]:  29%|██▉       | 42/145 [00:17<00:46,  2.20it/s, loss=0.0780]
Ep   5 [train]:  30%|██▉       | 43/145 [00:17<00:36,  2.81it/s, loss=0.0780]
Ep   5 [train]:  30%|██▉       | 43/145 [00:17<00:36,  2.81it/s, loss=0.0928]
Ep   5 [train]:  30%|███       | 44/145 [00:17<00:47,  2.11it/s, loss=0.0928]
Ep   5 [train]:  30%|███       | 44/145 [00:17<00:47,  2.11it/s, loss=0.0759]
Ep   5 [train]:  31%|███       | 45/145 [00:17<00:36,  2.71it/s, loss=0.0759]
Ep   5 [train]:  31%|███       | 45/145 [00:18<00:36,  2.71it/s, loss=0.0790]
Ep   5 [train]:  32%|███▏      | 46/145 [00:18<00:47,  2.10it/s, loss=0.0790]
Ep   5 [train]:  32%|███▏      | 46/145 [00:18<00:47,  2.10it/s, loss=0.0833]
Ep   5 [train]:  32%|███▏      | 47/145 [00:18<00:36,  2.67it/s, loss=0.0833]
Ep   5 [train]:  32%|███▏      | 47/145 [00:19<00:36,  2.67it/s, loss=0.0826]
Ep   5 [train]:  33%|███▎      | 48/145 [00:19<00:47,  2.05it/s, loss=0.0826]
Ep   5 [train]:  33%|███▎      | 48/145 [00:19<00:47,  2.05it/s, loss=0.0870]
Ep   5 [train]:  34%|███▍      | 49/145 [00:19<00:36,  2.65it/s, loss=0.0870]
Ep   5 [train]:  34%|███▍      | 49/145 [00:20<00:36,  2.65it/s, loss=0.0885]
Ep   5 [train]:  34%|███▍      | 50/145 [00:20<00:49,  1.94it/s, loss=0.0885]
Ep   5 [train]:  34%|███▍      | 50/145 [00:20<00:49,  1.94it/s, loss=0.0769]
Ep   5 [train]:  35%|███▌      | 51/145 [00:20<00:37,  2.48it/s, loss=0.0769]
Ep   5 [train]:  35%|███▌      | 51/145 [00:21<00:37,  2.48it/s, loss=0.0790]
Ep   5 [train]:  36%|███▌      | 52/145 [00:21<00:47,  1.97it/s, loss=0.0790]
Ep   5 [train]:  36%|███▌      | 52/145 [00:21<00:47,  1.97it/s, loss=0.0804]
Ep   5 [train]:  37%|███▋      | 53/145 [00:21<00:36,  2.51it/s, loss=0.0804]
Ep   5 [train]:  37%|███▋      | 53/145 [00:22<00:36,  2.51it/s, loss=0.0935]
Ep   5 [train]:  37%|███▋      | 54/145 [00:22<00:47,  1.91it/s, loss=0.0935]
Ep   5 [train]:  37%|███▋      | 54/145 [00:22<00:47,  1.91it/s, loss=0.0834]
Ep   5 [train]:  38%|███▊      | 55/145 [00:22<00:37,  2.41it/s, loss=0.0834]
Ep   5 [train]:  38%|███▊      | 55/145 [00:23<00:37,  2.41it/s, loss=0.1005]
Ep   5 [train]:  39%|███▊      | 56/145 [00:23<00:46,  1.92it/s, loss=0.1005]
Ep   5 [train]:  39%|███▊      | 56/145 [00:23<00:46,  1.92it/s, loss=0.0877]
Ep   5 [train]:  39%|███▉      | 57/145 [00:23<00:36,  2.40it/s, loss=0.0877]
Ep   5 [train]:  39%|███▉      | 57/145 [00:24<00:36,  2.40it/s, loss=0.0872]
Ep   5 [train]:  40%|████      | 58/145 [00:24<00:45,  1.89it/s, loss=0.0872]
Ep   5 [train]:  40%|████      | 58/145 [00:24<00:45,  1.89it/s, loss=0.0859]
Ep   5 [train]:  41%|████      | 59/145 [00:24<00:35,  2.44it/s, loss=0.0859]
Ep   5 [train]:  41%|████      | 59/145 [00:25<00:35,  2.44it/s, loss=0.0941]
Ep   5 [train]:  41%|████▏     | 60/145 [00:25<00:43,  1.95it/s, loss=0.0941]
Ep   5 [train]:  41%|████▏     | 60/145 [00:25<00:43,  1.95it/s, loss=0.0809]
Ep   5 [train]:  42%|████▏     | 61/145 [00:25<00:34,  2.41it/s, loss=0.0809]
Ep   5 [train]:  42%|████▏     | 61/145 [00:25<00:34,  2.41it/s, loss=0.0809]
Ep   5 [train]:  43%|████▎     | 62/145 [00:25<00:40,  2.04it/s, loss=0.0809]
Ep   5 [train]:  43%|████▎     | 62/145 [00:26<00:40,  2.04it/s, loss=0.0845]
Ep   5 [train]:  43%|████▎     | 63/145 [00:26<00:31,  2.60it/s, loss=0.0845]
Ep   5 [train]:  43%|████▎     | 63/145 [00:26<00:31,  2.60it/s, loss=0.0852]
Ep   5 [train]:  44%|████▍     | 64/145 [00:26<00:40,  1.99it/s, loss=0.0852]
Ep   5 [train]:  44%|████▍     | 64/145 [00:27<00:40,  1.99it/s, loss=0.0826]
Ep   5 [train]:  45%|████▍     | 65/145 [00:27<00:31,  2.50it/s, loss=0.0826]
Ep   5 [train]:  45%|████▍     | 65/145 [00:27<00:31,  2.50it/s, loss=0.0819]
Ep   5 [train]:  46%|████▌     | 66/145 [00:27<00:37,  2.10it/s, loss=0.0819]
Ep   5 [train]:  46%|████▌     | 66/145 [00:27<00:37,  2.10it/s, loss=0.0878]
Ep   5 [train]:  46%|████▌     | 67/145 [00:27<00:29,  2.69it/s, loss=0.0878]
Ep   5 [train]:  46%|████▌     | 67/145 [00:28<00:29,  2.69it/s, loss=0.0833]
Ep   5 [train]:  47%|████▋     | 68/145 [00:28<00:35,  2.14it/s, loss=0.0833]
Ep   5 [train]:  47%|████▋     | 68/145 [00:28<00:35,  2.14it/s, loss=0.0814]
Ep   5 [train]:  48%|████▊     | 69/145 [00:28<00:28,  2.68it/s, loss=0.0814]
Ep   5 [train]:  48%|████▊     | 69/145 [00:29<00:28,  2.68it/s, loss=0.0885]
Ep   5 [train]:  48%|████▊     | 70/145 [00:29<00:36,  2.06it/s, loss=0.0885]
Ep   5 [train]:  48%|████▊     | 70/145 [00:29<00:36,  2.06it/s, loss=0.0827]
Ep   5 [train]:  49%|████▉     | 71/145 [00:29<00:28,  2.59it/s, loss=0.0827]
Ep   5 [train]:  49%|████▉     | 71/145 [00:30<00:28,  2.59it/s, loss=0.0784]
Ep   5 [train]:  50%|████▉     | 72/145 [00:30<00:36,  2.02it/s, loss=0.0784]
Ep   5 [train]:  50%|████▉     | 72/145 [00:30<00:36,  2.02it/s, loss=0.0844]
Ep   5 [train]:  50%|█████     | 73/145 [00:30<00:28,  2.49it/s, loss=0.0844]
Ep   5 [train]:  50%|█████     | 73/145 [00:31<00:28,  2.49it/s, loss=0.0887]
Ep   5 [train]:  51%|█████     | 74/145 [00:31<00:34,  2.08it/s, loss=0.0887]
Ep   5 [train]:  51%|█████     | 74/145 [00:31<00:34,  2.08it/s, loss=0.0830]
Ep   5 [train]:  52%|█████▏    | 75/145 [00:31<00:27,  2.56it/s, loss=0.0830]
Ep   5 [train]:  52%|█████▏    | 75/145 [00:32<00:27,  2.56it/s, loss=0.0861]
Ep   5 [train]:  52%|█████▏    | 76/145 [00:32<00:33,  2.06it/s, loss=0.0861]
Ep   5 [train]:  52%|█████▏    | 76/145 [00:32<00:33,  2.06it/s, loss=0.0809]
Ep   5 [train]:  53%|█████▎    | 77/145 [00:32<00:26,  2.57it/s, loss=0.0809]
Ep   5 [train]:  53%|█████▎    | 77/145 [00:32<00:26,  2.57it/s, loss=0.0764]
Ep   5 [train]:  54%|█████▍    | 78/145 [00:32<00:32,  2.09it/s, loss=0.0764]
Ep   5 [train]:  54%|█████▍    | 78/145 [00:33<00:32,  2.09it/s, loss=0.0770]
Ep   5 [train]:  54%|█████▍    | 79/145 [00:33<00:25,  2.62it/s, loss=0.0770]
Ep   5 [train]:  54%|█████▍    | 79/145 [00:33<00:25,  2.62it/s, loss=0.0812]
Ep   5 [train]:  55%|█████▌    | 80/145 [00:33<00:31,  2.10it/s, loss=0.0812]
Ep   5 [train]:  55%|█████▌    | 80/145 [00:33<00:31,  2.10it/s, loss=0.0847]
Ep   5 [train]:  56%|█████▌    | 81/145 [00:33<00:24,  2.61it/s, loss=0.0847]
Ep   5 [train]:  56%|█████▌    | 81/145 [00:34<00:24,  2.61it/s, loss=0.0786]
Ep   5 [train]:  57%|█████▋    | 82/145 [00:34<00:30,  2.06it/s, loss=0.0786]
Ep   5 [train]:  57%|█████▋    | 82/145 [00:34<00:30,  2.06it/s, loss=0.0846]
Ep   5 [train]:  57%|█████▋    | 83/145 [00:34<00:23,  2.62it/s, loss=0.0846]
Ep   5 [train]:  57%|█████▋    | 83/145 [00:35<00:23,  2.62it/s, loss=0.0865]
Ep   5 [train]:  58%|█████▊    | 84/145 [00:35<00:30,  2.00it/s, loss=0.0865]
Ep   5 [train]:  58%|█████▊    | 84/145 [00:35<00:30,  2.00it/s, loss=0.0903]
Ep   5 [train]:  59%|█████▊    | 85/145 [00:35<00:23,  2.51it/s, loss=0.0903]
Ep   5 [train]:  59%|█████▊    | 85/145 [00:36<00:23,  2.51it/s, loss=0.0814]
Ep   5 [train]:  59%|█████▉    | 86/145 [00:36<00:28,  2.07it/s, loss=0.0814]
Ep   5 [train]:  59%|█████▉    | 86/145 [00:36<00:28,  2.07it/s, loss=0.0945]
Ep   5 [train]:  60%|██████    | 87/145 [00:36<00:22,  2.58it/s, loss=0.0945]
Ep   5 [train]:  60%|██████    | 87/145 [00:37<00:22,  2.58it/s, loss=0.0817]
Ep   5 [train]:  61%|██████    | 88/145 [00:37<00:26,  2.13it/s, loss=0.0817]
Ep   5 [train]:  61%|██████    | 88/145 [00:37<00:26,  2.13it/s, loss=0.0750]
Ep   5 [train]:  61%|██████▏   | 89/145 [00:37<00:21,  2.60it/s, loss=0.0750]
Ep   5 [train]:  61%|██████▏   | 89/145 [00:38<00:21,  2.60it/s, loss=0.0793]
Ep   5 [train]:  62%|██████▏   | 90/145 [00:38<00:25,  2.13it/s, loss=0.0793]
Ep   5 [train]:  62%|██████▏   | 90/145 [00:38<00:25,  2.13it/s, loss=0.0890]
Ep   5 [train]:  63%|██████▎   | 91/145 [00:38<00:20,  2.68it/s, loss=0.0890]
Ep   5 [train]:  63%|██████▎   | 91/145 [00:38<00:20,  2.68it/s, loss=0.0855]
Ep   5 [train]:  63%|██████▎   | 92/145 [00:38<00:25,  2.08it/s, loss=0.0855]
Ep   5 [train]:  63%|██████▎   | 92/145 [00:39<00:25,  2.08it/s, loss=0.0813]
Ep   5 [train]:  64%|██████▍   | 93/145 [00:39<00:19,  2.61it/s, loss=0.0813]
Ep   5 [train]:  64%|██████▍   | 93/145 [00:39<00:19,  2.61it/s, loss=0.0814]
Ep   5 [train]:  65%|██████▍   | 94/145 [00:39<00:24,  2.09it/s, loss=0.0814]
Ep   5 [train]:  65%|██████▍   | 94/145 [00:40<00:24,  2.09it/s, loss=0.0751]
Ep   5 [train]:  66%|██████▌   | 95/145 [00:40<00:18,  2.64it/s, loss=0.0751]
Ep   5 [train]:  66%|██████▌   | 95/145 [00:40<00:18,  2.64it/s, loss=0.0807]
Ep   5 [train]:  66%|██████▌   | 96/145 [00:40<00:23,  2.10it/s, loss=0.0807]
Ep   5 [train]:  66%|██████▌   | 96/145 [00:40<00:23,  2.10it/s, loss=0.0852]
Ep   5 [train]:  67%|██████▋   | 97/145 [00:40<00:18,  2.58it/s, loss=0.0852]
Ep   5 [train]:  67%|██████▋   | 97/145 [00:41<00:18,  2.58it/s, loss=0.0771]
Ep   5 [train]:  68%|██████▊   | 98/145 [00:41<00:22,  2.10it/s, loss=0.0771]
Ep   5 [train]:  68%|██████▊   | 98/145 [00:41<00:22,  2.10it/s, loss=0.0905]
Ep   5 [train]:  68%|██████▊   | 99/145 [00:41<00:17,  2.59it/s, loss=0.0905]
Ep   5 [train]:  68%|██████▊   | 99/145 [00:42<00:17,  2.59it/s, loss=0.0784]
Ep   5 [train]:  69%|██████▉   | 100/145 [00:42<00:22,  2.03it/s, loss=0.0784]
Ep   5 [train]:  69%|██████▉   | 100/145 [00:42<00:22,  2.03it/s, loss=0.0799]
Ep   5 [train]:  70%|██████▉   | 101/145 [00:42<00:17,  2.58it/s, loss=0.0799]
Ep   5 [train]:  70%|██████▉   | 101/145 [00:43<00:17,  2.58it/s, loss=0.0754]
Ep   5 [train]:  70%|███████   | 102/145 [00:43<00:20,  2.09it/s, loss=0.0754]
Ep   5 [train]:  70%|███████   | 102/145 [00:43<00:20,  2.09it/s, loss=0.0865]
Ep   5 [train]:  71%|███████   | 103/145 [00:43<00:16,  2.59it/s, loss=0.0865]
Ep   5 [train]:  71%|███████   | 103/145 [00:44<00:16,  2.59it/s, loss=0.0829]
Ep   5 [train]:  72%|███████▏  | 104/145 [00:44<00:19,  2.12it/s, loss=0.0829]
Ep   5 [train]:  72%|███████▏  | 104/145 [00:44<00:19,  2.12it/s, loss=0.0833]
Ep   5 [train]:  72%|███████▏  | 105/145 [00:44<00:14,  2.68it/s, loss=0.0833]
Ep   5 [train]:  72%|███████▏  | 105/145 [00:44<00:14,  2.68it/s, loss=0.0842]
Ep   5 [train]:  73%|███████▎  | 106/145 [00:44<00:18,  2.13it/s, loss=0.0842]
Ep   5 [train]:  73%|███████▎  | 106/145 [00:45<00:18,  2.13it/s, loss=0.0802]
Ep   5 [train]:  74%|███████▍  | 107/145 [00:45<00:14,  2.69it/s, loss=0.0802]
Ep   5 [train]:  74%|███████▍  | 107/145 [00:45<00:14,  2.69it/s, loss=0.0900]
Ep   5 [train]:  74%|███████▍  | 108/145 [00:45<00:16,  2.18it/s, loss=0.0900]
Ep   5 [train]:  74%|███████▍  | 108/145 [00:45<00:16,  2.18it/s, loss=0.0832]
Ep   5 [train]:  75%|███████▌  | 109/145 [00:45<00:13,  2.73it/s, loss=0.0832]
Ep   5 [train]:  75%|███████▌  | 109/145 [00:46<00:13,  2.73it/s, loss=0.0913]
Ep   5 [train]:  76%|███████▌  | 110/145 [00:46<00:15,  2.19it/s, loss=0.0913]
Ep   5 [train]:  76%|███████▌  | 110/145 [00:46<00:15,  2.19it/s, loss=0.0822]
Ep   5 [train]:  77%|███████▋  | 111/145 [00:46<00:12,  2.74it/s, loss=0.0822]
Ep   5 [train]:  77%|███████▋  | 111/145 [00:47<00:12,  2.74it/s, loss=0.0820]
Ep   5 [train]:  77%|███████▋  | 112/145 [00:47<00:15,  2.15it/s, loss=0.0820]
Ep   5 [train]:  77%|███████▋  | 112/145 [00:47<00:15,  2.15it/s, loss=0.0803]
Ep   5 [train]:  78%|███████▊  | 113/145 [00:47<00:11,  2.70it/s, loss=0.0803]
Ep   5 [train]:  78%|███████▊  | 113/145 [00:48<00:11,  2.70it/s, loss=0.0809]
Ep   5 [train]:  79%|███████▊  | 114/145 [00:48<00:14,  2.12it/s, loss=0.0809]
Ep   5 [train]:  79%|███████▊  | 114/145 [00:48<00:14,  2.12it/s, loss=0.0801]
Ep   5 [train]:  79%|███████▉  | 115/145 [00:48<00:11,  2.62it/s, loss=0.0801]
Ep   5 [train]:  79%|███████▉  | 115/145 [00:49<00:11,  2.62it/s, loss=0.0925]
Ep   5 [train]:  80%|████████  | 116/145 [00:49<00:13,  2.12it/s, loss=0.0925]
Ep   5 [train]:  80%|████████  | 116/145 [00:49<00:13,  2.12it/s, loss=0.0822]
Ep   5 [train]:  81%|████████  | 117/145 [00:49<00:10,  2.70it/s, loss=0.0822]
Ep   5 [train]:  81%|████████  | 117/145 [00:50<00:10,  2.70it/s, loss=0.0904]
Ep   5 [train]:  81%|████████▏ | 118/145 [00:50<00:12,  2.12it/s, loss=0.0904]
Ep   5 [train]:  81%|████████▏ | 118/145 [00:50<00:12,  2.12it/s, loss=0.0835]
Ep   5 [train]:  82%|████████▏ | 119/145 [00:50<00:09,  2.64it/s, loss=0.0835]
Ep   5 [train]:  82%|████████▏ | 119/145 [00:50<00:09,  2.64it/s, loss=0.0880]
Ep   5 [train]:  83%|████████▎ | 120/145 [00:50<00:11,  2.13it/s, loss=0.0880]
Ep   5 [train]:  83%|████████▎ | 120/145 [00:50<00:11,  2.13it/s, loss=0.0896]
Ep   5 [train]:  83%|████████▎ | 121/145 [00:50<00:08,  2.74it/s, loss=0.0896]
Ep   5 [train]:  83%|████████▎ | 121/145 [00:51<00:08,  2.74it/s, loss=0.0884]
Ep   5 [train]:  84%|████████▍ | 122/145 [00:51<00:11,  2.06it/s, loss=0.0884]
Ep   5 [train]:  84%|████████▍ | 122/145 [00:51<00:11,  2.06it/s, loss=0.0848]
Ep   5 [train]:  85%|████████▍ | 123/145 [00:51<00:08,  2.60it/s, loss=0.0848]
Ep   5 [train]:  85%|████████▍ | 123/145 [00:52<00:08,  2.60it/s, loss=0.0890]
Ep   5 [train]:  86%|████████▌ | 124/145 [00:52<00:10,  2.07it/s, loss=0.0890]
Ep   5 [train]:  86%|████████▌ | 124/145 [00:52<00:10,  2.07it/s, loss=0.0826]
Ep   5 [train]:  86%|████████▌ | 125/145 [00:52<00:07,  2.64it/s, loss=0.0826]
Ep   5 [train]:  86%|████████▌ | 125/145 [00:53<00:07,  2.64it/s, loss=0.0842]
Ep   5 [train]:  87%|████████▋ | 126/145 [00:53<00:09,  1.97it/s, loss=0.0842]
Ep   5 [train]:  87%|████████▋ | 126/145 [00:53<00:09,  1.97it/s, loss=0.0862]
Ep   5 [train]:  88%|████████▊ | 127/145 [00:53<00:07,  2.52it/s, loss=0.0862]
Ep   5 [train]:  88%|████████▊ | 127/145 [00:54<00:07,  2.52it/s, loss=0.0770]
Ep   5 [train]:  88%|████████▊ | 128/145 [00:54<00:08,  2.04it/s, loss=0.0770]
Ep   5 [train]:  88%|████████▊ | 128/145 [00:54<00:08,  2.04it/s, loss=0.0850]
Ep   5 [train]:  89%|████████▉ | 129/145 [00:54<00:06,  2.55it/s, loss=0.0850]
Ep   5 [train]:  89%|████████▉ | 129/145 [00:55<00:06,  2.55it/s, loss=0.0739]
Ep   5 [train]:  90%|████████▉ | 130/145 [00:55<00:07,  2.07it/s, loss=0.0739]
Ep   5 [train]:  90%|████████▉ | 130/145 [00:55<00:07,  2.07it/s, loss=0.0814]
Ep   5 [train]:  90%|█████████ | 131/145 [00:55<00:05,  2.62it/s, loss=0.0814]
Ep   5 [train]:  90%|█████████ | 131/145 [00:56<00:05,  2.62it/s, loss=0.0811]
Ep   5 [train]:  91%|█████████ | 132/145 [00:56<00:06,  2.00it/s, loss=0.0811]
Ep   5 [train]:  91%|█████████ | 132/145 [00:56<00:06,  2.00it/s, loss=0.0869]
Ep   5 [train]:  92%|█████████▏| 133/145 [00:56<00:04,  2.50it/s, loss=0.0869]
Ep   5 [train]:  92%|█████████▏| 133/145 [00:57<00:04,  2.50it/s, loss=0.0867]
Ep   5 [train]:  92%|█████████▏| 134/145 [00:57<00:05,  2.03it/s, loss=0.0867]
Ep   5 [train]:  92%|█████████▏| 134/145 [00:57<00:05,  2.03it/s, loss=0.0883]
Ep   5 [train]:  93%|█████████▎| 135/145 [00:57<00:03,  2.58it/s, loss=0.0883]
Ep   5 [train]:  93%|█████████▎| 135/145 [00:57<00:03,  2.58it/s, loss=0.0883]
Ep   5 [train]:  94%|█████████▍| 136/145 [00:57<00:04,  2.00it/s, loss=0.0883]
Ep   5 [train]:  94%|█████████▍| 136/145 [00:58<00:04,  2.00it/s, loss=0.0820]
Ep   5 [train]:  94%|█████████▍| 137/145 [00:58<00:03,  2.52it/s, loss=0.0820]
Ep   5 [train]:  94%|█████████▍| 137/145 [00:58<00:03,  2.52it/s, loss=0.0776]
Ep   5 [train]:  95%|█████████▌| 138/145 [00:59<00:03,  1.85it/s, loss=0.0776]
Ep   5 [train]:  95%|█████████▌| 138/145 [00:59<00:03,  1.85it/s, loss=0.0915]
Ep   5 [train]:  96%|█████████▌| 139/145 [00:59<00:02,  2.41it/s, loss=0.0915]
Ep   5 [train]:  96%|█████████▌| 139/145 [00:59<00:02,  2.41it/s, loss=0.0780]
Ep   5 [train]:  97%|█████████▋| 140/145 [00:59<00:02,  1.85it/s, loss=0.0780]
Ep   5 [train]:  97%|█████████▋| 140/145 [01:00<00:02,  1.85it/s, loss=0.0918]
Ep   5 [train]:  97%|█████████▋| 141/145 [01:00<00:01,  2.32it/s, loss=0.0918]
Ep   5 [train]:  97%|█████████▋| 141/145 [01:00<00:01,  2.32it/s, loss=0.0784]
Ep   5 [train]:  98%|█████████▊| 142/145 [01:00<00:01,  1.85it/s, loss=0.0784]
Ep   5 [train]:  98%|█████████▊| 142/145 [01:01<00:01,  1.85it/s, loss=0.0788]
Ep   5 [train]:  99%|█████████▊| 143/145 [01:01<00:00,  2.38it/s, loss=0.0788]
Ep   5 [train]:  99%|█████████▊| 143/145 [01:01<00:00,  2.38it/s, loss=0.0823]
Ep   5 [train]:  99%|█████████▉| 144/145 [01:01<00:00,  1.96it/s, loss=0.0823]
Ep   5 [train]:  99%|█████████▉| 144/145 [01:01<00:00,  1.96it/s, loss=0.0909]
Ep   5 [train]: 100%|██████████| 145/145 [01:01<00:00,  2.53it/s, loss=0.0909]
                                                                              
  Ep   5 [train]  loss=0.0842  rmse_c=0.2409  mae_c=0.2175  r2_c=-0.003  rmse_h=0.3343  mae_h=0.2520  r2_h=0.350  sup=0.324

Ep   5 [val  ]:   0%|          | 0/39 [00:00<?, ?it/s]
Ep   5 [val  ]:   0%|          | 0/39 [00:01<?, ?it/s, loss=0.1086]
Ep   5 [val  ]:   3%|▎         | 1/39 [00:01<00:46,  1.21s/it, loss=0.1086]
Ep   5 [val  ]:   3%|▎         | 1/39 [00:01<00:46,  1.21s/it, loss=0.1019]
Ep   5 [val  ]:   3%|▎         | 1/39 [00:02<00:46,  1.21s/it, loss=0.0856]
Ep   5 [val  ]:   8%|▊         | 3/39 [00:02<00:24,  1.44it/s, loss=0.0856]
Ep   5 [val  ]:   8%|▊         | 3/39 [00:02<00:24,  1.44it/s, loss=0.0773]
Ep   5 [val  ]:   8%|▊         | 3/39 [00:03<00:24,  1.44it/s, loss=0.0840]
Ep   5 [val  ]:  13%|█▎        | 5/39 [00:03<00:21,  1.60it/s, loss=0.0840]
Ep   5 [val  ]:  13%|█▎        | 5/39 [00:03<00:21,  1.60it/s, loss=0.0903]
Ep   5 [val  ]:  13%|█▎        | 5/39 [00:04<00:21,  1.60it/s, loss=0.0836]
Ep   5 [val  ]:  18%|█▊        | 7/39 [00:04<00:17,  1.81it/s, loss=0.0836]
Ep   5 [val  ]:  18%|█▊        | 7/39 [00:04<00:17,  1.81it/s, loss=0.0786]
Ep   5 [val  ]:  18%|█▊        | 7/39 [00:05<00:17,  1.81it/s, loss=0.0820]
Ep   5 [val  ]:  23%|██▎       | 9/39 [00:05<00:15,  1.97it/s, loss=0.0820]
Ep   5 [val  ]:  23%|██▎       | 9/39 [00:05<00:15,  1.97it/s, loss=0.0776]
Ep   5 [val  ]:  23%|██▎       | 9/39 [00:06<00:15,  1.97it/s, loss=0.0807]
Ep   5 [val  ]:  28%|██▊       | 11/39 [00:06<00:13,  2.02it/s, loss=0.0807]
Ep   5 [val  ]:  28%|██▊       | 11/39 [00:06<00:13,  2.02it/s, loss=0.0783]
Ep   5 [val  ]:  28%|██▊       | 11/39 [00:07<00:13,  2.02it/s, loss=0.0812]
Ep   5 [val  ]:  33%|███▎      | 13/39 [00:07<00:12,  2.05it/s, loss=0.0812]
Ep   5 [val  ]:  33%|███▎      | 13/39 [00:07<00:12,  2.05it/s, loss=0.0914]
Ep   5 [val  ]:  33%|███▎      | 13/39 [00:07<00:12,  2.05it/s, loss=0.1053]
Ep   5 [val  ]:  38%|███▊      | 15/39 [00:07<00:11,  2.10it/s, loss=0.1053]
Ep   5 [val  ]:  38%|███▊      | 15/39 [00:08<00:11,  2.10it/s, loss=0.1034]
Ep   5 [val  ]:  38%|███▊      | 15/39 [00:08<00:11,  2.10it/s, loss=0.1051]
Ep   5 [val  ]:  44%|████▎     | 17/39 [00:08<00:10,  2.05it/s, loss=0.1051]
Ep   5 [val  ]:  44%|████▎     | 17/39 [00:09<00:10,  2.05it/s, loss=0.0994]
Ep   5 [val  ]:  44%|████▎     | 17/39 [00:09<00:10,  2.05it/s, loss=0.0900]
Ep   5 [val  ]:  49%|████▊     | 19/39 [00:09<00:09,  2.05it/s, loss=0.0900]
Ep   5 [val  ]:  49%|████▊     | 19/39 [00:09<00:09,  2.05it/s, loss=0.0717]
Ep   5 [val  ]:  49%|████▊     | 19/39 [00:10<00:09,  2.05it/s, loss=0.0621]
Ep   5 [val  ]:  54%|█████▍    | 21/39 [00:10<00:08,  2.02it/s, loss=0.0621]
Ep   5 [val  ]:  54%|█████▍    | 21/39 [00:11<00:08,  2.02it/s, loss=0.0722]
Ep   5 [val  ]:  54%|█████▍    | 21/39 [00:12<00:08,  2.02it/s, loss=0.0656]
Ep   5 [val  ]:  59%|█████▉    | 23/39 [00:12<00:08,  1.98it/s, loss=0.0656]
Ep   5 [val  ]:  59%|█████▉    | 23/39 [00:12<00:08,  1.98it/s, loss=0.0693]
Ep   5 [val  ]:  59%|█████▉    | 23/39 [00:12<00:08,  1.98it/s, loss=0.0701]
Ep   5 [val  ]:  64%|██████▍   | 25/39 [00:12<00:06,  2.02it/s, loss=0.0701]
Ep   5 [val  ]:  64%|██████▍   | 25/39 [00:13<00:06,  2.02it/s, loss=0.0776]
Ep   5 [val  ]:  64%|██████▍   | 25/39 [00:13<00:06,  2.02it/s, loss=0.0901]
Ep   5 [val  ]:  69%|██████▉   | 27/39 [00:13<00:05,  2.10it/s, loss=0.0901]
Ep   5 [val  ]:  69%|██████▉   | 27/39 [00:13<00:05,  2.10it/s, loss=0.1345]
Ep   5 [val  ]:  69%|██████▉   | 27/39 [00:14<00:05,  2.10it/s, loss=0.1007]
Ep   5 [val  ]:  74%|███████▍  | 29/39 [00:14<00:04,  2.10it/s, loss=0.1007]
Ep   5 [val  ]:  74%|███████▍  | 29/39 [00:14<00:04,  2.10it/s, loss=0.0917]
Ep   5 [val  ]:  77%|███████▋  | 30/39 [00:14<00:03,  2.44it/s, loss=0.0917]
Ep   5 [val  ]:  77%|███████▋  | 30/39 [00:15<00:03,  2.44it/s, loss=0.0828]
Ep   5 [val  ]:  79%|███████▉  | 31/39 [00:15<00:03,  2.08it/s, loss=0.0828]
Ep   5 [val  ]:  79%|███████▉  | 31/39 [00:15<00:03,  2.08it/s, loss=0.0832]
Ep   5 [val  ]:  79%|███████▉  | 31/39 [00:16<00:03,  2.08it/s, loss=0.0773]
Ep   5 [val  ]:  85%|████████▍ | 33/39 [00:16<00:02,  2.23it/s, loss=0.0773]
Ep   5 [val  ]:  85%|████████▍ | 33/39 [00:16<00:02,  2.23it/s, loss=0.0778]
Ep   5 [val  ]:  87%|████████▋ | 34/39 [00:16<00:01,  2.59it/s, loss=0.0778]
Ep   5 [val  ]:  87%|████████▋ | 34/39 [00:17<00:01,  2.59it/s, loss=0.0831]
Ep   5 [val  ]:  90%|████████▉ | 35/39 [00:17<00:01,  2.27it/s, loss=0.0831]
Ep   5 [val  ]:  90%|████████▉ | 35/39 [00:17<00:01,  2.27it/s, loss=0.0801]
Ep   5 [val  ]:  92%|█████████▏| 36/39 [00:17<00:01,  2.66it/s, loss=0.0801]
Ep   5 [val  ]:  92%|█████████▏| 36/39 [00:17<00:01,  2.66it/s, loss=0.0746]
Ep   5 [val  ]:  95%|█████████▍| 37/39 [00:17<00:00,  2.32it/s, loss=0.0746]
Ep   5 [val  ]:  95%|█████████▍| 37/39 [00:18<00:00,  2.32it/s, loss=0.0681]
Ep   5 [val  ]:  97%|█████████▋| 38/39 [00:18<00:00,  2.57it/s, loss=0.0681]
Ep   5 [val  ]:  97%|█████████▋| 38/39 [00:18<00:00,  2.57it/s, loss=0.0905]
                                                                            
  Ep   5 [val  ]  loss=0.0853  rmse_c=0.2459  mae_c=0.2195  r2_c=0.006  rmse_h=0.3303  mae_h=0.2388  r2_h=0.320  sup=0.308

Ep   6 [train]:   0%|          | 0/145 [00:00<?, ?it/s]
Ep   6 [train]:   0%|          | 0/145 [00:00<?, ?it/s, loss=0.0826]
Ep   6 [train]:   1%|          | 1/145 [00:00<02:18,  1.04it/s, loss=0.0826]
Ep   6 [train]:   1%|          | 1/145 [00:01<02:18,  1.04it/s, loss=0.0845]
Ep   6 [train]:   1%|▏         | 2/145 [00:01<01:07,  2.12it/s, loss=0.0845]
Ep   6 [train]:   1%|▏         | 2/145 [00:01<01:07,  2.12it/s, loss=0.0837]
Ep   6 [train]:   2%|▏         | 3/145 [00:01<01:16,  1.86it/s, loss=0.0837]
Ep   6 [train]:   2%|▏         | 3/145 [00:01<01:16,  1.86it/s, loss=0.0806]
Ep   6 [train]:   3%|▎         | 4/145 [00:01<00:53,  2.61it/s, loss=0.0806]
Ep   6 [train]:   3%|▎         | 4/145 [00:02<00:53,  2.61it/s, loss=0.0850]
Ep   6 [train]:   3%|▎         | 5/145 [00:02<01:10,  1.98it/s, loss=0.0850]
Ep   6 [train]:   3%|▎         | 5/145 [00:02<01:10,  1.98it/s, loss=0.0927]
Ep   6 [train]:   4%|▍         | 6/145 [00:02<00:52,  2.65it/s, loss=0.0927]
Ep   6 [train]:   4%|▍         | 6/145 [00:03<00:52,  2.65it/s, loss=0.0959]
Ep   6 [train]:   5%|▍         | 7/145 [00:03<00:59,  2.33it/s, loss=0.0959]
Ep   6 [train]:   5%|▍         | 7/145 [00:03<00:59,  2.33it/s, loss=0.0782]
Ep   6 [train]:   6%|▌         | 8/145 [00:03<00:46,  2.98it/s, loss=0.0782]
Ep   6 [train]:   6%|▌         | 8/145 [00:04<00:46,  2.98it/s, loss=0.0845]
Ep   6 [train]:   6%|▌         | 9/145 [00:04<00:59,  2.30it/s, loss=0.0845]
Ep   6 [train]:   6%|▌         | 9/145 [00:04<00:59,  2.30it/s, loss=0.0775]
Ep   6 [train]:   7%|▋         | 10/145 [00:04<00:46,  2.92it/s, loss=0.0775]
Ep   6 [train]:   7%|▋         | 10/145 [00:04<00:46,  2.92it/s, loss=0.0876]
Ep   6 [train]:   8%|▊         | 11/145 [00:04<00:56,  2.38it/s, loss=0.0876]
Ep   6 [train]:   8%|▊         | 11/145 [00:04<00:56,  2.38it/s, loss=0.0781]
Ep   6 [train]:   8%|▊         | 12/145 [00:04<00:46,  2.87it/s, loss=0.0781]
Ep   6 [train]:   8%|▊         | 12/145 [00:05<00:46,  2.87it/s, loss=0.0850]
Ep   6 [train]:   9%|▉         | 13/145 [00:05<00:52,  2.52it/s, loss=0.0850]
Ep   6 [train]:   9%|▉         | 13/145 [00:05<00:52,  2.52it/s, loss=0.0786]
Ep   6 [train]:  10%|▉         | 14/145 [00:05<00:47,  2.74it/s, loss=0.0786]
Ep   6 [train]:  10%|▉         | 14/145 [00:06<00:47,  2.74it/s, loss=0.0998]
Ep   6 [train]:  10%|█         | 15/145 [00:06<00:50,  2.55it/s, loss=0.0998]
Ep   6 [train]:  10%|█         | 15/145 [00:06<00:50,  2.55it/s, loss=0.0774]
Ep   6 [train]:  11%|█         | 16/145 [00:06<00:53,  2.43it/s, loss=0.0774]
Ep   6 [train]:  11%|█         | 16/145 [00:06<00:53,  2.43it/s, loss=0.0772]
Ep   6 [train]:  12%|█▏        | 17/145 [00:06<00:46,  2.73it/s, loss=0.0772]
Ep   6 [train]:  12%|█▏        | 17/145 [00:07<00:46,  2.73it/s, loss=0.0787]
Ep   6 [train]:  12%|█▏        | 18/145 [00:07<00:55,  2.29it/s, loss=0.0787]
Ep   6 [train]:  12%|█▏        | 18/145 [00:07<00:55,  2.29it/s, loss=0.0790]
Ep   6 [train]:  13%|█▎        | 19/145 [00:07<00:44,  2.82it/s, loss=0.0790]
Ep   6 [train]:  13%|█▎        | 19/145 [00:08<00:44,  2.82it/s, loss=0.0947]
Ep   6 [train]:  14%|█▍        | 20/145 [00:08<00:58,  2.12it/s, loss=0.0947]
Ep   6 [train]:  14%|█▍        | 20/145 [00:08<00:58,  2.12it/s, loss=0.0906]
Ep   6 [train]:  14%|█▍        | 21/145 [00:08<00:46,  2.67it/s, loss=0.0906]
Ep   6 [train]:  14%|█▍        | 21/145 [00:09<00:46,  2.67it/s, loss=0.0989]
Ep   6 [train]:  15%|█▌        | 22/145 [00:09<00:59,  2.05it/s, loss=0.0989]
Ep   6 [train]:  15%|█▌        | 22/145 [00:09<00:59,  2.05it/s, loss=0.0924]
Ep   6 [train]:  16%|█▌        | 23/145 [00:09<00:46,  2.64it/s, loss=0.0924]
Ep   6 [train]:  16%|█▌        | 23/145 [00:10<00:46,  2.64it/s, loss=0.0792]
Ep   6 [train]:  17%|█▋        | 24/145 [00:10<00:57,  2.11it/s, loss=0.0792]
Ep   6 [train]:  17%|█▋        | 24/145 [00:10<00:57,  2.11it/s, loss=0.0869]
Ep   6 [train]:  17%|█▋        | 25/145 [00:10<00:45,  2.66it/s, loss=0.0869]
Ep   6 [train]:  17%|█▋        | 25/145 [00:10<00:45,  2.66it/s, loss=0.0764]
Ep   6 [train]:  18%|█▊        | 26/145 [00:10<00:56,  2.11it/s, loss=0.0764]
Ep   6 [train]:  18%|█▊        | 26/145 [00:11<00:56,  2.11it/s, loss=0.0821]
Ep   6 [train]:  19%|█▊        | 27/145 [00:11<00:44,  2.64it/s, loss=0.0821]
Ep   6 [train]:  19%|█▊        | 27/145 [00:11<00:44,  2.64it/s, loss=0.0768]
Ep   6 [train]:  19%|█▉        | 28/145 [00:11<00:51,  2.27it/s, loss=0.0768]
Ep   6 [train]:  19%|█▉        | 28/145 [00:11<00:51,  2.27it/s, loss=0.0926]
Ep   6 [train]:  20%|██        | 29/145 [00:11<00:40,  2.86it/s, loss=0.0926]
Ep   6 [train]:  20%|██        | 29/145 [00:12<00:40,  2.86it/s, loss=0.0833]
Ep   6 [train]:  21%|██        | 30/145 [00:12<00:50,  2.29it/s, loss=0.0833]
Ep   6 [train]:  21%|██        | 30/145 [00:12<00:50,  2.29it/s, loss=0.0864]
Ep   6 [train]:  21%|██▏       | 31/145 [00:12<00:39,  2.89it/s, loss=0.0864]
Ep   6 [train]:  21%|██▏       | 31/145 [00:13<00:39,  2.89it/s, loss=0.0807]
Ep   6 [train]:  22%|██▏       | 32/145 [00:13<00:52,  2.14it/s, loss=0.0807]
Ep   6 [train]:  22%|██▏       | 32/145 [00:13<00:52,  2.14it/s, loss=0.0793]
Ep   6 [train]:  23%|██▎       | 33/145 [00:13<00:42,  2.67it/s, loss=0.0793]
Ep   6 [train]:  23%|██▎       | 33/145 [00:14<00:42,  2.67it/s, loss=0.0865]
Ep   6 [train]:  23%|██▎       | 34/145 [00:14<00:49,  2.22it/s, loss=0.0865]
Ep   6 [train]:  23%|██▎       | 34/145 [00:14<00:49,  2.22it/s, loss=0.0804]
Ep   6 [train]:  24%|██▍       | 35/145 [00:14<00:39,  2.80it/s, loss=0.0804]
Ep   6 [train]:  24%|██▍       | 35/145 [00:14<00:39,  2.80it/s, loss=0.0802]
Ep   6 [train]:  25%|██▍       | 36/145 [00:14<00:47,  2.29it/s, loss=0.0802]
Ep   6 [train]:  25%|██▍       | 36/145 [00:15<00:47,  2.29it/s, loss=0.0908]
Ep   6 [train]:  26%|██▌       | 37/145 [00:15<00:37,  2.90it/s, loss=0.0908]
Ep   6 [train]:  26%|██▌       | 37/145 [00:15<00:37,  2.90it/s, loss=0.0851]
Ep   6 [train]:  26%|██▌       | 38/145 [00:15<00:47,  2.25it/s, loss=0.0851]
Ep   6 [train]:  26%|██▌       | 38/145 [00:15<00:47,  2.25it/s, loss=0.0876]
Ep   6 [train]:  27%|██▋       | 39/145 [00:15<00:37,  2.82it/s, loss=0.0876]
Ep   6 [train]:  27%|██▋       | 39/145 [00:16<00:37,  2.82it/s, loss=0.0854]
Ep   6 [train]:  28%|██▊       | 40/145 [00:16<00:47,  2.21it/s, loss=0.0854]
Ep   6 [train]:  28%|██▊       | 40/145 [00:16<00:47,  2.21it/s, loss=0.0858]
Ep   6 [train]:  28%|██▊       | 41/145 [00:16<00:36,  2.84it/s, loss=0.0858]
Ep   6 [train]:  28%|██▊       | 41/145 [00:17<00:36,  2.84it/s, loss=0.0822]
Ep   6 [train]:  29%|██▉       | 42/145 [00:17<00:44,  2.33it/s, loss=0.0822]
Ep   6 [train]:  29%|██▉       | 42/145 [00:17<00:44,  2.33it/s, loss=0.0790]
Ep   6 [train]:  30%|██▉       | 43/145 [00:17<00:34,  2.94it/s, loss=0.0790]
Ep   6 [train]:  30%|██▉       | 43/145 [00:18<00:34,  2.94it/s, loss=0.0879]
Ep   6 [train]:  30%|███       | 44/145 [00:18<00:42,  2.35it/s, loss=0.0879]
Ep   6 [train]:  30%|███       | 44/145 [00:18<00:42,  2.35it/s, loss=0.0873]
Ep   6 [train]:  31%|███       | 45/145 [00:18<00:33,  2.98it/s, loss=0.0873]
Ep   6 [train]:  31%|███       | 45/145 [00:18<00:33,  2.98it/s, loss=0.0763]
Ep   6 [train]:  32%|███▏      | 46/145 [00:18<00:43,  2.27it/s, loss=0.0763]
Ep   6 [train]:  32%|███▏      | 46/145 [00:19<00:43,  2.27it/s, loss=0.0786]
Ep   6 [train]:  32%|███▏      | 47/145 [00:19<00:34,  2.80it/s, loss=0.0786]
Ep   6 [train]:  32%|███▏      | 47/145 [00:19<00:34,  2.80it/s, loss=0.0837]
Ep   6 [train]:  33%|███▎      | 48/145 [00:19<00:47,  2.06it/s, loss=0.0837]
Ep   6 [train]:  33%|███▎      | 48/145 [00:19<00:47,  2.06it/s, loss=0.0777]
Ep   6 [train]:  34%|███▍      | 49/145 [00:19<00:36,  2.63it/s, loss=0.0777]
Ep   6 [train]:  34%|███▍      | 49/145 [00:20<00:36,  2.63it/s, loss=0.0841]
Ep   6 [train]:  34%|███▍      | 50/145 [00:20<00:48,  1.95it/s, loss=0.0841]
Ep   6 [train]:  34%|███▍      | 50/145 [00:20<00:48,  1.95it/s, loss=0.0759]
Ep   6 [train]:  35%|███▌      | 51/145 [00:20<00:38,  2.45it/s, loss=0.0759]
Ep   6 [train]:  35%|███▌      | 51/145 [00:21<00:38,  2.45it/s, loss=0.0844]
Ep   6 [train]:  36%|███▌      | 52/145 [00:21<00:46,  2.01it/s, loss=0.0844]
Ep   6 [train]:  36%|███▌      | 52/145 [00:21<00:46,  2.01it/s, loss=0.0890]
Ep   6 [train]:  37%|███▋      | 53/145 [00:21<00:35,  2.57it/s, loss=0.0890]
Ep   6 [train]:  37%|███▋      | 53/145 [00:22<00:35,  2.57it/s, loss=0.0846]
Ep   6 [train]:  37%|███▋      | 54/145 [00:22<00:44,  2.05it/s, loss=0.0846]
Ep   6 [train]:  37%|███▋      | 54/145 [00:22<00:44,  2.05it/s, loss=0.0855]
Ep   6 [train]:  38%|███▊      | 55/145 [00:22<00:35,  2.55it/s, loss=0.0855]
Ep   6 [train]:  38%|███▊      | 55/145 [00:23<00:35,  2.55it/s, loss=0.0781]
Ep   6 [train]:  39%|███▊      | 56/145 [00:23<00:43,  2.04it/s, loss=0.0781]
Ep   6 [train]:  39%|███▊      | 56/145 [00:23<00:43,  2.04it/s, loss=0.0845]
Ep   6 [train]:  39%|███▉      | 57/145 [00:23<00:33,  2.59it/s, loss=0.0845]
Ep   6 [train]:  39%|███▉      | 57/145 [00:24<00:33,  2.59it/s, loss=0.0786]
Ep   6 [train]:  40%|████      | 58/145 [00:24<00:43,  2.02it/s, loss=0.0786]
Ep   6 [train]:  40%|████      | 58/145 [00:24<00:43,  2.02it/s, loss=0.0906]
Ep   6 [train]:  41%|████      | 59/145 [00:24<00:33,  2.54it/s, loss=0.0906]
Ep   6 [train]:  41%|████      | 59/145 [00:25<00:33,  2.54it/s, loss=0.0816]
Ep   6 [train]:  41%|████▏     | 60/145 [00:25<00:44,  1.92it/s, loss=0.0816]
Ep   6 [train]:  41%|████▏     | 60/145 [00:25<00:44,  1.92it/s, loss=0.0791]
Ep   6 [train]:  42%|████▏     | 61/145 [00:25<00:33,  2.49it/s, loss=0.0791]
Ep   6 [train]:  42%|████▏     | 61/145 [00:26<00:33,  2.49it/s, loss=0.0745]
Ep   6 [train]:  43%|████▎     | 62/145 [00:26<00:43,  1.90it/s, loss=0.0745]
Ep   6 [train]:  43%|████▎     | 62/145 [00:26<00:43,  1.90it/s, loss=0.0745]
Ep   6 [train]:  43%|████▎     | 63/145 [00:26<00:33,  2.45it/s, loss=0.0745]
Ep   6 [train]:  43%|████▎     | 63/145 [00:27<00:33,  2.45it/s, loss=0.0861]
Ep   6 [train]:  44%|████▍     | 64/145 [00:27<00:41,  1.96it/s, loss=0.0861]
Ep   6 [train]:  44%|████▍     | 64/145 [00:27<00:41,  1.96it/s, loss=0.0839]
Ep   6 [train]:  45%|████▍     | 65/145 [00:27<00:32,  2.49it/s, loss=0.0839]
Ep   6 [train]:  45%|████▍     | 65/145 [00:27<00:32,  2.49it/s, loss=0.0750]
Ep   6 [train]:  46%|████▌     | 66/145 [00:27<00:40,  1.97it/s, loss=0.0750]
Ep   6 [train]:  46%|████▌     | 66/145 [00:28<00:40,  1.97it/s, loss=0.0799]
Ep   6 [train]:  46%|████▌     | 67/145 [00:28<00:31,  2.46it/s, loss=0.0799]
Ep   6 [train]:  46%|████▌     | 67/145 [00:28<00:31,  2.46it/s, loss=0.0817]
Ep   6 [train]:  47%|████▋     | 68/145 [00:28<00:40,  1.89it/s, loss=0.0817]
Ep   6 [train]:  47%|████▋     | 68/145 [00:29<00:40,  1.89it/s, loss=0.0819]
Ep   6 [train]:  48%|████▊     | 69/145 [00:29<00:31,  2.41it/s, loss=0.0819]
Ep   6 [train]:  48%|████▊     | 69/145 [00:29<00:31,  2.41it/s, loss=0.0799]
Ep   6 [train]:  48%|████▊     | 70/145 [00:29<00:40,  1.85it/s, loss=0.0799]
Ep   6 [train]:  48%|████▊     | 70/145 [00:30<00:40,  1.85it/s, loss=0.0928]
Ep   6 [train]:  49%|████▉     | 71/145 [00:30<00:31,  2.32it/s, loss=0.0928]
Ep   6 [train]:  49%|████▉     | 71/145 [00:30<00:31,  2.32it/s, loss=0.0821]
Ep   6 [train]:  50%|████▉     | 72/145 [00:30<00:38,  1.90it/s, loss=0.0821]
Ep   6 [train]:  50%|████▉     | 72/145 [00:31<00:38,  1.90it/s, loss=0.0776]
Ep   6 [train]:  50%|█████     | 73/145 [00:31<00:30,  2.36it/s, loss=0.0776]
Ep   6 [train]:  50%|█████     | 73/145 [00:31<00:30,  2.36it/s, loss=0.0894]
Ep   6 [train]:  51%|█████     | 74/145 [00:31<00:36,  1.94it/s, loss=0.0894]
Ep   6 [train]:  51%|█████     | 74/145 [00:31<00:36,  1.94it/s, loss=0.0809]
Ep   6 [train]:  52%|█████▏    | 75/145 [00:31<00:27,  2.52it/s, loss=0.0809]
Ep   6 [train]:  52%|█████▏    | 75/145 [00:32<00:27,  2.52it/s, loss=0.0767]
Ep   6 [train]:  52%|█████▏    | 76/145 [00:32<00:34,  2.00it/s, loss=0.0767]
Ep   6 [train]:  52%|█████▏    | 76/145 [00:32<00:34,  2.00it/s, loss=0.0857]
Ep   6 [train]:  53%|█████▎    | 77/145 [00:32<00:27,  2.50it/s, loss=0.0857]
Ep   6 [train]:  53%|█████▎    | 77/145 [00:33<00:27,  2.50it/s, loss=0.0929]
Ep   6 [train]:  54%|█████▍    | 78/145 [00:33<00:34,  1.93it/s, loss=0.0929]
Ep   6 [train]:  54%|█████▍    | 78/145 [00:33<00:34,  1.93it/s, loss=0.0782]
Ep   6 [train]:  54%|█████▍    | 79/145 [00:33<00:27,  2.43it/s, loss=0.0782]
Ep   6 [train]:  54%|█████▍    | 79/145 [00:34<00:27,  2.43it/s, loss=0.0770]
Ep   6 [train]:  55%|█████▌    | 80/145 [00:34<00:31,  2.07it/s, loss=0.0770]
Ep   6 [train]:  55%|█████▌    | 80/145 [00:34<00:31,  2.07it/s, loss=0.0794]
Ep   6 [train]:  56%|█████▌    | 81/145 [00:34<00:24,  2.58it/s, loss=0.0794]
Ep   6 [train]:  56%|█████▌    | 81/145 [00:35<00:24,  2.58it/s, loss=0.0750]
Ep   6 [train]:  57%|█████▋    | 82/145 [00:35<00:30,  2.08it/s, loss=0.0750]
Ep   6 [train]:  57%|█████▋    | 82/145 [00:35<00:30,  2.08it/s, loss=0.0749]
Ep   6 [train]:  57%|█████▋    | 83/145 [00:35<00:24,  2.52it/s, loss=0.0749]
Ep   6 [train]:  57%|█████▋    | 83/145 [00:36<00:24,  2.52it/s, loss=0.0791]
Ep   6 [train]:  58%|█████▊    | 84/145 [00:36<00:31,  1.93it/s, loss=0.0791]
Ep   6 [train]:  58%|█████▊    | 84/145 [00:36<00:31,  1.93it/s, loss=0.0823]
Ep   6 [train]:  59%|█████▊    | 85/145 [00:36<00:24,  2.42it/s, loss=0.0823]
Ep   6 [train]:  59%|█████▊    | 85/145 [00:37<00:24,  2.42it/s, loss=0.0880]
Ep   6 [train]:  59%|█████▉    | 86/145 [00:37<00:29,  1.98it/s, loss=0.0880]
Ep   6 [train]:  59%|█████▉    | 86/145 [00:37<00:29,  1.98it/s, loss=0.0886]
Ep   6 [train]:  60%|██████    | 87/145 [00:37<00:22,  2.55it/s, loss=0.0886]
Ep   6 [train]:  60%|██████    | 87/145 [00:38<00:22,  2.55it/s, loss=0.0909]
Ep   6 [train]:  61%|██████    | 88/145 [00:38<00:28,  2.03it/s, loss=0.0909]
Ep   6 [train]:  61%|██████    | 88/145 [00:38<00:28,  2.03it/s, loss=0.0750]
Ep   6 [train]:  61%|██████▏   | 89/145 [00:38<00:21,  2.59it/s, loss=0.0750]
Ep   6 [train]:  61%|██████▏   | 89/145 [00:38<00:21,  2.59it/s, loss=0.0828]
Ep   6 [train]:  62%|██████▏   | 90/145 [00:38<00:27,  2.03it/s, loss=0.0828]
Ep   6 [train]:  62%|██████▏   | 90/145 [00:39<00:27,  2.03it/s, loss=0.0791]
Ep   6 [train]:  63%|██████▎   | 91/145 [00:39<00:21,  2.54it/s, loss=0.0791]
Ep   6 [train]:  63%|██████▎   | 91/145 [00:39<00:21,  2.54it/s, loss=0.0764]
Ep   6 [train]:  63%|██████▎   | 92/145 [00:39<00:25,  2.08it/s, loss=0.0764]
Ep   6 [train]:  63%|██████▎   | 92/145 [00:39<00:25,  2.08it/s, loss=0.0823]
Ep   6 [train]:  64%|██████▍   | 93/145 [00:39<00:19,  2.63it/s, loss=0.0823]
Ep   6 [train]:  64%|██████▍   | 93/145 [00:40<00:19,  2.63it/s, loss=0.0824]
Ep   6 [train]:  65%|██████▍   | 94/145 [00:40<00:25,  2.03it/s, loss=0.0824]
Ep   6 [train]:  65%|██████▍   | 94/145 [00:40<00:25,  2.03it/s, loss=0.0765]
Ep   6 [train]:  66%|██████▌   | 95/145 [00:40<00:19,  2.53it/s, loss=0.0765]
Ep   6 [train]:  66%|██████▌   | 95/145 [00:41<00:19,  2.53it/s, loss=0.0791]
Ep   6 [train]:  66%|██████▌   | 96/145 [00:41<00:24,  2.01it/s, loss=0.0791]
Ep   6 [train]:  66%|██████▌   | 96/145 [00:41<00:24,  2.01it/s, loss=0.0779]
Ep   6 [train]:  67%|██████▋   | 97/145 [00:41<00:18,  2.53it/s, loss=0.0779]
Ep   6 [train]:  67%|██████▋   | 97/145 [00:42<00:18,  2.53it/s, loss=0.0852]
Ep   6 [train]:  68%|██████▊   | 98/145 [00:42<00:23,  2.03it/s, loss=0.0852]
Ep   6 [train]:  68%|██████▊   | 98/145 [00:42<00:23,  2.03it/s, loss=0.0871]
Ep   6 [train]:  68%|██████▊   | 99/145 [00:42<00:17,  2.56it/s, loss=0.0871]
Ep   6 [train]:  68%|██████▊   | 99/145 [00:43<00:17,  2.56it/s, loss=0.0910]
Ep   6 [train]:  69%|██████▉   | 100/145 [00:43<00:22,  1.96it/s, loss=0.0910]
Ep   6 [train]:  69%|██████▉   | 100/145 [00:43<00:22,  1.96it/s, loss=0.0779]
Ep   6 [train]:  70%|██████▉   | 101/145 [00:43<00:17,  2.49it/s, loss=0.0779]
Ep   6 [train]:  70%|██████▉   | 101/145 [00:44<00:17,  2.49it/s, loss=0.0782]
Ep   6 [train]:  70%|███████   | 102/145 [00:44<00:20,  2.08it/s, loss=0.0782]
Ep   6 [train]:  70%|███████   | 102/145 [00:44<00:20,  2.08it/s, loss=0.0927]
Ep   6 [train]:  71%|███████   | 103/145 [00:44<00:15,  2.66it/s, loss=0.0927]
Ep   6 [train]:  71%|███████   | 103/145 [00:45<00:15,  2.66it/s, loss=0.0826]
Ep   6 [train]:  72%|███████▏  | 104/145 [00:45<00:19,  2.08it/s, loss=0.0826]
Ep   6 [train]:  72%|███████▏  | 104/145 [00:45<00:19,  2.08it/s, loss=0.0901]
Ep   6 [train]:  72%|███████▏  | 105/145 [00:45<00:15,  2.50it/s, loss=0.0901]
Ep   6 [train]:  72%|███████▏  | 105/145 [00:45<00:15,  2.50it/s, loss=0.0851]
Ep   6 [train]:  73%|███████▎  | 106/145 [00:45<00:18,  2.08it/s, loss=0.0851]
Ep   6 [train]:  73%|███████▎  | 106/145 [00:46<00:18,  2.08it/s, loss=0.0839]
Ep   6 [train]:  74%|███████▍  | 107/145 [00:46<00:14,  2.54it/s, loss=0.0839]
Ep   6 [train]:  74%|███████▍  | 107/145 [00:46<00:14,  2.54it/s, loss=0.0835]
Ep   6 [train]:  74%|███████▍  | 108/145 [00:46<00:17,  2.11it/s, loss=0.0835]
Ep   6 [train]:  74%|███████▍  | 108/145 [00:46<00:17,  2.11it/s, loss=0.0747]
Ep   6 [train]:  75%|███████▌  | 109/145 [00:46<00:13,  2.71it/s, loss=0.0747]
Ep   6 [train]:  75%|███████▌  | 109/145 [00:47<00:13,  2.71it/s, loss=0.0732]
Ep   6 [train]:  76%|███████▌  | 110/145 [00:47<00:17,  2.04it/s, loss=0.0732]
Ep   6 [train]:  76%|███████▌  | 110/145 [00:47<00:17,  2.04it/s, loss=0.0845]
Ep   6 [train]:  77%|███████▋  | 111/145 [00:47<00:13,  2.57it/s, loss=0.0845]
Ep   6 [train]:  77%|███████▋  | 111/145 [00:48<00:13,  2.57it/s, loss=0.0800]
Ep   6 [train]:  77%|███████▋  | 112/145 [00:48<00:16,  1.98it/s, loss=0.0800]
Ep   6 [train]:  77%|███████▋  | 112/145 [00:48<00:16,  1.98it/s, loss=0.0834]
Ep   6 [train]:  78%|███████▊  | 113/145 [00:48<00:12,  2.48it/s, loss=0.0834]
Ep   6 [train]:  78%|███████▊  | 113/145 [00:49<00:12,  2.48it/s, loss=0.0725]
Ep   6 [train]:  79%|███████▊  | 114/145 [00:49<00:16,  1.88it/s, loss=0.0725]
Ep   6 [train]:  79%|███████▊  | 114/145 [00:49<00:16,  1.88it/s, loss=0.0801]
Ep   6 [train]:  79%|███████▉  | 115/145 [00:49<00:12,  2.35it/s, loss=0.0801]
Ep   6 [train]:  79%|███████▉  | 115/145 [00:50<00:12,  2.35it/s, loss=0.0798]
Ep   6 [train]:  80%|████████  | 116/145 [00:50<00:14,  1.97it/s, loss=0.0798]
Ep   6 [train]:  80%|████████  | 116/145 [00:50<00:14,  1.97it/s, loss=0.0936]
Ep   6 [train]:  81%|████████  | 117/145 [00:50<00:11,  2.50it/s, loss=0.0936]
Ep   6 [train]:  81%|████████  | 117/145 [00:51<00:11,  2.50it/s, loss=0.0770]
Ep   6 [train]:  81%|████████▏ | 118/145 [00:51<00:13,  1.94it/s, loss=0.0770]
Ep   6 [train]:  81%|████████▏ | 118/145 [00:51<00:13,  1.94it/s, loss=0.0803]
Ep   6 [train]:  82%|████████▏ | 119/145 [00:51<00:10,  2.52it/s, loss=0.0803]
Ep   6 [train]:  82%|████████▏ | 119/145 [00:52<00:10,  2.52it/s, loss=0.0768]
Ep   6 [train]:  83%|████████▎ | 120/145 [00:52<00:12,  1.96it/s, loss=0.0768]
Ep   6 [train]:  83%|████████▎ | 120/145 [00:52<00:12,  1.96it/s, loss=0.0856]
Ep   6 [train]:  83%|████████▎ | 121/145 [00:52<00:09,  2.47it/s, loss=0.0856]
Ep   6 [train]:  83%|████████▎ | 121/145 [00:53<00:09,  2.47it/s, loss=0.0846]
Ep   6 [train]:  84%|████████▍ | 122/145 [00:53<00:12,  1.88it/s, loss=0.0846]
Ep   6 [train]:  84%|████████▍ | 122/145 [00:53<00:12,  1.88it/s, loss=0.0786]
Ep   6 [train]:  85%|████████▍ | 123/145 [00:53<00:09,  2.39it/s, loss=0.0786]
Ep   6 [train]:  85%|████████▍ | 123/145 [00:54<00:09,  2.39it/s, loss=0.0802]
Ep   6 [train]:  86%|████████▌ | 124/145 [00:54<00:11,  1.86it/s, loss=0.0802]
Ep   6 [train]:  86%|████████▌ | 124/145 [00:54<00:11,  1.86it/s, loss=0.0812]
Ep   6 [train]:  86%|████████▌ | 125/145 [00:54<00:08,  2.34it/s, loss=0.0812]
Ep   6 [train]:  86%|████████▌ | 125/145 [00:55<00:08,  2.34it/s, loss=0.0850]
Ep   6 [train]:  87%|████████▋ | 126/145 [00:55<00:09,  2.00it/s, loss=0.0850]
Ep   6 [train]:  87%|████████▋ | 126/145 [00:55<00:09,  2.00it/s, loss=0.0900]
Ep   6 [train]:  88%|████████▊ | 127/145 [00:55<00:07,  2.52it/s, loss=0.0900]
Ep   6 [train]:  88%|████████▊ | 127/145 [00:55<00:07,  2.52it/s, loss=0.0756]
Ep   6 [train]:  88%|████████▊ | 128/145 [00:55<00:08,  2.04it/s, loss=0.0756]
Ep   6 [train]:  88%|████████▊ | 128/145 [00:56<00:08,  2.04it/s, loss=0.0796]
Ep   6 [train]:  89%|████████▉ | 129/145 [00:56<00:06,  2.52it/s, loss=0.0796]
Ep   6 [train]:  89%|████████▉ | 129/145 [00:56<00:06,  2.52it/s, loss=0.0767]
Ep   6 [train]:  90%|████████▉ | 130/145 [00:56<00:07,  2.03it/s, loss=0.0767]
Ep   6 [train]:  90%|████████▉ | 130/145 [00:57<00:07,  2.03it/s, loss=0.0820]
Ep   6 [train]:  90%|█████████ | 131/145 [00:57<00:05,  2.51it/s, loss=0.0820]
Ep   6 [train]:  90%|█████████ | 131/145 [00:57<00:05,  2.51it/s, loss=0.0953]
Ep   6 [train]:  91%|█████████ | 132/145 [00:57<00:06,  2.05it/s, loss=0.0953]
Ep   6 [train]:  91%|█████████ | 132/145 [00:57<00:06,  2.05it/s, loss=0.0823]
Ep   6 [train]:  92%|█████████▏| 133/145 [00:57<00:04,  2.52it/s, loss=0.0823]
Ep   6 [train]:  92%|█████████▏| 133/145 [00:58<00:04,  2.52it/s, loss=0.0836]
Ep   6 [train]:  92%|█████████▏| 134/145 [00:58<00:05,  2.04it/s, loss=0.0836]
Ep   6 [train]:  92%|█████████▏| 134/145 [00:58<00:05,  2.04it/s, loss=0.0862]
Ep   6 [train]:  93%|█████████▎| 135/145 [00:58<00:03,  2.53it/s, loss=0.0862]
Ep   6 [train]:  93%|█████████▎| 135/145 [00:59<00:03,  2.53it/s, loss=0.0828]
Ep   6 [train]:  94%|█████████▍| 136/145 [00:59<00:04,  2.07it/s, loss=0.0828]
Ep   6 [train]:  94%|█████████▍| 136/145 [00:59<00:04,  2.07it/s, loss=0.0815]
Ep   6 [train]:  94%|█████████▍| 137/145 [00:59<00:03,  2.61it/s, loss=0.0815]
Ep   6 [train]:  94%|█████████▍| 137/145 [01:00<00:03,  2.61it/s, loss=0.0901]
Ep   6 [train]:  95%|█████████▌| 138/145 [01:00<00:03,  2.04it/s, loss=0.0901]
Ep   6 [train]:  95%|█████████▌| 138/145 [01:00<00:03,  2.04it/s, loss=0.0814]
Ep   6 [train]:  96%|█████████▌| 139/145 [01:00<00:02,  2.60it/s, loss=0.0814]
Ep   6 [train]:  96%|█████████▌| 139/145 [01:01<00:02,  2.60it/s, loss=0.0765]
Ep   6 [train]:  97%|█████████▋| 140/145 [01:01<00:02,  2.11it/s, loss=0.0765]
Ep   6 [train]:  97%|█████████▋| 140/145 [01:01<00:02,  2.11it/s, loss=0.0850]
Ep   6 [train]:  97%|█████████▋| 141/145 [01:01<00:01,  2.62it/s, loss=0.0850]
Ep   6 [train]:  97%|█████████▋| 141/145 [01:02<00:01,  2.62it/s, loss=0.0797]
Ep   6 [train]:  98%|█████████▊| 142/145 [01:02<00:01,  2.03it/s, loss=0.0797]
Ep   6 [train]:  98%|█████████▊| 142/145 [01:02<00:01,  2.03it/s, loss=0.0836]
Ep   6 [train]:  99%|█████████▊| 143/145 [01:02<00:00,  2.49it/s, loss=0.0836]
Ep   6 [train]:  99%|█████████▊| 143/145 [01:02<00:00,  2.49it/s, loss=0.0776]
Ep   6 [train]:  99%|█████████▉| 144/145 [01:02<00:00,  2.15it/s, loss=0.0776]
Ep   6 [train]:  99%|█████████▉| 144/145 [01:03<00:00,  2.15it/s, loss=0.0851]
Ep   6 [train]: 100%|██████████| 145/145 [01:03<00:00,  2.78it/s, loss=0.0851]
                                                                              
  Ep   6 [train]  loss=0.0828  rmse_c=0.2411  mae_c=0.2174  r2_c=0.005  rmse_h=0.3293  mae_h=0.2478  r2_h=0.379  sup=0.325

Ep   6 [val  ]:   0%|          | 0/39 [00:00<?, ?it/s]
Ep   6 [val  ]:   0%|          | 0/39 [00:01<?, ?it/s, loss=0.1029]
Ep   6 [val  ]:   3%|▎         | 1/39 [00:01<00:38,  1.02s/it, loss=0.1029]
Ep   6 [val  ]:   3%|▎         | 1/39 [00:01<00:38,  1.02s/it, loss=0.0996]
Ep   6 [val  ]:   3%|▎         | 1/39 [00:01<00:38,  1.02s/it, loss=0.0814]
Ep   6 [val  ]:   8%|▊         | 3/39 [00:01<00:19,  1.86it/s, loss=0.0814]
Ep   6 [val  ]:   8%|▊         | 3/39 [00:02<00:19,  1.86it/s, loss=0.0736]
Ep   6 [val  ]:  10%|█         | 4/39 [00:02<00:16,  2.18it/s, loss=0.0736]
Ep   6 [val  ]:  10%|█         | 4/39 [00:02<00:16,  2.18it/s, loss=0.0815]
Ep   6 [val  ]:  13%|█▎        | 5/39 [00:02<00:15,  2.26it/s, loss=0.0815]
Ep   6 [val  ]:  13%|█▎        | 5/39 [00:02<00:15,  2.26it/s, loss=0.0886]
Ep   6 [val  ]:  15%|█▌        | 6/39 [00:02<00:15,  2.17it/s, loss=0.0886]
Ep   6 [val  ]:  15%|█▌        | 6/39 [00:03<00:15,  2.17it/s, loss=0.0810]
Ep   6 [val  ]:  18%|█▊        | 7/39 [00:03<00:13,  2.39it/s, loss=0.0810]
Ep   6 [val  ]:  18%|█▊        | 7/39 [00:03<00:13,  2.39it/s, loss=0.0804]
Ep   6 [val  ]:  21%|██        | 8/39 [00:03<00:14,  2.08it/s, loss=0.0804]
Ep   6 [val  ]:  21%|██        | 8/39 [00:04<00:14,  2.08it/s, loss=0.0829]
Ep   6 [val  ]:  23%|██▎       | 9/39 [00:04<00:11,  2.53it/s, loss=0.0829]
Ep   6 [val  ]:  23%|██▎       | 9/39 [00:04<00:11,  2.53it/s, loss=0.0778]
Ep   6 [val  ]:  26%|██▌       | 10/39 [00:04<00:14,  2.07it/s, loss=0.0778]
Ep   6 [val  ]:  26%|██▌       | 10/39 [00:04<00:14,  2.07it/s, loss=0.0812]
Ep   6 [val  ]:  28%|██▊       | 11/39 [00:04<00:10,  2.69it/s, loss=0.0812]
Ep   6 [val  ]:  28%|██▊       | 11/39 [00:05<00:10,  2.69it/s, loss=0.0792]
Ep   6 [val  ]:  31%|███       | 12/39 [00:05<00:13,  1.94it/s, loss=0.0792]
Ep   6 [val  ]:  31%|███       | 12/39 [00:05<00:13,  1.94it/s, loss=0.0784]
Ep   6 [val  ]:  31%|███       | 12/39 [00:06<00:13,  1.94it/s, loss=0.0861]
Ep   6 [val  ]:  36%|███▌      | 14/39 [00:06<00:12,  2.05it/s, loss=0.0861]
Ep   6 [val  ]:  36%|███▌      | 14/39 [00:06<00:12,  2.05it/s, loss=0.0987]
Ep   6 [val  ]:  36%|███▌      | 14/39 [00:07<00:12,  2.05it/s, loss=0.0980]
Ep   6 [val  ]:  41%|████      | 16/39 [00:07<00:10,  2.17it/s, loss=0.0980]
Ep   6 [val  ]:  41%|████      | 16/39 [00:07<00:10,  2.17it/s, loss=0.0960]
Ep   6 [val  ]:  41%|████      | 16/39 [00:08<00:10,  2.17it/s, loss=0.0907]
Ep   6 [val  ]:  46%|████▌     | 18/39 [00:08<00:09,  2.19it/s, loss=0.0907]
Ep   6 [val  ]:  46%|████▌     | 18/39 [00:08<00:09,  2.19it/s, loss=0.0812]
Ep   6 [val  ]:  46%|████▌     | 18/39 [00:09<00:09,  2.19it/s, loss=0.0684]
Ep   6 [val  ]:  51%|█████▏    | 20/39 [00:09<00:08,  2.18it/s, loss=0.0684]
Ep   6 [val  ]:  51%|█████▏    | 20/39 [00:09<00:08,  2.18it/s, loss=0.0612]
Ep   6 [val  ]:  51%|█████▏    | 20/39 [00:10<00:08,  2.18it/s, loss=0.0695]
Ep   6 [val  ]:  56%|█████▋    | 22/39 [00:10<00:07,  2.18it/s, loss=0.0695]
Ep   6 [val  ]:  56%|█████▋    | 22/39 [00:10<00:07,  2.18it/s, loss=0.0651]
Ep   6 [val  ]:  56%|█████▋    | 22/39 [00:11<00:07,  2.18it/s, loss=0.0698]
Ep   6 [val  ]:  62%|██████▏   | 24/39 [00:11<00:06,  2.21it/s, loss=0.0698]
Ep   6 [val  ]:  62%|██████▏   | 24/39 [00:11<00:06,  2.21it/s, loss=0.0687]
Ep   6 [val  ]:  64%|██████▍   | 25/39 [00:11<00:05,  2.58it/s, loss=0.0687]
Ep   6 [val  ]:  64%|██████▍   | 25/39 [00:12<00:05,  2.58it/s, loss=0.0758]
Ep   6 [val  ]:  67%|██████▋   | 26/39 [00:12<00:06,  2.04it/s, loss=0.0758]
Ep   6 [val  ]:  67%|██████▋   | 26/39 [00:12<00:06,  2.04it/s, loss=0.0833]
Ep   6 [val  ]:  67%|██████▋   | 26/39 [00:13<00:06,  2.04it/s, loss=0.1257]
Ep   6 [val  ]:  72%|███████▏  | 28/39 [00:13<00:05,  2.07it/s, loss=0.1257]
Ep   6 [val  ]:  72%|███████▏  | 28/39 [00:13<00:05,  2.07it/s, loss=0.0986]
Ep   6 [val  ]:  72%|███████▏  | 28/39 [00:13<00:05,  2.07it/s, loss=0.0930]
Ep   6 [val  ]:  77%|███████▋  | 30/39 [00:13<00:04,  2.10it/s, loss=0.0930]
Ep   6 [val  ]:  77%|███████▋  | 30/39 [00:14<00:04,  2.10it/s, loss=0.0789]
Ep   6 [val  ]:  77%|███████▋  | 30/39 [00:14<00:04,  2.10it/s, loss=0.0771]
Ep   6 [val  ]:  82%|████████▏ | 32/39 [00:14<00:03,  2.12it/s, loss=0.0771]
Ep   6 [val  ]:  82%|████████▏ | 32/39 [00:14<00:03,  2.12it/s, loss=0.0760]
Ep   6 [val  ]:  82%|████████▏ | 32/39 [00:15<00:03,  2.12it/s, loss=0.0745]
Ep   6 [val  ]:  87%|████████▋ | 34/39 [00:15<00:02,  2.12it/s, loss=0.0745]
Ep   6 [val  ]:  87%|████████▋ | 34/39 [00:15<00:02,  2.12it/s, loss=0.0801]
Ep   6 [val  ]:  87%|████████▋ | 34/39 [00:16<00:02,  2.12it/s, loss=0.0762]
Ep   6 [val  ]:  92%|█████████▏| 36/39 [00:16<00:01,  2.22it/s, loss=0.0762]
Ep   6 [val  ]:  92%|█████████▏| 36/39 [00:16<00:01,  2.22it/s, loss=0.0732]
Ep   6 [val  ]:  92%|█████████▏| 36/39 [00:17<00:01,  2.22it/s, loss=0.0644]
Ep   6 [val  ]:  97%|█████████▋| 38/39 [00:17<00:00,  2.35it/s, loss=0.0644]
Ep   6 [val  ]:  97%|█████████▋| 38/39 [00:17<00:00,  2.35it/s, loss=0.0787]
                                                                            
  Ep   6 [val  ]  loss=0.0820  rmse_c=0.2453  mae_c=0.2208  r2_c=0.011  rmse_h=0.3210  mae_h=0.2413  r2_h=0.358  sup=0.308
  [new best] combined_val_rmse=0.2832

Ep   7 [train]:   0%|          | 0/145 [00:00<?, ?it/s]
Ep   7 [train]:   0%|          | 0/145 [00:01<?, ?it/s, loss=0.0834]
Ep   7 [train]:   1%|          | 1/145 [00:01<02:32,  1.06s/it, loss=0.0834]
Ep   7 [train]:   1%|          | 1/145 [00:01<02:32,  1.06s/it, loss=0.0778]
Ep   7 [train]:   1%|▏         | 2/145 [00:01<01:14,  1.91it/s, loss=0.0778]
Ep   7 [train]:   1%|▏         | 2/145 [00:01<01:14,  1.91it/s, loss=0.0830]
Ep   7 [train]:   2%|▏         | 3/145 [00:01<01:16,  1.85it/s, loss=0.0830]
Ep   7 [train]:   2%|▏         | 3/145 [00:01<01:16,  1.85it/s, loss=0.0780]
Ep   7 [train]:   3%|▎         | 4/145 [00:01<00:54,  2.61it/s, loss=0.0780]
Ep   7 [train]:   3%|▎         | 4/145 [00:02<00:54,  2.61it/s, loss=0.0951]
Ep   7 [train]:   3%|▎         | 5/145 [00:02<01:02,  2.23it/s, loss=0.0951]
Ep   7 [train]:   3%|▎         | 5/145 [00:02<01:02,  2.23it/s, loss=0.0804]
Ep   7 [train]:   4%|▍         | 6/145 [00:02<00:47,  2.90it/s, loss=0.0804]
Ep   7 [train]:   4%|▍         | 6/145 [00:03<00:47,  2.90it/s, loss=0.0917]
Ep   7 [train]:   5%|▍         | 7/145 [00:03<00:57,  2.42it/s, loss=0.0917]
Ep   7 [train]:   5%|▍         | 7/145 [00:03<00:57,  2.42it/s, loss=0.0927]
Ep   7 [train]:   6%|▌         | 8/145 [00:03<00:44,  3.10it/s, loss=0.0927]
Ep   7 [train]:   6%|▌         | 8/145 [00:03<00:44,  3.10it/s, loss=0.0792]
Ep   7 [train]:   6%|▌         | 9/145 [00:03<00:56,  2.40it/s, loss=0.0792]
Ep   7 [train]:   6%|▌         | 9/145 [00:04<00:56,  2.40it/s, loss=0.0798]
Ep   7 [train]:   7%|▋         | 10/145 [00:04<00:44,  3.05it/s, loss=0.0798]
Ep   7 [train]:   7%|▋         | 10/145 [00:04<00:44,  3.05it/s, loss=0.0787]
Ep   7 [train]:   8%|▊         | 11/145 [00:04<00:55,  2.41it/s, loss=0.0787]
Ep   7 [train]:   8%|▊         | 11/145 [00:04<00:55,  2.41it/s, loss=0.0917]
Ep   7 [train]:   8%|▊         | 12/145 [00:04<00:43,  3.07it/s, loss=0.0917]
Ep   7 [train]:   8%|▊         | 12/145 [00:05<00:43,  3.07it/s, loss=0.0870]
Ep   7 [train]:   9%|▉         | 13/145 [00:05<00:55,  2.37it/s, loss=0.0870]
Ep   7 [train]:   9%|▉         | 13/145 [00:05<00:55,  2.37it/s, loss=0.0809]
Ep   7 [train]:  10%|▉         | 14/145 [00:05<00:43,  3.04it/s, loss=0.0809]
Ep   7 [train]:  10%|▉         | 14/145 [00:06<00:43,  3.04it/s, loss=0.0762]
Ep   7 [train]:  10%|█         | 15/145 [00:06<00:53,  2.44it/s, loss=0.0762]
Ep   7 [train]:  10%|█         | 15/145 [00:06<00:53,  2.44it/s, loss=0.0836]
Ep   7 [train]:  11%|█         | 16/145 [00:06<00:43,  2.99it/s, loss=0.0836]
Ep   7 [train]:  11%|█         | 16/145 [00:06<00:43,  2.99it/s, loss=0.0795]
Ep   7 [train]:  12%|█▏        | 17/145 [00:06<00:51,  2.49it/s, loss=0.0795]
Ep   7 [train]:  12%|█▏        | 17/145 [00:07<00:51,  2.49it/s, loss=0.0804]
Ep   7 [train]:  12%|█▏        | 18/145 [00:07<00:41,  3.08it/s, loss=0.0804]
Ep   7 [train]:  12%|█▏        | 18/145 [00:07<00:41,  3.08it/s, loss=0.0778]
Ep   7 [train]:  13%|█▎        | 19/145 [00:07<00:50,  2.50it/s, loss=0.0778]
Ep   7 [train]:  13%|█▎        | 19/145 [00:07<00:50,  2.50it/s, loss=0.0857]
Ep   7 [train]:  14%|█▍        | 20/145 [00:07<00:45,  2.78it/s, loss=0.0857]
Ep   7 [train]:  14%|█▍        | 20/145 [00:08<00:45,  2.78it/s, loss=0.0855]
Ep   7 [train]:  14%|█▍        | 21/145 [00:08<00:49,  2.52it/s, loss=0.0855]
Ep   7 [train]:  14%|█▍        | 21/145 [00:08<00:49,  2.52it/s, loss=0.0792]
Ep   7 [train]:  15%|█▌        | 22/145 [00:08<00:50,  2.45it/s, loss=0.0792]
Ep   7 [train]:  15%|█▌        | 22/145 [00:09<00:50,  2.45it/s, loss=0.0759]
Ep   7 [train]:  16%|█▌        | 23/145 [00:09<00:45,  2.69it/s, loss=0.0759]
Ep   7 [train]:  16%|█▌        | 23/145 [00:09<00:45,  2.69it/s, loss=0.0830]
Ep   7 [train]:  17%|█▋        | 24/145 [00:09<00:51,  2.35it/s, loss=0.0830]
Ep   7 [train]:  17%|█▋        | 24/145 [00:09<00:51,  2.35it/s, loss=0.0920]
Ep   7 [train]:  17%|█▋        | 25/145 [00:09<00:43,  2.79it/s, loss=0.0920]
Ep   7 [train]:  17%|█▋        | 25/145 [00:10<00:43,  2.79it/s, loss=0.0870]
Ep   7 [train]:  18%|█▊        | 26/145 [00:10<00:55,  2.15it/s, loss=0.0870]
Ep   7 [train]:  18%|█▊        | 26/145 [00:10<00:55,  2.15it/s, loss=0.0847]
Ep   7 [train]:  19%|█▊        | 27/145 [00:10<00:44,  2.67it/s, loss=0.0847]
Ep   7 [train]:  19%|█▊        | 27/145 [00:11<00:44,  2.67it/s, loss=0.0792]
Ep   7 [train]:  19%|█▉        | 28/145 [00:11<00:53,  2.18it/s, loss=0.0792]
Ep   7 [train]:  19%|█▉        | 28/145 [00:11<00:53,  2.18it/s, loss=0.0975]
Ep   7 [train]:  20%|██        | 29/145 [00:11<00:42,  2.73it/s, loss=0.0975]
Ep   7 [train]:  20%|██        | 29/145 [00:12<00:42,  2.73it/s, loss=0.0728]
Ep   7 [train]:  21%|██        | 30/145 [00:12<00:54,  2.11it/s, loss=0.0728]
Ep   7 [train]:  21%|██        | 30/145 [00:12<00:54,  2.11it/s, loss=0.0886]
Ep   7 [train]:  21%|██▏       | 31/145 [00:12<00:42,  2.69it/s, loss=0.0886]
Ep   7 [train]:  21%|██▏       | 31/145 [00:13<00:42,  2.69it/s, loss=0.0815]
Ep   7 [train]:  22%|██▏       | 32/145 [00:13<00:53,  2.12it/s, loss=0.0815]
Ep   7 [train]:  22%|██▏       | 32/145 [00:13<00:53,  2.12it/s, loss=0.0767]
Ep   7 [train]:  23%|██▎       | 33/145 [00:13<00:42,  2.63it/s, loss=0.0767]
Ep   7 [train]:  23%|██▎       | 33/145 [00:13<00:42,  2.63it/s, loss=0.0847]
Ep   7 [train]:  23%|██▎       | 34/145 [00:13<00:50,  2.20it/s, loss=0.0847]
Ep   7 [train]:  23%|██▎       | 34/145 [00:13<00:50,  2.20it/s, loss=0.0867]
Ep   7 [train]:  24%|██▍       | 35/145 [00:13<00:39,  2.79it/s, loss=0.0867]
Ep   7 [train]:  24%|██▍       | 35/145 [00:14<00:39,  2.79it/s, loss=0.0725]
Ep   7 [train]:  25%|██▍       | 36/145 [00:14<00:48,  2.26it/s, loss=0.0725]
Ep   7 [train]:  25%|██▍       | 36/145 [00:14<00:48,  2.26it/s, loss=0.0763]
Ep   7 [train]:  26%|██▌       | 37/145 [00:14<00:38,  2.84it/s, loss=0.0763]
Ep   7 [train]:  26%|██▌       | 37/145 [00:15<00:38,  2.84it/s, loss=0.0852]
Ep   7 [train]:  26%|██▌       | 38/145 [00:15<00:45,  2.33it/s, loss=0.0852]
Ep   7 [train]:  26%|██▌       | 38/145 [00:15<00:45,  2.33it/s, loss=0.0894]
Ep   7 [train]:  27%|██▋       | 39/145 [00:15<00:36,  2.90it/s, loss=0.0894]
Ep   7 [train]:  27%|██▋       | 39/145 [00:16<00:36,  2.90it/s, loss=0.0784]
Ep   7 [train]:  28%|██▊       | 40/145 [00:16<00:44,  2.37it/s, loss=0.0784]
Ep   7 [train]:  28%|██▊       | 40/145 [00:16<00:44,  2.37it/s, loss=0.0798]
Ep   7 [train]:  28%|██▊       | 41/145 [00:16<00:34,  3.02it/s, loss=0.0798]
Ep   7 [train]:  28%|██▊       | 41/145 [00:16<00:34,  3.02it/s, loss=0.0750]
Ep   7 [train]:  29%|██▉       | 42/145 [00:16<00:41,  2.45it/s, loss=0.0750]
Ep   7 [train]:  29%|██▉       | 42/145 [00:16<00:41,  2.45it/s, loss=0.0735]
Ep   7 [train]:  30%|██▉       | 43/145 [00:16<00:32,  3.09it/s, loss=0.0735]
Ep   7 [train]:  30%|██▉       | 43/145 [00:17<00:32,  3.09it/s, loss=0.0829]
Ep   7 [train]:  30%|███       | 44/145 [00:17<00:41,  2.46it/s, loss=0.0829]
Ep   7 [train]:  30%|███       | 44/145 [00:17<00:41,  2.46it/s, loss=0.0784]
Ep   7 [train]:  31%|███       | 45/145 [00:17<00:32,  3.07it/s, loss=0.0784]
Ep   7 [train]:  31%|███       | 45/145 [00:18<00:32,  3.07it/s, loss=0.0801]
Ep   7 [train]:  32%|███▏      | 46/145 [00:18<00:40,  2.46it/s, loss=0.0801]
Ep   7 [train]:  32%|███▏      | 46/145 [00:18<00:40,  2.46it/s, loss=0.0852]
Ep   7 [train]:  32%|███▏      | 47/145 [00:18<00:31,  3.08it/s, loss=0.0852]
Ep   7 [train]:  32%|███▏      | 47/145 [00:19<00:31,  3.08it/s, loss=0.0760]
Ep   7 [train]:  33%|███▎      | 48/145 [00:19<00:39,  2.44it/s, loss=0.0760]
Ep   7 [train]:  33%|███▎      | 48/145 [00:19<00:39,  2.44it/s, loss=0.0811]
Ep   7 [train]:  34%|███▍      | 49/145 [00:19<00:31,  3.06it/s, loss=0.0811]
Ep   7 [train]:  34%|███▍      | 49/145 [00:19<00:31,  3.06it/s, loss=0.0852]
Ep   7 [train]:  34%|███▍      | 50/145 [00:19<00:38,  2.47it/s, loss=0.0852]
Ep   7 [train]:  34%|███▍      | 50/145 [00:19<00:38,  2.47it/s, loss=0.0802]
Ep   7 [train]:  35%|███▌      | 51/145 [00:19<00:29,  3.15it/s, loss=0.0802]
Ep   7 [train]:  35%|███▌      | 51/145 [00:20<00:29,  3.15it/s, loss=0.0830]
Ep   7 [train]:  36%|███▌      | 52/145 [00:20<00:38,  2.42it/s, loss=0.0830]
Ep   7 [train]:  36%|███▌      | 52/145 [00:20<00:38,  2.42it/s, loss=0.0805]
Ep   7 [train]:  37%|███▋      | 53/145 [00:20<00:30,  3.03it/s, loss=0.0805]
Ep   7 [train]:  37%|███▋      | 53/145 [00:21<00:30,  3.03it/s, loss=0.0802]
Ep   7 [train]:  37%|███▋      | 54/145 [00:21<00:36,  2.47it/s, loss=0.0802]
Ep   7 [train]:  37%|███▋      | 54/145 [00:21<00:36,  2.47it/s, loss=0.0834]
Ep   7 [train]:  38%|███▊      | 55/145 [00:21<00:30,  2.95it/s, loss=0.0834]
Ep   7 [train]:  38%|███▊      | 55/145 [00:22<00:30,  2.95it/s, loss=0.0805]
Ep   7 [train]:  39%|███▊      | 56/145 [00:22<00:39,  2.26it/s, loss=0.0805]
Ep   7 [train]:  39%|███▊      | 56/145 [00:22<00:39,  2.26it/s, loss=0.0756]
Ep   7 [train]:  39%|███▉      | 57/145 [00:22<00:31,  2.80it/s, loss=0.0756]
Ep   7 [train]:  39%|███▉      | 57/145 [00:22<00:31,  2.80it/s, loss=0.0762]
Ep   7 [train]:  40%|████      | 58/145 [00:22<00:41,  2.12it/s, loss=0.0762]
Ep   7 [train]:  40%|████      | 58/145 [00:23<00:41,  2.12it/s, loss=0.0795]
Ep   7 [train]:  41%|████      | 59/145 [00:23<00:32,  2.64it/s, loss=0.0795]
Ep   7 [train]:  41%|████      | 59/145 [00:23<00:32,  2.64it/s, loss=0.0798]
Ep   7 [train]:  41%|████▏     | 60/145 [00:23<00:40,  2.11it/s, loss=0.0798]
Ep   7 [train]:  41%|████▏     | 60/145 [00:23<00:40,  2.11it/s, loss=0.0735]
Ep   7 [train]:  42%|████▏     | 61/145 [00:23<00:31,  2.70it/s, loss=0.0735]
Ep   7 [train]:  42%|████▏     | 61/145 [00:24<00:31,  2.70it/s, loss=0.0867]
Ep   7 [train]:  43%|████▎     | 62/145 [00:24<00:39,  2.10it/s, loss=0.0867]
Ep   7 [train]:  43%|████▎     | 62/145 [00:24<00:39,  2.10it/s, loss=0.0757]
Ep   7 [train]:  43%|████▎     | 63/145 [00:24<00:31,  2.62it/s, loss=0.0757]
Ep   7 [train]:  43%|████▎     | 63/145 [00:25<00:31,  2.62it/s, loss=0.0773]
Ep   7 [train]:  44%|████▍     | 64/145 [00:25<00:38,  2.09it/s, loss=0.0773]
Ep   7 [train]:  44%|████▍     | 64/145 [00:25<00:38,  2.09it/s, loss=0.0815]
Ep   7 [train]:  45%|████▍     | 65/145 [00:25<00:31,  2.54it/s, loss=0.0815]
Ep   7 [train]:  45%|████▍     | 65/145 [00:26<00:31,  2.54it/s, loss=0.0757]
Ep   7 [train]:  46%|████▌     | 66/145 [00:26<00:41,  1.92it/s, loss=0.0757]
Ep   7 [train]:  46%|████▌     | 66/145 [00:26<00:41,  1.92it/s, loss=0.0739]
Ep   7 [train]:  46%|████▌     | 67/145 [00:26<00:32,  2.37it/s, loss=0.0739]
Ep   7 [train]:  46%|████▌     | 67/145 [00:27<00:32,  2.37it/s, loss=0.0795]
Ep   7 [train]:  47%|████▋     | 68/145 [00:27<00:40,  1.92it/s, loss=0.0795]
Ep   7 [train]:  47%|████▋     | 68/145 [00:27<00:40,  1.92it/s, loss=0.0770]
Ep   7 [train]:  48%|████▊     | 69/145 [00:27<00:31,  2.41it/s, loss=0.0770]
Ep   7 [train]:  48%|████▊     | 69/145 [00:28<00:31,  2.41it/s, loss=0.0717]
Ep   7 [train]:  48%|████▊     | 70/145 [00:28<00:39,  1.89it/s, loss=0.0717]
Ep   7 [train]:  48%|████▊     | 70/145 [00:28<00:39,  1.89it/s, loss=0.0784]
Ep   7 [train]:  49%|████▉     | 71/145 [00:28<00:31,  2.38it/s, loss=0.0784]
Ep   7 [train]:  49%|████▉     | 71/145 [00:29<00:31,  2.38it/s, loss=0.0975]
Ep   7 [train]:  50%|████▉     | 72/145 [00:29<00:41,  1.77it/s, loss=0.0975]
Ep   7 [train]:  50%|████▉     | 72/145 [00:29<00:41,  1.77it/s, loss=0.0779]
Ep   7 [train]:  50%|█████     | 73/145 [00:29<00:31,  2.28it/s, loss=0.0779]
Ep   7 [train]:  50%|█████     | 73/145 [00:30<00:31,  2.28it/s, loss=0.0733]
Ep   7 [train]:  51%|█████     | 74/145 [00:30<00:37,  1.91it/s, loss=0.0733]
Ep   7 [train]:  51%|█████     | 74/145 [00:30<00:37,  1.91it/s, loss=0.0850]
Ep   7 [train]:  52%|█████▏    | 75/145 [00:30<00:29,  2.41it/s, loss=0.0850]
Ep   7 [train]:  52%|█████▏    | 75/145 [00:31<00:29,  2.41it/s, loss=0.0745]
Ep   7 [train]:  52%|█████▏    | 76/145 [00:31<00:37,  1.82it/s, loss=0.0745]
Ep   7 [train]:  52%|█████▏    | 76/145 [00:31<00:37,  1.82it/s, loss=0.0845]
Ep   7 [train]:  53%|█████▎    | 77/145 [00:31<00:29,  2.30it/s, loss=0.0845]
Ep   7 [train]:  53%|█████▎    | 77/145 [00:32<00:29,  2.30it/s, loss=0.0811]
Ep   7 [train]:  54%|█████▍    | 78/145 [00:32<00:38,  1.75it/s, loss=0.0811]
Ep   7 [train]:  54%|█████▍    | 78/145 [00:32<00:38,  1.75it/s, loss=0.0820]
Ep   7 [train]:  54%|█████▍    | 79/145 [00:32<00:29,  2.27it/s, loss=0.0820]
Ep   7 [train]:  54%|█████▍    | 79/145 [00:33<00:29,  2.27it/s, loss=0.0811]
Ep   7 [train]:  55%|█████▌    | 80/145 [00:33<00:35,  1.83it/s, loss=0.0811]
Ep   7 [train]:  55%|█████▌    | 80/145 [00:33<00:35,  1.83it/s, loss=0.0843]
Ep   7 [train]:  56%|█████▌    | 81/145 [00:33<00:26,  2.40it/s, loss=0.0843]
Ep   7 [train]:  56%|█████▌    | 81/145 [00:34<00:26,  2.40it/s, loss=0.0829]
Ep   7 [train]:  57%|█████▋    | 82/145 [00:34<00:32,  1.91it/s, loss=0.0829]
Ep   7 [train]:  57%|█████▋    | 82/145 [00:34<00:32,  1.91it/s, loss=0.0875]
Ep   7 [train]:  57%|█████▋    | 83/145 [00:34<00:25,  2.41it/s, loss=0.0875]
Ep   7 [train]:  57%|█████▋    | 83/145 [00:35<00:25,  2.41it/s, loss=0.0876]
Ep   7 [train]:  58%|█████▊    | 84/145 [00:35<00:30,  1.97it/s, loss=0.0876]
Ep   7 [train]:  58%|█████▊    | 84/145 [00:35<00:30,  1.97it/s, loss=0.0799]
Ep   7 [train]:  59%|█████▊    | 85/145 [00:35<00:24,  2.48it/s, loss=0.0799]
Ep   7 [train]:  59%|█████▊    | 85/145 [00:36<00:24,  2.48it/s, loss=0.0764]
Ep   7 [train]:  59%|█████▉    | 86/145 [00:36<00:30,  1.95it/s, loss=0.0764]
Ep   7 [train]:  59%|█████▉    | 86/145 [00:36<00:30,  1.95it/s, loss=0.0801]
Ep   7 [train]:  60%|██████    | 87/145 [00:36<00:23,  2.45it/s, loss=0.0801]
Ep   7 [train]:  60%|██████    | 87/145 [00:37<00:23,  2.45it/s, loss=0.0872]
Ep   7 [train]:  61%|██████    | 88/145 [00:37<00:30,  1.89it/s, loss=0.0872]
Ep   7 [train]:  61%|██████    | 88/145 [00:37<00:30,  1.89it/s, loss=0.0851]
Ep   7 [train]:  61%|██████▏   | 89/145 [00:37<00:23,  2.37it/s, loss=0.0851]
Ep   7 [train]:  61%|██████▏   | 89/145 [00:37<00:23,  2.37it/s, loss=0.0746]
Ep   7 [train]:  62%|██████▏   | 90/145 [00:37<00:26,  2.05it/s, loss=0.0746]
Ep   7 [train]:  62%|██████▏   | 90/145 [00:38<00:26,  2.05it/s, loss=0.0839]
Ep   7 [train]:  63%|██████▎   | 91/145 [00:38<00:20,  2.65it/s, loss=0.0839]
Ep   7 [train]:  63%|██████▎   | 91/145 [00:38<00:20,  2.65it/s, loss=0.0841]
Ep   7 [train]:  63%|██████▎   | 92/145 [00:38<00:25,  2.04it/s, loss=0.0841]
Ep   7 [train]:  63%|██████▎   | 92/145 [00:38<00:25,  2.04it/s, loss=0.0754]
Ep   7 [train]:  64%|██████▍   | 93/145 [00:38<00:20,  2.59it/s, loss=0.0754]
Ep   7 [train]:  64%|██████▍   | 93/145 [00:39<00:20,  2.59it/s, loss=0.0967]
Ep   7 [train]:  65%|██████▍   | 94/145 [00:39<00:24,  2.08it/s, loss=0.0967]
Ep   7 [train]:  65%|██████▍   | 94/145 [00:39<00:24,  2.08it/s, loss=0.0908]
Ep   7 [train]:  66%|██████▌   | 95/145 [00:39<00:18,  2.69it/s, loss=0.0908]
Ep   7 [train]:  66%|██████▌   | 95/145 [00:40<00:18,  2.69it/s, loss=0.0774]
Ep   7 [train]:  66%|██████▌   | 96/145 [00:40<00:23,  2.07it/s, loss=0.0774]
Ep   7 [train]:  66%|██████▌   | 96/145 [00:40<00:23,  2.07it/s, loss=0.0702]
Ep   7 [train]:  67%|██████▋   | 97/145 [00:40<00:18,  2.56it/s, loss=0.0702]
Ep   7 [train]:  67%|██████▋   | 97/145 [00:41<00:18,  2.56it/s, loss=0.0891]
Ep   7 [train]:  68%|██████▊   | 98/145 [00:41<00:23,  2.01it/s, loss=0.0891]
Ep   7 [train]:  68%|██████▊   | 98/145 [00:41<00:23,  2.01it/s, loss=0.0890]
Ep   7 [train]:  68%|██████▊   | 99/145 [00:41<00:18,  2.50it/s, loss=0.0890]
Ep   7 [train]:  68%|██████▊   | 99/145 [00:42<00:18,  2.50it/s, loss=0.0788]
Ep   7 [train]:  69%|██████▉   | 100/145 [00:42<00:22,  1.97it/s, loss=0.0788]
Ep   7 [train]:  69%|██████▉   | 100/145 [00:42<00:22,  1.97it/s, loss=0.0815]
Ep   7 [train]:  70%|██████▉   | 101/145 [00:42<00:17,  2.50it/s, loss=0.0815]
Ep   7 [train]:  70%|██████▉   | 101/145 [00:43<00:17,  2.50it/s, loss=0.0825]
Ep   7 [train]:  70%|███████   | 102/145 [00:43<00:22,  1.95it/s, loss=0.0825]
Ep   7 [train]:  70%|███████   | 102/145 [00:43<00:22,  1.95it/s, loss=0.0876]
Ep   7 [train]:  71%|███████   | 103/145 [00:43<00:17,  2.46it/s, loss=0.0876]
Ep   7 [train]:  71%|███████   | 103/145 [00:44<00:17,  2.46it/s, loss=0.0747]
Ep   7 [train]:  72%|███████▏  | 104/145 [00:44<00:21,  1.93it/s, loss=0.0747]
Ep   7 [train]:  72%|███████▏  | 104/145 [00:44<00:21,  1.93it/s, loss=0.0831]
Ep   7 [train]:  72%|███████▏  | 105/145 [00:44<00:17,  2.35it/s, loss=0.0831]
Ep   7 [train]:  72%|███████▏  | 105/145 [00:45<00:17,  2.35it/s, loss=0.0856]
Ep   7 [train]:  73%|███████▎  | 106/145 [00:45<00:19,  2.04it/s, loss=0.0856]
Ep   7 [train]:  73%|███████▎  | 106/145 [00:45<00:19,  2.04it/s, loss=0.0701]
Ep   7 [train]:  74%|███████▍  | 107/145 [00:45<00:15,  2.53it/s, loss=0.0701]
Ep   7 [train]:  74%|███████▍  | 107/145 [00:45<00:15,  2.53it/s, loss=0.0807]
Ep   7 [train]:  74%|███████▍  | 108/145 [00:45<00:18,  2.02it/s, loss=0.0807]
Ep   7 [train]:  74%|███████▍  | 108/145 [00:46<00:18,  2.02it/s, loss=0.0768]
Ep   7 [train]:  75%|███████▌  | 109/145 [00:46<00:14,  2.50it/s, loss=0.0768]
Ep   7 [train]:  75%|███████▌  | 109/145 [00:46<00:14,  2.50it/s, loss=0.0983]
Ep   7 [train]:  76%|███████▌  | 110/145 [00:46<00:16,  2.12it/s, loss=0.0983]
Ep   7 [train]:  76%|███████▌  | 110/145 [00:46<00:16,  2.12it/s, loss=0.0826]
Ep   7 [train]:  77%|███████▋  | 111/145 [00:46<00:12,  2.67it/s, loss=0.0826]
Ep   7 [train]:  77%|███████▋  | 111/145 [00:47<00:12,  2.67it/s, loss=0.0834]
Ep   7 [train]:  77%|███████▋  | 112/145 [00:47<00:15,  2.09it/s, loss=0.0834]
Ep   7 [train]:  77%|███████▋  | 112/145 [00:47<00:15,  2.09it/s, loss=0.0780]
Ep   7 [train]:  78%|███████▊  | 113/145 [00:47<00:12,  2.64it/s, loss=0.0780]
Ep   7 [train]:  78%|███████▊  | 113/145 [00:48<00:12,  2.64it/s, loss=0.0788]
Ep   7 [train]:  79%|███████▊  | 114/145 [00:48<00:14,  2.11it/s, loss=0.0788]
Ep   7 [train]:  79%|███████▊  | 114/145 [00:48<00:14,  2.11it/s, loss=0.0873]
Ep   7 [train]:  79%|███████▉  | 115/145 [00:48<00:11,  2.58it/s, loss=0.0873]
Ep   7 [train]:  79%|███████▉  | 115/145 [00:49<00:11,  2.58it/s, loss=0.0765]
Ep   7 [train]:  80%|████████  | 116/145 [00:49<00:13,  2.09it/s, loss=0.0765]
Ep   7 [train]:  80%|████████  | 116/145 [00:49<00:13,  2.09it/s, loss=0.0840]
Ep   7 [train]:  81%|████████  | 117/145 [00:49<00:10,  2.67it/s, loss=0.0840]
Ep   7 [train]:  81%|████████  | 117/145 [00:50<00:10,  2.67it/s, loss=0.0754]
Ep   7 [train]:  81%|████████▏ | 118/145 [00:50<00:13,  2.07it/s, loss=0.0754]
Ep   7 [train]:  81%|████████▏ | 118/145 [00:50<00:13,  2.07it/s, loss=0.0757]
Ep   7 [train]:  82%|████████▏ | 119/145 [00:50<00:09,  2.66it/s, loss=0.0757]
Ep   7 [train]:  82%|████████▏ | 119/145 [00:51<00:09,  2.66it/s, loss=0.0793]
Ep   7 [train]:  83%|████████▎ | 120/145 [00:51<00:11,  2.13it/s, loss=0.0793]
Ep   7 [train]:  83%|████████▎ | 120/145 [00:51<00:11,  2.13it/s, loss=0.0743]
Ep   7 [train]:  83%|████████▎ | 121/145 [00:51<00:09,  2.65it/s, loss=0.0743]
Ep   7 [train]:  83%|████████▎ | 121/145 [00:51<00:09,  2.65it/s, loss=0.0797]
Ep   7 [train]:  84%|████████▍ | 122/145 [00:51<00:10,  2.10it/s, loss=0.0797]
Ep   7 [train]:  84%|████████▍ | 122/145 [00:52<00:10,  2.10it/s, loss=0.0776]
Ep   7 [train]:  85%|████████▍ | 123/145 [00:52<00:08,  2.59it/s, loss=0.0776]
Ep   7 [train]:  85%|████████▍ | 123/145 [00:52<00:08,  2.59it/s, loss=0.0789]
Ep   7 [train]:  86%|████████▌ | 124/145 [00:52<00:10,  1.99it/s, loss=0.0789]
Ep   7 [train]:  86%|████████▌ | 124/145 [00:52<00:10,  1.99it/s, loss=0.0824]
Ep   7 [train]:  86%|████████▌ | 125/145 [00:52<00:07,  2.58it/s, loss=0.0824]
Ep   7 [train]:  86%|████████▌ | 125/145 [00:53<00:07,  2.58it/s, loss=0.0845]
Ep   7 [train]:  87%|████████▋ | 126/145 [00:53<00:09,  2.04it/s, loss=0.0845]
Ep   7 [train]:  87%|████████▋ | 126/145 [00:53<00:09,  2.04it/s, loss=0.0887]
Ep   7 [train]:  88%|████████▊ | 127/145 [00:53<00:06,  2.65it/s, loss=0.0887]
Ep   7 [train]:  88%|████████▊ | 127/145 [00:54<00:06,  2.65it/s, loss=0.0864]
Ep   7 [train]:  88%|████████▊ | 128/145 [00:54<00:08,  2.02it/s, loss=0.0864]
Ep   7 [train]:  88%|████████▊ | 128/145 [00:54<00:08,  2.02it/s, loss=0.0778]
Ep   7 [train]:  89%|████████▉ | 129/145 [00:54<00:06,  2.40it/s, loss=0.0778]
Ep   7 [train]:  89%|████████▉ | 129/145 [00:55<00:06,  2.40it/s, loss=0.0782]
Ep   7 [train]:  90%|████████▉ | 130/145 [00:55<00:07,  2.01it/s, loss=0.0782]
Ep   7 [train]:  90%|████████▉ | 130/145 [00:55<00:07,  2.01it/s, loss=0.0801]
Ep   7 [train]:  90%|█████████ | 131/145 [00:55<00:05,  2.50it/s, loss=0.0801]
Ep   7 [train]:  90%|█████████ | 131/145 [00:56<00:05,  2.50it/s, loss=0.0817]
Ep   7 [train]:  91%|█████████ | 132/145 [00:56<00:06,  2.04it/s, loss=0.0817]
Ep   7 [train]:  91%|█████████ | 132/145 [00:56<00:06,  2.04it/s, loss=0.0737]
Ep   7 [train]:  92%|█████████▏| 133/145 [00:56<00:04,  2.62it/s, loss=0.0737]
Ep   7 [train]:  92%|█████████▏| 133/145 [00:57<00:04,  2.62it/s, loss=0.0830]
Ep   7 [train]:  92%|█████████▏| 134/145 [00:57<00:05,  2.10it/s, loss=0.0830]
Ep   7 [train]:  92%|█████████▏| 134/145 [00:57<00:05,  2.10it/s, loss=0.0850]
Ep   7 [train]:  93%|█████████▎| 135/145 [00:57<00:03,  2.64it/s, loss=0.0850]
Ep   7 [train]:  93%|█████████▎| 135/145 [00:58<00:03,  2.64it/s, loss=0.0775]
Ep   7 [train]:  94%|█████████▍| 136/145 [00:58<00:04,  2.00it/s, loss=0.0775]
Ep   7 [train]:  94%|█████████▍| 136/145 [00:58<00:04,  2.00it/s, loss=0.0734]
Ep   7 [train]:  94%|█████████▍| 137/145 [00:58<00:03,  2.43it/s, loss=0.0734]
Ep   7 [train]:  94%|█████████▍| 137/145 [00:59<00:03,  2.43it/s, loss=0.0797]
Ep   7 [train]:  95%|█████████▌| 138/145 [00:59<00:03,  2.00it/s, loss=0.0797]
Ep   7 [train]:  95%|█████████▌| 138/145 [00:59<00:03,  2.00it/s, loss=0.0812]
Ep   7 [train]:  96%|█████████▌| 139/145 [00:59<00:02,  2.52it/s, loss=0.0812]
Ep   7 [train]:  96%|█████████▌| 139/145 [00:59<00:02,  2.52it/s, loss=0.0813]
Ep   7 [train]:  97%|█████████▋| 140/145 [00:59<00:02,  1.98it/s, loss=0.0813]
Ep   7 [train]:  97%|█████████▋| 140/145 [01:00<00:02,  1.98it/s, loss=0.0776]
Ep   7 [train]:  97%|█████████▋| 141/145 [01:00<00:01,  2.46it/s, loss=0.0776]
Ep   7 [train]:  97%|█████████▋| 141/145 [01:00<00:01,  2.46it/s, loss=0.0790]
Ep   7 [train]:  98%|█████████▊| 142/145 [01:00<00:01,  2.10it/s, loss=0.0790]
Ep   7 [train]:  98%|█████████▊| 142/145 [01:00<00:01,  2.10it/s, loss=0.0771]
Ep   7 [train]:  99%|█████████▊| 143/145 [01:00<00:00,  2.68it/s, loss=0.0771]
Ep   7 [train]:  99%|█████████▊| 143/145 [01:01<00:00,  2.68it/s, loss=0.0748]
Ep   7 [train]:  99%|█████████▉| 144/145 [01:01<00:00,  2.08it/s, loss=0.0748]
Ep   7 [train]:  99%|█████████▉| 144/145 [01:01<00:00,  2.08it/s, loss=0.0781]
Ep   7 [train]: 100%|██████████| 145/145 [01:01<00:00,  2.63it/s, loss=0.0781]
                                                                              
  Ep   7 [train]  loss=0.0812  rmse_c=0.2403  mae_c=0.2168  r2_c=0.007  rmse_h=0.3249  mae_h=0.2445  r2_h=0.389  sup=0.320

Ep   7 [val  ]:   0%|          | 0/39 [00:00<?, ?it/s]
Ep   7 [val  ]:   0%|          | 0/39 [00:01<?, ?it/s, loss=0.1031]
Ep   7 [val  ]:   3%|▎         | 1/39 [00:01<00:47,  1.24s/it, loss=0.1031]
Ep   7 [val  ]:   3%|▎         | 1/39 [00:01<00:47,  1.24s/it, loss=0.0996]
Ep   7 [val  ]:   5%|▌         | 2/39 [00:01<00:21,  1.73it/s, loss=0.0996]
Ep   7 [val  ]:   5%|▌         | 2/39 [00:02<00:21,  1.73it/s, loss=0.0834]
Ep   7 [val  ]:   8%|▊         | 3/39 [00:02<00:25,  1.44it/s, loss=0.0834]
Ep   7 [val  ]:   8%|▊         | 3/39 [00:02<00:25,  1.44it/s, loss=0.0767]
Ep   7 [val  ]:   8%|▊         | 3/39 [00:03<00:25,  1.44it/s, loss=0.0829]
Ep   7 [val  ]:  13%|█▎        | 5/39 [00:03<00:19,  1.71it/s, loss=0.0829]
Ep   7 [val  ]:  13%|█▎        | 5/39 [00:03<00:19,  1.71it/s, loss=0.0848]
Ep   7 [val  ]:  13%|█▎        | 5/39 [00:04<00:19,  1.71it/s, loss=0.0836]
Ep   7 [val  ]:  18%|█▊        | 7/39 [00:04<00:16,  1.94it/s, loss=0.0836]
Ep   7 [val  ]:  18%|█▊        | 7/39 [00:04<00:16,  1.94it/s, loss=0.0781]
Ep   7 [val  ]:  18%|█▊        | 7/39 [00:04<00:16,  1.94it/s, loss=0.0798]
Ep   7 [val  ]:  23%|██▎       | 9/39 [00:04<00:14,  2.02it/s, loss=0.0798]
Ep   7 [val  ]:  23%|██▎       | 9/39 [00:05<00:14,  2.02it/s, loss=0.0764]
Ep   7 [val  ]:  26%|██▌       | 10/39 [00:05<00:11,  2.44it/s, loss=0.0764]
Ep   7 [val  ]:  26%|██▌       | 10/39 [00:05<00:11,  2.44it/s, loss=0.0772]
Ep   7 [val  ]:  28%|██▊       | 11/39 [00:05<00:13,  2.03it/s, loss=0.0772]
Ep   7 [val  ]:  28%|██▊       | 11/39 [00:05<00:13,  2.03it/s, loss=0.0787]
Ep   7 [val  ]:  28%|██▊       | 11/39 [00:06<00:13,  2.03it/s, loss=0.0812]
Ep   7 [val  ]:  33%|███▎      | 13/39 [00:06<00:12,  2.04it/s, loss=0.0812]
Ep   7 [val  ]:  33%|███▎      | 13/39 [00:06<00:12,  2.04it/s, loss=0.0898]
Ep   7 [val  ]:  33%|███▎      | 13/39 [00:07<00:12,  2.04it/s, loss=0.1005]
Ep   7 [val  ]:  38%|███▊      | 15/39 [00:07<00:11,  2.11it/s, loss=0.1005]
Ep   7 [val  ]:  38%|███▊      | 15/39 [00:07<00:11,  2.11it/s, loss=0.1008]
Ep   7 [val  ]:  38%|███▊      | 15/39 [00:08<00:11,  2.11it/s, loss=0.1003]
Ep   7 [val  ]:  44%|████▎     | 17/39 [00:08<00:10,  2.12it/s, loss=0.1003]
Ep   7 [val  ]:  44%|████▎     | 17/39 [00:08<00:10,  2.12it/s, loss=0.0974]
Ep   7 [val  ]:  44%|████▎     | 17/39 [00:09<00:10,  2.12it/s, loss=0.0914]
Ep   7 [val  ]:  49%|████▊     | 19/39 [00:09<00:09,  2.11it/s, loss=0.0914]
Ep   7 [val  ]:  49%|████▊     | 19/39 [00:09<00:09,  2.11it/s, loss=0.0682]
Ep   7 [val  ]:  49%|████▊     | 19/39 [00:10<00:09,  2.11it/s, loss=0.0601]
Ep   7 [val  ]:  54%|█████▍    | 21/39 [00:10<00:08,  2.10it/s, loss=0.0601]
Ep   7 [val  ]:  54%|█████▍    | 21/39 [00:10<00:08,  2.10it/s, loss=0.0685]
Ep   7 [val  ]:  54%|█████▍    | 21/39 [00:11<00:08,  2.10it/s, loss=0.0649]
Ep   7 [val  ]:  59%|█████▉    | 23/39 [00:11<00:07,  2.12it/s, loss=0.0649]
Ep   7 [val  ]:  59%|█████▉    | 23/39 [00:11<00:07,  2.12it/s, loss=0.0679]
Ep   7 [val  ]:  59%|█████▉    | 23/39 [00:12<00:07,  2.12it/s, loss=0.0695]
Ep   7 [val  ]:  64%|██████▍   | 25/39 [00:12<00:06,  2.09it/s, loss=0.0695]
Ep   7 [val  ]:  64%|██████▍   | 25/39 [00:12<00:06,  2.09it/s, loss=0.0780]
Ep   7 [val  ]:  64%|██████▍   | 25/39 [00:13<00:06,  2.09it/s, loss=0.0933]
Ep   7 [val  ]:  69%|██████▉   | 27/39 [00:13<00:05,  2.14it/s, loss=0.0933]
Ep   7 [val  ]:  69%|██████▉   | 27/39 [00:13<00:05,  2.14it/s, loss=0.1357]
Ep   7 [val  ]:  69%|██████▉   | 27/39 [00:14<00:05,  2.14it/s, loss=0.1035]
Ep   7 [val  ]:  74%|███████▍  | 29/39 [00:14<00:04,  2.16it/s, loss=0.1035]
Ep   7 [val  ]:  74%|███████▍  | 29/39 [00:14<00:04,  2.16it/s, loss=0.0912]
Ep   7 [val  ]:  74%|███████▍  | 29/39 [00:15<00:04,  2.16it/s, loss=0.0768]
Ep   7 [val  ]:  79%|███████▉  | 31/39 [00:15<00:03,  2.11it/s, loss=0.0768]
Ep   7 [val  ]:  79%|███████▉  | 31/39 [00:15<00:03,  2.11it/s, loss=0.0759]
Ep   7 [val  ]:  79%|███████▉  | 31/39 [00:16<00:03,  2.11it/s, loss=0.0793]
Ep   7 [val  ]:  85%|████████▍ | 33/39 [00:16<00:02,  2.10it/s, loss=0.0793]
Ep   7 [val  ]:  85%|████████▍ | 33/39 [00:16<00:02,  2.10it/s, loss=0.0751]
Ep   7 [val  ]:  85%|████████▍ | 33/39 [00:17<00:02,  2.10it/s, loss=0.0773]
Ep   7 [val  ]:  90%|████████▉ | 35/39 [00:17<00:01,  2.04it/s, loss=0.0773]
Ep   7 [val  ]:  90%|████████▉ | 35/39 [00:17<00:01,  2.04it/s, loss=0.0741]
Ep   7 [val  ]:  90%|████████▉ | 35/39 [00:18<00:01,  2.04it/s, loss=0.0750]
Ep   7 [val  ]:  95%|█████████▍| 37/39 [00:18<00:00,  2.07it/s, loss=0.0750]
Ep   7 [val  ]:  95%|█████████▍| 37/39 [00:18<00:00,  2.07it/s, loss=0.0646]
Ep   7 [val  ]:  95%|█████████▍| 37/39 [00:18<00:00,  2.07it/s, loss=0.0785]
Ep   7 [val  ]: 100%|██████████| 39/39 [00:18<00:00,  2.82it/s, loss=0.0785]
                                                                            
  Ep   7 [val  ]  loss=0.0832  rmse_c=0.2447  mae_c=0.2199  r2_c=0.016  rmse_h=0.3246  mae_h=0.2383  r2_h=0.344  sup=0.308

Ep   8 [train]:   0%|          | 0/145 [00:00<?, ?it/s]
Ep   8 [train]:   0%|          | 0/145 [00:01<?, ?it/s, loss=0.0793]
Ep   8 [train]:   1%|          | 1/145 [00:01<02:26,  1.02s/it, loss=0.0793]
Ep   8 [train]:   1%|          | 1/145 [00:01<02:26,  1.02s/it, loss=0.0961]
Ep   8 [train]:   1%|▏         | 2/145 [00:01<01:11,  2.01it/s, loss=0.0961]
Ep   8 [train]:   1%|▏         | 2/145 [00:01<01:11,  2.01it/s, loss=0.0802]
Ep   8 [train]:   2%|▏         | 3/145 [00:01<01:16,  1.85it/s, loss=0.0802]
Ep   8 [train]:   2%|▏         | 3/145 [00:01<01:16,  1.85it/s, loss=0.0779]
Ep   8 [train]:   3%|▎         | 4/145 [00:01<00:52,  2.66it/s, loss=0.0779]
Ep   8 [train]:   3%|▎         | 4/145 [00:02<00:52,  2.66it/s, loss=0.0806]
Ep   8 [train]:   3%|▎         | 5/145 [00:02<01:05,  2.15it/s, loss=0.0806]
Ep   8 [train]:   3%|▎         | 5/145 [00:02<01:05,  2.15it/s, loss=0.0744]
Ep   8 [train]:   4%|▍         | 6/145 [00:02<00:49,  2.79it/s, loss=0.0744]
Ep   8 [train]:   4%|▍         | 6/145 [00:03<00:49,  2.79it/s, loss=0.1001]
Ep   8 [train]:   5%|▍         | 7/145 [00:03<01:00,  2.30it/s, loss=0.1001]
Ep   8 [train]:   5%|▍         | 7/145 [00:03<01:00,  2.30it/s, loss=0.0908]
Ep   8 [train]:   6%|▌         | 8/145 [00:03<00:46,  2.96it/s, loss=0.0908]
Ep   8 [train]:   6%|▌         | 8/145 [00:04<00:46,  2.96it/s, loss=0.0763]
Ep   8 [train]:   6%|▌         | 9/145 [00:04<00:58,  2.32it/s, loss=0.0763]
Ep   8 [train]:   6%|▌         | 9/145 [00:04<00:58,  2.32it/s, loss=0.0935]
Ep   8 [train]:   7%|▋         | 10/145 [00:04<00:47,  2.84it/s, loss=0.0935]
Ep   8 [train]:   7%|▋         | 10/145 [00:04<00:47,  2.84it/s, loss=0.0854]
Ep   8 [train]:   8%|▊         | 11/145 [00:04<00:52,  2.54it/s, loss=0.0854]
Ep   8 [train]:   8%|▊         | 11/145 [00:04<00:52,  2.54it/s, loss=0.0784]
Ep   8 [train]:   8%|▊         | 12/145 [00:04<00:41,  3.21it/s, loss=0.0784]
Ep   8 [train]:   8%|▊         | 12/145 [00:05<00:41,  3.21it/s, loss=0.0815]
Ep   8 [train]:   9%|▉         | 13/145 [00:05<00:52,  2.51it/s, loss=0.0815]
Ep   8 [train]:   9%|▉         | 13/145 [00:05<00:52,  2.51it/s, loss=0.0746]
Ep   8 [train]:  10%|▉         | 14/145 [00:05<00:42,  3.10it/s, loss=0.0746]
Ep   8 [train]:  10%|▉         | 14/145 [00:06<00:42,  3.10it/s, loss=0.0780]
Ep   8 [train]:  10%|█         | 15/145 [00:06<00:51,  2.51it/s, loss=0.0780]
Ep   8 [train]:  10%|█         | 15/145 [00:06<00:51,  2.51it/s, loss=0.0767]
Ep   8 [train]:  11%|█         | 16/145 [00:06<00:42,  3.00it/s, loss=0.0767]
Ep   8 [train]:  11%|█         | 16/145 [00:06<00:42,  3.00it/s, loss=0.0778]
Ep   8 [train]:  12%|█▏        | 17/145 [00:06<00:51,  2.47it/s, loss=0.0778]
Ep   8 [train]:  12%|█▏        | 17/145 [00:07<00:51,  2.47it/s, loss=0.0922]
Ep   8 [train]:  12%|█▏        | 18/145 [00:07<00:49,  2.57it/s, loss=0.0922]
Ep   8 [train]:  12%|█▏        | 18/145 [00:07<00:49,  2.57it/s, loss=0.0844]
Ep   8 [train]:  13%|█▎        | 19/145 [00:07<00:48,  2.57it/s, loss=0.0844]
Ep   8 [train]:  13%|█▎        | 19/145 [00:08<00:48,  2.57it/s, loss=0.0782]
Ep   8 [train]:  14%|█▍        | 20/145 [00:08<00:52,  2.36it/s, loss=0.0782]
Ep   8 [train]:  14%|█▍        | 20/145 [00:08<00:52,  2.36it/s, loss=0.0844]
Ep   8 [train]:  14%|█▍        | 21/145 [00:08<00:43,  2.85it/s, loss=0.0844]
Ep   8 [train]:  14%|█▍        | 21/145 [00:09<00:43,  2.85it/s, loss=0.0743]
Ep   8 [train]:  15%|█▌        | 22/145 [00:09<00:57,  2.13it/s, loss=0.0743]
Ep   8 [train]:  15%|█▌        | 22/145 [00:09<00:57,  2.13it/s, loss=0.0781]
Ep   8 [train]:  16%|█▌        | 23/145 [00:09<00:45,  2.71it/s, loss=0.0781]
Ep   8 [train]:  16%|█▌        | 23/145 [00:09<00:45,  2.71it/s, loss=0.0813]
Ep   8 [train]:  17%|█▋        | 24/145 [00:09<00:58,  2.06it/s, loss=0.0813]
Ep   8 [train]:  17%|█▋        | 24/145 [00:10<00:58,  2.06it/s, loss=0.0802]
Ep   8 [train]:  17%|█▋        | 25/145 [00:10<00:46,  2.58it/s, loss=0.0802]
Ep   8 [train]:  17%|█▋        | 25/145 [00:10<00:46,  2.58it/s, loss=0.0804]
Ep   8 [train]:  18%|█▊        | 26/145 [00:10<00:59,  1.99it/s, loss=0.0804]
Ep   8 [train]:  18%|█▊        | 26/145 [00:10<00:59,  1.99it/s, loss=0.0952]
Ep   8 [train]:  19%|█▊        | 27/145 [00:10<00:46,  2.54it/s, loss=0.0952]
Ep   8 [train]:  19%|█▊        | 27/145 [00:11<00:46,  2.54it/s, loss=0.0837]
Ep   8 [train]:  19%|█▉        | 28/145 [00:11<01:00,  1.93it/s, loss=0.0837]
Ep   8 [train]:  19%|█▉        | 28/145 [00:12<01:00,  1.93it/s, loss=0.0731]
Ep   8 [train]:  20%|██        | 29/145 [00:12<00:50,  2.31it/s, loss=0.0731]
Ep   8 [train]:  20%|██        | 29/145 [00:12<00:50,  2.31it/s, loss=0.0743]
Ep   8 [train]:  21%|██        | 30/145 [00:12<00:59,  1.95it/s, loss=0.0743]
Ep   8 [train]:  21%|██        | 30/145 [00:12<00:59,  1.95it/s, loss=0.0803]
Ep   8 [train]:  21%|██▏       | 31/145 [00:12<00:49,  2.31it/s, loss=0.0803]
Ep   8 [train]:  21%|██▏       | 31/145 [00:13<00:49,  2.31it/s, loss=0.0773]
Ep   8 [train]:  22%|██▏       | 32/145 [00:13<00:59,  1.90it/s, loss=0.0773]
Ep   8 [train]:  22%|██▏       | 32/145 [00:13<00:59,  1.90it/s, loss=0.0796]
Ep   8 [train]:  23%|██▎       | 33/145 [00:13<00:47,  2.36it/s, loss=0.0796]
Ep   8 [train]:  23%|██▎       | 33/145 [00:14<00:47,  2.36it/s, loss=0.0806]
Ep   8 [train]:  23%|██▎       | 34/145 [00:14<00:56,  1.97it/s, loss=0.0806]
Ep   8 [train]:  23%|██▎       | 34/145 [00:14<00:56,  1.97it/s, loss=0.0773]
Ep   8 [train]:  24%|██▍       | 35/145 [00:14<00:44,  2.46it/s, loss=0.0773]
Ep   8 [train]:  24%|██▍       | 35/145 [00:15<00:44,  2.46it/s, loss=0.0748]
Ep   8 [train]:  25%|██▍       | 36/145 [00:15<00:55,  1.95it/s, loss=0.0748]
Ep   8 [train]:  25%|██▍       | 36/145 [00:15<00:55,  1.95it/s, loss=0.0894]
Ep   8 [train]:  26%|██▌       | 37/145 [00:15<00:44,  2.43it/s, loss=0.0894]
Ep   8 [train]:  26%|██▌       | 37/145 [00:16<00:44,  2.43it/s, loss=0.0729]
Ep   8 [train]:  26%|██▌       | 38/145 [00:16<00:55,  1.92it/s, loss=0.0729]
Ep   8 [train]:  26%|██▌       | 38/145 [00:16<00:55,  1.92it/s, loss=0.0795]
Ep   8 [train]:  27%|██▋       | 39/145 [00:16<00:43,  2.45it/s, loss=0.0795]
Ep   8 [train]:  27%|██▋       | 39/145 [00:17<00:43,  2.45it/s, loss=0.0749]
Ep   8 [train]:  28%|██▊       | 40/145 [00:17<00:54,  1.91it/s, loss=0.0749]
Ep   8 [train]:  28%|██▊       | 40/145 [00:17<00:54,  1.91it/s, loss=0.0784]
Ep   8 [train]:  28%|██▊       | 41/145 [00:17<00:43,  2.40it/s, loss=0.0784]
Ep   8 [train]:  28%|██▊       | 41/145 [00:18<00:43,  2.40it/s, loss=0.0803]
Ep   8 [train]:  29%|██▉       | 42/145 [00:18<00:47,  2.16it/s, loss=0.0803]
Ep   8 [train]:  29%|██▉       | 42/145 [00:18<00:47,  2.16it/s, loss=0.0953]
Ep   8 [train]:  30%|██▉       | 43/145 [00:18<00:36,  2.78it/s, loss=0.0953]
Ep   8 [train]:  30%|██▉       | 43/145 [00:18<00:36,  2.78it/s, loss=0.0781]
Ep   8 [train]:  30%|███       | 44/145 [00:18<00:44,  2.27it/s, loss=0.0781]
Ep   8 [train]:  30%|███       | 44/145 [00:19<00:44,  2.27it/s, loss=0.0920]
Ep   8 [train]:  31%|███       | 45/145 [00:19<00:34,  2.90it/s, loss=0.0920]
Ep   8 [train]:  31%|███       | 45/145 [00:19<00:34,  2.90it/s, loss=0.0776]
Ep   8 [train]:  32%|███▏      | 46/145 [00:19<00:45,  2.20it/s, loss=0.0776]
Ep   8 [train]:  32%|███▏      | 46/145 [00:19<00:45,  2.20it/s, loss=0.0817]
Ep   8 [train]:  32%|███▏      | 47/145 [00:19<00:35,  2.80it/s, loss=0.0817]
Ep   8 [train]:  32%|███▏      | 47/145 [00:20<00:35,  2.80it/s, loss=0.0753]
Ep   8 [train]:  33%|███▎      | 48/145 [00:20<00:43,  2.25it/s, loss=0.0753]
Ep   8 [train]:  33%|███▎      | 48/145 [00:20<00:43,  2.25it/s, loss=0.0847]
Ep   8 [train]:  34%|███▍      | 49/145 [00:20<00:34,  2.80it/s, loss=0.0847]
Ep   8 [train]:  34%|███▍      | 49/145 [00:21<00:34,  2.80it/s, loss=0.0732]
Ep   8 [train]:  34%|███▍      | 50/145 [00:21<00:43,  2.20it/s, loss=0.0732]
Ep   8 [train]:  34%|███▍      | 50/145 [00:21<00:43,  2.20it/s, loss=0.0838]
Ep   8 [train]:  35%|███▌      | 51/145 [00:21<00:33,  2.78it/s, loss=0.0838]
Ep   8 [train]:  35%|███▌      | 51/145 [00:22<00:33,  2.78it/s, loss=0.0725]
Ep   8 [train]:  36%|███▌      | 52/145 [00:22<00:41,  2.23it/s, loss=0.0725]
Ep   8 [train]:  36%|███▌      | 52/145 [00:22<00:41,  2.23it/s, loss=0.0795]
Ep   8 [train]:  37%|███▋      | 53/145 [00:22<00:33,  2.79it/s, loss=0.0795]
Ep   8 [train]:  37%|███▋      | 53/145 [00:22<00:33,  2.79it/s, loss=0.0828]
Ep   8 [train]:  37%|███▋      | 54/145 [00:22<00:38,  2.34it/s, loss=0.0828]
Ep   8 [train]:  37%|███▋      | 54/145 [00:23<00:38,  2.34it/s, loss=0.0725]
Ep   8 [train]:  38%|███▊      | 55/145 [00:23<00:30,  2.94it/s, loss=0.0725]
Ep   8 [train]:  38%|███▊      | 55/145 [00:23<00:30,  2.94it/s, loss=0.0779]
Ep   8 [train]:  39%|███▊      | 56/145 [00:23<00:38,  2.33it/s, loss=0.0779]
Ep   8 [train]:  39%|███▊      | 56/145 [00:23<00:38,  2.33it/s, loss=0.0829]
Ep   8 [train]:  39%|███▉      | 57/145 [00:23<00:30,  2.93it/s, loss=0.0829]
Ep   8 [train]:  39%|███▉      | 57/145 [00:24<00:30,  2.93it/s, loss=0.0799]
Ep   8 [train]:  40%|████      | 58/145 [00:24<00:39,  2.18it/s, loss=0.0799]
Ep   8 [train]:  40%|████      | 58/145 [00:24<00:39,  2.18it/s, loss=0.0804]
Ep   8 [train]:  41%|████      | 59/145 [00:24<00:31,  2.76it/s, loss=0.0804]
Ep   8 [train]:  41%|████      | 59/145 [00:25<00:31,  2.76it/s, loss=0.0800]
Ep   8 [train]:  41%|████▏     | 60/145 [00:25<00:38,  2.20it/s, loss=0.0800]
Ep   8 [train]:  41%|████▏     | 60/145 [00:25<00:38,  2.20it/s, loss=0.0756]
Ep   8 [train]:  42%|████▏     | 61/145 [00:25<00:30,  2.78it/s, loss=0.0756]
Ep   8 [train]:  42%|████▏     | 61/145 [00:26<00:30,  2.78it/s, loss=0.0764]
Ep   8 [train]:  43%|████▎     | 62/145 [00:26<00:37,  2.21it/s, loss=0.0764]
Ep   8 [train]:  43%|████▎     | 62/145 [00:26<00:37,  2.21it/s, loss=0.0817]
Ep   8 [train]:  43%|████▎     | 63/145 [00:26<00:29,  2.75it/s, loss=0.0817]
Ep   8 [train]:  43%|████▎     | 63/145 [00:27<00:29,  2.75it/s, loss=0.0778]
Ep   8 [train]:  44%|████▍     | 64/145 [00:27<00:37,  2.16it/s, loss=0.0778]
Ep   8 [train]:  44%|████▍     | 64/145 [00:27<00:37,  2.16it/s, loss=0.0782]
Ep   8 [train]:  45%|████▍     | 65/145 [00:27<00:29,  2.74it/s, loss=0.0782]
Ep   8 [train]:  45%|████▍     | 65/145 [00:27<00:29,  2.74it/s, loss=0.0792]
Ep   8 [train]:  46%|████▌     | 66/145 [00:27<00:37,  2.12it/s, loss=0.0792]
Ep   8 [train]:  46%|████▌     | 66/145 [00:28<00:37,  2.12it/s, loss=0.0776]
Ep   8 [train]:  46%|████▌     | 67/145 [00:28<00:29,  2.68it/s, loss=0.0776]
Ep   8 [train]:  46%|████▌     | 67/145 [00:28<00:29,  2.68it/s, loss=0.0862]
Ep   8 [train]:  47%|████▋     | 68/145 [00:28<00:38,  1.99it/s, loss=0.0862]
Ep   8 [train]:  47%|████▋     | 68/145 [00:28<00:38,  1.99it/s, loss=0.0870]
Ep   8 [train]:  48%|████▊     | 69/145 [00:28<00:30,  2.47it/s, loss=0.0870]
Ep   8 [train]:  48%|████▊     | 69/145 [00:29<00:30,  2.47it/s, loss=0.0737]
Ep   8 [train]:  48%|████▊     | 70/145 [00:29<00:37,  2.00it/s, loss=0.0737]
Ep   8 [train]:  48%|████▊     | 70/145 [00:29<00:37,  2.00it/s, loss=0.0735]
Ep   8 [train]:  49%|████▉     | 71/145 [00:29<00:29,  2.55it/s, loss=0.0735]
Ep   8 [train]:  49%|████▉     | 71/145 [00:30<00:29,  2.55it/s, loss=0.0813]
Ep   8 [train]:  50%|████▉     | 72/145 [00:30<00:36,  2.02it/s, loss=0.0813]
Ep   8 [train]:  50%|████▉     | 72/145 [00:30<00:36,  2.02it/s, loss=0.0793]
Ep   8 [train]:  50%|█████     | 73/145 [00:30<00:27,  2.58it/s, loss=0.0793]
Ep   8 [train]:  50%|█████     | 73/145 [00:31<00:27,  2.58it/s, loss=0.0936]
Ep   8 [train]:  51%|█████     | 74/145 [00:31<00:33,  2.11it/s, loss=0.0936]
Ep   8 [train]:  51%|█████     | 74/145 [00:31<00:33,  2.11it/s, loss=0.0884]
Ep   8 [train]:  52%|█████▏    | 75/145 [00:31<00:26,  2.61it/s, loss=0.0884]
Ep   8 [train]:  52%|█████▏    | 75/145 [00:32<00:26,  2.61it/s, loss=0.0798]
Ep   8 [train]:  52%|█████▏    | 76/145 [00:32<00:33,  2.07it/s, loss=0.0798]
Ep   8 [train]:  52%|█████▏    | 76/145 [00:32<00:33,  2.07it/s, loss=0.0848]
Ep   8 [train]:  53%|█████▎    | 77/145 [00:32<00:26,  2.61it/s, loss=0.0848]
Ep   8 [train]:  53%|█████▎    | 77/145 [00:33<00:26,  2.61it/s, loss=0.0834]
Ep   8 [train]:  54%|█████▍    | 78/145 [00:33<00:32,  2.04it/s, loss=0.0834]
Ep   8 [train]:  54%|█████▍    | 78/145 [00:33<00:32,  2.04it/s, loss=0.0778]
Ep   8 [train]:  54%|█████▍    | 79/145 [00:33<00:25,  2.60it/s, loss=0.0778]
Ep   8 [train]:  54%|█████▍    | 79/145 [00:34<00:25,  2.60it/s, loss=0.0782]
Ep   8 [train]:  55%|█████▌    | 80/145 [00:34<00:32,  2.01it/s, loss=0.0782]
Ep   8 [train]:  55%|█████▌    | 80/145 [00:34<00:32,  2.01it/s, loss=0.0811]
Ep   8 [train]:  56%|█████▌    | 81/145 [00:34<00:25,  2.55it/s, loss=0.0811]
Ep   8 [train]:  56%|█████▌    | 81/145 [00:34<00:25,  2.55it/s, loss=0.0839]
Ep   8 [train]:  57%|█████▋    | 82/145 [00:34<00:30,  2.04it/s, loss=0.0839]
Ep   8 [train]:  57%|█████▋    | 82/145 [00:35<00:30,  2.04it/s, loss=0.0865]
Ep   8 [train]:  57%|█████▋    | 83/145 [00:35<00:23,  2.59it/s, loss=0.0865]
Ep   8 [train]:  57%|█████▋    | 83/145 [00:35<00:23,  2.59it/s, loss=0.0809]
Ep   8 [train]:  58%|█████▊    | 84/145 [00:35<00:30,  2.02it/s, loss=0.0809]
Ep   8 [train]:  58%|█████▊    | 84/145 [00:36<00:30,  2.02it/s, loss=0.0768]
Ep   8 [train]:  59%|█████▊    | 85/145 [00:36<00:23,  2.51it/s, loss=0.0768]
Ep   8 [train]:  59%|█████▊    | 85/145 [00:36<00:23,  2.51it/s, loss=0.0881]
Ep   8 [train]:  59%|█████▉    | 86/145 [00:36<00:29,  1.98it/s, loss=0.0881]
Ep   8 [train]:  59%|█████▉    | 86/145 [00:36<00:29,  1.98it/s, loss=0.0906]
Ep   8 [train]:  60%|██████    | 87/145 [00:36<00:23,  2.44it/s, loss=0.0906]
Ep   8 [train]:  60%|██████    | 87/145 [00:37<00:23,  2.44it/s, loss=0.0771]
Ep   8 [train]:  61%|██████    | 88/145 [00:37<00:27,  2.07it/s, loss=0.0771]
Ep   8 [train]:  61%|██████    | 88/145 [00:37<00:27,  2.07it/s, loss=0.0737]
Ep   8 [train]:  61%|██████▏   | 89/145 [00:37<00:21,  2.61it/s, loss=0.0737]
Ep   8 [train]:  61%|██████▏   | 89/145 [00:38<00:21,  2.61it/s, loss=0.0771]
Ep   8 [train]:  62%|██████▏   | 90/145 [00:38<00:26,  2.08it/s, loss=0.0771]
Ep   8 [train]:  62%|██████▏   | 90/145 [00:38<00:26,  2.08it/s, loss=0.0791]
Ep   8 [train]:  63%|██████▎   | 91/145 [00:38<00:20,  2.65it/s, loss=0.0791]
Ep   8 [train]:  63%|██████▎   | 91/145 [00:39<00:20,  2.65it/s, loss=0.0778]
Ep   8 [train]:  63%|██████▎   | 92/145 [00:39<00:25,  2.12it/s, loss=0.0778]
Ep   8 [train]:  63%|██████▎   | 92/145 [00:39<00:25,  2.12it/s, loss=0.0803]
Ep   8 [train]:  64%|██████▍   | 93/145 [00:39<00:19,  2.70it/s, loss=0.0803]
Ep   8 [train]:  64%|██████▍   | 93/145 [00:40<00:19,  2.70it/s, loss=0.0792]
Ep   8 [train]:  65%|██████▍   | 94/145 [00:40<00:24,  2.10it/s, loss=0.0792]
Ep   8 [train]:  65%|██████▍   | 94/145 [00:40<00:24,  2.10it/s, loss=0.0958]
Ep   8 [train]:  66%|██████▌   | 95/145 [00:40<00:18,  2.71it/s, loss=0.0958]
Ep   8 [train]:  66%|██████▌   | 95/145 [00:41<00:18,  2.71it/s, loss=0.0752]
Ep   8 [train]:  66%|██████▌   | 96/145 [00:41<00:23,  2.06it/s, loss=0.0752]
Ep   8 [train]:  66%|██████▌   | 96/145 [00:41<00:23,  2.06it/s, loss=0.0838]
Ep   8 [train]:  67%|██████▋   | 97/145 [00:41<00:18,  2.57it/s, loss=0.0838]
Ep   8 [train]:  67%|██████▋   | 97/145 [00:41<00:18,  2.57it/s, loss=0.0781]
Ep   8 [train]:  68%|██████▊   | 98/145 [00:41<00:22,  2.08it/s, loss=0.0781]
Ep   8 [train]:  68%|██████▊   | 98/145 [00:42<00:22,  2.08it/s, loss=0.0754]
Ep   8 [train]:  68%|██████▊   | 99/145 [00:42<00:17,  2.65it/s, loss=0.0754]
Ep   8 [train]:  68%|██████▊   | 99/145 [00:42<00:17,  2.65it/s, loss=0.0659]
Ep   8 [train]:  69%|██████▉   | 100/145 [00:42<00:21,  2.06it/s, loss=0.0659]
Ep   8 [train]:  69%|██████▉   | 100/145 [00:42<00:21,  2.06it/s, loss=0.0827]
Ep   8 [train]:  70%|██████▉   | 101/145 [00:42<00:17,  2.58it/s, loss=0.0827]
Ep   8 [train]:  70%|██████▉   | 101/145 [00:43<00:17,  2.58it/s, loss=0.0756]
Ep   8 [train]:  70%|███████   | 102/145 [00:43<00:20,  2.07it/s, loss=0.0756]
Ep   8 [train]:  70%|███████   | 102/145 [00:43<00:20,  2.07it/s, loss=0.0796]
Ep   8 [train]:  71%|███████   | 103/145 [00:43<00:16,  2.57it/s, loss=0.0796]
Ep   8 [train]:  71%|███████   | 103/145 [00:44<00:16,  2.57it/s, loss=0.0669]
Ep   8 [train]:  72%|███████▏  | 104/145 [00:44<00:19,  2.06it/s, loss=0.0669]
Ep   8 [train]:  72%|███████▏  | 104/145 [00:44<00:19,  2.06it/s, loss=0.0742]
Ep   8 [train]:  72%|███████▏  | 105/145 [00:44<00:15,  2.54it/s, loss=0.0742]
Ep   8 [train]:  72%|███████▏  | 105/145 [00:45<00:15,  2.54it/s, loss=0.0784]
Ep   8 [train]:  73%|███████▎  | 106/145 [00:45<00:19,  2.03it/s, loss=0.0784]
Ep   8 [train]:  73%|███████▎  | 106/145 [00:45<00:19,  2.03it/s, loss=0.0776]
Ep   8 [train]:  74%|███████▍  | 107/145 [00:45<00:14,  2.56it/s, loss=0.0776]
Ep   8 [train]:  74%|███████▍  | 107/145 [00:46<00:14,  2.56it/s, loss=0.0834]
Ep   8 [train]:  74%|███████▍  | 108/145 [00:46<00:19,  1.93it/s, loss=0.0834]
Ep   8 [train]:  74%|███████▍  | 108/145 [00:46<00:19,  1.93it/s, loss=0.0711]
Ep   8 [train]:  75%|███████▌  | 109/145 [00:46<00:14,  2.49it/s, loss=0.0711]
Ep   8 [train]:  75%|███████▌  | 109/145 [00:47<00:14,  2.49it/s, loss=0.0817]
Ep   8 [train]:  76%|███████▌  | 110/145 [00:47<00:18,  1.90it/s, loss=0.0817]
Ep   8 [train]:  76%|███████▌  | 110/145 [00:47<00:18,  1.90it/s, loss=0.0815]
Ep   8 [train]:  77%|███████▋  | 111/145 [00:47<00:14,  2.42it/s, loss=0.0815]
Ep   8 [train]:  77%|███████▋  | 111/145 [00:48<00:14,  2.42it/s, loss=0.0833]
Ep   8 [train]:  77%|███████▋  | 112/145 [00:48<00:16,  2.01it/s, loss=0.0833]
Ep   8 [train]:  77%|███████▋  | 112/145 [00:48<00:16,  2.01it/s, loss=0.0868]
Ep   8 [train]:  78%|███████▊  | 113/145 [00:48<00:12,  2.60it/s, loss=0.0868]
Ep   8 [train]:  78%|███████▊  | 113/145 [00:49<00:12,  2.60it/s, loss=0.0833]
Ep   8 [train]:  79%|███████▊  | 114/145 [00:49<00:16,  1.90it/s, loss=0.0833]
Ep   8 [train]:  79%|███████▊  | 114/145 [00:49<00:16,  1.90it/s, loss=0.0792]
Ep   8 [train]:  79%|███████▉  | 115/145 [00:49<00:12,  2.39it/s, loss=0.0792]
Ep   8 [train]:  79%|███████▉  | 115/145 [00:50<00:12,  2.39it/s, loss=0.0778]
Ep   8 [train]:  80%|████████  | 116/145 [00:50<00:15,  1.91it/s, loss=0.0778]
Ep   8 [train]:  80%|████████  | 116/145 [00:50<00:15,  1.91it/s, loss=0.0735]
Ep   8 [train]:  81%|████████  | 117/145 [00:50<00:11,  2.38it/s, loss=0.0735]
Ep   8 [train]:  81%|████████  | 117/145 [00:50<00:11,  2.38it/s, loss=0.0779]
Ep   8 [train]:  81%|████████▏ | 118/145 [00:50<00:13,  1.98it/s, loss=0.0779]
Ep   8 [train]:  81%|████████▏ | 118/145 [00:51<00:13,  1.98it/s, loss=0.0807]
Ep   8 [train]:  82%|████████▏ | 119/145 [00:51<00:10,  2.48it/s, loss=0.0807]
Ep   8 [train]:  82%|████████▏ | 119/145 [00:51<00:10,  2.48it/s, loss=0.0746]
Ep   8 [train]:  83%|████████▎ | 120/145 [00:51<00:12,  2.03it/s, loss=0.0746]
Ep   8 [train]:  83%|████████▎ | 120/145 [00:52<00:12,  2.03it/s, loss=0.0800]
Ep   8 [train]:  83%|████████▎ | 121/145 [00:52<00:09,  2.50it/s, loss=0.0800]
Ep   8 [train]:  83%|████████▎ | 121/145 [00:52<00:09,  2.50it/s, loss=0.0780]
Ep   8 [train]:  84%|████████▍ | 122/145 [00:52<00:11,  2.02it/s, loss=0.0780]
Ep   8 [train]:  84%|████████▍ | 122/145 [00:52<00:11,  2.02it/s, loss=0.0786]
Ep   8 [train]:  85%|████████▍ | 123/145 [00:52<00:08,  2.63it/s, loss=0.0786]
Ep   8 [train]:  85%|████████▍ | 123/145 [00:53<00:08,  2.63it/s, loss=0.0833]
Ep   8 [train]:  86%|████████▌ | 124/145 [00:53<00:10,  2.08it/s, loss=0.0833]
Ep   8 [train]:  86%|████████▌ | 124/145 [00:53<00:10,  2.08it/s, loss=0.0861]
Ep   8 [train]:  86%|████████▌ | 125/145 [00:53<00:07,  2.53it/s, loss=0.0861]
Ep   8 [train]:  86%|████████▌ | 125/145 [00:54<00:07,  2.53it/s, loss=0.0753]
Ep   8 [train]:  87%|████████▋ | 126/145 [00:54<00:09,  2.07it/s, loss=0.0753]
Ep   8 [train]:  87%|████████▋ | 126/145 [00:54<00:09,  2.07it/s, loss=0.0775]
Ep   8 [train]:  88%|████████▊ | 127/145 [00:54<00:06,  2.61it/s, loss=0.0775]
Ep   8 [train]:  88%|████████▊ | 127/145 [00:55<00:06,  2.61it/s, loss=0.0808]
Ep   8 [train]:  88%|████████▊ | 128/145 [00:55<00:08,  1.95it/s, loss=0.0808]
Ep   8 [train]:  88%|████████▊ | 128/145 [00:55<00:08,  1.95it/s, loss=0.0764]
Ep   8 [train]:  89%|████████▉ | 129/145 [00:55<00:06,  2.47it/s, loss=0.0764]
Ep   8 [train]:  89%|████████▉ | 129/145 [00:56<00:06,  2.47it/s, loss=0.0813]
Ep   8 [train]:  90%|████████▉ | 130/145 [00:56<00:07,  2.02it/s, loss=0.0813]
Ep   8 [train]:  90%|████████▉ | 130/145 [00:56<00:07,  2.02it/s, loss=0.0776]
Ep   8 [train]:  90%|█████████ | 131/145 [00:56<00:05,  2.57it/s, loss=0.0776]
Ep   8 [train]:  90%|█████████ | 131/145 [00:57<00:05,  2.57it/s, loss=0.0935]
Ep   8 [train]:  91%|█████████ | 132/145 [00:57<00:06,  2.01it/s, loss=0.0935]
Ep   8 [train]:  91%|█████████ | 132/145 [00:57<00:06,  2.01it/s, loss=0.0759]
Ep   8 [train]:  92%|█████████▏| 133/145 [00:57<00:04,  2.53it/s, loss=0.0759]
Ep   8 [train]:  92%|█████████▏| 133/145 [00:58<00:04,  2.53it/s, loss=0.0773]
Ep   8 [train]:  92%|█████████▏| 134/145 [00:58<00:05,  1.98it/s, loss=0.0773]
Ep   8 [train]:  92%|█████████▏| 134/145 [00:58<00:05,  1.98it/s, loss=0.0844]
Ep   8 [train]:  93%|█████████▎| 135/145 [00:58<00:03,  2.52it/s, loss=0.0844]
Ep   8 [train]:  93%|█████████▎| 135/145 [00:58<00:03,  2.52it/s, loss=0.0781]
Ep   8 [train]:  94%|█████████▍| 136/145 [00:58<00:04,  1.96it/s, loss=0.0781]
Ep   8 [train]:  94%|█████████▍| 136/145 [00:59<00:04,  1.96it/s, loss=0.0800]
Ep   8 [train]:  94%|█████████▍| 137/145 [00:59<00:03,  2.47it/s, loss=0.0800]
Ep   8 [train]:  94%|█████████▍| 137/145 [00:59<00:03,  2.47it/s, loss=0.0942]
Ep   8 [train]:  95%|█████████▌| 138/145 [00:59<00:03,  2.00it/s, loss=0.0942]
Ep   8 [train]:  95%|█████████▌| 138/145 [01:00<00:03,  2.00it/s, loss=0.0858]
Ep   8 [train]:  96%|█████████▌| 139/145 [01:00<00:02,  2.54it/s, loss=0.0858]
Ep   8 [train]:  96%|█████████▌| 139/145 [01:00<00:02,  2.54it/s, loss=0.0790]
Ep   8 [train]:  97%|█████████▋| 140/145 [01:00<00:02,  1.96it/s, loss=0.0790]
Ep   8 [train]:  97%|█████████▋| 140/145 [01:00<00:02,  1.96it/s, loss=0.0779]
Ep   8 [train]:  97%|█████████▋| 141/145 [01:00<00:01,  2.46it/s, loss=0.0779]
Ep   8 [train]:  97%|█████████▋| 141/145 [01:01<00:01,  2.46it/s, loss=0.0757]
Ep   8 [train]:  98%|█████████▊| 142/145 [01:01<00:01,  1.99it/s, loss=0.0757]
Ep   8 [train]:  98%|█████████▊| 142/145 [01:01<00:01,  1.99it/s, loss=0.0708]
Ep   8 [train]:  99%|█████████▊| 143/145 [01:01<00:00,  2.50it/s, loss=0.0708]
Ep   8 [train]:  99%|█████████▊| 143/145 [01:02<00:00,  2.50it/s, loss=0.0713]
Ep   8 [train]:  99%|█████████▉| 144/145 [01:02<00:00,  2.06it/s, loss=0.0713]
Ep   8 [train]:  99%|█████████▉| 144/145 [01:02<00:00,  2.06it/s, loss=0.0785]
Ep   8 [train]: 100%|██████████| 145/145 [01:02<00:00,  2.61it/s, loss=0.0785]
                                                                              
  Ep   8 [train]  loss=0.0803  rmse_c=0.2405  mae_c=0.2171  r2_c=0.010  rmse_h=0.3214  mae_h=0.2411  r2_h=0.405  sup=0.325

Ep   8 [val  ]:   0%|          | 0/39 [00:00<?, ?it/s]
Ep   8 [val  ]:   0%|          | 0/39 [00:01<?, ?it/s, loss=0.1005]
Ep   8 [val  ]:   3%|▎         | 1/39 [00:01<00:45,  1.21s/it, loss=0.1005]
Ep   8 [val  ]:   3%|▎         | 1/39 [00:01<00:45,  1.21s/it, loss=0.0955]
Ep   8 [val  ]:   3%|▎         | 1/39 [00:02<00:45,  1.21s/it, loss=0.0787]
Ep   8 [val  ]:   8%|▊         | 3/39 [00:02<00:24,  1.48it/s, loss=0.0787]
Ep   8 [val  ]:   8%|▊         | 3/39 [00:02<00:24,  1.48it/s, loss=0.0724]
Ep   8 [val  ]:   8%|▊         | 3/39 [00:03<00:24,  1.48it/s, loss=0.0800]
Ep   8 [val  ]:  13%|█▎        | 5/39 [00:03<00:19,  1.75it/s, loss=0.0800]
Ep   8 [val  ]:  13%|█▎        | 5/39 [00:03<00:19,  1.75it/s, loss=0.0848]
Ep   8 [val  ]:  13%|█▎        | 5/39 [00:04<00:19,  1.75it/s, loss=0.0764]
Ep   8 [val  ]:  18%|█▊        | 7/39 [00:04<00:17,  1.87it/s, loss=0.0764]
Ep   8 [val  ]:  18%|█▊        | 7/39 [00:04<00:17,  1.87it/s, loss=0.0746]
Ep   8 [val  ]:  18%|█▊        | 7/39 [00:05<00:17,  1.87it/s, loss=0.0763]
Ep   8 [val  ]:  23%|██▎       | 9/39 [00:05<00:15,  1.97it/s, loss=0.0763]
Ep   8 [val  ]:  23%|██▎       | 9/39 [00:05<00:15,  1.97it/s, loss=0.0731]
Ep   8 [val  ]:  23%|██▎       | 9/39 [00:05<00:15,  1.97it/s, loss=0.0760]
Ep   8 [val  ]:  28%|██▊       | 11/39 [00:05<00:13,  2.03it/s, loss=0.0760]
Ep   8 [val  ]:  28%|██▊       | 11/39 [00:06<00:13,  2.03it/s, loss=0.0759]
Ep   8 [val  ]:  28%|██▊       | 11/39 [00:06<00:13,  2.03it/s, loss=0.0783]
Ep   8 [val  ]:  33%|███▎      | 13/39 [00:06<00:12,  2.06it/s, loss=0.0783]
Ep   8 [val  ]:  33%|███▎      | 13/39 [00:06<00:12,  2.06it/s, loss=0.0872]
Ep   8 [val  ]:  33%|███▎      | 13/39 [00:07<00:12,  2.06it/s, loss=0.0982]
Ep   8 [val  ]:  38%|███▊      | 15/39 [00:07<00:11,  2.08it/s, loss=0.0982]
Ep   8 [val  ]:  38%|███▊      | 15/39 [00:07<00:11,  2.08it/s, loss=0.0968]
Ep   8 [val  ]:  38%|███▊      | 15/39 [00:08<00:11,  2.08it/s, loss=0.0978]
Ep   8 [val  ]:  44%|████▎     | 17/39 [00:08<00:10,  2.09it/s, loss=0.0978]
Ep   8 [val  ]:  44%|████▎     | 17/39 [00:08<00:10,  2.09it/s, loss=0.0908]
Ep   8 [val  ]:  44%|████▎     | 17/39 [00:09<00:10,  2.09it/s, loss=0.0874]
Ep   8 [val  ]:  49%|████▊     | 19/39 [00:09<00:09,  2.12it/s, loss=0.0874]
Ep   8 [val  ]:  49%|████▊     | 19/39 [00:09<00:09,  2.12it/s, loss=0.0685]
Ep   8 [val  ]:  49%|████▊     | 19/39 [00:10<00:09,  2.12it/s, loss=0.0596]
Ep   8 [val  ]:  54%|█████▍    | 21/39 [00:10<00:08,  2.11it/s, loss=0.0596]
Ep   8 [val  ]:  54%|█████▍    | 21/39 [00:10<00:08,  2.11it/s, loss=0.0677]
Ep   8 [val  ]:  54%|█████▍    | 21/39 [00:11<00:08,  2.11it/s, loss=0.0640]
Ep   8 [val  ]:  59%|█████▉    | 23/39 [00:11<00:07,  2.14it/s, loss=0.0640]
Ep   8 [val  ]:  59%|█████▉    | 23/39 [00:11<00:07,  2.14it/s, loss=0.0658]
Ep   8 [val  ]:  59%|█████▉    | 23/39 [00:12<00:07,  2.14it/s, loss=0.0663]
Ep   8 [val  ]:  64%|██████▍   | 25/39 [00:12<00:06,  2.01it/s, loss=0.0663]
Ep   8 [val  ]:  64%|██████▍   | 25/39 [00:12<00:06,  2.01it/s, loss=0.0742]
Ep   8 [val  ]:  67%|██████▋   | 26/39 [00:12<00:05,  2.30it/s, loss=0.0742]
Ep   8 [val  ]:  67%|██████▋   | 26/39 [00:13<00:05,  2.30it/s, loss=0.0813]
Ep   8 [val  ]:  69%|██████▉   | 27/39 [00:13<00:06,  1.87it/s, loss=0.0813]
Ep   8 [val  ]:  69%|██████▉   | 27/39 [00:13<00:06,  1.87it/s, loss=0.1246]
Ep   8 [val  ]:  69%|██████▉   | 27/39 [00:14<00:06,  1.87it/s, loss=0.0971]
Ep   8 [val  ]:  74%|███████▍  | 29/39 [00:14<00:05,  1.85it/s, loss=0.0971]
Ep   8 [val  ]:  74%|███████▍  | 29/39 [00:14<00:05,  1.85it/s, loss=0.0885]
Ep   8 [val  ]:  74%|███████▍  | 29/39 [00:15<00:05,  1.85it/s, loss=0.0787]
Ep   8 [val  ]:  79%|███████▉  | 31/39 [00:15<00:04,  1.86it/s, loss=0.0787]
Ep   8 [val  ]:  79%|███████▉  | 31/39 [00:16<00:04,  1.86it/s, loss=0.0767]
Ep   8 [val  ]:  82%|████████▏ | 32/39 [00:16<00:03,  2.19it/s, loss=0.0767]
Ep   8 [val  ]:  82%|████████▏ | 32/39 [00:16<00:03,  2.19it/s, loss=0.0761]
Ep   8 [val  ]:  85%|████████▍ | 33/39 [00:16<00:03,  1.85it/s, loss=0.0761]
Ep   8 [val  ]:  85%|████████▍ | 33/39 [00:17<00:03,  1.85it/s, loss=0.0741]
Ep   8 [val  ]:  85%|████████▍ | 33/39 [00:17<00:03,  1.85it/s, loss=0.0774]
Ep   8 [val  ]:  90%|████████▉ | 35/39 [00:17<00:02,  1.92it/s, loss=0.0774]
Ep   8 [val  ]:  90%|████████▉ | 35/39 [00:18<00:02,  1.92it/s, loss=0.0737]
Ep   8 [val  ]:  92%|█████████▏| 36/39 [00:18<00:01,  2.30it/s, loss=0.0737]
Ep   8 [val  ]:  92%|█████████▏| 36/39 [00:18<00:01,  2.30it/s, loss=0.0732]
Ep   8 [val  ]:  95%|█████████▍| 37/39 [00:18<00:01,  1.87it/s, loss=0.0732]
Ep   8 [val  ]:  95%|█████████▍| 37/39 [00:18<00:01,  1.87it/s, loss=0.0651]
Ep   8 [val  ]:  95%|█████████▍| 37/39 [00:18<00:01,  1.87it/s, loss=0.0784]
                                                                            
  Ep   8 [val  ]  loss=0.0803  rmse_c=0.2448  mae_c=0.2192  r2_c=0.016  rmse_h=0.3155  mae_h=0.2356  r2_h=0.380  sup=0.308
  [new best] combined_val_rmse=0.2801

Ep   9 [train]:   0%|          | 0/145 [00:00<?, ?it/s]
Ep   9 [train]:   0%|          | 0/145 [00:01<?, ?it/s, loss=0.0779]
Ep   9 [train]:   1%|          | 1/145 [00:01<02:31,  1.05s/it, loss=0.0779]
Ep   9 [train]:   1%|          | 1/145 [00:01<02:31,  1.05s/it, loss=0.0765]
Ep   9 [train]:   1%|▏         | 2/145 [00:01<01:12,  1.96it/s, loss=0.0765]
Ep   9 [train]:   1%|▏         | 2/145 [00:01<01:12,  1.96it/s, loss=0.0797]
Ep   9 [train]:   2%|▏         | 3/145 [00:01<01:17,  1.83it/s, loss=0.0797]
Ep   9 [train]:   2%|▏         | 3/145 [00:01<01:17,  1.83it/s, loss=0.0764]
Ep   9 [train]:   3%|▎         | 4/145 [00:01<00:54,  2.59it/s, loss=0.0764]
Ep   9 [train]:   3%|▎         | 4/145 [00:02<00:54,  2.59it/s, loss=0.0795]
Ep   9 [train]:   3%|▎         | 5/145 [00:02<01:02,  2.23it/s, loss=0.0795]
Ep   9 [train]:   3%|▎         | 5/145 [00:02<01:02,  2.23it/s, loss=0.0763]
Ep   9 [train]:   4%|▍         | 6/145 [00:02<00:47,  2.92it/s, loss=0.0763]
Ep   9 [train]:   4%|▍         | 6/145 [00:03<00:47,  2.92it/s, loss=0.0751]
Ep   9 [train]:   5%|▍         | 7/145 [00:03<00:54,  2.52it/s, loss=0.0751]
Ep   9 [train]:   5%|▍         | 7/145 [00:03<00:54,  2.52it/s, loss=0.0818]
Ep   9 [train]:   6%|▌         | 8/145 [00:03<00:46,  2.94it/s, loss=0.0818]
Ep   9 [train]:   6%|▌         | 8/145 [00:03<00:46,  2.94it/s, loss=0.0806]
Ep   9 [train]:   6%|▌         | 9/145 [00:03<00:51,  2.62it/s, loss=0.0806]
Ep   9 [train]:   6%|▌         | 9/145 [00:04<00:51,  2.62it/s, loss=0.0731]
Ep   9 [train]:   7%|▋         | 10/145 [00:04<00:44,  3.06it/s, loss=0.0731]
Ep   9 [train]:   7%|▋         | 10/145 [00:04<00:44,  3.06it/s, loss=0.0737]
Ep   9 [train]:   8%|▊         | 11/145 [00:04<00:52,  2.57it/s, loss=0.0737]
Ep   9 [train]:   8%|▊         | 11/145 [00:04<00:52,  2.57it/s, loss=0.0820]
Ep   9 [train]:   8%|▊         | 12/145 [00:04<00:49,  2.71it/s, loss=0.0820]
Ep   9 [train]:   8%|▊         | 12/145 [00:05<00:49,  2.71it/s, loss=0.0818]
Ep   9 [train]:   9%|▉         | 13/145 [00:05<00:48,  2.70it/s, loss=0.0818]
Ep   9 [train]:   9%|▉         | 13/145 [00:05<00:48,  2.70it/s, loss=0.0780]
Ep   9 [train]:  10%|▉         | 14/145 [00:05<00:53,  2.45it/s, loss=0.0780]
Ep   9 [train]:  10%|▉         | 14/145 [00:05<00:53,  2.45it/s, loss=0.0722]
Ep   9 [train]:  10%|█         | 15/145 [00:05<00:45,  2.84it/s, loss=0.0722]
Ep   9 [train]:  10%|█         | 15/145 [00:06<00:45,  2.84it/s, loss=0.0795]
Ep   9 [train]:  11%|█         | 16/145 [00:06<00:53,  2.42it/s, loss=0.0795]
Ep   9 [train]:  11%|█         | 16/145 [00:06<00:53,  2.42it/s, loss=0.0859]
Ep   9 [train]:  12%|█▏        | 17/145 [00:06<00:42,  2.98it/s, loss=0.0859]
Ep   9 [train]:  12%|█▏        | 17/145 [00:07<00:42,  2.98it/s, loss=0.0834]
Ep   9 [train]:  12%|█▏        | 18/145 [00:07<00:57,  2.21it/s, loss=0.0834]
Ep   9 [train]:  12%|█▏        | 18/145 [00:07<00:57,  2.21it/s, loss=0.0733]
Ep   9 [train]:  13%|█▎        | 19/145 [00:07<00:45,  2.78it/s, loss=0.0733]
Ep   9 [train]:  13%|█▎        | 19/145 [00:08<00:45,  2.78it/s, loss=0.0865]
Ep   9 [train]:  14%|█▍        | 20/145 [00:08<01:00,  2.06it/s, loss=0.0865]
Ep   9 [train]:  14%|█▍        | 20/145 [00:08<01:00,  2.06it/s, loss=0.0809]
Ep   9 [train]:  14%|█▍        | 21/145 [00:08<00:47,  2.62it/s, loss=0.0809]
Ep   9 [train]:  14%|█▍        | 21/145 [00:09<00:47,  2.62it/s, loss=0.0763]
Ep   9 [train]:  15%|█▌        | 22/145 [00:09<01:00,  2.04it/s, loss=0.0763]
Ep   9 [train]:  15%|█▌        | 22/145 [00:09<01:00,  2.04it/s, loss=0.0739]
Ep   9 [train]:  16%|█▌        | 23/145 [00:09<00:46,  2.60it/s, loss=0.0739]
Ep   9 [train]:  16%|█▌        | 23/145 [00:10<00:46,  2.60it/s, loss=0.0861]
Ep   9 [train]:  17%|█▋        | 24/145 [00:10<00:59,  2.03it/s, loss=0.0861]
Ep   9 [train]:  17%|█▋        | 24/145 [00:10<00:59,  2.03it/s, loss=0.0826]
Ep   9 [train]:  17%|█▋        | 25/145 [00:10<00:45,  2.61it/s, loss=0.0826]
Ep   9 [train]:  17%|█▋        | 25/145 [00:11<00:45,  2.61it/s, loss=0.0775]
Ep   9 [train]:  18%|█▊        | 26/145 [00:11<01:00,  1.95it/s, loss=0.0775]
Ep   9 [train]:  18%|█▊        | 26/145 [00:11<01:00,  1.95it/s, loss=0.0840]
Ep   9 [train]:  19%|█▊        | 27/145 [00:11<00:46,  2.52it/s, loss=0.0840]
Ep   9 [train]:  19%|█▊        | 27/145 [00:11<00:46,  2.52it/s, loss=0.0752]
Ep   9 [train]:  19%|█▉        | 28/145 [00:11<00:57,  2.04it/s, loss=0.0752]
Ep   9 [train]:  19%|█▉        | 28/145 [00:11<00:57,  2.04it/s, loss=0.0863]
Ep   9 [train]:  20%|██        | 29/145 [00:11<00:44,  2.63it/s, loss=0.0863]
Ep   9 [train]:  20%|██        | 29/145 [00:12<00:44,  2.63it/s, loss=0.0839]
Ep   9 [train]:  21%|██        | 30/145 [00:12<00:58,  1.96it/s, loss=0.0839]
Ep   9 [train]:  21%|██        | 30/145 [00:12<00:58,  1.96it/s, loss=0.0791]
Ep   9 [train]:  21%|██▏       | 31/145 [00:12<00:45,  2.52it/s, loss=0.0791]
Ep   9 [train]:  21%|██▏       | 31/145 [00:13<00:45,  2.52it/s, loss=0.0792]
Ep   9 [train]:  22%|██▏       | 32/145 [00:13<00:56,  1.99it/s, loss=0.0792]
Ep   9 [train]:  22%|██▏       | 32/145 [00:13<00:56,  1.99it/s, loss=0.0834]
Ep   9 [train]:  23%|██▎       | 33/145 [00:13<00:43,  2.56it/s, loss=0.0834]
Ep   9 [train]:  23%|██▎       | 33/145 [00:14<00:43,  2.56it/s, loss=0.0820]
Ep   9 [train]:  23%|██▎       | 34/145 [00:14<00:53,  2.06it/s, loss=0.0820]
Ep   9 [train]:  23%|██▎       | 34/145 [00:14<00:53,  2.06it/s, loss=0.0745]
Ep   9 [train]:  24%|██▍       | 35/145 [00:14<00:41,  2.65it/s, loss=0.0745]
Ep   9 [train]:  24%|██▍       | 35/145 [00:15<00:41,  2.65it/s, loss=0.0677]
Ep   9 [train]:  25%|██▍       | 36/145 [00:15<00:53,  2.05it/s, loss=0.0677]
Ep   9 [train]:  25%|██▍       | 36/145 [00:15<00:53,  2.05it/s, loss=0.0754]
Ep   9 [train]:  26%|██▌       | 37/145 [00:15<00:40,  2.65it/s, loss=0.0754]
Ep   9 [train]:  26%|██▌       | 37/145 [00:16<00:40,  2.65it/s, loss=0.0790]
Ep   9 [train]:  26%|██▌       | 38/145 [00:16<00:51,  2.08it/s, loss=0.0790]
Ep   9 [train]:  26%|██▌       | 38/145 [00:16<00:51,  2.08it/s, loss=0.0846]
Ep   9 [train]:  27%|██▋       | 39/145 [00:16<00:39,  2.67it/s, loss=0.0846]
Ep   9 [train]:  27%|██▋       | 39/145 [00:17<00:39,  2.67it/s, loss=0.0733]
Ep   9 [train]:  28%|██▊       | 40/145 [00:17<00:50,  2.10it/s, loss=0.0733]
Ep   9 [train]:  28%|██▊       | 40/145 [00:17<00:50,  2.10it/s, loss=0.0803]
Ep   9 [train]:  28%|██▊       | 41/145 [00:17<00:38,  2.68it/s, loss=0.0803]
Ep   9 [train]:  28%|██▊       | 41/145 [00:17<00:38,  2.68it/s, loss=0.0794]
Ep   9 [train]:  29%|██▉       | 42/145 [00:17<00:45,  2.25it/s, loss=0.0794]
Ep   9 [train]:  29%|██▉       | 42/145 [00:17<00:45,  2.25it/s, loss=0.0795]
Ep   9 [train]:  30%|██▉       | 43/145 [00:17<00:35,  2.88it/s, loss=0.0795]
Ep   9 [train]:  30%|██▉       | 43/145 [00:18<00:35,  2.88it/s, loss=0.0820]
Ep   9 [train]:  30%|███       | 44/145 [00:18<00:43,  2.32it/s, loss=0.0820]
Ep   9 [train]:  30%|███       | 44/145 [00:18<00:43,  2.32it/s, loss=0.0724]
Ep   9 [train]:  31%|███       | 45/145 [00:18<00:34,  2.88it/s, loss=0.0724]
Ep   9 [train]:  31%|███       | 45/145 [00:19<00:34,  2.88it/s, loss=0.0817]
Ep   9 [train]:  32%|███▏      | 46/145 [00:19<00:41,  2.41it/s, loss=0.0817]
Ep   9 [train]:  32%|███▏      | 46/145 [00:19<00:41,  2.41it/s, loss=0.0784]
Ep   9 [train]:  32%|███▏      | 47/145 [00:19<00:33,  2.91it/s, loss=0.0784]
Ep   9 [train]:  32%|███▏      | 47/145 [00:19<00:33,  2.91it/s, loss=0.0741]
Ep   9 [train]:  33%|███▎      | 48/145 [00:19<00:38,  2.53it/s, loss=0.0741]
Ep   9 [train]:  33%|███▎      | 48/145 [00:20<00:38,  2.53it/s, loss=0.0845]
Ep   9 [train]:  34%|███▍      | 49/145 [00:20<00:30,  3.19it/s, loss=0.0845]
Ep   9 [train]:  34%|███▍      | 49/145 [00:20<00:30,  3.19it/s, loss=0.0797]
Ep   9 [train]:  34%|███▍      | 50/145 [00:20<00:37,  2.51it/s, loss=0.0797]
Ep   9 [train]:  34%|███▍      | 50/145 [00:20<00:37,  2.51it/s, loss=0.0750]
Ep   9 [train]:  35%|███▌      | 51/145 [00:20<00:29,  3.15it/s, loss=0.0750]
Ep   9 [train]:  35%|███▌      | 51/145 [00:21<00:29,  3.15it/s, loss=0.0778]
Ep   9 [train]:  36%|███▌      | 52/145 [00:21<00:38,  2.43it/s, loss=0.0778]
Ep   9 [train]:  36%|███▌      | 52/145 [00:21<00:38,  2.43it/s, loss=0.0747]
Ep   9 [train]:  37%|███▋      | 53/145 [00:21<00:30,  2.98it/s, loss=0.0747]
Ep   9 [train]:  37%|███▋      | 53/145 [00:22<00:30,  2.98it/s, loss=0.0768]
Ep   9 [train]:  37%|███▋      | 54/145 [00:22<00:38,  2.39it/s, loss=0.0768]
Ep   9 [train]:  37%|███▋      | 54/145 [00:22<00:38,  2.39it/s, loss=0.0853]
Ep   9 [train]:  38%|███▊      | 55/145 [00:22<00:30,  2.98it/s, loss=0.0853]
Ep   9 [train]:  38%|███▊      | 55/145 [00:23<00:30,  2.98it/s, loss=0.0797]
Ep   9 [train]:  39%|███▊      | 56/145 [00:23<00:38,  2.33it/s, loss=0.0797]
Ep   9 [train]:  39%|███▊      | 56/145 [00:23<00:38,  2.33it/s, loss=0.0804]
Ep   9 [train]:  39%|███▉      | 57/145 [00:23<00:30,  2.92it/s, loss=0.0804]
Ep   9 [train]:  39%|███▉      | 57/145 [00:23<00:30,  2.92it/s, loss=0.0878]
Ep   9 [train]:  40%|████      | 58/145 [00:23<00:36,  2.39it/s, loss=0.0878]
Ep   9 [train]:  40%|████      | 58/145 [00:23<00:36,  2.39it/s, loss=0.0769]
Ep   9 [train]:  41%|████      | 59/145 [00:23<00:28,  3.01it/s, loss=0.0769]
Ep   9 [train]:  41%|████      | 59/145 [00:24<00:28,  3.01it/s, loss=0.0784]
Ep   9 [train]:  41%|████▏     | 60/145 [00:24<00:34,  2.46it/s, loss=0.0784]
Ep   9 [train]:  41%|████▏     | 60/145 [00:24<00:34,  2.46it/s, loss=0.0752]
Ep   9 [train]:  42%|████▏     | 61/145 [00:24<00:27,  3.04it/s, loss=0.0752]
Ep   9 [train]:  42%|████▏     | 61/145 [00:25<00:27,  3.04it/s, loss=0.0887]
Ep   9 [train]:  43%|████▎     | 62/145 [00:25<00:33,  2.47it/s, loss=0.0887]
Ep   9 [train]:  43%|████▎     | 62/145 [00:25<00:33,  2.47it/s, loss=0.0823]
Ep   9 [train]:  43%|████▎     | 63/145 [00:25<00:26,  3.11it/s, loss=0.0823]
Ep   9 [train]:  43%|████▎     | 63/145 [00:25<00:26,  3.11it/s, loss=0.1028]
Ep   9 [train]:  44%|████▍     | 64/145 [00:25<00:32,  2.51it/s, loss=0.1028]
Ep   9 [train]:  44%|████▍     | 64/145 [00:26<00:32,  2.51it/s, loss=0.0744]
Ep   9 [train]:  45%|████▍     | 65/145 [00:26<00:25,  3.17it/s, loss=0.0744]
Ep   9 [train]:  45%|████▍     | 65/145 [00:26<00:25,  3.17it/s, loss=0.0803]
Ep   9 [train]:  46%|████▌     | 66/145 [00:26<00:31,  2.50it/s, loss=0.0803]
Ep   9 [train]:  46%|████▌     | 66/145 [00:26<00:31,  2.50it/s, loss=0.0798]
Ep   9 [train]:  46%|████▌     | 67/145 [00:26<00:24,  3.15it/s, loss=0.0798]
Ep   9 [train]:  46%|████▌     | 67/145 [00:27<00:24,  3.15it/s, loss=0.0814]
Ep   9 [train]:  47%|████▋     | 68/145 [00:27<00:31,  2.42it/s, loss=0.0814]
Ep   9 [train]:  47%|████▋     | 68/145 [00:27<00:31,  2.42it/s, loss=0.0681]
Ep   9 [train]:  48%|████▊     | 69/145 [00:27<00:24,  3.04it/s, loss=0.0681]
Ep   9 [train]:  48%|████▊     | 69/145 [00:28<00:24,  3.04it/s, loss=0.0771]
Ep   9 [train]:  48%|████▊     | 70/145 [00:28<00:34,  2.19it/s, loss=0.0771]
Ep   9 [train]:  48%|████▊     | 70/145 [00:28<00:34,  2.19it/s, loss=0.0788]
Ep   9 [train]:  49%|████▉     | 71/145 [00:28<00:27,  2.67it/s, loss=0.0788]
Ep   9 [train]:  49%|████▉     | 71/145 [00:29<00:27,  2.67it/s, loss=0.0748]
Ep   9 [train]:  50%|████▉     | 72/145 [00:29<00:35,  2.03it/s, loss=0.0748]
Ep   9 [train]:  50%|████▉     | 72/145 [00:29<00:35,  2.03it/s, loss=0.0837]
Ep   9 [train]:  50%|█████     | 73/145 [00:29<00:28,  2.54it/s, loss=0.0837]
Ep   9 [train]:  50%|█████     | 73/145 [00:30<00:28,  2.54it/s, loss=0.0748]
Ep   9 [train]:  51%|█████     | 74/145 [00:30<00:34,  2.08it/s, loss=0.0748]
Ep   9 [train]:  51%|█████     | 74/145 [00:30<00:34,  2.08it/s, loss=0.0773]
Ep   9 [train]:  52%|█████▏    | 75/145 [00:30<00:26,  2.61it/s, loss=0.0773]
Ep   9 [train]:  52%|█████▏    | 75/145 [00:30<00:26,  2.61it/s, loss=0.0845]
Ep   9 [train]:  52%|█████▏    | 76/145 [00:30<00:34,  2.00it/s, loss=0.0845]
Ep   9 [train]:  52%|█████▏    | 76/145 [00:31<00:34,  2.00it/s, loss=0.0750]
Ep   9 [train]:  53%|█████▎    | 77/145 [00:31<00:26,  2.53it/s, loss=0.0750]
Ep   9 [train]:  53%|█████▎    | 77/145 [00:31<00:26,  2.53it/s, loss=0.0775]
Ep   9 [train]:  54%|█████▍    | 78/145 [00:31<00:33,  1.98it/s, loss=0.0775]
Ep   9 [train]:  54%|█████▍    | 78/145 [00:32<00:33,  1.98it/s, loss=0.0810]
Ep   9 [train]:  54%|█████▍    | 79/145 [00:32<00:27,  2.41it/s, loss=0.0810]
Ep   9 [train]:  54%|█████▍    | 79/145 [00:32<00:27,  2.41it/s, loss=0.0779]
Ep   9 [train]:  55%|█████▌    | 80/145 [00:32<00:31,  2.04it/s, loss=0.0779]
Ep   9 [train]:  55%|█████▌    | 80/145 [00:32<00:31,  2.04it/s, loss=0.0764]
Ep   9 [train]:  56%|█████▌    | 81/145 [00:32<00:25,  2.54it/s, loss=0.0764]
Ep   9 [train]:  56%|█████▌    | 81/145 [00:33<00:25,  2.54it/s, loss=0.0787]
Ep   9 [train]:  57%|█████▋    | 82/145 [00:33<00:30,  2.05it/s, loss=0.0787]
Ep   9 [train]:  57%|█████▋    | 82/145 [00:33<00:30,  2.05it/s, loss=0.0818]
Ep   9 [train]:  57%|█████▋    | 83/145 [00:33<00:24,  2.57it/s, loss=0.0818]
Ep   9 [train]:  57%|█████▋    | 83/145 [00:34<00:24,  2.57it/s, loss=0.0757]
Ep   9 [train]:  58%|█████▊    | 84/145 [00:34<00:31,  1.96it/s, loss=0.0757]
Ep   9 [train]:  58%|█████▊    | 84/145 [00:34<00:31,  1.96it/s, loss=0.0738]
Ep   9 [train]:  59%|█████▊    | 85/145 [00:34<00:24,  2.47it/s, loss=0.0738]
Ep   9 [train]:  59%|█████▊    | 85/145 [00:35<00:24,  2.47it/s, loss=0.0746]
Ep   9 [train]:  59%|█████▉    | 86/145 [00:35<00:31,  1.87it/s, loss=0.0746]
Ep   9 [train]:  59%|█████▉    | 86/145 [00:35<00:31,  1.87it/s, loss=0.0797]
Ep   9 [train]:  60%|██████    | 87/145 [00:35<00:24,  2.37it/s, loss=0.0797]
Ep   9 [train]:  60%|██████    | 87/145 [00:36<00:24,  2.37it/s, loss=0.0808]
Ep   9 [train]:  61%|██████    | 88/145 [00:36<00:29,  1.94it/s, loss=0.0808]
Ep   9 [train]:  61%|██████    | 88/145 [00:36<00:29,  1.94it/s, loss=0.0800]
Ep   9 [train]:  61%|██████▏   | 89/145 [00:36<00:22,  2.47it/s, loss=0.0800]
Ep   9 [train]:  61%|██████▏   | 89/145 [00:37<00:22,  2.47it/s, loss=0.0833]
Ep   9 [train]:  62%|██████▏   | 90/145 [00:37<00:27,  2.01it/s, loss=0.0833]
Ep   9 [train]:  62%|██████▏   | 90/145 [00:37<00:27,  2.01it/s, loss=0.0776]
Ep   9 [train]:  63%|██████▎   | 91/145 [00:37<00:21,  2.51it/s, loss=0.0776]
Ep   9 [train]:  63%|██████▎   | 91/145 [00:38<00:21,  2.51it/s, loss=0.0803]
Ep   9 [train]:  63%|██████▎   | 92/145 [00:38<00:26,  1.97it/s, loss=0.0803]
Ep   9 [train]:  63%|██████▎   | 92/145 [00:38<00:26,  1.97it/s, loss=0.0759]
Ep   9 [train]:  64%|██████▍   | 93/145 [00:38<00:21,  2.43it/s, loss=0.0759]
Ep   9 [train]:  64%|██████▍   | 93/145 [00:39<00:21,  2.43it/s, loss=0.0748]
Ep   9 [train]:  65%|██████▍   | 94/145 [00:39<00:25,  2.03it/s, loss=0.0748]
Ep   9 [train]:  65%|██████▍   | 94/145 [00:39<00:25,  2.03it/s, loss=0.0763]
Ep   9 [train]:  66%|██████▌   | 95/145 [00:39<00:19,  2.57it/s, loss=0.0763]
Ep   9 [train]:  66%|██████▌   | 95/145 [00:40<00:19,  2.57it/s, loss=0.0854]
Ep   9 [train]:  66%|██████▌   | 96/145 [00:40<00:24,  2.01it/s, loss=0.0854]
Ep   9 [train]:  66%|██████▌   | 96/145 [00:40<00:24,  2.01it/s, loss=0.0820]
Ep   9 [train]:  67%|██████▋   | 97/145 [00:40<00:19,  2.48it/s, loss=0.0820]
Ep   9 [train]:  67%|██████▋   | 97/145 [00:40<00:19,  2.48it/s, loss=0.0891]
Ep   9 [train]:  68%|██████▊   | 98/145 [00:40<00:24,  1.95it/s, loss=0.0891]
Ep   9 [train]:  68%|██████▊   | 98/145 [00:41<00:24,  1.95it/s, loss=0.0814]
Ep   9 [train]:  68%|██████▊   | 99/145 [00:41<00:18,  2.47it/s, loss=0.0814]
Ep   9 [train]:  68%|██████▊   | 99/145 [00:41<00:18,  2.47it/s, loss=0.0784]
Ep   9 [train]:  69%|██████▉   | 100/145 [00:41<00:22,  1.98it/s, loss=0.0784]
Ep   9 [train]:  69%|██████▉   | 100/145 [00:42<00:22,  1.98it/s, loss=0.0750]
Ep   9 [train]:  70%|██████▉   | 101/145 [00:42<00:17,  2.51it/s, loss=0.0750]
Ep   9 [train]:  70%|██████▉   | 101/145 [00:42<00:17,  2.51it/s, loss=0.0811]
Ep   9 [train]:  70%|███████   | 102/145 [00:42<00:22,  1.95it/s, loss=0.0811]
Ep   9 [train]:  70%|███████   | 102/145 [00:42<00:22,  1.95it/s, loss=0.0767]
Ep   9 [train]:  71%|███████   | 103/145 [00:42<00:16,  2.48it/s, loss=0.0767]
Ep   9 [train]:  71%|███████   | 103/145 [00:43<00:16,  2.48it/s, loss=0.0779]
Ep   9 [train]:  72%|███████▏  | 104/145 [00:43<00:20,  2.03it/s, loss=0.0779]
Ep   9 [train]:  72%|███████▏  | 104/145 [00:43<00:20,  2.03it/s, loss=0.0828]
Ep   9 [train]:  72%|███████▏  | 105/145 [00:43<00:15,  2.59it/s, loss=0.0828]
Ep   9 [train]:  72%|███████▏  | 105/145 [00:44<00:15,  2.59it/s, loss=0.0780]
Ep   9 [train]:  73%|███████▎  | 106/145 [00:44<00:18,  2.10it/s, loss=0.0780]
Ep   9 [train]:  73%|███████▎  | 106/145 [00:44<00:18,  2.10it/s, loss=0.0788]
Ep   9 [train]:  74%|███████▍  | 107/145 [00:44<00:14,  2.61it/s, loss=0.0788]
Ep   9 [train]:  74%|███████▍  | 107/145 [00:45<00:14,  2.61it/s, loss=0.0830]
Ep   9 [train]:  74%|███████▍  | 108/145 [00:45<00:17,  2.08it/s, loss=0.0830]
Ep   9 [train]:  74%|███████▍  | 108/145 [00:45<00:17,  2.08it/s, loss=0.0679]
Ep   9 [train]:  75%|███████▌  | 109/145 [00:45<00:13,  2.66it/s, loss=0.0679]
Ep   9 [train]:  75%|███████▌  | 109/145 [00:46<00:13,  2.66it/s, loss=0.0773]
Ep   9 [train]:  76%|███████▌  | 110/145 [00:46<00:16,  2.07it/s, loss=0.0773]
Ep   9 [train]:  76%|███████▌  | 110/145 [00:46<00:16,  2.07it/s, loss=0.0848]
Ep   9 [train]:  77%|███████▋  | 111/145 [00:46<00:13,  2.58it/s, loss=0.0848]
Ep   9 [train]:  77%|███████▋  | 111/145 [00:47<00:13,  2.58it/s, loss=0.0769]
Ep   9 [train]:  77%|███████▋  | 112/145 [00:47<00:15,  2.06it/s, loss=0.0769]
Ep   9 [train]:  77%|███████▋  | 112/145 [00:47<00:15,  2.06it/s, loss=0.0776]
Ep   9 [train]:  78%|███████▊  | 113/145 [00:47<00:12,  2.54it/s, loss=0.0776]
Ep   9 [train]:  78%|███████▊  | 113/145 [00:48<00:12,  2.54it/s, loss=0.0736]
Ep   9 [train]:  79%|███████▊  | 114/145 [00:48<00:15,  2.03it/s, loss=0.0736]
Ep   9 [train]:  79%|███████▊  | 114/145 [00:48<00:15,  2.03it/s, loss=0.0797]
Ep   9 [train]:  79%|███████▉  | 115/145 [00:48<00:11,  2.60it/s, loss=0.0797]
Ep   9 [train]:  79%|███████▉  | 115/145 [00:48<00:11,  2.60it/s, loss=0.0779]
Ep   9 [train]:  80%|████████  | 116/145 [00:48<00:14,  2.02it/s, loss=0.0779]
Ep   9 [train]:  80%|████████  | 116/145 [00:49<00:14,  2.02it/s, loss=0.0702]
Ep   9 [train]:  81%|████████  | 117/145 [00:49<00:10,  2.57it/s, loss=0.0702]
Ep   9 [train]:  81%|████████  | 117/145 [00:49<00:10,  2.57it/s, loss=0.0747]
Ep   9 [train]:  81%|████████▏ | 118/145 [00:49<00:13,  2.01it/s, loss=0.0747]
Ep   9 [train]:  81%|████████▏ | 118/145 [00:49<00:13,  2.01it/s, loss=0.0748]
Ep   9 [train]:  82%|████████▏ | 119/145 [00:49<00:10,  2.54it/s, loss=0.0748]
Ep   9 [train]:  82%|████████▏ | 119/145 [00:50<00:10,  2.54it/s, loss=0.0839]
Ep   9 [train]:  83%|████████▎ | 120/145 [00:50<00:12,  2.06it/s, loss=0.0839]
Ep   9 [train]:  83%|████████▎ | 120/145 [00:50<00:12,  2.06it/s, loss=0.0822]
Ep   9 [train]:  83%|████████▎ | 121/145 [00:50<00:09,  2.56it/s, loss=0.0822]
Ep   9 [train]:  83%|████████▎ | 121/145 [00:51<00:09,  2.56it/s, loss=0.0914]
Ep   9 [train]:  84%|████████▍ | 122/145 [00:51<00:10,  2.12it/s, loss=0.0914]
Ep   9 [train]:  84%|████████▍ | 122/145 [00:51<00:10,  2.12it/s, loss=0.0776]
Ep   9 [train]:  85%|████████▍ | 123/145 [00:51<00:08,  2.68it/s, loss=0.0776]
Ep   9 [train]:  85%|████████▍ | 123/145 [00:52<00:08,  2.68it/s, loss=0.0883]
Ep   9 [train]:  86%|████████▌ | 124/145 [00:52<00:10,  2.08it/s, loss=0.0883]
Ep   9 [train]:  86%|████████▌ | 124/145 [00:52<00:10,  2.08it/s, loss=0.0773]
Ep   9 [train]:  86%|████████▌ | 125/145 [00:52<00:07,  2.65it/s, loss=0.0773]
Ep   9 [train]:  86%|████████▌ | 125/145 [00:53<00:07,  2.65it/s, loss=0.0764]
Ep   9 [train]:  87%|████████▋ | 126/145 [00:53<00:09,  2.03it/s, loss=0.0764]
Ep   9 [train]:  87%|████████▋ | 126/145 [00:53<00:09,  2.03it/s, loss=0.0860]
Ep   9 [train]:  88%|████████▊ | 127/145 [00:53<00:06,  2.61it/s, loss=0.0860]
Ep   9 [train]:  88%|████████▊ | 127/145 [00:54<00:06,  2.61it/s, loss=0.0793]
Ep   9 [train]:  88%|████████▊ | 128/145 [00:54<00:08,  2.07it/s, loss=0.0793]
Ep   9 [train]:  88%|████████▊ | 128/145 [00:54<00:08,  2.07it/s, loss=0.0767]
Ep   9 [train]:  89%|████████▉ | 129/145 [00:54<00:06,  2.64it/s, loss=0.0767]
Ep   9 [train]:  89%|████████▉ | 129/145 [00:54<00:06,  2.64it/s, loss=0.0761]
Ep   9 [train]:  90%|████████▉ | 130/145 [00:54<00:07,  2.10it/s, loss=0.0761]
Ep   9 [train]:  90%|████████▉ | 130/145 [00:55<00:07,  2.10it/s, loss=0.0752]
Ep   9 [train]:  90%|█████████ | 131/145 [00:55<00:05,  2.69it/s, loss=0.0752]
Ep   9 [train]:  90%|█████████ | 131/145 [00:55<00:05,  2.69it/s, loss=0.0767]
Ep   9 [train]:  91%|█████████ | 132/145 [00:55<00:06,  2.08it/s, loss=0.0767]
Ep   9 [train]:  91%|█████████ | 132/145 [00:55<00:06,  2.08it/s, loss=0.0840]
Ep   9 [train]:  92%|█████████▏| 133/145 [00:55<00:04,  2.64it/s, loss=0.0840]
Ep   9 [train]:  92%|█████████▏| 133/145 [00:56<00:04,  2.64it/s, loss=0.0851]
Ep   9 [train]:  92%|█████████▏| 134/145 [00:56<00:05,  2.10it/s, loss=0.0851]
Ep   9 [train]:  92%|█████████▏| 134/145 [00:56<00:05,  2.10it/s, loss=0.0757]
Ep   9 [train]:  93%|█████████▎| 135/145 [00:56<00:03,  2.66it/s, loss=0.0757]
Ep   9 [train]:  93%|█████████▎| 135/145 [00:57<00:03,  2.66it/s, loss=0.0822]
Ep   9 [train]:  94%|█████████▍| 136/145 [00:57<00:04,  2.06it/s, loss=0.0822]
Ep   9 [train]:  94%|█████████▍| 136/145 [00:57<00:04,  2.06it/s, loss=0.0731]
Ep   9 [train]:  94%|█████████▍| 137/145 [00:57<00:03,  2.56it/s, loss=0.0731]
Ep   9 [train]:  94%|█████████▍| 137/145 [00:58<00:03,  2.56it/s, loss=0.0748]
Ep   9 [train]:  95%|█████████▌| 138/145 [00:58<00:03,  2.10it/s, loss=0.0748]
Ep   9 [train]:  95%|█████████▌| 138/145 [00:58<00:03,  2.10it/s, loss=0.0778]
Ep   9 [train]:  96%|█████████▌| 139/145 [00:58<00:02,  2.59it/s, loss=0.0778]
Ep   9 [train]:  96%|█████████▌| 139/145 [00:59<00:02,  2.59it/s, loss=0.0719]
Ep   9 [train]:  97%|█████████▋| 140/145 [00:59<00:02,  2.06it/s, loss=0.0719]
Ep   9 [train]:  97%|█████████▋| 140/145 [00:59<00:02,  2.06it/s, loss=0.0884]
Ep   9 [train]:  97%|█████████▋| 141/145 [00:59<00:01,  2.60it/s, loss=0.0884]
Ep   9 [train]:  97%|█████████▋| 141/145 [01:00<00:01,  2.60it/s, loss=0.0787]
Ep   9 [train]:  98%|█████████▊| 142/145 [01:00<00:01,  2.00it/s, loss=0.0787]
Ep   9 [train]:  98%|█████████▊| 142/145 [01:00<00:01,  2.00it/s, loss=0.0819]
Ep   9 [train]:  99%|█████████▊| 143/145 [01:00<00:00,  2.55it/s, loss=0.0819]
Ep   9 [train]:  99%|█████████▊| 143/145 [01:01<00:00,  2.55it/s, loss=0.0820]
Ep   9 [train]:  99%|█████████▉| 144/145 [01:01<00:00,  2.00it/s, loss=0.0820]
Ep   9 [train]:  99%|█████████▉| 144/145 [01:01<00:00,  2.00it/s, loss=0.0756]
Ep   9 [train]: 100%|██████████| 145/145 [01:01<00:00,  2.53it/s, loss=0.0756]
                                                                              
  Ep   9 [train]  loss=0.0791  rmse_c=0.2395  mae_c=0.2166  r2_c=0.013  rmse_h=0.3183  mae_h=0.2388  r2_h=0.411  sup=0.328

Ep   9 [val  ]:   0%|          | 0/39 [00:00<?, ?it/s]
Ep   9 [val  ]:   0%|          | 0/39 [00:01<?, ?it/s, loss=0.1026]
Ep   9 [val  ]:   3%|▎         | 1/39 [00:01<00:44,  1.17s/it, loss=0.1026]
Ep   9 [val  ]:   3%|▎         | 1/39 [00:01<00:44,  1.17s/it, loss=0.0995]
Ep   9 [val  ]:   3%|▎         | 1/39 [00:02<00:44,  1.17s/it, loss=0.0825]
Ep   9 [val  ]:   8%|▊         | 3/39 [00:02<00:24,  1.48it/s, loss=0.0825]
Ep   9 [val  ]:   8%|▊         | 3/39 [00:02<00:24,  1.48it/s, loss=0.0778]
Ep   9 [val  ]:   8%|▊         | 3/39 [00:03<00:24,  1.48it/s, loss=0.0833]
Ep   9 [val  ]:  13%|█▎        | 5/39 [00:03<00:19,  1.73it/s, loss=0.0833]
Ep   9 [val  ]:  13%|█▎        | 5/39 [00:03<00:19,  1.73it/s, loss=0.0806]
Ep   9 [val  ]:  13%|█▎        | 5/39 [00:04<00:19,  1.73it/s, loss=0.0765]
Ep   9 [val  ]:  18%|█▊        | 7/39 [00:04<00:16,  1.89it/s, loss=0.0765]
Ep   9 [val  ]:  18%|█▊        | 7/39 [00:04<00:16,  1.89it/s, loss=0.0752]
Ep   9 [val  ]:  18%|█▊        | 7/39 [00:04<00:16,  1.89it/s, loss=0.0748]
Ep   9 [val  ]:  23%|██▎       | 9/39 [00:04<00:14,  2.00it/s, loss=0.0748]
Ep   9 [val  ]:  23%|██▎       | 9/39 [00:05<00:14,  2.00it/s, loss=0.0730]
Ep   9 [val  ]:  23%|██▎       | 9/39 [00:05<00:14,  2.00it/s, loss=0.0748]
Ep   9 [val  ]:  28%|██▊       | 11/39 [00:05<00:13,  2.10it/s, loss=0.0748]
Ep   9 [val  ]:  28%|██▊       | 11/39 [00:05<00:13,  2.10it/s, loss=0.0775]
Ep   9 [val  ]:  28%|██▊       | 11/39 [00:06<00:13,  2.10it/s, loss=0.0826]
Ep   9 [val  ]:  33%|███▎      | 13/39 [00:06<00:12,  2.10it/s, loss=0.0826]
Ep   9 [val  ]:  33%|███▎      | 13/39 [00:06<00:12,  2.10it/s, loss=0.0870]
Ep   9 [val  ]:  33%|███▎      | 13/39 [00:07<00:12,  2.10it/s, loss=0.1022]
Ep   9 [val  ]:  38%|███▊      | 15/39 [00:07<00:11,  2.11it/s, loss=0.1022]
Ep   9 [val  ]:  38%|███▊      | 15/39 [00:07<00:11,  2.11it/s, loss=0.1046]
Ep   9 [val  ]:  38%|███▊      | 15/39 [00:08<00:11,  2.11it/s, loss=0.1066]
Ep   9 [val  ]:  44%|████▎     | 17/39 [00:08<00:10,  2.18it/s, loss=0.1066]
Ep   9 [val  ]:  44%|████▎     | 17/39 [00:08<00:10,  2.18it/s, loss=0.0977]
Ep   9 [val  ]:  44%|████▎     | 17/39 [00:09<00:10,  2.18it/s, loss=0.0870]
Ep   9 [val  ]:  49%|████▊     | 19/39 [00:09<00:09,  2.19it/s, loss=0.0870]
Ep   9 [val  ]:  49%|████▊     | 19/39 [00:09<00:09,  2.19it/s, loss=0.0693]
Ep   9 [val  ]:  49%|████▊     | 19/39 [00:10<00:09,  2.19it/s, loss=0.0590]
Ep   9 [val  ]:  54%|█████▍    | 21/39 [00:10<00:08,  2.19it/s, loss=0.0590]
Ep   9 [val  ]:  54%|█████▍    | 21/39 [00:10<00:08,  2.19it/s, loss=0.0681]
Ep   9 [val  ]:  56%|█████▋    | 22/39 [00:10<00:06,  2.55it/s, loss=0.0681]
Ep   9 [val  ]:  56%|█████▋    | 22/39 [00:11<00:06,  2.55it/s, loss=0.0633]
Ep   9 [val  ]:  59%|█████▉    | 23/39 [00:11<00:07,  2.03it/s, loss=0.0633]
Ep   9 [val  ]:  59%|█████▉    | 23/39 [00:11<00:07,  2.03it/s, loss=0.0660]
Ep   9 [val  ]:  59%|█████▉    | 23/39 [00:12<00:07,  2.03it/s, loss=0.0676]
Ep   9 [val  ]:  64%|██████▍   | 25/39 [00:12<00:06,  2.04it/s, loss=0.0676]
Ep   9 [val  ]:  64%|██████▍   | 25/39 [00:12<00:06,  2.04it/s, loss=0.0760]
Ep   9 [val  ]:  64%|██████▍   | 25/39 [00:13<00:06,  2.04it/s, loss=0.0882]
Ep   9 [val  ]:  69%|██████▉   | 27/39 [00:13<00:05,  2.10it/s, loss=0.0882]
Ep   9 [val  ]:  69%|██████▉   | 27/39 [00:13<00:05,  2.10it/s, loss=0.1295]
Ep   9 [val  ]:  69%|██████▉   | 27/39 [00:14<00:05,  2.10it/s, loss=0.0975]
Ep   9 [val  ]:  74%|███████▍  | 29/39 [00:14<00:04,  2.15it/s, loss=0.0975]
Ep   9 [val  ]:  74%|███████▍  | 29/39 [00:14<00:04,  2.15it/s, loss=0.0879]
Ep   9 [val  ]:  74%|███████▍  | 29/39 [00:15<00:04,  2.15it/s, loss=0.0786]
Ep   9 [val  ]:  79%|███████▉  | 31/39 [00:15<00:03,  2.09it/s, loss=0.0786]
Ep   9 [val  ]:  79%|███████▉  | 31/39 [00:15<00:03,  2.09it/s, loss=0.0756]
Ep   9 [val  ]:  79%|███████▉  | 31/39 [00:16<00:03,  2.09it/s, loss=0.0739]
Ep   9 [val  ]:  85%|████████▍ | 33/39 [00:16<00:02,  2.05it/s, loss=0.0739]
Ep   9 [val  ]:  85%|████████▍ | 33/39 [00:16<00:02,  2.05it/s, loss=0.0759]
Ep   9 [val  ]:  85%|████████▍ | 33/39 [00:17<00:02,  2.05it/s, loss=0.0806]
Ep   9 [val  ]:  90%|████████▉ | 35/39 [00:17<00:01,  2.07it/s, loss=0.0806]
Ep   9 [val  ]:  90%|████████▉ | 35/39 [00:17<00:01,  2.07it/s, loss=0.0776]
Ep   9 [val  ]:  90%|████████▉ | 35/39 [00:17<00:01,  2.07it/s, loss=0.0743]
Ep   9 [val  ]:  95%|█████████▍| 37/39 [00:17<00:00,  2.14it/s, loss=0.0743]
Ep   9 [val  ]:  95%|█████████▍| 37/39 [00:18<00:00,  2.14it/s, loss=0.0634]
Ep   9 [val  ]:  95%|█████████▍| 37/39 [00:18<00:00,  2.14it/s, loss=0.0783]
Ep   9 [val  ]: 100%|██████████| 39/39 [00:18<00:00,  2.92it/s, loss=0.0783]
                                                                            
  Ep   9 [val  ]  loss=0.0820  rmse_c=0.2445  mae_c=0.2199  r2_c=0.018  rmse_h=0.3209  mae_h=0.2310  r2_h=0.358  sup=0.308

Ep  10 [train]:   0%|          | 0/145 [00:00<?, ?it/s]
Ep  10 [train]:   0%|          | 0/145 [00:01<?, ?it/s, loss=0.0876]
Ep  10 [train]:   1%|          | 1/145 [00:01<02:32,  1.06s/it, loss=0.0876]
Ep  10 [train]:   1%|          | 1/145 [00:01<02:32,  1.06s/it, loss=0.0795]
Ep  10 [train]:   1%|▏         | 2/145 [00:01<01:12,  1.97it/s, loss=0.0795]
Ep  10 [train]:   1%|▏         | 2/145 [00:01<01:12,  1.97it/s, loss=0.0759]
Ep  10 [train]:   2%|▏         | 3/145 [00:01<01:17,  1.82it/s, loss=0.0759]
Ep  10 [train]:   2%|▏         | 3/145 [00:01<01:17,  1.82it/s, loss=0.0766]
Ep  10 [train]:   3%|▎         | 4/145 [00:01<00:54,  2.61it/s, loss=0.0766]
Ep  10 [train]:   3%|▎         | 4/145 [00:02<00:54,  2.61it/s, loss=0.0826]
Ep  10 [train]:   3%|▎         | 5/145 [00:02<01:04,  2.18it/s, loss=0.0826]
Ep  10 [train]:   3%|▎         | 5/145 [00:02<01:04,  2.18it/s, loss=0.0706]
Ep  10 [train]:   4%|▍         | 6/145 [00:02<00:48,  2.87it/s, loss=0.0706]
Ep  10 [train]:   4%|▍         | 6/145 [00:03<00:48,  2.87it/s, loss=0.0836]
Ep  10 [train]:   5%|▍         | 7/145 [00:03<00:57,  2.38it/s, loss=0.0836]
Ep  10 [train]:   5%|▍         | 7/145 [00:03<00:57,  2.38it/s, loss=0.0776]
Ep  10 [train]:   6%|▌         | 8/145 [00:03<00:44,  3.09it/s, loss=0.0776]
Ep  10 [train]:   6%|▌         | 8/145 [00:03<00:44,  3.09it/s, loss=0.0879]
Ep  10 [train]:   6%|▌         | 9/145 [00:03<00:53,  2.53it/s, loss=0.0879]
Ep  10 [train]:   6%|▌         | 9/145 [00:04<00:53,  2.53it/s, loss=0.0729]
Ep  10 [train]:   7%|▋         | 10/145 [00:04<00:43,  3.09it/s, loss=0.0729]
Ep  10 [train]:   7%|▋         | 10/145 [00:04<00:43,  3.09it/s, loss=0.0771]
Ep  10 [train]:   8%|▊         | 11/145 [00:04<00:52,  2.55it/s, loss=0.0771]
Ep  10 [train]:   8%|▊         | 11/145 [00:04<00:52,  2.55it/s, loss=0.0836]
Ep  10 [train]:   8%|▊         | 12/145 [00:04<00:42,  3.12it/s, loss=0.0836]
Ep  10 [train]:   8%|▊         | 12/145 [00:05<00:42,  3.12it/s, loss=0.0752]
Ep  10 [train]:   9%|▉         | 13/145 [00:05<00:49,  2.64it/s, loss=0.0752]
Ep  10 [train]:   9%|▉         | 13/145 [00:05<00:49,  2.64it/s, loss=0.0851]
Ep  10 [train]:  10%|▉         | 14/145 [00:05<00:49,  2.67it/s, loss=0.0851]
Ep  10 [train]:  10%|▉         | 14/145 [00:05<00:49,  2.67it/s, loss=0.0829]
Ep  10 [train]:  10%|█         | 15/145 [00:05<00:48,  2.70it/s, loss=0.0829]
Ep  10 [train]:  10%|█         | 15/145 [00:06<00:48,  2.70it/s, loss=0.0760]
Ep  10 [train]:  11%|█         | 16/145 [00:06<00:58,  2.19it/s, loss=0.0760]
Ep  10 [train]:  11%|█         | 16/145 [00:06<00:58,  2.19it/s, loss=0.0766]
Ep  10 [train]:  12%|█▏        | 17/145 [00:06<00:47,  2.69it/s, loss=0.0766]
Ep  10 [train]:  12%|█▏        | 17/145 [00:07<00:47,  2.69it/s, loss=0.0787]
Ep  10 [train]:  12%|█▏        | 18/145 [00:07<01:02,  2.03it/s, loss=0.0787]
Ep  10 [train]:  12%|█▏        | 18/145 [00:07<01:02,  2.03it/s, loss=0.0712]
Ep  10 [train]:  13%|█▎        | 19/145 [00:07<00:48,  2.59it/s, loss=0.0712]
Ep  10 [train]:  13%|█▎        | 19/145 [00:08<00:48,  2.59it/s, loss=0.0863]
Ep  10 [train]:  14%|█▍        | 20/145 [00:08<01:04,  1.93it/s, loss=0.0863]
Ep  10 [train]:  14%|█▍        | 20/145 [00:08<01:04,  1.93it/s, loss=0.0752]
Ep  10 [train]:  14%|█▍        | 21/145 [00:08<00:50,  2.45it/s, loss=0.0752]
Ep  10 [train]:  14%|█▍        | 21/145 [00:09<00:50,  2.45it/s, loss=0.0798]
Ep  10 [train]:  15%|█▌        | 22/145 [00:09<01:06,  1.85it/s, loss=0.0798]
Ep  10 [train]:  15%|█▌        | 22/145 [00:09<01:06,  1.85it/s, loss=0.0803]
Ep  10 [train]:  16%|█▌        | 23/145 [00:09<00:50,  2.41it/s, loss=0.0803]
Ep  10 [train]:  16%|█▌        | 23/145 [00:10<00:50,  2.41it/s, loss=0.0894]
Ep  10 [train]:  17%|█▋        | 24/145 [00:10<00:57,  2.09it/s, loss=0.0894]
Ep  10 [train]:  17%|█▋        | 24/145 [00:10<00:57,  2.09it/s, loss=0.0743]
Ep  10 [train]:  17%|█▋        | 25/145 [00:10<00:45,  2.64it/s, loss=0.0743]
Ep  10 [train]:  17%|█▋        | 25/145 [00:11<00:45,  2.64it/s, loss=0.0695]
Ep  10 [train]:  18%|█▊        | 26/145 [00:11<00:54,  2.20it/s, loss=0.0695]
Ep  10 [train]:  18%|█▊        | 26/145 [00:11<00:54,  2.20it/s, loss=0.0767]
Ep  10 [train]:  19%|█▊        | 27/145 [00:11<00:42,  2.80it/s, loss=0.0767]
Ep  10 [train]:  19%|█▊        | 27/145 [00:11<00:42,  2.80it/s, loss=0.0797]
Ep  10 [train]:  19%|█▉        | 28/145 [00:11<00:52,  2.23it/s, loss=0.0797]
Ep  10 [train]:  19%|█▉        | 28/145 [00:12<00:52,  2.23it/s, loss=0.0792]
Ep  10 [train]:  20%|██        | 29/145 [00:12<00:41,  2.82it/s, loss=0.0792]
Ep  10 [train]:  20%|██        | 29/145 [00:12<00:41,  2.82it/s, loss=0.0791]
Ep  10 [train]:  21%|██        | 30/145 [00:12<00:53,  2.14it/s, loss=0.0791]
Ep  10 [train]:  21%|██        | 30/145 [00:12<00:53,  2.14it/s, loss=0.0714]
Ep  10 [train]:  21%|██▏       | 31/145 [00:12<00:41,  2.72it/s, loss=0.0714]
Ep  10 [train]:  21%|██▏       | 31/145 [00:13<00:41,  2.72it/s, loss=0.0759]
Ep  10 [train]:  22%|██▏       | 32/145 [00:13<00:55,  2.04it/s, loss=0.0759]
Ep  10 [train]:  22%|██▏       | 32/145 [00:13<00:55,  2.04it/s, loss=0.0715]
Ep  10 [train]:  23%|██▎       | 33/145 [00:13<00:43,  2.59it/s, loss=0.0715]
Ep  10 [train]:  23%|██▎       | 33/145 [00:14<00:43,  2.59it/s, loss=0.0857]
Ep  10 [train]:  23%|██▎       | 34/145 [00:14<00:54,  2.05it/s, loss=0.0857]
Ep  10 [train]:  23%|██▎       | 34/145 [00:14<00:54,  2.05it/s, loss=0.0815]
Ep  10 [train]:  24%|██▍       | 35/145 [00:14<00:42,  2.59it/s, loss=0.0815]
Ep  10 [train]:  24%|██▍       | 35/145 [00:15<00:42,  2.59it/s, loss=0.0731]
Ep  10 [train]:  25%|██▍       | 36/145 [00:15<00:56,  1.94it/s, loss=0.0731]
Ep  10 [train]:  25%|██▍       | 36/145 [00:15<00:56,  1.94it/s, loss=0.0834]
Ep  10 [train]:  26%|██▌       | 37/145 [00:15<00:42,  2.52it/s, loss=0.0834]
Ep  10 [train]:  26%|██▌       | 37/145 [00:16<00:42,  2.52it/s, loss=0.0870]
Ep  10 [train]:  26%|██▌       | 38/145 [00:16<00:54,  1.97it/s, loss=0.0870]
Ep  10 [train]:  26%|██▌       | 38/145 [00:16<00:54,  1.97it/s, loss=0.0749]
Ep  10 [train]:  27%|██▋       | 39/145 [00:16<00:41,  2.56it/s, loss=0.0749]
Ep  10 [train]:  27%|██▋       | 39/145 [00:17<00:41,  2.56it/s, loss=0.0833]
Ep  10 [train]:  28%|██▊       | 40/145 [00:17<00:51,  2.02it/s, loss=0.0833]
Ep  10 [train]:  28%|██▊       | 40/145 [00:17<00:51,  2.02it/s, loss=0.0703]
Ep  10 [train]:  28%|██▊       | 41/145 [00:17<00:40,  2.60it/s, loss=0.0703]
Ep  10 [train]:  28%|██▊       | 41/145 [00:18<00:40,  2.60it/s, loss=0.0753]
Ep  10 [train]:  29%|██▉       | 42/145 [00:18<00:50,  2.05it/s, loss=0.0753]
Ep  10 [train]:  29%|██▉       | 42/145 [00:18<00:50,  2.05it/s, loss=0.0730]
Ep  10 [train]:  30%|██▉       | 43/145 [00:18<00:39,  2.56it/s, loss=0.0730]
Ep  10 [train]:  30%|██▉       | 43/145 [00:18<00:39,  2.56it/s, loss=0.0830]
Ep  10 [train]:  30%|███       | 44/145 [00:18<00:49,  2.03it/s, loss=0.0830]
Ep  10 [train]:  30%|███       | 44/145 [00:19<00:49,  2.03it/s, loss=0.0818]
Ep  10 [train]:  31%|███       | 45/145 [00:19<00:38,  2.61it/s, loss=0.0818]
Ep  10 [train]:  31%|███       | 45/145 [00:19<00:38,  2.61it/s, loss=0.0770]
Ep  10 [train]:  32%|███▏      | 46/145 [00:19<00:50,  1.95it/s, loss=0.0770]
Ep  10 [train]:  32%|███▏      | 46/145 [00:20<00:50,  1.95it/s, loss=0.0778]
Ep  10 [train]:  32%|███▏      | 47/145 [00:20<00:38,  2.52it/s, loss=0.0778]
Ep  10 [train]:  32%|███▏      | 47/145 [00:20<00:38,  2.52it/s, loss=0.0841]
Ep  10 [train]:  33%|███▎      | 48/145 [00:20<00:48,  2.01it/s, loss=0.0841]
Ep  10 [train]:  33%|███▎      | 48/145 [00:20<00:48,  2.01it/s, loss=0.0824]
Ep  10 [train]:  34%|███▍      | 49/145 [00:20<00:37,  2.56it/s, loss=0.0824]
Ep  10 [train]:  34%|███▍      | 49/145 [00:21<00:37,  2.56it/s, loss=0.0767]
Ep  10 [train]:  34%|███▍      | 50/145 [00:21<00:44,  2.14it/s, loss=0.0767]
Ep  10 [train]:  34%|███▍      | 50/145 [00:21<00:44,  2.14it/s, loss=0.0769]
Ep  10 [train]:  35%|███▌      | 51/145 [00:21<00:34,  2.76it/s, loss=0.0769]
Ep  10 [train]:  35%|███▌      | 51/145 [00:22<00:34,  2.76it/s, loss=0.0936]
Ep  10 [train]:  36%|███▌      | 52/145 [00:22<00:40,  2.27it/s, loss=0.0936]
Ep  10 [train]:  36%|███▌      | 52/145 [00:22<00:40,  2.27it/s, loss=0.0793]
Ep  10 [train]:  37%|███▋      | 53/145 [00:22<00:32,  2.87it/s, loss=0.0793]
Ep  10 [train]:  37%|███▋      | 53/145 [00:23<00:32,  2.87it/s, loss=0.0768]
Ep  10 [train]:  37%|███▋      | 54/145 [00:23<00:38,  2.33it/s, loss=0.0768]
Ep  10 [train]:  37%|███▋      | 54/145 [00:23<00:38,  2.33it/s, loss=0.0681]
Ep  10 [train]:  38%|███▊      | 55/145 [00:23<00:30,  2.98it/s, loss=0.0681]
Ep  10 [train]:  38%|███▊      | 55/145 [00:23<00:30,  2.98it/s, loss=0.0743]
Ep  10 [train]:  39%|███▊      | 56/145 [00:23<00:38,  2.31it/s, loss=0.0743]
Ep  10 [train]:  39%|███▊      | 56/145 [00:23<00:38,  2.31it/s, loss=0.0817]
Ep  10 [train]:  39%|███▉      | 57/145 [00:23<00:29,  2.94it/s, loss=0.0817]
Ep  10 [train]:  39%|███▉      | 57/145 [00:24<00:29,  2.94it/s, loss=0.0802]
Ep  10 [train]:  40%|████      | 58/145 [00:24<00:38,  2.25it/s, loss=0.0802]
Ep  10 [train]:  40%|████      | 58/145 [00:24<00:38,  2.25it/s, loss=0.0718]
Ep  10 [train]:  41%|████      | 59/145 [00:24<00:30,  2.83it/s, loss=0.0718]
Ep  10 [train]:  41%|████      | 59/145 [00:25<00:30,  2.83it/s, loss=0.0842]
Ep  10 [train]:  41%|████▏     | 60/145 [00:25<00:37,  2.30it/s, loss=0.0842]
Ep  10 [train]:  41%|████▏     | 60/145 [00:25<00:37,  2.30it/s, loss=0.0776]
Ep  10 [train]:  42%|████▏     | 61/145 [00:25<00:28,  2.91it/s, loss=0.0776]
Ep  10 [train]:  42%|████▏     | 61/145 [00:26<00:28,  2.91it/s, loss=0.0784]
Ep  10 [train]:  43%|████▎     | 62/145 [00:26<00:37,  2.20it/s, loss=0.0784]
Ep  10 [train]:  43%|████▎     | 62/145 [00:26<00:37,  2.20it/s, loss=0.0884]
Ep  10 [train]:  43%|████▎     | 63/145 [00:26<00:30,  2.66it/s, loss=0.0884]
Ep  10 [train]:  43%|████▎     | 63/145 [00:27<00:30,  2.66it/s, loss=0.0795]
Ep  10 [train]:  44%|████▍     | 64/145 [00:27<00:36,  2.19it/s, loss=0.0795]
Ep  10 [train]:  44%|████▍     | 64/145 [00:27<00:36,  2.19it/s, loss=0.0722]
Ep  10 [train]:  45%|████▍     | 65/145 [00:27<00:28,  2.81it/s, loss=0.0722]
Ep  10 [train]:  45%|████▍     | 65/145 [00:27<00:28,  2.81it/s, loss=0.0724]
Ep  10 [train]:  46%|████▌     | 66/145 [00:27<00:35,  2.20it/s, loss=0.0724]
Ep  10 [train]:  46%|████▌     | 66/145 [00:28<00:35,  2.20it/s, loss=0.0754]
Ep  10 [train]:  46%|████▌     | 67/145 [00:28<00:27,  2.79it/s, loss=0.0754]
Ep  10 [train]:  46%|████▌     | 67/145 [00:28<00:27,  2.79it/s, loss=0.0836]
Ep  10 [train]:  47%|████▋     | 68/145 [00:28<00:33,  2.28it/s, loss=0.0836]
Ep  10 [train]:  47%|████▋     | 68/145 [00:28<00:33,  2.28it/s, loss=0.0714]
Ep  10 [train]:  48%|████▊     | 69/145 [00:28<00:26,  2.86it/s, loss=0.0714]
Ep  10 [train]:  48%|████▊     | 69/145 [00:29<00:26,  2.86it/s, loss=0.0799]
Ep  10 [train]:  48%|████▊     | 70/145 [00:29<00:33,  2.26it/s, loss=0.0799]
Ep  10 [train]:  48%|████▊     | 70/145 [00:29<00:33,  2.26it/s, loss=0.0776]
Ep  10 [train]:  49%|████▉     | 71/145 [00:29<00:25,  2.87it/s, loss=0.0776]
Ep  10 [train]:  49%|████▉     | 71/145 [00:30<00:25,  2.87it/s, loss=0.0798]
Ep  10 [train]:  50%|████▉     | 72/145 [00:30<00:34,  2.14it/s, loss=0.0798]
Ep  10 [train]:  50%|████▉     | 72/145 [00:30<00:34,  2.14it/s, loss=0.0793]
Ep  10 [train]:  50%|█████     | 73/145 [00:30<00:26,  2.70it/s, loss=0.0793]
Ep  10 [train]:  50%|█████     | 73/145 [00:31<00:26,  2.70it/s, loss=0.0767]
Ep  10 [train]:  51%|█████     | 74/145 [00:31<00:32,  2.17it/s, loss=0.0767]
Ep  10 [train]:  51%|█████     | 74/145 [00:31<00:32,  2.17it/s, loss=0.0725]
Ep  10 [train]:  52%|█████▏    | 75/145 [00:31<00:25,  2.74it/s, loss=0.0725]
Ep  10 [train]:  52%|█████▏    | 75/145 [00:32<00:25,  2.74it/s, loss=0.0814]
Ep  10 [train]:  52%|█████▏    | 76/145 [00:32<00:32,  2.12it/s, loss=0.0814]
Ep  10 [train]:  52%|█████▏    | 76/145 [00:32<00:32,  2.12it/s, loss=0.0719]
Ep  10 [train]:  53%|█████▎    | 77/145 [00:32<00:25,  2.69it/s, loss=0.0719]
Ep  10 [train]:  53%|█████▎    | 77/145 [00:32<00:25,  2.69it/s, loss=0.0806]
Ep  10 [train]:  54%|█████▍    | 78/145 [00:32<00:32,  2.04it/s, loss=0.0806]
Ep  10 [train]:  54%|█████▍    | 78/145 [00:33<00:32,  2.04it/s, loss=0.0795]
Ep  10 [train]:  54%|█████▍    | 79/145 [00:33<00:26,  2.49it/s, loss=0.0795]
Ep  10 [train]:  54%|█████▍    | 79/145 [00:33<00:26,  2.49it/s, loss=0.0809]
Ep  10 [train]:  55%|█████▌    | 80/145 [00:33<00:31,  2.03it/s, loss=0.0809]
Ep  10 [train]:  55%|█████▌    | 80/145 [00:33<00:31,  2.03it/s, loss=0.0745]
Ep  10 [train]:  56%|█████▌    | 81/145 [00:33<00:24,  2.60it/s, loss=0.0745]
Ep  10 [train]:  56%|█████▌    | 81/145 [00:34<00:24,  2.60it/s, loss=0.0756]
Ep  10 [train]:  57%|█████▋    | 82/145 [00:34<00:32,  1.92it/s, loss=0.0756]
Ep  10 [train]:  57%|█████▋    | 82/145 [00:34<00:32,  1.92it/s, loss=0.0789]
Ep  10 [train]:  57%|█████▋    | 83/145 [00:34<00:25,  2.45it/s, loss=0.0789]
Ep  10 [train]:  57%|█████▋    | 83/145 [00:35<00:25,  2.45it/s, loss=0.0767]
Ep  10 [train]:  58%|█████▊    | 84/145 [00:35<00:29,  2.05it/s, loss=0.0767]
Ep  10 [train]:  58%|█████▊    | 84/145 [00:35<00:29,  2.05it/s, loss=0.0692]
Ep  10 [train]:  59%|█████▊    | 85/145 [00:35<00:23,  2.60it/s, loss=0.0692]
Ep  10 [train]:  59%|█████▊    | 85/145 [00:36<00:23,  2.60it/s, loss=0.0704]
Ep  10 [train]:  59%|█████▉    | 86/145 [00:36<00:29,  1.98it/s, loss=0.0704]
Ep  10 [train]:  59%|█████▉    | 86/145 [00:36<00:29,  1.98it/s, loss=0.0781]
Ep  10 [train]:  60%|██████    | 87/145 [00:36<00:23,  2.46it/s, loss=0.0781]
Ep  10 [train]:  60%|██████    | 87/145 [00:37<00:23,  2.46it/s, loss=0.0798]
Ep  10 [train]:  61%|██████    | 88/145 [00:37<00:28,  1.97it/s, loss=0.0798]
Ep  10 [train]:  61%|██████    | 88/145 [00:37<00:28,  1.97it/s, loss=0.0779]
Ep  10 [train]:  61%|██████▏   | 89/145 [00:37<00:22,  2.49it/s, loss=0.0779]
Ep  10 [train]:  61%|██████▏   | 89/145 [00:38<00:22,  2.49it/s, loss=0.0778]
Ep  10 [train]:  62%|██████▏   | 90/145 [00:38<00:26,  2.08it/s, loss=0.0778]
Ep  10 [train]:  62%|██████▏   | 90/145 [00:38<00:26,  2.08it/s, loss=0.0784]
Ep  10 [train]:  63%|██████▎   | 91/145 [00:38<00:20,  2.65it/s, loss=0.0784]
Ep  10 [train]:  63%|██████▎   | 91/145 [00:39<00:20,  2.65it/s, loss=0.0868]
Ep  10 [train]:  63%|██████▎   | 92/145 [00:39<00:27,  1.95it/s, loss=0.0868]
Ep  10 [train]:  63%|██████▎   | 92/145 [00:39<00:27,  1.95it/s, loss=0.0759]
Ep  10 [train]:  64%|██████▍   | 93/145 [00:39<00:21,  2.45it/s, loss=0.0759]
Ep  10 [train]:  64%|██████▍   | 93/145 [00:40<00:21,  2.45it/s, loss=0.0713]
Ep  10 [train]:  65%|██████▍   | 94/145 [00:40<00:25,  2.01it/s, loss=0.0713]
Ep  10 [train]:  65%|██████▍   | 94/145 [00:40<00:25,  2.01it/s, loss=0.0840]
Ep  10 [train]:  66%|██████▌   | 95/145 [00:40<00:19,  2.54it/s, loss=0.0840]
Ep  10 [train]:  66%|██████▌   | 95/145 [00:41<00:19,  2.54it/s, loss=0.0828]
Ep  10 [train]:  66%|██████▌   | 96/145 [00:41<00:25,  1.94it/s, loss=0.0828]
Ep  10 [train]:  66%|██████▌   | 96/145 [00:41<00:25,  1.94it/s, loss=0.0803]
Ep  10 [train]:  67%|██████▋   | 97/145 [00:41<00:19,  2.40it/s, loss=0.0803]
Ep  10 [train]:  67%|██████▋   | 97/145 [00:41<00:19,  2.40it/s, loss=0.0757]
Ep  10 [train]:  68%|██████▊   | 98/145 [00:41<00:23,  1.97it/s, loss=0.0757]
Ep  10 [train]:  68%|██████▊   | 98/145 [00:42<00:23,  1.97it/s, loss=0.0826]
Ep  10 [train]:  68%|██████▊   | 99/145 [00:42<00:18,  2.44it/s, loss=0.0826]
Ep  10 [train]:  68%|██████▊   | 99/145 [00:42<00:18,  2.44it/s, loss=0.0797]
Ep  10 [train]:  69%|██████▉   | 100/145 [00:42<00:22,  2.01it/s, loss=0.0797]
Ep  10 [train]:  69%|██████▉   | 100/145 [00:42<00:22,  2.01it/s, loss=0.0804]
Ep  10 [train]:  70%|██████▉   | 101/145 [00:42<00:17,  2.56it/s, loss=0.0804]
Ep  10 [train]:  70%|██████▉   | 101/145 [00:43<00:17,  2.56it/s, loss=0.0764]
Ep  10 [train]:  70%|███████   | 102/145 [00:43<00:20,  2.08it/s, loss=0.0764]
Ep  10 [train]:  70%|███████   | 102/145 [00:43<00:20,  2.08it/s, loss=0.0900]
Ep  10 [train]:  71%|███████   | 103/145 [00:43<00:16,  2.57it/s, loss=0.0900]
Ep  10 [train]:  71%|███████   | 103/145 [00:44<00:16,  2.57it/s, loss=0.0750]
Ep  10 [train]:  72%|███████▏  | 104/145 [00:44<00:19,  2.06it/s, loss=0.0750]
Ep  10 [train]:  72%|███████▏  | 104/145 [00:44<00:19,  2.06it/s, loss=0.0819]
Ep  10 [train]:  72%|███████▏  | 105/145 [00:44<00:15,  2.56it/s, loss=0.0819]
Ep  10 [train]:  72%|███████▏  | 105/145 [00:45<00:15,  2.56it/s, loss=0.0787]
Ep  10 [train]:  73%|███████▎  | 106/145 [00:45<00:19,  2.02it/s, loss=0.0787]
Ep  10 [train]:  73%|███████▎  | 106/145 [00:45<00:19,  2.02it/s, loss=0.0835]
Ep  10 [train]:  74%|███████▍  | 107/145 [00:45<00:14,  2.58it/s, loss=0.0835]
Ep  10 [train]:  74%|███████▍  | 107/145 [00:46<00:14,  2.58it/s, loss=0.0804]
Ep  10 [train]:  74%|███████▍  | 108/145 [00:46<00:18,  2.00it/s, loss=0.0804]
Ep  10 [train]:  74%|███████▍  | 108/145 [00:46<00:18,  2.00it/s, loss=0.0851]
Ep  10 [train]:  75%|███████▌  | 109/145 [00:46<00:14,  2.50it/s, loss=0.0851]
Ep  10 [train]:  75%|███████▌  | 109/145 [00:47<00:14,  2.50it/s, loss=0.0836]
Ep  10 [train]:  76%|███████▌  | 110/145 [00:47<00:17,  2.00it/s, loss=0.0836]
Ep  10 [train]:  76%|███████▌  | 110/145 [00:47<00:17,  2.00it/s, loss=0.0839]
Ep  10 [train]:  77%|███████▋  | 111/145 [00:47<00:13,  2.53it/s, loss=0.0839]
Ep  10 [train]:  77%|███████▋  | 111/145 [00:48<00:13,  2.53it/s, loss=0.0780]
Ep  10 [train]:  77%|███████▋  | 112/145 [00:48<00:16,  1.98it/s, loss=0.0780]
Ep  10 [train]:  77%|███████▋  | 112/145 [00:48<00:16,  1.98it/s, loss=0.0889]
Ep  10 [train]:  78%|███████▊  | 113/145 [00:48<00:13,  2.43it/s, loss=0.0889]
Ep  10 [train]:  78%|███████▊  | 113/145 [00:49<00:13,  2.43it/s, loss=0.0734]
Ep  10 [train]:  79%|███████▊  | 114/145 [00:49<00:15,  2.02it/s, loss=0.0734]
Ep  10 [train]:  79%|███████▊  | 114/145 [00:49<00:15,  2.02it/s, loss=0.0844]
Ep  10 [train]:  79%|███████▉  | 115/145 [00:49<00:11,  2.52it/s, loss=0.0844]
Ep  10 [train]:  79%|███████▉  | 115/145 [00:49<00:11,  2.52it/s, loss=0.0812]
Ep  10 [train]:  80%|████████  | 116/145 [00:49<00:14,  1.99it/s, loss=0.0812]
Ep  10 [train]:  80%|████████  | 116/145 [00:50<00:14,  1.99it/s, loss=0.0752]
Ep  10 [train]:  81%|████████  | 117/145 [00:50<00:11,  2.46it/s, loss=0.0752]
Ep  10 [train]:  81%|████████  | 117/145 [00:50<00:11,  2.46it/s, loss=0.0767]
Ep  10 [train]:  81%|████████▏ | 118/145 [00:50<00:13,  2.02it/s, loss=0.0767]
Ep  10 [train]:  81%|████████▏ | 118/145 [00:51<00:13,  2.02it/s, loss=0.0688]
Ep  10 [train]:  82%|████████▏ | 119/145 [00:51<00:10,  2.54it/s, loss=0.0688]
Ep  10 [train]:  82%|████████▏ | 119/145 [00:51<00:10,  2.54it/s, loss=0.0743]
Ep  10 [train]:  83%|████████▎ | 120/145 [00:51<00:12,  2.01it/s, loss=0.0743]
Ep  10 [train]:  83%|████████▎ | 120/145 [00:51<00:12,  2.01it/s, loss=0.0793]
Ep  10 [train]:  83%|████████▎ | 121/145 [00:51<00:09,  2.55it/s, loss=0.0793]
Ep  10 [train]:  83%|████████▎ | 121/145 [00:52<00:09,  2.55it/s, loss=0.0794]
Ep  10 [train]:  84%|████████▍ | 122/145 [00:52<00:11,  2.03it/s, loss=0.0794]
Ep  10 [train]:  84%|████████▍ | 122/145 [00:52<00:11,  2.03it/s, loss=0.0751]
Ep  10 [train]:  85%|████████▍ | 123/145 [00:52<00:08,  2.58it/s, loss=0.0751]
Ep  10 [train]:  85%|████████▍ | 123/145 [00:53<00:08,  2.58it/s, loss=0.0726]
Ep  10 [train]:  86%|████████▌ | 124/145 [00:53<00:10,  1.93it/s, loss=0.0726]
Ep  10 [train]:  86%|████████▌ | 124/145 [00:53<00:10,  1.93it/s, loss=0.0725]
Ep  10 [train]:  86%|████████▌ | 125/145 [00:53<00:08,  2.41it/s, loss=0.0725]
Ep  10 [train]:  86%|████████▌ | 125/145 [00:54<00:08,  2.41it/s, loss=0.0774]
Ep  10 [train]:  87%|████████▋ | 126/145 [00:54<00:10,  1.83it/s, loss=0.0774]
Ep  10 [train]:  87%|████████▋ | 126/145 [00:54<00:10,  1.83it/s, loss=0.0779]
Ep  10 [train]:  88%|████████▊ | 127/145 [00:54<00:07,  2.26it/s, loss=0.0779]
Ep  10 [train]:  88%|████████▊ | 127/145 [00:55<00:07,  2.26it/s, loss=0.0734]
Ep  10 [train]:  88%|████████▊ | 128/145 [00:55<00:09,  1.85it/s, loss=0.0734]
Ep  10 [train]:  88%|████████▊ | 128/145 [00:55<00:09,  1.85it/s, loss=0.0717]
Ep  10 [train]:  89%|████████▉ | 129/145 [00:55<00:07,  2.27it/s, loss=0.0717]
Ep  10 [train]:  89%|████████▉ | 129/145 [00:56<00:07,  2.27it/s, loss=0.0780]
Ep  10 [train]:  90%|████████▉ | 130/145 [00:56<00:07,  1.91it/s, loss=0.0780]
Ep  10 [train]:  90%|████████▉ | 130/145 [00:56<00:07,  1.91it/s, loss=0.0737]
Ep  10 [train]:  90%|█████████ | 131/145 [00:56<00:05,  2.38it/s, loss=0.0737]
Ep  10 [train]:  90%|█████████ | 131/145 [00:57<00:05,  2.38it/s, loss=0.0734]
Ep  10 [train]:  91%|█████████ | 132/145 [00:57<00:06,  1.94it/s, loss=0.0734]
Ep  10 [train]:  91%|█████████ | 132/145 [00:57<00:06,  1.94it/s, loss=0.0895]
Ep  10 [train]:  92%|█████████▏| 133/145 [00:57<00:04,  2.51it/s, loss=0.0895]
Ep  10 [train]:  92%|█████████▏| 133/145 [00:58<00:04,  2.51it/s, loss=0.0908]
Ep  10 [train]:  92%|█████████▏| 134/145 [00:58<00:05,  1.99it/s, loss=0.0908]
Ep  10 [train]:  92%|█████████▏| 134/145 [00:58<00:05,  1.99it/s, loss=0.0759]
Ep  10 [train]:  93%|█████████▎| 135/145 [00:58<00:04,  2.49it/s, loss=0.0759]
Ep  10 [train]:  93%|█████████▎| 135/145 [00:59<00:04,  2.49it/s, loss=0.0798]
Ep  10 [train]:  94%|█████████▍| 136/145 [00:59<00:04,  1.94it/s, loss=0.0798]
Ep  10 [train]:  94%|█████████▍| 136/145 [00:59<00:04,  1.94it/s, loss=0.0846]
Ep  10 [train]:  94%|█████████▍| 137/145 [00:59<00:03,  2.47it/s, loss=0.0846]
Ep  10 [train]:  94%|█████████▍| 137/145 [01:00<00:03,  2.47it/s, loss=0.0793]
Ep  10 [train]:  95%|█████████▌| 138/145 [01:00<00:03,  1.82it/s, loss=0.0793]
Ep  10 [train]:  95%|█████████▌| 138/145 [01:00<00:03,  1.82it/s, loss=0.0760]
Ep  10 [train]:  96%|█████████▌| 139/145 [01:00<00:02,  2.36it/s, loss=0.0760]
Ep  10 [train]:  96%|█████████▌| 139/145 [01:01<00:02,  2.36it/s, loss=0.0812]
Ep  10 [train]:  97%|█████████▋| 140/145 [01:01<00:02,  1.93it/s, loss=0.0812]
Ep  10 [train]:  97%|█████████▋| 140/145 [01:01<00:02,  1.93it/s, loss=0.0740]
Ep  10 [train]:  97%|█████████▋| 141/145 [01:01<00:01,  2.41it/s, loss=0.0740]
Ep  10 [train]:  97%|█████████▋| 141/145 [01:02<00:01,  2.41it/s, loss=0.0819]
Ep  10 [train]:  98%|█████████▊| 142/145 [01:02<00:01,  2.00it/s, loss=0.0819]
Ep  10 [train]:  98%|█████████▊| 142/145 [01:02<00:01,  2.00it/s, loss=0.0706]
Ep  10 [train]:  99%|█████████▊| 143/145 [01:02<00:00,  2.52it/s, loss=0.0706]
Ep  10 [train]:  99%|█████████▊| 143/145 [01:02<00:00,  2.52it/s, loss=0.0754]
Ep  10 [train]:  99%|█████████▉| 144/145 [01:02<00:00,  1.97it/s, loss=0.0754]
Ep  10 [train]:  99%|█████████▉| 144/145 [01:03<00:00,  1.97it/s, loss=0.0769]
Ep  10 [train]: 100%|██████████| 145/145 [01:03<00:00,  2.53it/s, loss=0.0769]
                                                                              
  Ep  10 [train]  loss=0.0785  rmse_c=0.2398  mae_c=0.2164  r2_c=0.013  rmse_h=0.3162  mae_h=0.2372  r2_h=0.420  sup=0.322

Ep  10 [val  ]:   0%|          | 0/39 [00:00<?, ?it/s]
Ep  10 [val  ]:   0%|          | 0/39 [00:01<?, ?it/s, loss=0.0983]
Ep  10 [val  ]:   3%|▎         | 1/39 [00:01<00:43,  1.15s/it, loss=0.0983]
Ep  10 [val  ]:   3%|▎         | 1/39 [00:01<00:43,  1.15s/it, loss=0.0944]
Ep  10 [val  ]:   5%|▌         | 2/39 [00:01<00:19,  1.87it/s, loss=0.0944]
Ep  10 [val  ]:   5%|▌         | 2/39 [00:02<00:19,  1.87it/s, loss=0.0776]
Ep  10 [val  ]:   8%|▊         | 3/39 [00:02<00:26,  1.37it/s, loss=0.0776]
Ep  10 [val  ]:   8%|▊         | 3/39 [00:02<00:26,  1.37it/s, loss=0.0707]
Ep  10 [val  ]:   8%|▊         | 3/39 [00:03<00:26,  1.37it/s, loss=0.0775]
Ep  10 [val  ]:  13%|█▎        | 5/39 [00:03<00:18,  1.80it/s, loss=0.0775]
Ep  10 [val  ]:  13%|█▎        | 5/39 [00:03<00:18,  1.80it/s, loss=0.0823]
Ep  10 [val  ]:  15%|█▌        | 6/39 [00:03<00:14,  2.29it/s, loss=0.0823]
Ep  10 [val  ]:  15%|█▌        | 6/39 [00:03<00:14,  2.29it/s, loss=0.0757]
Ep  10 [val  ]:  18%|█▊        | 7/39 [00:03<00:16,  1.89it/s, loss=0.0757]
Ep  10 [val  ]:  18%|█▊        | 7/39 [00:04<00:16,  1.89it/s, loss=0.0738]
Ep  10 [val  ]:  21%|██        | 8/39 [00:04<00:14,  2.20it/s, loss=0.0738]
Ep  10 [val  ]:  21%|██        | 8/39 [00:04<00:14,  2.20it/s, loss=0.0735]
Ep  10 [val  ]:  23%|██▎       | 9/39 [00:04<00:15,  1.99it/s, loss=0.0735]
Ep  10 [val  ]:  23%|██▎       | 9/39 [00:05<00:15,  1.99it/s, loss=0.0711]
Ep  10 [val  ]:  26%|██▌       | 10/39 [00:05<00:13,  2.21it/s, loss=0.0711]
Ep  10 [val  ]:  26%|██▌       | 10/39 [00:05<00:13,  2.21it/s, loss=0.0727]
Ep  10 [val  ]:  28%|██▊       | 11/39 [00:05<00:13,  2.06it/s, loss=0.0727]
Ep  10 [val  ]:  28%|██▊       | 11/39 [00:06<00:13,  2.06it/s, loss=0.0757]
Ep  10 [val  ]:  31%|███       | 12/39 [00:06<00:12,  2.17it/s, loss=0.0757]
Ep  10 [val  ]:  31%|███       | 12/39 [00:06<00:12,  2.17it/s, loss=0.0786]
Ep  10 [val  ]:  33%|███▎      | 13/39 [00:06<00:12,  2.08it/s, loss=0.0786]
Ep  10 [val  ]:  33%|███▎      | 13/39 [00:07<00:12,  2.08it/s, loss=0.0869]
Ep  10 [val  ]:  36%|███▌      | 14/39 [00:07<00:11,  2.21it/s, loss=0.0869]
Ep  10 [val  ]:  36%|███▌      | 14/39 [00:07<00:11,  2.21it/s, loss=0.0970]
Ep  10 [val  ]:  38%|███▊      | 15/39 [00:07<00:11,  2.05it/s, loss=0.0970]
Ep  10 [val  ]:  38%|███▊      | 15/39 [00:07<00:11,  2.05it/s, loss=0.0963]
Ep  10 [val  ]:  41%|████      | 16/39 [00:07<00:09,  2.34it/s, loss=0.0963]
Ep  10 [val  ]:  41%|████      | 16/39 [00:08<00:09,  2.34it/s, loss=0.0956]
Ep  10 [val  ]:  44%|████▎     | 17/39 [00:08<00:10,  2.18it/s, loss=0.0956]
Ep  10 [val  ]:  44%|████▎     | 17/39 [00:08<00:10,  2.18it/s, loss=0.0889]
Ep  10 [val  ]:  46%|████▌     | 18/39 [00:08<00:09,  2.32it/s, loss=0.0889]
Ep  10 [val  ]:  46%|████▌     | 18/39 [00:09<00:09,  2.32it/s, loss=0.0841]
Ep  10 [val  ]:  49%|████▊     | 19/39 [00:09<00:09,  2.15it/s, loss=0.0841]
Ep  10 [val  ]:  49%|████▊     | 19/39 [00:09<00:09,  2.15it/s, loss=0.0667]
Ep  10 [val  ]:  51%|█████▏    | 20/39 [00:09<00:08,  2.33it/s, loss=0.0667]
Ep  10 [val  ]:  51%|█████▏    | 20/39 [00:10<00:08,  2.33it/s, loss=0.0594]
Ep  10 [val  ]:  54%|█████▍    | 21/39 [00:10<00:08,  2.05it/s, loss=0.0594]
Ep  10 [val  ]:  54%|█████▍    | 21/39 [00:10<00:08,  2.05it/s, loss=0.0668]
Ep  10 [val  ]:  56%|█████▋    | 22/39 [00:10<00:07,  2.28it/s, loss=0.0668]
Ep  10 [val  ]:  56%|█████▋    | 22/39 [00:11<00:07,  2.28it/s, loss=0.0631]
Ep  10 [val  ]:  59%|█████▉    | 23/39 [00:11<00:07,  2.12it/s, loss=0.0631]
Ep  10 [val  ]:  59%|█████▉    | 23/39 [00:11<00:07,  2.12it/s, loss=0.0647]
Ep  10 [val  ]:  62%|██████▏   | 24/39 [00:11<00:06,  2.21it/s, loss=0.0647]
Ep  10 [val  ]:  62%|██████▏   | 24/39 [00:12<00:06,  2.21it/s, loss=0.0660]
Ep  10 [val  ]:  64%|██████▍   | 25/39 [00:12<00:06,  2.09it/s, loss=0.0660]
Ep  10 [val  ]:  64%|██████▍   | 25/39 [00:12<00:06,  2.09it/s, loss=0.0728]
Ep  10 [val  ]:  67%|██████▋   | 26/39 [00:12<00:06,  2.15it/s, loss=0.0728]
Ep  10 [val  ]:  67%|██████▋   | 26/39 [00:13<00:06,  2.15it/s, loss=0.0831]
Ep  10 [val  ]:  69%|██████▉   | 27/39 [00:13<00:05,  2.16it/s, loss=0.0831]
Ep  10 [val  ]:  69%|██████▉   | 27/39 [00:13<00:05,  2.16it/s, loss=0.1260]
Ep  10 [val  ]:  72%|███████▏  | 28/39 [00:13<00:05,  2.12it/s, loss=0.1260]
Ep  10 [val  ]:  72%|███████▏  | 28/39 [00:14<00:05,  2.12it/s, loss=0.0967]
Ep  10 [val  ]:  74%|███████▍  | 29/39 [00:14<00:04,  2.10it/s, loss=0.0967]
Ep  10 [val  ]:  74%|███████▍  | 29/39 [00:14<00:04,  2.10it/s, loss=0.0864]
Ep  10 [val  ]:  77%|███████▋  | 30/39 [00:14<00:04,  2.22it/s, loss=0.0864]
Ep  10 [val  ]:  77%|███████▋  | 30/39 [00:14<00:04,  2.22it/s, loss=0.0796]
Ep  10 [val  ]:  79%|███████▉  | 31/39 [00:14<00:03,  2.12it/s, loss=0.0796]
Ep  10 [val  ]:  79%|███████▉  | 31/39 [00:15<00:03,  2.12it/s, loss=0.0743]
Ep  10 [val  ]:  82%|████████▏ | 32/39 [00:15<00:02,  2.34it/s, loss=0.0743]
Ep  10 [val  ]:  82%|████████▏ | 32/39 [00:15<00:02,  2.34it/s, loss=0.0820]
Ep  10 [val  ]:  85%|████████▍ | 33/39 [00:15<00:02,  2.18it/s, loss=0.0820]
Ep  10 [val  ]:  85%|████████▍ | 33/39 [00:16<00:02,  2.18it/s, loss=0.0729]
Ep  10 [val  ]:  87%|████████▋ | 34/39 [00:16<00:02,  2.37it/s, loss=0.0729]
Ep  10 [val  ]:  87%|████████▋ | 34/39 [00:16<00:02,  2.37it/s, loss=0.0771]
Ep  10 [val  ]:  90%|████████▉ | 35/39 [00:16<00:01,  2.18it/s, loss=0.0771]
Ep  10 [val  ]:  90%|████████▉ | 35/39 [00:16<00:01,  2.18it/s, loss=0.0727]
Ep  10 [val  ]:  92%|█████████▏| 36/39 [00:16<00:01,  2.39it/s, loss=0.0727]
Ep  10 [val  ]:  92%|█████████▏| 36/39 [00:17<00:01,  2.39it/s, loss=0.0728]
Ep  10 [val  ]:  95%|█████████▍| 37/39 [00:17<00:00,  2.08it/s, loss=0.0728]
Ep  10 [val  ]:  95%|█████████▍| 37/39 [00:17<00:00,  2.08it/s, loss=0.0641]
Ep  10 [val  ]:  97%|█████████▋| 38/39 [00:17<00:00,  2.41it/s, loss=0.0641]
Ep  10 [val  ]:  97%|█████████▋| 38/39 [00:17<00:00,  2.41it/s, loss=0.0738]
                                                                            
  Ep  10 [val  ]  loss=0.0793  rmse_c=0.2443  mae_c=0.2191  r2_c=0.020  rmse_h=0.3130  mae_h=0.2325  r2_h=0.390  sup=0.308
  [new best] combined_val_rmse=0.2786

Ep  11 [train]:   0%|          | 0/145 [00:00<?, ?it/s]
Ep  11 [train]:   0%|          | 0/145 [00:01<?, ?it/s, loss=0.0803]
Ep  11 [train]:   1%|          | 1/145 [00:01<02:42,  1.13s/it, loss=0.0803]
Ep  11 [train]:   1%|          | 1/145 [00:01<02:42,  1.13s/it, loss=0.0726]
Ep  11 [train]:   1%|▏         | 2/145 [00:01<01:20,  1.78it/s, loss=0.0726]
Ep  11 [train]:   1%|▏         | 2/145 [00:01<01:20,  1.78it/s, loss=0.0764]
Ep  11 [train]:   2%|▏         | 3/145 [00:01<01:13,  1.93it/s, loss=0.0764]
Ep  11 [train]:   2%|▏         | 3/145 [00:01<01:13,  1.93it/s, loss=0.0743]
Ep  11 [train]:   3%|▎         | 4/145 [00:01<00:52,  2.69it/s, loss=0.0743]
Ep  11 [train]:   3%|▎         | 4/145 [00:02<00:52,  2.69it/s, loss=0.0784]
Ep  11 [train]:   3%|▎         | 5/145 [00:02<01:01,  2.28it/s, loss=0.0784]
Ep  11 [train]:   3%|▎         | 5/145 [00:02<01:01,  2.28it/s, loss=0.0754]
Ep  11 [train]:   4%|▍         | 6/145 [00:02<00:47,  2.94it/s, loss=0.0754]
Ep  11 [train]:   4%|▍         | 6/145 [00:03<00:47,  2.94it/s, loss=0.0760]
Ep  11 [train]:   5%|▍         | 7/145 [00:03<00:57,  2.42it/s, loss=0.0760]
Ep  11 [train]:   5%|▍         | 7/145 [00:03<00:57,  2.42it/s, loss=0.0754]
Ep  11 [train]:   6%|▌         | 8/145 [00:03<00:45,  3.01it/s, loss=0.0754]
Ep  11 [train]:   6%|▌         | 8/145 [00:03<00:45,  3.01it/s, loss=0.0924]
Ep  11 [train]:   6%|▌         | 9/145 [00:03<00:55,  2.47it/s, loss=0.0924]
Ep  11 [train]:   6%|▌         | 9/145 [00:04<00:55,  2.47it/s, loss=0.0759]
Ep  11 [train]:   7%|▋         | 10/145 [00:04<00:44,  3.06it/s, loss=0.0759]
Ep  11 [train]:   7%|▋         | 10/145 [00:04<00:44,  3.06it/s, loss=0.0740]
Ep  11 [train]:   8%|▊         | 11/145 [00:04<00:50,  2.64it/s, loss=0.0740]
Ep  11 [train]:   8%|▊         | 11/145 [00:04<00:50,  2.64it/s, loss=0.0790]
Ep  11 [train]:   8%|▊         | 12/145 [00:04<00:40,  3.26it/s, loss=0.0790]
Ep  11 [train]:   8%|▊         | 12/145 [00:05<00:40,  3.26it/s, loss=0.0754]
Ep  11 [train]:   9%|▉         | 13/145 [00:05<00:50,  2.62it/s, loss=0.0754]
Ep  11 [train]:   9%|▉         | 13/145 [00:05<00:50,  2.62it/s, loss=0.0912]
Ep  11 [train]:  10%|▉         | 14/145 [00:05<00:45,  2.89it/s, loss=0.0912]
Ep  11 [train]:  10%|▉         | 14/145 [00:05<00:45,  2.89it/s, loss=0.0694]
Ep  11 [train]:  10%|█         | 15/145 [00:05<00:48,  2.67it/s, loss=0.0694]
Ep  11 [train]:  10%|█         | 15/145 [00:06<00:48,  2.67it/s, loss=0.0788]
Ep  11 [train]:  11%|█         | 16/145 [00:06<00:54,  2.37it/s, loss=0.0788]
Ep  11 [train]:  11%|█         | 16/145 [00:06<00:54,  2.37it/s, loss=0.0795]
Ep  11 [train]:  12%|█▏        | 17/145 [00:06<00:44,  2.89it/s, loss=0.0795]
Ep  11 [train]:  12%|█▏        | 17/145 [00:07<00:44,  2.89it/s, loss=0.0858]
Ep  11 [train]:  12%|█▏        | 18/145 [00:07<00:58,  2.16it/s, loss=0.0858]
Ep  11 [train]:  12%|█▏        | 18/145 [00:07<00:58,  2.16it/s, loss=0.0791]
Ep  11 [train]:  13%|█▎        | 19/145 [00:07<00:46,  2.72it/s, loss=0.0791]
Ep  11 [train]:  13%|█▎        | 19/145 [00:08<00:46,  2.72it/s, loss=0.0839]
Ep  11 [train]:  14%|█▍        | 20/145 [00:08<01:01,  2.05it/s, loss=0.0839]
Ep  11 [train]:  14%|█▍        | 20/145 [00:08<01:01,  2.05it/s, loss=0.0792]
Ep  11 [train]:  14%|█▍        | 21/145 [00:08<00:47,  2.58it/s, loss=0.0792]
Ep  11 [train]:  14%|█▍        | 21/145 [00:09<00:47,  2.58it/s, loss=0.0775]
Ep  11 [train]:  15%|█▌        | 22/145 [00:09<01:01,  2.02it/s, loss=0.0775]
Ep  11 [train]:  15%|█▌        | 22/145 [00:09<01:01,  2.02it/s, loss=0.0743]
Ep  11 [train]:  16%|█▌        | 23/145 [00:09<00:47,  2.56it/s, loss=0.0743]
Ep  11 [train]:  16%|█▌        | 23/145 [00:10<00:47,  2.56it/s, loss=0.0769]
Ep  11 [train]:  17%|█▋        | 24/145 [00:10<00:59,  2.05it/s, loss=0.0769]
Ep  11 [train]:  17%|█▋        | 24/145 [00:10<00:59,  2.05it/s, loss=0.0722]
Ep  11 [train]:  17%|█▋        | 25/145 [00:10<00:45,  2.64it/s, loss=0.0722]
Ep  11 [train]:  17%|█▋        | 25/145 [00:10<00:45,  2.64it/s, loss=0.0742]
Ep  11 [train]:  18%|█▊        | 26/145 [00:10<00:59,  2.02it/s, loss=0.0742]
Ep  11 [train]:  18%|█▊        | 26/145 [00:11<00:59,  2.02it/s, loss=0.0726]
Ep  11 [train]:  19%|█▊        | 27/145 [00:11<00:46,  2.54it/s, loss=0.0726]
Ep  11 [train]:  19%|█▊        | 27/145 [00:11<00:46,  2.54it/s, loss=0.0786]
Ep  11 [train]:  19%|█▉        | 28/145 [00:11<00:59,  1.98it/s, loss=0.0786]
Ep  11 [train]:  19%|█▉        | 28/145 [00:12<00:59,  1.98it/s, loss=0.0742]
Ep  11 [train]:  20%|██        | 29/145 [00:12<00:45,  2.55it/s, loss=0.0742]
Ep  11 [train]:  20%|██        | 29/145 [00:12<00:45,  2.55it/s, loss=0.0756]
Ep  11 [train]:  21%|██        | 30/145 [00:12<01:00,  1.89it/s, loss=0.0756]
Ep  11 [train]:  21%|██        | 30/145 [00:12<01:00,  1.89it/s, loss=0.0809]
Ep  11 [train]:  21%|██▏       | 31/145 [00:12<00:47,  2.42it/s, loss=0.0809]
Ep  11 [train]:  21%|██▏       | 31/145 [00:13<00:47,  2.42it/s, loss=0.0802]
Ep  11 [train]:  22%|██▏       | 32/145 [00:13<00:56,  1.98it/s, loss=0.0802]
Ep  11 [train]:  22%|██▏       | 32/145 [00:13<00:56,  1.98it/s, loss=0.0770]
Ep  11 [train]:  23%|██▎       | 33/145 [00:13<00:45,  2.48it/s, loss=0.0770]
Ep  11 [train]:  23%|██▎       | 33/145 [00:14<00:45,  2.48it/s, loss=0.0787]
Ep  11 [train]:  23%|██▎       | 34/145 [00:14<00:59,  1.86it/s, loss=0.0787]
Ep  11 [train]:  23%|██▎       | 34/145 [00:14<00:59,  1.86it/s, loss=0.0714]
Ep  11 [train]:  24%|██▍       | 35/145 [00:14<00:46,  2.37it/s, loss=0.0714]
Ep  11 [train]:  24%|██▍       | 35/145 [00:15<00:46,  2.37it/s, loss=0.0732]
Ep  11 [train]:  25%|██▍       | 36/145 [00:15<00:59,  1.85it/s, loss=0.0732]
Ep  11 [train]:  25%|██▍       | 36/145 [00:15<00:59,  1.85it/s, loss=0.0853]
Ep  11 [train]:  26%|██▌       | 37/145 [00:15<00:46,  2.33it/s, loss=0.0853]
Ep  11 [train]:  26%|██▌       | 37/145 [00:16<00:46,  2.33it/s, loss=0.0746]
Ep  11 [train]:  26%|██▌       | 38/145 [00:16<00:55,  1.93it/s, loss=0.0746]
Ep  11 [train]:  26%|██▌       | 38/145 [00:16<00:55,  1.93it/s, loss=0.0714]
Ep  11 [train]:  27%|██▋       | 39/145 [00:16<00:43,  2.42it/s, loss=0.0714]
Ep  11 [train]:  27%|██▋       | 39/145 [00:17<00:43,  2.42it/s, loss=0.0717]
Ep  11 [train]:  28%|██▊       | 40/145 [00:17<00:53,  1.95it/s, loss=0.0717]
Ep  11 [train]:  28%|██▊       | 40/145 [00:17<00:53,  1.95it/s, loss=0.0714]
Ep  11 [train]:  28%|██▊       | 41/145 [00:17<00:42,  2.47it/s, loss=0.0714]
Ep  11 [train]:  28%|██▊       | 41/145 [00:18<00:42,  2.47it/s, loss=0.0722]
Ep  11 [train]:  29%|██▉       | 42/145 [00:18<00:54,  1.88it/s, loss=0.0722]
Ep  11 [train]:  29%|██▉       | 42/145 [00:18<00:54,  1.88it/s, loss=0.0743]
Ep  11 [train]:  30%|██▉       | 43/145 [00:18<00:42,  2.40it/s, loss=0.0743]
Ep  11 [train]:  30%|██▉       | 43/145 [00:19<00:42,  2.40it/s, loss=0.0861]
Ep  11 [train]:  30%|███       | 44/145 [00:19<00:48,  2.08it/s, loss=0.0861]
Ep  11 [train]:  30%|███       | 44/145 [00:19<00:48,  2.08it/s, loss=0.0759]
Ep  11 [train]:  31%|███       | 45/145 [00:19<00:37,  2.66it/s, loss=0.0759]
Ep  11 [train]:  31%|███       | 45/145 [00:20<00:37,  2.66it/s, loss=0.0743]
Ep  11 [train]:  32%|███▏      | 46/145 [00:20<00:49,  1.99it/s, loss=0.0743]
Ep  11 [train]:  32%|███▏      | 46/145 [00:20<00:49,  1.99it/s, loss=0.0847]
Ep  11 [train]:  32%|███▏      | 47/145 [00:20<00:39,  2.46it/s, loss=0.0847]
Ep  11 [train]:  32%|███▏      | 47/145 [00:21<00:39,  2.46it/s, loss=0.0779]
Ep  11 [train]:  33%|███▎      | 48/145 [00:21<00:51,  1.90it/s, loss=0.0779]
Ep  11 [train]:  33%|███▎      | 48/145 [00:21<00:51,  1.90it/s, loss=0.0755]
Ep  11 [train]:  34%|███▍      | 49/145 [00:21<00:40,  2.36it/s, loss=0.0755]
Ep  11 [train]:  34%|███▍      | 49/145 [00:22<00:40,  2.36it/s, loss=0.0775]
Ep  11 [train]:  34%|███▍      | 50/145 [00:22<00:46,  2.05it/s, loss=0.0775]
Ep  11 [train]:  34%|███▍      | 50/145 [00:22<00:46,  2.05it/s, loss=0.0846]
Ep  11 [train]:  35%|███▌      | 51/145 [00:22<00:35,  2.64it/s, loss=0.0846]
Ep  11 [train]:  35%|███▌      | 51/145 [00:22<00:35,  2.64it/s, loss=0.0725]
Ep  11 [train]:  36%|███▌      | 52/145 [00:22<00:42,  2.17it/s, loss=0.0725]
Ep  11 [train]:  36%|███▌      | 52/145 [00:22<00:42,  2.17it/s, loss=0.0811]
Ep  11 [train]:  37%|███▋      | 53/145 [00:22<00:33,  2.73it/s, loss=0.0811]
Ep  11 [train]:  37%|███▋      | 53/145 [00:23<00:33,  2.73it/s, loss=0.0775]
Ep  11 [train]:  37%|███▋      | 54/145 [00:23<00:41,  2.19it/s, loss=0.0775]
Ep  11 [train]:  37%|███▋      | 54/145 [00:23<00:41,  2.19it/s, loss=0.0790]
Ep  11 [train]:  38%|███▊      | 55/145 [00:23<00:32,  2.76it/s, loss=0.0790]
Ep  11 [train]:  38%|███▊      | 55/145 [00:24<00:32,  2.76it/s, loss=0.0739]
Ep  11 [train]:  39%|███▊      | 56/145 [00:24<00:36,  2.41it/s, loss=0.0739]
Ep  11 [train]:  39%|███▊      | 56/145 [00:24<00:36,  2.41it/s, loss=0.0745]
Ep  11 [train]:  39%|███▉      | 57/145 [00:24<00:28,  3.08it/s, loss=0.0745]
Ep  11 [train]:  39%|███▉      | 57/145 [00:25<00:28,  3.08it/s, loss=0.0756]
Ep  11 [train]:  40%|████      | 58/145 [00:25<00:37,  2.32it/s, loss=0.0756]
Ep  11 [train]:  40%|████      | 58/145 [00:25<00:37,  2.32it/s, loss=0.0713]
Ep  11 [train]:  41%|████      | 59/145 [00:25<00:28,  2.97it/s, loss=0.0713]
Ep  11 [train]:  41%|████      | 59/145 [00:25<00:28,  2.97it/s, loss=0.0809]
Ep  11 [train]:  41%|████▏     | 60/145 [00:25<00:36,  2.33it/s, loss=0.0809]
Ep  11 [train]:  41%|████▏     | 60/145 [00:25<00:36,  2.33it/s, loss=0.0704]
Ep  11 [train]:  42%|████▏     | 61/145 [00:25<00:28,  2.97it/s, loss=0.0704]
Ep  11 [train]:  42%|████▏     | 61/145 [00:26<00:28,  2.97it/s, loss=0.0792]
Ep  11 [train]:  43%|████▎     | 62/145 [00:26<00:34,  2.38it/s, loss=0.0792]
Ep  11 [train]:  43%|████▎     | 62/145 [00:26<00:34,  2.38it/s, loss=0.0763]
Ep  11 [train]:  43%|████▎     | 63/145 [00:26<00:27,  3.00it/s, loss=0.0763]
Ep  11 [train]:  43%|████▎     | 63/145 [00:27<00:27,  3.00it/s, loss=0.0825]
Ep  11 [train]:  44%|████▍     | 64/145 [00:27<00:36,  2.24it/s, loss=0.0825]
Ep  11 [train]:  44%|████▍     | 64/145 [00:27<00:36,  2.24it/s, loss=0.0752]
Ep  11 [train]:  45%|████▍     | 65/145 [00:27<00:28,  2.85it/s, loss=0.0752]
Ep  11 [train]:  45%|████▍     | 65/145 [00:28<00:28,  2.85it/s, loss=0.0811]
Ep  11 [train]:  46%|████▌     | 66/145 [00:28<00:33,  2.35it/s, loss=0.0811]
Ep  11 [train]:  46%|████▌     | 66/145 [00:28<00:33,  2.35it/s, loss=0.0788]
Ep  11 [train]:  46%|████▌     | 67/145 [00:28<00:26,  2.96it/s, loss=0.0788]
Ep  11 [train]:  46%|████▌     | 67/145 [00:28<00:26,  2.96it/s, loss=0.0809]
Ep  11 [train]:  47%|████▋     | 68/145 [00:28<00:34,  2.22it/s, loss=0.0809]
Ep  11 [train]:  47%|████▋     | 68/145 [00:29<00:34,  2.22it/s, loss=0.0803]
Ep  11 [train]:  48%|████▊     | 69/145 [00:29<00:27,  2.81it/s, loss=0.0803]
Ep  11 [train]:  48%|████▊     | 69/145 [00:29<00:27,  2.81it/s, loss=0.0872]
Ep  11 [train]:  48%|████▊     | 70/145 [00:29<00:32,  2.28it/s, loss=0.0872]
Ep  11 [train]:  48%|████▊     | 70/145 [00:29<00:32,  2.28it/s, loss=0.0784]
Ep  11 [train]:  49%|████▉     | 71/145 [00:29<00:26,  2.84it/s, loss=0.0784]
Ep  11 [train]:  49%|████▉     | 71/145 [00:30<00:26,  2.84it/s, loss=0.0758]
Ep  11 [train]:  50%|████▉     | 72/145 [00:30<00:32,  2.27it/s, loss=0.0758]
Ep  11 [train]:  50%|████▉     | 72/145 [00:30<00:32,  2.27it/s, loss=0.0752]
Ep  11 [train]:  50%|█████     | 73/145 [00:30<00:25,  2.80it/s, loss=0.0752]
Ep  11 [train]:  50%|█████     | 73/145 [00:31<00:25,  2.80it/s, loss=0.0734]
Ep  11 [train]:  51%|█████     | 74/145 [00:31<00:32,  2.16it/s, loss=0.0734]
Ep  11 [train]:  51%|█████     | 74/145 [00:31<00:32,  2.16it/s, loss=0.0728]
Ep  11 [train]:  52%|█████▏    | 75/145 [00:31<00:26,  2.66it/s, loss=0.0728]
Ep  11 [train]:  52%|█████▏    | 75/145 [00:32<00:26,  2.66it/s, loss=0.0731]
Ep  11 [train]:  52%|█████▏    | 76/145 [00:32<00:32,  2.12it/s, loss=0.0731]
Ep  11 [train]:  52%|█████▏    | 76/145 [00:32<00:32,  2.12it/s, loss=0.0812]
Ep  11 [train]:  53%|█████▎    | 77/145 [00:32<00:26,  2.61it/s, loss=0.0812]
Ep  11 [train]:  53%|█████▎    | 77/145 [00:33<00:26,  2.61it/s, loss=0.0728]
Ep  11 [train]:  54%|█████▍    | 78/145 [00:33<00:32,  2.04it/s, loss=0.0728]
Ep  11 [train]:  54%|█████▍    | 78/145 [00:33<00:32,  2.04it/s, loss=0.0731]
Ep  11 [train]:  54%|█████▍    | 79/145 [00:33<00:26,  2.52it/s, loss=0.0731]
Ep  11 [train]:  54%|█████▍    | 79/145 [00:34<00:26,  2.52it/s, loss=0.0741]
Ep  11 [train]:  55%|█████▌    | 80/145 [00:34<00:30,  2.12it/s, loss=0.0741]
Ep  11 [train]:  55%|█████▌    | 80/145 [00:34<00:30,  2.12it/s, loss=0.0742]
Ep  11 [train]:  56%|█████▌    | 81/145 [00:34<00:25,  2.52it/s, loss=0.0742]
Ep  11 [train]:  56%|█████▌    | 81/145 [00:34<00:25,  2.52it/s, loss=0.0738]
Ep  11 [train]:  57%|█████▋    | 82/145 [00:34<00:29,  2.10it/s, loss=0.0738]
Ep  11 [train]:  57%|█████▋    | 82/145 [00:35<00:29,  2.10it/s, loss=0.0721]
Ep  11 [train]:  57%|█████▋    | 83/145 [00:35<00:24,  2.54it/s, loss=0.0721]
Ep  11 [train]:  57%|█████▋    | 83/145 [00:35<00:24,  2.54it/s, loss=0.0846]
Ep  11 [train]:  58%|█████▊    | 84/145 [00:35<00:29,  2.05it/s, loss=0.0846]
Ep  11 [train]:  58%|█████▊    | 84/145 [00:35<00:29,  2.05it/s, loss=0.0746]
Ep  11 [train]:  59%|█████▊    | 85/145 [00:35<00:23,  2.58it/s, loss=0.0746]
Ep  11 [train]:  59%|█████▊    | 85/145 [00:36<00:23,  2.58it/s, loss=0.0845]
Ep  11 [train]:  59%|█████▉    | 86/145 [00:36<00:29,  2.00it/s, loss=0.0845]
Ep  11 [train]:  59%|█████▉    | 86/145 [00:36<00:29,  2.00it/s, loss=0.0768]
Ep  11 [train]:  60%|██████    | 87/145 [00:36<00:22,  2.60it/s, loss=0.0768]
Ep  11 [train]:  60%|██████    | 87/145 [00:37<00:22,  2.60it/s, loss=0.0784]
Ep  11 [train]:  61%|██████    | 88/145 [00:37<00:28,  1.97it/s, loss=0.0784]
Ep  11 [train]:  61%|██████    | 88/145 [00:37<00:28,  1.97it/s, loss=0.0803]
Ep  11 [train]:  61%|██████▏   | 89/145 [00:37<00:22,  2.49it/s, loss=0.0803]
Ep  11 [train]:  61%|██████▏   | 89/145 [00:38<00:22,  2.49it/s, loss=0.0847]
Ep  11 [train]:  62%|██████▏   | 90/145 [00:38<00:27,  2.03it/s, loss=0.0847]
Ep  11 [train]:  62%|██████▏   | 90/145 [00:38<00:27,  2.03it/s, loss=0.0728]
Ep  11 [train]:  63%|██████▎   | 91/145 [00:38<00:21,  2.57it/s, loss=0.0728]
Ep  11 [train]:  63%|██████▎   | 91/145 [00:39<00:21,  2.57it/s, loss=0.0729]
Ep  11 [train]:  63%|██████▎   | 92/145 [00:39<00:25,  2.05it/s, loss=0.0729]
Ep  11 [train]:  63%|██████▎   | 92/145 [00:39<00:25,  2.05it/s, loss=0.0795]
Ep  11 [train]:  64%|██████▍   | 93/145 [00:39<00:20,  2.58it/s, loss=0.0795]
Ep  11 [train]:  64%|██████▍   | 93/145 [00:40<00:20,  2.58it/s, loss=0.0805]
Ep  11 [train]:  65%|██████▍   | 94/145 [00:40<00:24,  2.04it/s, loss=0.0805]
Ep  11 [train]:  65%|██████▍   | 94/145 [00:40<00:24,  2.04it/s, loss=0.0709]
Ep  11 [train]:  66%|██████▌   | 95/145 [00:40<00:19,  2.58it/s, loss=0.0709]
Ep  11 [train]:  66%|██████▌   | 95/145 [00:41<00:19,  2.58it/s, loss=0.0811]
Ep  11 [train]:  66%|██████▌   | 96/145 [00:41<00:23,  2.05it/s, loss=0.0811]
Ep  11 [train]:  66%|██████▌   | 96/145 [00:41<00:23,  2.05it/s, loss=0.0747]
Ep  11 [train]:  67%|██████▋   | 97/145 [00:41<00:18,  2.62it/s, loss=0.0747]
Ep  11 [train]:  67%|██████▋   | 97/145 [00:41<00:18,  2.62it/s, loss=0.0820]
Ep  11 [train]:  68%|██████▊   | 98/145 [00:41<00:22,  2.06it/s, loss=0.0820]
Ep  11 [train]:  68%|██████▊   | 98/145 [00:42<00:22,  2.06it/s, loss=0.0715]
Ep  11 [train]:  68%|██████▊   | 99/145 [00:42<00:17,  2.59it/s, loss=0.0715]
Ep  11 [train]:  68%|██████▊   | 99/145 [00:42<00:17,  2.59it/s, loss=0.0764]
Ep  11 [train]:  69%|██████▉   | 100/145 [00:42<00:22,  2.01it/s, loss=0.0764]
Ep  11 [train]:  69%|██████▉   | 100/145 [00:43<00:22,  2.01it/s, loss=0.0828]
Ep  11 [train]:  70%|██████▉   | 101/145 [00:43<00:17,  2.59it/s, loss=0.0828]
Ep  11 [train]:  70%|██████▉   | 101/145 [00:43<00:17,  2.59it/s, loss=0.0800]
Ep  11 [train]:  70%|███████   | 102/145 [00:43<00:21,  2.04it/s, loss=0.0800]
Ep  11 [train]:  70%|███████   | 102/145 [00:43<00:21,  2.04it/s, loss=0.0780]
Ep  11 [train]:  71%|███████   | 103/145 [00:43<00:16,  2.56it/s, loss=0.0780]
Ep  11 [train]:  71%|███████   | 103/145 [00:44<00:16,  2.56it/s, loss=0.0728]
Ep  11 [train]:  72%|███████▏  | 104/145 [00:44<00:19,  2.06it/s, loss=0.0728]
Ep  11 [train]:  72%|███████▏  | 104/145 [00:44<00:19,  2.06it/s, loss=0.0743]
Ep  11 [train]:  72%|███████▏  | 105/145 [00:44<00:15,  2.59it/s, loss=0.0743]
Ep  11 [train]:  72%|███████▏  | 105/145 [00:45<00:15,  2.59it/s, loss=0.0803]
Ep  11 [train]:  73%|███████▎  | 106/145 [00:45<00:19,  2.03it/s, loss=0.0803]
Ep  11 [train]:  73%|███████▎  | 106/145 [00:45<00:19,  2.03it/s, loss=0.0729]
Ep  11 [train]:  74%|███████▍  | 107/145 [00:45<00:14,  2.59it/s, loss=0.0729]
Ep  11 [train]:  74%|███████▍  | 107/145 [00:46<00:14,  2.59it/s, loss=0.0819]
Ep  11 [train]:  74%|███████▍  | 108/145 [00:46<00:18,  2.03it/s, loss=0.0819]
Ep  11 [train]:  74%|███████▍  | 108/145 [00:46<00:18,  2.03it/s, loss=0.0834]
Ep  11 [train]:  75%|███████▌  | 109/145 [00:46<00:13,  2.61it/s, loss=0.0834]
Ep  11 [train]:  75%|███████▌  | 109/145 [00:47<00:13,  2.61it/s, loss=0.0856]
Ep  11 [train]:  76%|███████▌  | 110/145 [00:47<00:17,  2.04it/s, loss=0.0856]
Ep  11 [train]:  76%|███████▌  | 110/145 [00:47<00:17,  2.04it/s, loss=0.0726]
Ep  11 [train]:  77%|███████▋  | 111/145 [00:47<00:13,  2.52it/s, loss=0.0726]
Ep  11 [train]:  77%|███████▋  | 111/145 [00:48<00:13,  2.52it/s, loss=0.0814]
Ep  11 [train]:  77%|███████▋  | 112/145 [00:48<00:16,  2.04it/s, loss=0.0814]
Ep  11 [train]:  77%|███████▋  | 112/145 [00:48<00:16,  2.04it/s, loss=0.0879]
Ep  11 [train]:  78%|███████▊  | 113/145 [00:48<00:12,  2.62it/s, loss=0.0879]
Ep  11 [train]:  78%|███████▊  | 113/145 [00:49<00:12,  2.62it/s, loss=0.0732]
Ep  11 [train]:  79%|███████▊  | 114/145 [00:49<00:15,  2.05it/s, loss=0.0732]
Ep  11 [train]:  79%|███████▊  | 114/145 [00:49<00:15,  2.05it/s, loss=0.0829]
Ep  11 [train]:  79%|███████▉  | 115/145 [00:49<00:11,  2.58it/s, loss=0.0829]
Ep  11 [train]:  79%|███████▉  | 115/145 [00:49<00:11,  2.58it/s, loss=0.0729]
Ep  11 [train]:  80%|████████  | 116/145 [00:49<00:14,  2.05it/s, loss=0.0729]
Ep  11 [train]:  80%|████████  | 116/145 [00:50<00:14,  2.05it/s, loss=0.0870]
Ep  11 [train]:  81%|████████  | 117/145 [00:50<00:10,  2.61it/s, loss=0.0870]
Ep  11 [train]:  81%|████████  | 117/145 [00:50<00:10,  2.61it/s, loss=0.0848]
Ep  11 [train]:  81%|████████▏ | 118/145 [00:50<00:13,  2.00it/s, loss=0.0848]
Ep  11 [train]:  81%|████████▏ | 118/145 [00:50<00:13,  2.00it/s, loss=0.0713]
Ep  11 [train]:  82%|████████▏ | 119/145 [00:50<00:10,  2.46it/s, loss=0.0713]
Ep  11 [train]:  82%|████████▏ | 119/145 [00:51<00:10,  2.46it/s, loss=0.0851]
Ep  11 [train]:  83%|████████▎ | 120/145 [00:51<00:12,  2.02it/s, loss=0.0851]
Ep  11 [train]:  83%|████████▎ | 120/145 [00:51<00:12,  2.02it/s, loss=0.0798]
Ep  11 [train]:  83%|████████▎ | 121/145 [00:51<00:09,  2.48it/s, loss=0.0798]
Ep  11 [train]:  83%|████████▎ | 121/145 [00:52<00:09,  2.48it/s, loss=0.0789]
Ep  11 [train]:  84%|████████▍ | 122/145 [00:52<00:11,  2.03it/s, loss=0.0789]
Ep  11 [train]:  84%|████████▍ | 122/145 [00:52<00:11,  2.03it/s, loss=0.0831]
Ep  11 [train]:  85%|████████▍ | 123/145 [00:52<00:08,  2.55it/s, loss=0.0831]
Ep  11 [train]:  85%|████████▍ | 123/145 [00:53<00:08,  2.55it/s, loss=0.0836]
Ep  11 [train]:  86%|████████▌ | 124/145 [00:53<00:10,  2.08it/s, loss=0.0836]
Ep  11 [train]:  86%|████████▌ | 124/145 [00:53<00:10,  2.08it/s, loss=0.0851]
Ep  11 [train]:  86%|████████▌ | 125/145 [00:53<00:07,  2.60it/s, loss=0.0851]
Ep  11 [train]:  86%|████████▌ | 125/145 [00:54<00:07,  2.60it/s, loss=0.0757]
Ep  11 [train]:  87%|████████▋ | 126/145 [00:54<00:09,  2.11it/s, loss=0.0757]
Ep  11 [train]:  87%|████████▋ | 126/145 [00:54<00:09,  2.11it/s, loss=0.0837]
Ep  11 [train]:  88%|████████▊ | 127/145 [00:54<00:06,  2.60it/s, loss=0.0837]
Ep  11 [train]:  88%|████████▊ | 127/145 [00:55<00:06,  2.60it/s, loss=0.0813]
Ep  11 [train]:  88%|████████▊ | 128/145 [00:55<00:08,  2.05it/s, loss=0.0813]
Ep  11 [train]:  88%|████████▊ | 128/145 [00:55<00:08,  2.05it/s, loss=0.0753]
Ep  11 [train]:  89%|████████▉ | 129/145 [00:55<00:06,  2.57it/s, loss=0.0753]
Ep  11 [train]:  89%|████████▉ | 129/145 [00:56<00:06,  2.57it/s, loss=0.0889]
Ep  11 [train]:  90%|████████▉ | 130/145 [00:56<00:07,  2.03it/s, loss=0.0889]
Ep  11 [train]:  90%|████████▉ | 130/145 [00:56<00:07,  2.03it/s, loss=0.0768]
Ep  11 [train]:  90%|█████████ | 131/145 [00:56<00:05,  2.58it/s, loss=0.0768]
Ep  11 [train]:  90%|█████████ | 131/145 [00:57<00:05,  2.58it/s, loss=0.0691]
Ep  11 [train]:  91%|█████████ | 132/145 [00:57<00:06,  1.92it/s, loss=0.0691]
Ep  11 [train]:  91%|█████████ | 132/145 [00:57<00:06,  1.92it/s, loss=0.0750]
Ep  11 [train]:  92%|█████████▏| 133/145 [00:57<00:04,  2.45it/s, loss=0.0750]
Ep  11 [train]:  92%|█████████▏| 133/145 [00:57<00:04,  2.45it/s, loss=0.0811]
Ep  11 [train]:  92%|█████████▏| 134/145 [00:57<00:05,  1.92it/s, loss=0.0811]
Ep  11 [train]:  92%|█████████▏| 134/145 [00:58<00:05,  1.92it/s, loss=0.0773]
Ep  11 [train]:  93%|█████████▎| 135/145 [00:58<00:04,  2.44it/s, loss=0.0773]
Ep  11 [train]:  93%|█████████▎| 135/145 [00:58<00:04,  2.44it/s, loss=0.0809]
Ep  11 [train]:  94%|█████████▍| 136/145 [00:58<00:04,  2.03it/s, loss=0.0809]
Ep  11 [train]:  94%|█████████▍| 136/145 [00:58<00:04,  2.03it/s, loss=0.0819]
Ep  11 [train]:  94%|█████████▍| 137/145 [00:58<00:03,  2.58it/s, loss=0.0819]
Ep  11 [train]:  94%|█████████▍| 137/145 [00:59<00:03,  2.58it/s, loss=0.0778]
Ep  11 [train]:  95%|█████████▌| 138/145 [00:59<00:03,  2.03it/s, loss=0.0778]
Ep  11 [train]:  95%|█████████▌| 138/145 [00:59<00:03,  2.03it/s, loss=0.0721]
Ep  11 [train]:  96%|█████████▌| 139/145 [00:59<00:02,  2.56it/s, loss=0.0721]
Ep  11 [train]:  96%|█████████▌| 139/145 [01:00<00:02,  2.56it/s, loss=0.0809]
Ep  11 [train]:  97%|█████████▋| 140/145 [01:00<00:02,  1.95it/s, loss=0.0809]
Ep  11 [train]:  97%|█████████▋| 140/145 [01:00<00:02,  1.95it/s, loss=0.0815]
Ep  11 [train]:  97%|█████████▋| 141/145 [01:00<00:01,  2.48it/s, loss=0.0815]
Ep  11 [train]:  97%|█████████▋| 141/145 [01:01<00:01,  2.48it/s, loss=0.0776]
Ep  11 [train]:  98%|█████████▊| 142/145 [01:01<00:01,  2.04it/s, loss=0.0776]
Ep  11 [train]:  98%|█████████▊| 142/145 [01:01<00:01,  2.04it/s, loss=0.0809]
Ep  11 [train]:  99%|█████████▊| 143/145 [01:01<00:00,  2.59it/s, loss=0.0809]
Ep  11 [train]:  99%|█████████▊| 143/145 [01:02<00:00,  2.59it/s, loss=0.0758]
Ep  11 [train]:  99%|█████████▉| 144/145 [01:02<00:00,  2.08it/s, loss=0.0758]
Ep  11 [train]:  99%|█████████▉| 144/145 [01:02<00:00,  2.08it/s, loss=0.0782]
Ep  11 [train]: 100%|██████████| 145/145 [01:02<00:00,  2.65it/s, loss=0.0782]
                                                                              
  Ep  11 [train]  loss=0.0779  rmse_c=0.2398  mae_c=0.2166  r2_c=0.015  rmse_h=0.3141  mae_h=0.2339  r2_h=0.435  sup=0.324

Ep  11 [val  ]:   0%|          | 0/39 [00:00<?, ?it/s]
Ep  11 [val  ]:   0%|          | 0/39 [00:01<?, ?it/s, loss=0.0975]
Ep  11 [val  ]:   3%|▎         | 1/39 [00:01<00:48,  1.28s/it, loss=0.0975]
Ep  11 [val  ]:   3%|▎         | 1/39 [00:01<00:48,  1.28s/it, loss=0.0963]
Ep  11 [val  ]:   3%|▎         | 1/39 [00:02<00:48,  1.28s/it, loss=0.0794]
Ep  11 [val  ]:   8%|▊         | 3/39 [00:02<00:24,  1.47it/s, loss=0.0794]
Ep  11 [val  ]:   8%|▊         | 3/39 [00:02<00:24,  1.47it/s, loss=0.0724]
Ep  11 [val  ]:   8%|▊         | 3/39 [00:03<00:24,  1.47it/s, loss=0.0790]
Ep  11 [val  ]:  13%|█▎        | 5/39 [00:03<00:18,  1.80it/s, loss=0.0790]
Ep  11 [val  ]:  13%|█▎        | 5/39 [00:03<00:18,  1.80it/s, loss=0.0794]
Ep  11 [val  ]:  13%|█▎        | 5/39 [00:04<00:18,  1.80it/s, loss=0.0762]
Ep  11 [val  ]:  18%|█▊        | 7/39 [00:04<00:16,  1.90it/s, loss=0.0762]
Ep  11 [val  ]:  18%|█▊        | 7/39 [00:04<00:16,  1.90it/s, loss=0.0740]
Ep  11 [val  ]:  18%|█▊        | 7/39 [00:05<00:16,  1.90it/s, loss=0.0751]
Ep  11 [val  ]:  23%|██▎       | 9/39 [00:05<00:15,  1.97it/s, loss=0.0751]
Ep  11 [val  ]:  23%|██▎       | 9/39 [00:05<00:15,  1.97it/s, loss=0.0734]
Ep  11 [val  ]:  23%|██▎       | 9/39 [00:05<00:15,  1.97it/s, loss=0.0758]
Ep  11 [val  ]:  28%|██▊       | 11/39 [00:05<00:13,  2.01it/s, loss=0.0758]
Ep  11 [val  ]:  28%|██▊       | 11/39 [00:06<00:13,  2.01it/s, loss=0.0755]
Ep  11 [val  ]:  28%|██▊       | 11/39 [00:06<00:13,  2.01it/s, loss=0.0784]
Ep  11 [val  ]:  33%|███▎      | 13/39 [00:06<00:12,  2.04it/s, loss=0.0784]
Ep  11 [val  ]:  33%|███▎      | 13/39 [00:06<00:12,  2.04it/s, loss=0.0863]
Ep  11 [val  ]:  33%|███▎      | 13/39 [00:07<00:12,  2.04it/s, loss=0.0998]
Ep  11 [val  ]:  38%|███▊      | 15/39 [00:07<00:11,  2.06it/s, loss=0.0998]
Ep  11 [val  ]:  38%|███▊      | 15/39 [00:07<00:11,  2.06it/s, loss=0.0977]
Ep  11 [val  ]:  38%|███▊      | 15/39 [00:08<00:11,  2.06it/s, loss=0.1001]
Ep  11 [val  ]:  44%|████▎     | 17/39 [00:08<00:10,  2.07it/s, loss=0.1001]
Ep  11 [val  ]:  44%|████▎     | 17/39 [00:08<00:10,  2.07it/s, loss=0.0898]
Ep  11 [val  ]:  44%|████▎     | 17/39 [00:09<00:10,  2.07it/s, loss=0.0806]
Ep  11 [val  ]:  49%|████▊     | 19/39 [00:09<00:09,  2.11it/s, loss=0.0806]
Ep  11 [val  ]:  49%|████▊     | 19/39 [00:09<00:09,  2.11it/s, loss=0.0670]
Ep  11 [val  ]:  49%|████▊     | 19/39 [00:10<00:09,  2.11it/s, loss=0.0587]
Ep  11 [val  ]:  54%|█████▍    | 21/39 [00:10<00:08,  2.06it/s, loss=0.0587]
Ep  11 [val  ]:  54%|█████▍    | 21/39 [00:10<00:08,  2.06it/s, loss=0.0680]
Ep  11 [val  ]:  54%|█████▍    | 21/39 [00:11<00:08,  2.06it/s, loss=0.0626]
Ep  11 [val  ]:  59%|█████▉    | 23/39 [00:11<00:07,  2.13it/s, loss=0.0626]
Ep  11 [val  ]:  59%|█████▉    | 23/39 [00:11<00:07,  2.13it/s, loss=0.0638]
Ep  11 [val  ]:  59%|█████▉    | 23/39 [00:12<00:07,  2.13it/s, loss=0.0655]
Ep  11 [val  ]:  64%|██████▍   | 25/39 [00:12<00:06,  2.13it/s, loss=0.0655]
Ep  11 [val  ]:  64%|██████▍   | 25/39 [00:12<00:06,  2.13it/s, loss=0.0734]
Ep  11 [val  ]:  64%|██████▍   | 25/39 [00:13<00:06,  2.13it/s, loss=0.0829]
Ep  11 [val  ]:  69%|██████▉   | 27/39 [00:13<00:05,  2.21it/s, loss=0.0829]
Ep  11 [val  ]:  69%|██████▉   | 27/39 [00:13<00:05,  2.21it/s, loss=0.1229]
Ep  11 [val  ]:  69%|██████▉   | 27/39 [00:14<00:05,  2.21it/s, loss=0.0944]
Ep  11 [val  ]:  74%|███████▍  | 29/39 [00:14<00:04,  2.21it/s, loss=0.0944]
Ep  11 [val  ]:  74%|███████▍  | 29/39 [00:14<00:04,  2.21it/s, loss=0.0867]
Ep  11 [val  ]:  74%|███████▍  | 29/39 [00:15<00:04,  2.21it/s, loss=0.0799]
Ep  11 [val  ]:  79%|███████▉  | 31/39 [00:15<00:03,  2.27it/s, loss=0.0799]
Ep  11 [val  ]:  79%|███████▉  | 31/39 [00:15<00:03,  2.27it/s, loss=0.0797]
Ep  11 [val  ]:  79%|███████▉  | 31/39 [00:16<00:03,  2.27it/s, loss=0.0739]
Ep  11 [val  ]:  85%|████████▍ | 33/39 [00:16<00:02,  2.25it/s, loss=0.0739]
Ep  11 [val  ]:  85%|████████▍ | 33/39 [00:16<00:02,  2.25it/s, loss=0.0757]
Ep  11 [val  ]:  85%|████████▍ | 33/39 [00:16<00:02,  2.25it/s, loss=0.0808]
Ep  11 [val  ]:  90%|████████▉ | 35/39 [00:16<00:01,  2.27it/s, loss=0.0808]
Ep  11 [val  ]:  90%|████████▉ | 35/39 [00:16<00:01,  2.27it/s, loss=0.0755]
Ep  11 [val  ]:  90%|████████▉ | 35/39 [00:17<00:01,  2.27it/s, loss=0.0718]
Ep  11 [val  ]:  95%|█████████▍| 37/39 [00:17<00:00,  2.25it/s, loss=0.0718]
Ep  11 [val  ]:  95%|█████████▍| 37/39 [00:17<00:00,  2.25it/s, loss=0.0623]
Ep  11 [val  ]:  95%|█████████▍| 37/39 [00:17<00:00,  2.25it/s, loss=0.0787]
                                                                            
  Ep  11 [val  ]  loss=0.0798  rmse_c=0.2442  mae_c=0.2206  r2_c=0.020  rmse_h=0.3145  mae_h=0.2284  r2_h=0.384  sup=0.308

Ep  12 [train]:   0%|          | 0/145 [00:00<?, ?it/s]
Ep  12 [train]:   0%|          | 0/145 [00:01<?, ?it/s, loss=0.0782]
Ep  12 [train]:   1%|          | 1/145 [00:01<02:30,  1.05s/it, loss=0.0782]
Ep  12 [train]:   1%|          | 1/145 [00:01<02:30,  1.05s/it, loss=0.0890]
Ep  12 [train]:   1%|▏         | 2/145 [00:01<01:11,  1.99it/s, loss=0.0890]
Ep  12 [train]:   1%|▏         | 2/145 [00:01<01:11,  1.99it/s, loss=0.0739]
Ep  12 [train]:   2%|▏         | 3/145 [00:01<01:17,  1.84it/s, loss=0.0739]
Ep  12 [train]:   2%|▏         | 3/145 [00:01<01:17,  1.84it/s, loss=0.0738]
Ep  12 [train]:   3%|▎         | 4/145 [00:01<00:53,  2.64it/s, loss=0.0738]
Ep  12 [train]:   3%|▎         | 4/145 [00:02<00:53,  2.64it/s, loss=0.0711]
Ep  12 [train]:   3%|▎         | 5/145 [00:02<01:02,  2.23it/s, loss=0.0711]
Ep  12 [train]:   3%|▎         | 5/145 [00:02<01:02,  2.23it/s, loss=0.0888]
Ep  12 [train]:   4%|▍         | 6/145 [00:02<00:48,  2.88it/s, loss=0.0888]
Ep  12 [train]:   4%|▍         | 6/145 [00:03<00:48,  2.88it/s, loss=0.0752]
Ep  12 [train]:   5%|▍         | 7/145 [00:03<01:01,  2.24it/s, loss=0.0752]
Ep  12 [train]:   5%|▍         | 7/145 [00:03<01:01,  2.24it/s, loss=0.0792]
Ep  12 [train]:   6%|▌         | 8/145 [00:03<00:48,  2.84it/s, loss=0.0792]
Ep  12 [train]:   6%|▌         | 8/145 [00:03<00:48,  2.84it/s, loss=0.0786]
Ep  12 [train]:   6%|▌         | 9/145 [00:03<00:54,  2.48it/s, loss=0.0786]
Ep  12 [train]:   6%|▌         | 9/145 [00:04<00:54,  2.48it/s, loss=0.0726]
Ep  12 [train]:   7%|▋         | 10/145 [00:04<00:44,  3.05it/s, loss=0.0726]
Ep  12 [train]:   7%|▋         | 10/145 [00:04<00:44,  3.05it/s, loss=0.0737]
Ep  12 [train]:   8%|▊         | 11/145 [00:04<00:54,  2.45it/s, loss=0.0737]
Ep  12 [train]:   8%|▊         | 11/145 [00:04<00:54,  2.45it/s, loss=0.0825]
Ep  12 [train]:   8%|▊         | 12/145 [00:04<00:44,  2.99it/s, loss=0.0825]
Ep  12 [train]:   8%|▊         | 12/145 [00:05<00:44,  2.99it/s, loss=0.0726]
Ep  12 [train]:   9%|▉         | 13/145 [00:05<00:53,  2.48it/s, loss=0.0726]
Ep  12 [train]:   9%|▉         | 13/145 [00:05<00:53,  2.48it/s, loss=0.0765]
Ep  12 [train]:  10%|▉         | 14/145 [00:05<00:50,  2.62it/s, loss=0.0765]
Ep  12 [train]:  10%|▉         | 14/145 [00:06<00:50,  2.62it/s, loss=0.0714]
Ep  12 [train]:  10%|█         | 15/145 [00:06<00:50,  2.60it/s, loss=0.0714]
Ep  12 [train]:  10%|█         | 15/145 [00:06<00:50,  2.60it/s, loss=0.0747]
Ep  12 [train]:  11%|█         | 16/145 [00:06<00:53,  2.40it/s, loss=0.0747]
Ep  12 [train]:  11%|█         | 16/145 [00:06<00:53,  2.40it/s, loss=0.0861]
Ep  12 [train]:  12%|█▏        | 17/145 [00:06<00:46,  2.78it/s, loss=0.0861]
Ep  12 [train]:  12%|█▏        | 17/145 [00:07<00:46,  2.78it/s, loss=0.0789]
Ep  12 [train]:  12%|█▏        | 18/145 [00:07<00:56,  2.26it/s, loss=0.0789]
Ep  12 [train]:  12%|█▏        | 18/145 [00:07<00:56,  2.26it/s, loss=0.0748]
Ep  12 [train]:  13%|█▎        | 19/145 [00:07<00:45,  2.78it/s, loss=0.0748]
Ep  12 [train]:  13%|█▎        | 19/145 [00:08<00:45,  2.78it/s, loss=0.0720]
Ep  12 [train]:  14%|█▍        | 20/145 [00:08<00:57,  2.17it/s, loss=0.0720]
Ep  12 [train]:  14%|█▍        | 20/145 [00:08<00:57,  2.17it/s, loss=0.0796]
Ep  12 [train]:  14%|█▍        | 21/145 [00:08<00:45,  2.71it/s, loss=0.0796]
Ep  12 [train]:  14%|█▍        | 21/145 [00:09<00:45,  2.71it/s, loss=0.0807]
Ep  12 [train]:  15%|█▌        | 22/145 [00:09<00:57,  2.14it/s, loss=0.0807]
Ep  12 [train]:  15%|█▌        | 22/145 [00:09<00:57,  2.14it/s, loss=0.0750]
Ep  12 [train]:  16%|█▌        | 23/145 [00:09<00:46,  2.62it/s, loss=0.0750]
Ep  12 [train]:  16%|█▌        | 23/145 [00:10<00:46,  2.62it/s, loss=0.0886]
Ep  12 [train]:  17%|█▋        | 24/145 [00:10<01:00,  2.00it/s, loss=0.0886]
Ep  12 [train]:  17%|█▋        | 24/145 [00:10<01:00,  2.00it/s, loss=0.0703]
Ep  12 [train]:  17%|█▋        | 25/145 [00:10<00:48,  2.50it/s, loss=0.0703]
Ep  12 [train]:  17%|█▋        | 25/145 [00:11<00:48,  2.50it/s, loss=0.0695]
Ep  12 [train]:  18%|█▊        | 26/145 [00:11<01:03,  1.87it/s, loss=0.0695]
Ep  12 [train]:  18%|█▊        | 26/145 [00:11<01:03,  1.87it/s, loss=0.0896]
Ep  12 [train]:  19%|█▊        | 27/145 [00:11<00:49,  2.38it/s, loss=0.0896]
Ep  12 [train]:  19%|█▊        | 27/145 [00:12<00:49,  2.38it/s, loss=0.0761]
Ep  12 [train]:  19%|█▉        | 28/145 [00:12<01:01,  1.90it/s, loss=0.0761]
Ep  12 [train]:  19%|█▉        | 28/145 [00:12<01:01,  1.90it/s, loss=0.0749]
Ep  12 [train]:  20%|██        | 29/145 [00:12<00:46,  2.47it/s, loss=0.0749]
Ep  12 [train]:  20%|██        | 29/145 [00:12<00:46,  2.47it/s, loss=0.0688]
Ep  12 [train]:  21%|██        | 30/145 [00:12<00:57,  2.01it/s, loss=0.0688]
Ep  12 [train]:  21%|██        | 30/145 [00:13<00:57,  2.01it/s, loss=0.0726]
Ep  12 [train]:  21%|██▏       | 31/145 [00:13<00:45,  2.52it/s, loss=0.0726]
Ep  12 [train]:  21%|██▏       | 31/145 [00:13<00:45,  2.52it/s, loss=0.0784]
Ep  12 [train]:  22%|██▏       | 32/145 [00:13<00:53,  2.11it/s, loss=0.0784]
Ep  12 [train]:  22%|██▏       | 32/145 [00:13<00:53,  2.11it/s, loss=0.0828]
Ep  12 [train]:  23%|██▎       | 33/145 [00:13<00:42,  2.65it/s, loss=0.0828]
Ep  12 [train]:  23%|██▎       | 33/145 [00:14<00:42,  2.65it/s, loss=0.0757]
Ep  12 [train]:  23%|██▎       | 34/145 [00:14<00:55,  1.99it/s, loss=0.0757]
Ep  12 [train]:  23%|██▎       | 34/145 [00:14<00:55,  1.99it/s, loss=0.0736]
Ep  12 [train]:  24%|██▍       | 35/145 [00:14<00:43,  2.56it/s, loss=0.0736]
Ep  12 [train]:  24%|██▍       | 35/145 [00:15<00:43,  2.56it/s, loss=0.0711]
Ep  12 [train]:  25%|██▍       | 36/145 [00:15<00:55,  1.98it/s, loss=0.0711]
Ep  12 [train]:  25%|██▍       | 36/145 [00:15<00:55,  1.98it/s, loss=0.0652]
Ep  12 [train]:  26%|██▌       | 37/145 [00:15<00:44,  2.45it/s, loss=0.0652]
Ep  12 [train]:  26%|██▌       | 37/145 [00:16<00:44,  2.45it/s, loss=0.0766]
Ep  12 [train]:  26%|██▌       | 38/145 [00:16<00:54,  1.95it/s, loss=0.0766]
Ep  12 [train]:  26%|██▌       | 38/145 [00:16<00:54,  1.95it/s, loss=0.0778]
Ep  12 [train]:  27%|██▋       | 39/145 [00:16<00:42,  2.47it/s, loss=0.0778]
Ep  12 [train]:  27%|██▋       | 39/145 [00:17<00:42,  2.47it/s, loss=0.0769]
Ep  12 [train]:  28%|██▊       | 40/145 [00:17<00:51,  2.04it/s, loss=0.0769]
Ep  12 [train]:  28%|██▊       | 40/145 [00:17<00:51,  2.04it/s, loss=0.0760]
Ep  12 [train]:  28%|██▊       | 41/145 [00:17<00:41,  2.51it/s, loss=0.0760]
Ep  12 [train]:  28%|██▊       | 41/145 [00:18<00:41,  2.51it/s, loss=0.0735]
Ep  12 [train]:  29%|██▉       | 42/145 [00:18<00:50,  2.04it/s, loss=0.0735]
Ep  12 [train]:  29%|██▉       | 42/145 [00:18<00:50,  2.04it/s, loss=0.0780]
Ep  12 [train]:  30%|██▉       | 43/145 [00:18<00:38,  2.63it/s, loss=0.0780]
Ep  12 [train]:  30%|██▉       | 43/145 [00:19<00:38,  2.63it/s, loss=0.0845]
Ep  12 [train]:  30%|███       | 44/145 [00:19<00:51,  1.97it/s, loss=0.0845]
Ep  12 [train]:  30%|███       | 44/145 [00:19<00:51,  1.97it/s, loss=0.0782]
Ep  12 [train]:  31%|███       | 45/145 [00:19<00:39,  2.51it/s, loss=0.0782]
Ep  12 [train]:  31%|███       | 45/145 [00:20<00:39,  2.51it/s, loss=0.0804]
Ep  12 [train]:  32%|███▏      | 46/145 [00:20<00:50,  1.95it/s, loss=0.0804]
Ep  12 [train]:  32%|███▏      | 46/145 [00:20<00:50,  1.95it/s, loss=0.0751]
Ep  12 [train]:  32%|███▏      | 47/145 [00:20<00:39,  2.45it/s, loss=0.0751]
Ep  12 [train]:  32%|███▏      | 47/145 [00:20<00:39,  2.45it/s, loss=0.0764]
Ep  12 [train]:  33%|███▎      | 48/145 [00:20<00:48,  2.01it/s, loss=0.0764]
Ep  12 [train]:  33%|███▎      | 48/145 [00:21<00:48,  2.01it/s, loss=0.0734]
Ep  12 [train]:  34%|███▍      | 49/145 [00:21<00:37,  2.59it/s, loss=0.0734]
Ep  12 [train]:  34%|███▍      | 49/145 [00:21<00:37,  2.59it/s, loss=0.0830]
Ep  12 [train]:  34%|███▍      | 50/145 [00:21<00:45,  2.11it/s, loss=0.0830]
Ep  12 [train]:  34%|███▍      | 50/145 [00:21<00:45,  2.11it/s, loss=0.0747]
Ep  12 [train]:  35%|███▌      | 51/145 [00:21<00:35,  2.67it/s, loss=0.0747]
Ep  12 [train]:  35%|███▌      | 51/145 [00:22<00:35,  2.67it/s, loss=0.0773]
Ep  12 [train]:  36%|███▌      | 52/145 [00:22<00:45,  2.03it/s, loss=0.0773]
Ep  12 [train]:  36%|███▌      | 52/145 [00:22<00:45,  2.03it/s, loss=0.0735]
Ep  12 [train]:  37%|███▋      | 53/145 [00:22<00:36,  2.53it/s, loss=0.0735]
Ep  12 [train]:  37%|███▋      | 53/145 [00:23<00:36,  2.53it/s, loss=0.0729]
Ep  12 [train]:  37%|███▋      | 54/145 [00:23<00:43,  2.08it/s, loss=0.0729]
Ep  12 [train]:  37%|███▋      | 54/145 [00:23<00:43,  2.08it/s, loss=0.0795]
Ep  12 [train]:  38%|███▊      | 55/145 [00:23<00:34,  2.64it/s, loss=0.0795]
Ep  12 [train]:  38%|███▊      | 55/145 [00:24<00:34,  2.64it/s, loss=0.0786]
Ep  12 [train]:  39%|███▊      | 56/145 [00:24<00:42,  2.12it/s, loss=0.0786]
Ep  12 [train]:  39%|███▊      | 56/145 [00:24<00:42,  2.12it/s, loss=0.0746]
Ep  12 [train]:  39%|███▉      | 57/145 [00:24<00:33,  2.66it/s, loss=0.0746]
Ep  12 [train]:  39%|███▉      | 57/145 [00:25<00:33,  2.66it/s, loss=0.0798]
Ep  12 [train]:  40%|████      | 58/145 [00:25<00:41,  2.11it/s, loss=0.0798]
Ep  12 [train]:  40%|████      | 58/145 [00:25<00:41,  2.11it/s, loss=0.0770]
Ep  12 [train]:  41%|████      | 59/145 [00:25<00:33,  2.56it/s, loss=0.0770]
Ep  12 [train]:  41%|████      | 59/145 [00:26<00:33,  2.56it/s, loss=0.0845]
Ep  12 [train]:  41%|████▏     | 60/145 [00:26<00:41,  2.06it/s, loss=0.0845]
Ep  12 [train]:  41%|████▏     | 60/145 [00:26<00:41,  2.06it/s, loss=0.0782]
Ep  12 [train]:  42%|████▏     | 61/145 [00:26<00:32,  2.57it/s, loss=0.0782]
Ep  12 [train]:  42%|████▏     | 61/145 [00:26<00:32,  2.57it/s, loss=0.0831]
Ep  12 [train]:  43%|████▎     | 62/145 [00:26<00:39,  2.12it/s, loss=0.0831]
Ep  12 [train]:  43%|████▎     | 62/145 [00:27<00:39,  2.12it/s, loss=0.0743]
Ep  12 [train]:  43%|████▎     | 63/145 [00:27<00:30,  2.66it/s, loss=0.0743]
Ep  12 [train]:  43%|████▎     | 63/145 [00:27<00:30,  2.66it/s, loss=0.0792]
Ep  12 [train]:  44%|████▍     | 64/145 [00:27<00:35,  2.26it/s, loss=0.0792]
Ep  12 [train]:  44%|████▍     | 64/145 [00:27<00:35,  2.26it/s, loss=0.0750]
Ep  12 [train]:  45%|████▍     | 65/145 [00:27<00:28,  2.85it/s, loss=0.0750]
Ep  12 [train]:  45%|████▍     | 65/145 [00:28<00:28,  2.85it/s, loss=0.0769]
Ep  12 [train]:  46%|████▌     | 66/145 [00:28<00:33,  2.39it/s, loss=0.0769]
Ep  12 [train]:  46%|████▌     | 66/145 [00:28<00:33,  2.39it/s, loss=0.0775]
Ep  12 [train]:  46%|████▌     | 67/145 [00:28<00:25,  3.02it/s, loss=0.0775]
Ep  12 [train]:  46%|████▌     | 67/145 [00:29<00:25,  3.02it/s, loss=0.0800]
Ep  12 [train]:  47%|████▋     | 68/145 [00:29<00:32,  2.39it/s, loss=0.0800]
Ep  12 [train]:  47%|████▋     | 68/145 [00:29<00:32,  2.39it/s, loss=0.0825]
Ep  12 [train]:  48%|████▊     | 69/145 [00:29<00:24,  3.04it/s, loss=0.0825]
Ep  12 [train]:  48%|████▊     | 69/145 [00:29<00:24,  3.04it/s, loss=0.0707]
Ep  12 [train]:  48%|████▊     | 70/145 [00:29<00:28,  2.60it/s, loss=0.0707]
Ep  12 [train]:  48%|████▊     | 70/145 [00:29<00:28,  2.60it/s, loss=0.0766]
Ep  12 [train]:  49%|████▉     | 71/145 [00:29<00:22,  3.25it/s, loss=0.0766]
Ep  12 [train]:  49%|████▉     | 71/145 [00:30<00:22,  3.25it/s, loss=0.0743]
Ep  12 [train]:  50%|████▉     | 72/145 [00:30<00:29,  2.50it/s, loss=0.0743]
Ep  12 [train]:  50%|████▉     | 72/145 [00:30<00:29,  2.50it/s, loss=0.0719]
Ep  12 [train]:  50%|█████     | 73/145 [00:30<00:23,  3.13it/s, loss=0.0719]
Ep  12 [train]:  50%|█████     | 73/145 [00:31<00:23,  3.13it/s, loss=0.0945]
Ep  12 [train]:  51%|█████     | 74/145 [00:31<00:28,  2.45it/s, loss=0.0945]
Ep  12 [train]:  51%|█████     | 74/145 [00:31<00:28,  2.45it/s, loss=0.0783]
Ep  12 [train]:  52%|█████▏    | 75/145 [00:31<00:23,  3.02it/s, loss=0.0783]
Ep  12 [train]:  52%|█████▏    | 75/145 [00:32<00:23,  3.02it/s, loss=0.0894]
Ep  12 [train]:  52%|█████▏    | 76/145 [00:32<00:27,  2.47it/s, loss=0.0894]
Ep  12 [train]:  52%|█████▏    | 76/145 [00:32<00:27,  2.47it/s, loss=0.0790]
Ep  12 [train]:  53%|█████▎    | 77/145 [00:32<00:21,  3.14it/s, loss=0.0790]
Ep  12 [train]:  53%|█████▎    | 77/145 [00:32<00:21,  3.14it/s, loss=0.0773]
Ep  12 [train]:  54%|█████▍    | 78/145 [00:32<00:26,  2.48it/s, loss=0.0773]
Ep  12 [train]:  54%|█████▍    | 78/145 [00:32<00:26,  2.48it/s, loss=0.0800]
Ep  12 [train]:  54%|█████▍    | 79/145 [00:32<00:21,  3.13it/s, loss=0.0800]
Ep  12 [train]:  54%|█████▍    | 79/145 [00:33<00:21,  3.13it/s, loss=0.0752]
Ep  12 [train]:  55%|█████▌    | 80/145 [00:33<00:28,  2.27it/s, loss=0.0752]
Ep  12 [train]:  55%|█████▌    | 80/145 [00:33<00:28,  2.27it/s, loss=0.0796]
Ep  12 [train]:  56%|█████▌    | 81/145 [00:33<00:22,  2.79it/s, loss=0.0796]
Ep  12 [train]:  56%|█████▌    | 81/145 [00:34<00:22,  2.79it/s, loss=0.0691]
Ep  12 [train]:  57%|█████▋    | 82/145 [00:34<00:30,  2.06it/s, loss=0.0691]
Ep  12 [train]:  57%|█████▋    | 82/145 [00:34<00:30,  2.06it/s, loss=0.0750]
Ep  12 [train]:  57%|█████▋    | 83/145 [00:34<00:23,  2.65it/s, loss=0.0750]
Ep  12 [train]:  57%|█████▋    | 83/145 [00:35<00:23,  2.65it/s, loss=0.0778]
Ep  12 [train]:  58%|█████▊    | 84/145 [00:35<00:29,  2.05it/s, loss=0.0778]
Ep  12 [train]:  58%|█████▊    | 84/145 [00:35<00:29,  2.05it/s, loss=0.0744]
Ep  12 [train]:  59%|█████▊    | 85/145 [00:35<00:23,  2.60it/s, loss=0.0744]
Ep  12 [train]:  59%|█████▊    | 85/145 [00:36<00:23,  2.60it/s, loss=0.0900]
Ep  12 [train]:  59%|█████▉    | 86/145 [00:36<00:29,  1.99it/s, loss=0.0900]
Ep  12 [train]:  59%|█████▉    | 86/145 [00:36<00:29,  1.99it/s, loss=0.0890]
Ep  12 [train]:  60%|██████    | 87/145 [00:36<00:22,  2.53it/s, loss=0.0890]
Ep  12 [train]:  60%|██████    | 87/145 [00:37<00:22,  2.53it/s, loss=0.0728]
Ep  12 [train]:  61%|██████    | 88/145 [00:37<00:29,  1.95it/s, loss=0.0728]
Ep  12 [train]:  61%|██████    | 88/145 [00:37<00:29,  1.95it/s, loss=0.0698]
Ep  12 [train]:  61%|██████▏   | 89/145 [00:37<00:22,  2.45it/s, loss=0.0698]
Ep  12 [train]:  61%|██████▏   | 89/145 [00:38<00:22,  2.45it/s, loss=0.0779]
Ep  12 [train]:  62%|██████▏   | 90/145 [00:38<00:27,  2.02it/s, loss=0.0779]
Ep  12 [train]:  62%|██████▏   | 90/145 [00:38<00:27,  2.02it/s, loss=0.0862]
Ep  12 [train]:  63%|██████▎   | 91/145 [00:38<00:20,  2.59it/s, loss=0.0862]
Ep  12 [train]:  63%|██████▎   | 91/145 [00:38<00:20,  2.59it/s, loss=0.0767]
Ep  12 [train]:  63%|██████▎   | 92/145 [00:38<00:25,  2.08it/s, loss=0.0767]
Ep  12 [train]:  63%|██████▎   | 92/145 [00:39<00:25,  2.08it/s, loss=0.0804]
Ep  12 [train]:  64%|██████▍   | 93/145 [00:39<00:19,  2.65it/s, loss=0.0804]
Ep  12 [train]:  64%|██████▍   | 93/145 [00:39<00:19,  2.65it/s, loss=0.0750]
Ep  12 [train]:  65%|██████▍   | 94/145 [00:39<00:25,  2.03it/s, loss=0.0750]
Ep  12 [train]:  65%|██████▍   | 94/145 [00:40<00:25,  2.03it/s, loss=0.0778]
Ep  12 [train]:  66%|██████▌   | 95/145 [00:40<00:19,  2.52it/s, loss=0.0778]
Ep  12 [train]:  66%|██████▌   | 95/145 [00:40<00:19,  2.52it/s, loss=0.0739]
Ep  12 [train]:  66%|██████▌   | 96/145 [00:40<00:24,  2.00it/s, loss=0.0739]
Ep  12 [train]:  66%|██████▌   | 96/145 [00:40<00:24,  2.00it/s, loss=0.0743]
Ep  12 [train]:  67%|██████▋   | 97/145 [00:40<00:18,  2.55it/s, loss=0.0743]
Ep  12 [train]:  67%|██████▋   | 97/145 [00:41<00:18,  2.55it/s, loss=0.0887]
Ep  12 [train]:  68%|██████▊   | 98/145 [00:41<00:23,  1.99it/s, loss=0.0887]
Ep  12 [train]:  68%|██████▊   | 98/145 [00:41<00:23,  1.99it/s, loss=0.0747]
Ep  12 [train]:  68%|██████▊   | 99/145 [00:41<00:18,  2.52it/s, loss=0.0747]
Ep  12 [train]:  68%|██████▊   | 99/145 [00:42<00:18,  2.52it/s, loss=0.0820]
Ep  12 [train]:  69%|██████▉   | 100/145 [00:42<00:23,  1.95it/s, loss=0.0820]
Ep  12 [train]:  69%|██████▉   | 100/145 [00:42<00:23,  1.95it/s, loss=0.0837]
Ep  12 [train]:  70%|██████▉   | 101/145 [00:42<00:17,  2.50it/s, loss=0.0837]
Ep  12 [train]:  70%|██████▉   | 101/145 [00:43<00:17,  2.50it/s, loss=0.0752]
Ep  12 [train]:  70%|███████   | 102/145 [00:43<00:21,  2.00it/s, loss=0.0752]
Ep  12 [train]:  70%|███████   | 102/145 [00:43<00:21,  2.00it/s, loss=0.0772]
Ep  12 [train]:  71%|███████   | 103/145 [00:43<00:16,  2.55it/s, loss=0.0772]
Ep  12 [train]:  71%|███████   | 103/145 [00:44<00:16,  2.55it/s, loss=0.0925]
Ep  12 [train]:  72%|███████▏  | 104/145 [00:44<00:20,  2.01it/s, loss=0.0925]
Ep  12 [train]:  72%|███████▏  | 104/145 [00:44<00:20,  2.01it/s, loss=0.0821]
Ep  12 [train]:  72%|███████▏  | 105/145 [00:44<00:15,  2.56it/s, loss=0.0821]
Ep  12 [train]:  72%|███████▏  | 105/145 [00:45<00:15,  2.56it/s, loss=0.0786]
Ep  12 [train]:  73%|███████▎  | 106/145 [00:45<00:19,  2.04it/s, loss=0.0786]
Ep  12 [train]:  73%|███████▎  | 106/145 [00:45<00:19,  2.04it/s, loss=0.0839]
Ep  12 [train]:  74%|███████▍  | 107/145 [00:45<00:14,  2.60it/s, loss=0.0839]
Ep  12 [train]:  74%|███████▍  | 107/145 [00:46<00:14,  2.60it/s, loss=0.0746]
Ep  12 [train]:  74%|███████▍  | 108/145 [00:46<00:17,  2.06it/s, loss=0.0746]
Ep  12 [train]:  74%|███████▍  | 108/145 [00:46<00:17,  2.06it/s, loss=0.0712]
Ep  12 [train]:  75%|███████▌  | 109/145 [00:46<00:13,  2.61it/s, loss=0.0712]
Ep  12 [train]:  75%|███████▌  | 109/145 [00:47<00:13,  2.61it/s, loss=0.0881]
Ep  12 [train]:  76%|███████▌  | 110/145 [00:47<00:17,  1.98it/s, loss=0.0881]
Ep  12 [train]:  76%|███████▌  | 110/145 [00:47<00:17,  1.98it/s, loss=0.0757]
Ep  12 [train]:  77%|███████▋  | 111/145 [00:47<00:13,  2.53it/s, loss=0.0757]
Ep  12 [train]:  77%|███████▋  | 111/145 [00:47<00:13,  2.53it/s, loss=0.0759]
Ep  12 [train]:  77%|███████▋  | 112/145 [00:47<00:16,  1.99it/s, loss=0.0759]
Ep  12 [train]:  77%|███████▋  | 112/145 [00:48<00:16,  1.99it/s, loss=0.0905]
Ep  12 [train]:  78%|███████▊  | 113/145 [00:48<00:12,  2.56it/s, loss=0.0905]
Ep  12 [train]:  78%|███████▊  | 113/145 [00:48<00:12,  2.56it/s, loss=0.0769]
Ep  12 [train]:  79%|███████▊  | 114/145 [00:48<00:15,  2.05it/s, loss=0.0769]
Ep  12 [train]:  79%|███████▊  | 114/145 [00:48<00:15,  2.05it/s, loss=0.0735]
Ep  12 [train]:  79%|███████▉  | 115/145 [00:48<00:11,  2.59it/s, loss=0.0735]
Ep  12 [train]:  79%|███████▉  | 115/145 [00:49<00:11,  2.59it/s, loss=0.0765]
Ep  12 [train]:  80%|████████  | 116/145 [00:49<00:14,  2.01it/s, loss=0.0765]
Ep  12 [train]:  80%|████████  | 116/145 [00:49<00:14,  2.01it/s, loss=0.0703]
Ep  12 [train]:  81%|████████  | 117/145 [00:49<00:11,  2.53it/s, loss=0.0703]
Ep  12 [train]:  81%|████████  | 117/145 [00:50<00:11,  2.53it/s, loss=0.0768]
Ep  12 [train]:  81%|████████▏ | 118/145 [00:50<00:12,  2.08it/s, loss=0.0768]
Ep  12 [train]:  81%|████████▏ | 118/145 [00:50<00:12,  2.08it/s, loss=0.0734]
Ep  12 [train]:  82%|████████▏ | 119/145 [00:50<00:09,  2.67it/s, loss=0.0734]
Ep  12 [train]:  82%|████████▏ | 119/145 [00:51<00:09,  2.67it/s, loss=0.0765]
Ep  12 [train]:  83%|████████▎ | 120/145 [00:51<00:12,  2.02it/s, loss=0.0765]
Ep  12 [train]:  83%|████████▎ | 120/145 [00:51<00:12,  2.02it/s, loss=0.0728]
Ep  12 [train]:  83%|████████▎ | 121/145 [00:51<00:09,  2.42it/s, loss=0.0728]
Ep  12 [train]:  83%|████████▎ | 121/145 [00:52<00:09,  2.42it/s, loss=0.0730]
Ep  12 [train]:  84%|████████▍ | 122/145 [00:52<00:10,  2.14it/s, loss=0.0730]
Ep  12 [train]:  84%|████████▍ | 122/145 [00:52<00:10,  2.14it/s, loss=0.0748]
Ep  12 [train]:  85%|████████▍ | 123/145 [00:52<00:08,  2.70it/s, loss=0.0748]
Ep  12 [train]:  85%|████████▍ | 123/145 [00:53<00:08,  2.70it/s, loss=0.0709]
Ep  12 [train]:  86%|████████▌ | 124/145 [00:53<00:10,  2.06it/s, loss=0.0709]
Ep  12 [train]:  86%|████████▌ | 124/145 [00:53<00:10,  2.06it/s, loss=0.0699]
Ep  12 [train]:  86%|████████▌ | 125/145 [00:53<00:07,  2.58it/s, loss=0.0699]
Ep  12 [train]:  86%|████████▌ | 125/145 [00:54<00:07,  2.58it/s, loss=0.0781]
Ep  12 [train]:  87%|████████▋ | 126/145 [00:54<00:09,  1.99it/s, loss=0.0781]
Ep  12 [train]:  87%|████████▋ | 126/145 [00:54<00:09,  1.99it/s, loss=0.0720]
Ep  12 [train]:  88%|████████▊ | 127/145 [00:54<00:07,  2.54it/s, loss=0.0720]
Ep  12 [train]:  88%|████████▊ | 127/145 [00:55<00:07,  2.54it/s, loss=0.0714]
Ep  12 [train]:  88%|████████▊ | 128/145 [00:55<00:09,  1.88it/s, loss=0.0714]
Ep  12 [train]:  88%|████████▊ | 128/145 [00:55<00:09,  1.88it/s, loss=0.0699]
Ep  12 [train]:  89%|████████▉ | 129/145 [00:55<00:06,  2.44it/s, loss=0.0699]
Ep  12 [train]:  89%|████████▉ | 129/145 [00:55<00:06,  2.44it/s, loss=0.0751]
Ep  12 [train]:  90%|████████▉ | 130/145 [00:55<00:07,  2.01it/s, loss=0.0751]
Ep  12 [train]:  90%|████████▉ | 130/145 [00:56<00:07,  2.01it/s, loss=0.0817]
Ep  12 [train]:  90%|█████████ | 131/145 [00:56<00:05,  2.52it/s, loss=0.0817]
Ep  12 [train]:  90%|█████████ | 131/145 [00:56<00:05,  2.52it/s, loss=0.0714]
Ep  12 [train]:  91%|█████████ | 132/145 [00:56<00:06,  1.97it/s, loss=0.0714]
Ep  12 [train]:  91%|█████████ | 132/145 [00:56<00:06,  1.97it/s, loss=0.0709]
Ep  12 [train]:  92%|█████████▏| 133/145 [00:56<00:04,  2.52it/s, loss=0.0709]
Ep  12 [train]:  92%|█████████▏| 133/145 [00:57<00:04,  2.52it/s, loss=0.0764]
Ep  12 [train]:  92%|█████████▏| 134/145 [00:57<00:05,  1.96it/s, loss=0.0764]
Ep  12 [train]:  92%|█████████▏| 134/145 [00:57<00:05,  1.96it/s, loss=0.0720]
Ep  12 [train]:  93%|█████████▎| 135/145 [00:57<00:03,  2.54it/s, loss=0.0720]
Ep  12 [train]:  93%|█████████▎| 135/145 [00:58<00:03,  2.54it/s, loss=0.0735]
Ep  12 [train]:  94%|█████████▍| 136/145 [00:58<00:04,  1.99it/s, loss=0.0735]
Ep  12 [train]:  94%|█████████▍| 136/145 [00:58<00:04,  1.99it/s, loss=0.0811]
Ep  12 [train]:  94%|█████████▍| 137/145 [00:58<00:03,  2.53it/s, loss=0.0811]
Ep  12 [train]:  94%|█████████▍| 137/145 [00:59<00:03,  2.53it/s, loss=0.0739]
Ep  12 [train]:  95%|█████████▌| 138/145 [00:59<00:03,  1.94it/s, loss=0.0739]
Ep  12 [train]:  95%|█████████▌| 138/145 [00:59<00:03,  1.94it/s, loss=0.0753]
Ep  12 [train]:  96%|█████████▌| 139/145 [00:59<00:02,  2.48it/s, loss=0.0753]
Ep  12 [train]:  96%|█████████▌| 139/145 [01:00<00:02,  2.48it/s, loss=0.0791]
Ep  12 [train]:  97%|█████████▋| 140/145 [01:00<00:02,  1.92it/s, loss=0.0791]
Ep  12 [train]:  97%|█████████▋| 140/145 [01:00<00:02,  1.92it/s, loss=0.0787]
Ep  12 [train]:  97%|█████████▋| 141/145 [01:00<00:01,  2.46it/s, loss=0.0787]
Ep  12 [train]:  97%|█████████▋| 141/145 [01:01<00:01,  2.46it/s, loss=0.0710]
Ep  12 [train]:  98%|█████████▊| 142/145 [01:01<00:01,  1.94it/s, loss=0.0710]
Ep  12 [train]:  98%|█████████▊| 142/145 [01:01<00:01,  1.94it/s, loss=0.0735]
Ep  12 [train]:  99%|█████████▊| 143/145 [01:01<00:00,  2.42it/s, loss=0.0735]
Ep  12 [train]:  99%|█████████▊| 143/145 [01:02<00:00,  2.42it/s, loss=0.0804]
Ep  12 [train]:  99%|█████████▉| 144/145 [01:02<00:00,  1.97it/s, loss=0.0804]
Ep  12 [train]:  99%|█████████▉| 144/145 [01:02<00:00,  1.97it/s, loss=0.0727]
Ep  12 [train]: 100%|██████████| 145/145 [01:02<00:00,  2.50it/s, loss=0.0727]
                                                                              
  Ep  12 [train]  loss=0.0772  rmse_c=0.2403  mae_c=0.2171  r2_c=0.015  rmse_h=0.3112  mae_h=0.2323  r2_h=0.441  sup=0.325

Ep  12 [val  ]:   0%|          | 0/39 [00:00<?, ?it/s]
Ep  12 [val  ]:   0%|          | 0/39 [00:01<?, ?it/s, loss=0.0970]
Ep  12 [val  ]:   3%|▎         | 1/39 [00:01<00:41,  1.10s/it, loss=0.0970]
Ep  12 [val  ]:   3%|▎         | 1/39 [00:01<00:41,  1.10s/it, loss=0.0933]
Ep  12 [val  ]:   3%|▎         | 1/39 [00:01<00:41,  1.10s/it, loss=0.0768]
Ep  12 [val  ]:   8%|▊         | 3/39 [00:01<00:21,  1.65it/s, loss=0.0768]
Ep  12 [val  ]:   8%|▊         | 3/39 [00:02<00:21,  1.65it/s, loss=0.0701]
Ep  12 [val  ]:   8%|▊         | 3/39 [00:02<00:21,  1.65it/s, loss=0.0775]
Ep  12 [val  ]:  13%|█▎        | 5/39 [00:02<00:17,  1.93it/s, loss=0.0775]
Ep  12 [val  ]:  13%|█▎        | 5/39 [00:02<00:17,  1.93it/s, loss=0.0800]
Ep  12 [val  ]:  13%|█▎        | 5/39 [00:03<00:17,  1.93it/s, loss=0.0735]
Ep  12 [val  ]:  18%|█▊        | 7/39 [00:03<00:15,  2.03it/s, loss=0.0735]
Ep  12 [val  ]:  18%|█▊        | 7/39 [00:03<00:15,  2.03it/s, loss=0.0734]
Ep  12 [val  ]:  18%|█▊        | 7/39 [00:04<00:15,  2.03it/s, loss=0.0725]
Ep  12 [val  ]:  23%|██▎       | 9/39 [00:04<00:14,  2.11it/s, loss=0.0725]
Ep  12 [val  ]:  23%|██▎       | 9/39 [00:04<00:14,  2.11it/s, loss=0.0702]
Ep  12 [val  ]:  23%|██▎       | 9/39 [00:05<00:14,  2.11it/s, loss=0.0717]
Ep  12 [val  ]:  28%|██▊       | 11/39 [00:05<00:13,  2.12it/s, loss=0.0717]
Ep  12 [val  ]:  28%|██▊       | 11/39 [00:05<00:13,  2.12it/s, loss=0.0753]
Ep  12 [val  ]:  28%|██▊       | 11/39 [00:06<00:13,  2.12it/s, loss=0.0776]
Ep  12 [val  ]:  33%|███▎      | 13/39 [00:06<00:12,  2.10it/s, loss=0.0776]
Ep  12 [val  ]:  33%|███▎      | 13/39 [00:06<00:12,  2.10it/s, loss=0.0903]
Ep  12 [val  ]:  33%|███▎      | 13/39 [00:07<00:12,  2.10it/s, loss=0.0995]
Ep  12 [val  ]:  38%|███▊      | 15/39 [00:07<00:11,  2.13it/s, loss=0.0995]
Ep  12 [val  ]:  38%|███▊      | 15/39 [00:07<00:11,  2.13it/s, loss=0.0967]
Ep  12 [val  ]:  38%|███▊      | 15/39 [00:08<00:11,  2.13it/s, loss=0.0977]
Ep  12 [val  ]:  44%|████▎     | 17/39 [00:08<00:09,  2.23it/s, loss=0.0977]
Ep  12 [val  ]:  44%|████▎     | 17/39 [00:08<00:09,  2.23it/s, loss=0.0872]
Ep  12 [val  ]:  44%|████▎     | 17/39 [00:09<00:09,  2.23it/s, loss=0.0798]
Ep  12 [val  ]:  49%|████▊     | 19/39 [00:09<00:08,  2.27it/s, loss=0.0798]
Ep  12 [val  ]:  49%|████▊     | 19/39 [00:09<00:08,  2.27it/s, loss=0.0663]
Ep  12 [val  ]:  49%|████▊     | 19/39 [00:10<00:08,  2.27it/s, loss=0.0593]
Ep  12 [val  ]:  54%|█████▍    | 21/39 [00:10<00:08,  2.24it/s, loss=0.0593]
Ep  12 [val  ]:  54%|█████▍    | 21/39 [00:10<00:08,  2.24it/s, loss=0.0673]
Ep  12 [val  ]:  54%|█████▍    | 21/39 [00:10<00:08,  2.24it/s, loss=0.0626]
Ep  12 [val  ]:  59%|█████▉    | 23/39 [00:10<00:07,  2.27it/s, loss=0.0626]
Ep  12 [val  ]:  59%|█████▉    | 23/39 [00:10<00:07,  2.27it/s, loss=0.0638]
Ep  12 [val  ]:  59%|█████▉    | 23/39 [00:11<00:07,  2.27it/s, loss=0.0659]
Ep  12 [val  ]:  64%|██████▍   | 25/39 [00:11<00:06,  2.25it/s, loss=0.0659]
Ep  12 [val  ]:  64%|██████▍   | 25/39 [00:11<00:06,  2.25it/s, loss=0.0728]
Ep  12 [val  ]:  64%|██████▍   | 25/39 [00:12<00:06,  2.25it/s, loss=0.0808]
Ep  12 [val  ]:  69%|██████▉   | 27/39 [00:12<00:05,  2.19it/s, loss=0.0808]
Ep  12 [val  ]:  69%|██████▉   | 27/39 [00:12<00:05,  2.19it/s, loss=0.1222]
Ep  12 [val  ]:  69%|██████▉   | 27/39 [00:13<00:05,  2.19it/s, loss=0.0939]
Ep  12 [val  ]:  74%|███████▍  | 29/39 [00:13<00:04,  2.24it/s, loss=0.0939]
Ep  12 [val  ]:  74%|███████▍  | 29/39 [00:13<00:04,  2.24it/s, loss=0.0833]
Ep  12 [val  ]:  77%|███████▋  | 30/39 [00:13<00:03,  2.59it/s, loss=0.0833]
Ep  12 [val  ]:  77%|███████▋  | 30/39 [00:14<00:03,  2.59it/s, loss=0.0775]
Ep  12 [val  ]:  79%|███████▉  | 31/39 [00:14<00:03,  2.16it/s, loss=0.0775]
Ep  12 [val  ]:  79%|███████▉  | 31/39 [00:14<00:03,  2.16it/s, loss=0.0741]
Ep  12 [val  ]:  79%|███████▉  | 31/39 [00:15<00:03,  2.16it/s, loss=0.0739]
Ep  12 [val  ]:  85%|████████▍ | 33/39 [00:15<00:02,  2.13it/s, loss=0.0739]
Ep  12 [val  ]:  85%|████████▍ | 33/39 [00:15<00:02,  2.13it/s, loss=0.0719]
Ep  12 [val  ]:  85%|████████▍ | 33/39 [00:16<00:02,  2.13it/s, loss=0.0775]
Ep  12 [val  ]:  90%|████████▉ | 35/39 [00:16<00:01,  2.16it/s, loss=0.0775]
Ep  12 [val  ]:  90%|████████▉ | 35/39 [00:16<00:01,  2.16it/s, loss=0.0725]
Ep  12 [val  ]:  90%|████████▉ | 35/39 [00:17<00:01,  2.16it/s, loss=0.0718]
Ep  12 [val  ]:  95%|█████████▍| 37/39 [00:17<00:00,  2.27it/s, loss=0.0718]
Ep  12 [val  ]:  95%|█████████▍| 37/39 [00:17<00:00,  2.27it/s, loss=0.0604]
Ep  12 [val  ]:  95%|█████████▍| 37/39 [00:17<00:00,  2.27it/s, loss=0.0740]
                                                                            
  Ep  12 [val  ]  loss=0.0783  rmse_c=0.2439  mae_c=0.2196  r2_c=0.023  rmse_h=0.3100  mae_h=0.2274  r2_h=0.401  sup=0.308
  [new best] combined_val_rmse=0.2770

Ep  13 [train]:   0%|          | 0/145 [00:00<?, ?it/s]
Ep  13 [train]:   0%|          | 0/145 [00:01<?, ?it/s, loss=0.0698]
Ep  13 [train]:   1%|          | 1/145 [00:01<02:29,  1.04s/it, loss=0.0698]
Ep  13 [train]:   1%|          | 1/145 [00:01<02:29,  1.04s/it, loss=0.0797]
Ep  13 [train]:   1%|▏         | 2/145 [00:01<01:13,  1.95it/s, loss=0.0797]
Ep  13 [train]:   1%|▏         | 2/145 [00:01<01:13,  1.95it/s, loss=0.0757]
Ep  13 [train]:   2%|▏         | 3/145 [00:01<01:17,  1.84it/s, loss=0.0757]
Ep  13 [train]:   2%|▏         | 3/145 [00:01<01:17,  1.84it/s, loss=0.0706]
Ep  13 [train]:   3%|▎         | 4/145 [00:01<00:54,  2.60it/s, loss=0.0706]
Ep  13 [train]:   3%|▎         | 4/145 [00:02<00:54,  2.60it/s, loss=0.0703]
Ep  13 [train]:   3%|▎         | 5/145 [00:02<01:11,  1.96it/s, loss=0.0703]
Ep  13 [train]:   3%|▎         | 5/145 [00:02<01:11,  1.96it/s, loss=0.0845]
Ep  13 [train]:   4%|▍         | 6/145 [00:02<00:53,  2.59it/s, loss=0.0845]
Ep  13 [train]:   4%|▍         | 6/145 [00:03<00:53,  2.59it/s, loss=0.0767]
Ep  13 [train]:   5%|▍         | 7/145 [00:03<01:01,  2.25it/s, loss=0.0767]
Ep  13 [train]:   5%|▍         | 7/145 [00:03<01:01,  2.25it/s, loss=0.0737]
Ep  13 [train]:   6%|▌         | 8/145 [00:03<00:47,  2.91it/s, loss=0.0737]
Ep  13 [train]:   6%|▌         | 8/145 [00:04<00:47,  2.91it/s, loss=0.0729]
Ep  13 [train]:   6%|▌         | 9/145 [00:04<01:00,  2.26it/s, loss=0.0729]
Ep  13 [train]:   6%|▌         | 9/145 [00:04<01:00,  2.26it/s, loss=0.0784]
Ep  13 [train]:   7%|▋         | 10/145 [00:04<00:46,  2.87it/s, loss=0.0784]
Ep  13 [train]:   7%|▋         | 10/145 [00:04<00:46,  2.87it/s, loss=0.0696]
Ep  13 [train]:   8%|▊         | 11/145 [00:04<00:58,  2.30it/s, loss=0.0696]
Ep  13 [train]:   8%|▊         | 11/145 [00:05<00:58,  2.30it/s, loss=0.0800]
Ep  13 [train]:   8%|▊         | 12/145 [00:05<00:46,  2.88it/s, loss=0.0800]
Ep  13 [train]:   8%|▊         | 12/145 [00:05<00:46,  2.88it/s, loss=0.0721]
Ep  13 [train]:   9%|▉         | 13/145 [00:05<00:57,  2.29it/s, loss=0.0721]
Ep  13 [train]:   9%|▉         | 13/145 [00:05<00:57,  2.29it/s, loss=0.0759]
Ep  13 [train]:  10%|▉         | 14/145 [00:05<00:45,  2.86it/s, loss=0.0759]
Ep  13 [train]:  10%|▉         | 14/145 [00:06<00:45,  2.86it/s, loss=0.0693]
Ep  13 [train]:  10%|█         | 15/145 [00:06<00:56,  2.29it/s, loss=0.0693]
Ep  13 [train]:  10%|█         | 15/145 [00:06<00:56,  2.29it/s, loss=0.0750]
Ep  13 [train]:  11%|█         | 16/145 [00:06<00:44,  2.87it/s, loss=0.0750]
Ep  13 [train]:  11%|█         | 16/145 [00:07<00:44,  2.87it/s, loss=0.0746]
Ep  13 [train]:  12%|█▏        | 17/145 [00:07<00:55,  2.29it/s, loss=0.0746]
Ep  13 [train]:  12%|█▏        | 17/145 [00:07<00:55,  2.29it/s, loss=0.0734]
Ep  13 [train]:  12%|█▏        | 18/145 [00:07<00:44,  2.84it/s, loss=0.0734]
Ep  13 [train]:  12%|█▏        | 18/145 [00:08<00:44,  2.84it/s, loss=0.0721]
Ep  13 [train]:  13%|█▎        | 19/145 [00:08<00:54,  2.30it/s, loss=0.0721]
Ep  13 [train]:  13%|█▎        | 19/145 [00:08<00:54,  2.30it/s, loss=0.0756]
Ep  13 [train]:  14%|█▍        | 20/145 [00:08<00:42,  2.94it/s, loss=0.0756]
Ep  13 [train]:  14%|█▍        | 20/145 [00:08<00:42,  2.94it/s, loss=0.0759]
Ep  13 [train]:  14%|█▍        | 21/145 [00:08<00:54,  2.29it/s, loss=0.0759]
Ep  13 [train]:  14%|█▍        | 21/145 [00:08<00:54,  2.29it/s, loss=0.0822]
Ep  13 [train]:  15%|█▌        | 22/145 [00:08<00:43,  2.83it/s, loss=0.0822]
Ep  13 [train]:  15%|█▌        | 22/145 [00:09<00:43,  2.83it/s, loss=0.0732]
Ep  13 [train]:  16%|█▌        | 23/145 [00:09<00:50,  2.43it/s, loss=0.0732]
Ep  13 [train]:  16%|█▌        | 23/145 [00:09<00:50,  2.43it/s, loss=0.0848]
Ep  13 [train]:  17%|█▋        | 24/145 [00:09<00:39,  3.06it/s, loss=0.0848]
Ep  13 [train]:  17%|█▋        | 24/145 [00:10<00:39,  3.06it/s, loss=0.0733]
Ep  13 [train]:  17%|█▋        | 25/145 [00:10<00:49,  2.44it/s, loss=0.0733]
Ep  13 [train]:  17%|█▋        | 25/145 [00:10<00:49,  2.44it/s, loss=0.0896]
Ep  13 [train]:  18%|█▊        | 26/145 [00:10<00:38,  3.07it/s, loss=0.0896]
Ep  13 [train]:  18%|█▊        | 26/145 [00:11<00:38,  3.07it/s, loss=0.0724]
Ep  13 [train]:  19%|█▊        | 27/145 [00:11<00:50,  2.33it/s, loss=0.0724]
Ep  13 [train]:  19%|█▊        | 27/145 [00:11<00:50,  2.33it/s, loss=0.0842]
Ep  13 [train]:  19%|█▉        | 28/145 [00:11<00:39,  2.96it/s, loss=0.0842]
Ep  13 [train]:  19%|█▉        | 28/145 [00:11<00:39,  2.96it/s, loss=0.0690]
Ep  13 [train]:  20%|██        | 29/145 [00:11<00:46,  2.50it/s, loss=0.0690]
Ep  13 [train]:  20%|██        | 29/145 [00:11<00:46,  2.50it/s, loss=0.0751]
Ep  13 [train]:  21%|██        | 30/145 [00:11<00:35,  3.20it/s, loss=0.0751]
Ep  13 [train]:  21%|██        | 30/145 [00:12<00:35,  3.20it/s, loss=0.0707]
Ep  13 [train]:  21%|██▏       | 31/145 [00:12<00:44,  2.58it/s, loss=0.0707]
Ep  13 [train]:  21%|██▏       | 31/145 [00:12<00:44,  2.58it/s, loss=0.0822]
Ep  13 [train]:  22%|██▏       | 32/145 [00:12<00:36,  3.10it/s, loss=0.0822]
Ep  13 [train]:  22%|██▏       | 32/145 [00:13<00:36,  3.10it/s, loss=0.0751]
Ep  13 [train]:  23%|██▎       | 33/145 [00:13<00:42,  2.62it/s, loss=0.0751]
Ep  13 [train]:  23%|██▎       | 33/145 [00:13<00:42,  2.62it/s, loss=0.0736]
Ep  13 [train]:  23%|██▎       | 34/145 [00:13<00:39,  2.81it/s, loss=0.0736]
Ep  13 [train]:  23%|██▎       | 34/145 [00:13<00:39,  2.81it/s, loss=0.0926]
Ep  13 [train]:  24%|██▍       | 35/145 [00:13<00:43,  2.54it/s, loss=0.0926]
Ep  13 [train]:  24%|██▍       | 35/145 [00:14<00:43,  2.54it/s, loss=0.0759]
Ep  13 [train]:  25%|██▍       | 36/145 [00:14<00:40,  2.68it/s, loss=0.0759]
Ep  13 [train]:  25%|██▍       | 36/145 [00:14<00:40,  2.68it/s, loss=0.0729]
Ep  13 [train]:  26%|██▌       | 37/145 [00:14<00:38,  2.78it/s, loss=0.0729]
Ep  13 [train]:  26%|██▌       | 37/145 [00:15<00:38,  2.78it/s, loss=0.0708]
Ep  13 [train]:  26%|██▌       | 38/145 [00:15<00:44,  2.43it/s, loss=0.0708]
Ep  13 [train]:  26%|██▌       | 38/145 [00:15<00:44,  2.43it/s, loss=0.0854]
Ep  13 [train]:  27%|██▋       | 39/145 [00:15<00:34,  3.08it/s, loss=0.0854]
Ep  13 [train]:  27%|██▋       | 39/145 [00:15<00:34,  3.08it/s, loss=0.0760]
Ep  13 [train]:  28%|██▊       | 40/145 [00:15<00:46,  2.25it/s, loss=0.0760]
Ep  13 [train]:  28%|██▊       | 40/145 [00:16<00:46,  2.25it/s, loss=0.0804]
Ep  13 [train]:  28%|██▊       | 41/145 [00:16<00:36,  2.86it/s, loss=0.0804]
Ep  13 [train]:  28%|██▊       | 41/145 [00:16<00:36,  2.86it/s, loss=0.0781]
Ep  13 [train]:  29%|██▉       | 42/145 [00:16<00:46,  2.19it/s, loss=0.0781]
Ep  13 [train]:  29%|██▉       | 42/145 [00:16<00:46,  2.19it/s, loss=0.0676]
Ep  13 [train]:  30%|██▉       | 43/145 [00:16<00:37,  2.72it/s, loss=0.0676]
Ep  13 [train]:  30%|██▉       | 43/145 [00:17<00:37,  2.72it/s, loss=0.0719]
Ep  13 [train]:  30%|███       | 44/145 [00:17<00:46,  2.17it/s, loss=0.0719]
Ep  13 [train]:  30%|███       | 44/145 [00:17<00:46,  2.17it/s, loss=0.0776]
Ep  13 [train]:  31%|███       | 45/145 [00:17<00:37,  2.67it/s, loss=0.0776]
Ep  13 [train]:  31%|███       | 45/145 [00:18<00:37,  2.67it/s, loss=0.0771]
Ep  13 [train]:  32%|███▏      | 46/145 [00:18<00:45,  2.17it/s, loss=0.0771]
Ep  13 [train]:  32%|███▏      | 46/145 [00:18<00:45,  2.17it/s, loss=0.0773]
Ep  13 [train]:  32%|███▏      | 47/145 [00:18<00:37,  2.65it/s, loss=0.0773]
Ep  13 [train]:  32%|███▏      | 47/145 [00:19<00:37,  2.65it/s, loss=0.0782]
Ep  13 [train]:  33%|███▎      | 48/145 [00:19<00:45,  2.14it/s, loss=0.0782]
Ep  13 [train]:  33%|███▎      | 48/145 [00:19<00:45,  2.14it/s, loss=0.0801]
Ep  13 [train]:  34%|███▍      | 49/145 [00:19<00:35,  2.68it/s, loss=0.0801]
Ep  13 [train]:  34%|███▍      | 49/145 [00:20<00:35,  2.68it/s, loss=0.0699]
Ep  13 [train]:  34%|███▍      | 50/145 [00:20<00:45,  2.08it/s, loss=0.0699]
Ep  13 [train]:  34%|███▍      | 50/145 [00:20<00:45,  2.08it/s, loss=0.0784]
Ep  13 [train]:  35%|███▌      | 51/145 [00:20<00:36,  2.60it/s, loss=0.0784]
Ep  13 [train]:  35%|███▌      | 51/145 [00:20<00:36,  2.60it/s, loss=0.0845]
Ep  13 [train]:  36%|███▌      | 52/145 [00:20<00:43,  2.12it/s, loss=0.0845]
Ep  13 [train]:  36%|███▌      | 52/145 [00:21<00:43,  2.12it/s, loss=0.0828]
Ep  13 [train]:  37%|███▋      | 53/145 [00:21<00:34,  2.68it/s, loss=0.0828]
Ep  13 [train]:  37%|███▋      | 53/145 [00:21<00:34,  2.68it/s, loss=0.0754]
Ep  13 [train]:  37%|███▋      | 54/145 [00:21<00:43,  2.08it/s, loss=0.0754]
Ep  13 [train]:  37%|███▋      | 54/145 [00:22<00:43,  2.08it/s, loss=0.0787]
Ep  13 [train]:  38%|███▊      | 55/145 [00:22<00:35,  2.55it/s, loss=0.0787]
Ep  13 [train]:  38%|███▊      | 55/145 [00:22<00:35,  2.55it/s, loss=0.0732]
Ep  13 [train]:  39%|███▊      | 56/145 [00:22<00:41,  2.12it/s, loss=0.0732]
Ep  13 [train]:  39%|███▊      | 56/145 [00:22<00:41,  2.12it/s, loss=0.0744]
Ep  13 [train]:  39%|███▉      | 57/145 [00:22<00:33,  2.62it/s, loss=0.0744]
Ep  13 [train]:  39%|███▉      | 57/145 [00:23<00:33,  2.62it/s, loss=0.0712]
Ep  13 [train]:  40%|████      | 58/145 [00:23<00:41,  2.10it/s, loss=0.0712]
Ep  13 [train]:  40%|████      | 58/145 [00:23<00:41,  2.10it/s, loss=0.0771]
Ep  13 [train]:  41%|████      | 59/145 [00:23<00:32,  2.62it/s, loss=0.0771]
Ep  13 [train]:  41%|████      | 59/145 [00:24<00:32,  2.62it/s, loss=0.0767]
Ep  13 [train]:  41%|████▏     | 60/145 [00:24<00:41,  2.03it/s, loss=0.0767]
Ep  13 [train]:  41%|████▏     | 60/145 [00:24<00:41,  2.03it/s, loss=0.0759]
Ep  13 [train]:  42%|████▏     | 61/145 [00:24<00:33,  2.51it/s, loss=0.0759]
Ep  13 [train]:  42%|████▏     | 61/145 [00:25<00:33,  2.51it/s, loss=0.0745]
Ep  13 [train]:  43%|████▎     | 62/145 [00:25<00:39,  2.11it/s, loss=0.0745]
Ep  13 [train]:  43%|████▎     | 62/145 [00:25<00:39,  2.11it/s, loss=0.0774]
Ep  13 [train]:  43%|████▎     | 63/145 [00:25<00:30,  2.65it/s, loss=0.0774]
Ep  13 [train]:  43%|████▎     | 63/145 [00:26<00:30,  2.65it/s, loss=0.0840]
Ep  13 [train]:  44%|████▍     | 64/145 [00:26<00:38,  2.13it/s, loss=0.0840]
Ep  13 [train]:  44%|████▍     | 64/145 [00:26<00:38,  2.13it/s, loss=0.0769]
Ep  13 [train]:  45%|████▍     | 65/145 [00:26<00:29,  2.68it/s, loss=0.0769]
Ep  13 [train]:  45%|████▍     | 65/145 [00:27<00:29,  2.68it/s, loss=0.0685]
Ep  13 [train]:  46%|████▌     | 66/145 [00:27<00:38,  2.07it/s, loss=0.0685]
Ep  13 [train]:  46%|████▌     | 66/145 [00:27<00:38,  2.07it/s, loss=0.0826]
Ep  13 [train]:  46%|████▌     | 67/145 [00:27<00:29,  2.68it/s, loss=0.0826]
Ep  13 [train]:  46%|████▌     | 67/145 [00:27<00:29,  2.68it/s, loss=0.0716]
Ep  13 [train]:  47%|████▋     | 68/145 [00:27<00:35,  2.17it/s, loss=0.0716]
Ep  13 [train]:  47%|████▋     | 68/145 [00:27<00:35,  2.17it/s, loss=0.0812]
Ep  13 [train]:  48%|████▊     | 69/145 [00:27<00:27,  2.73it/s, loss=0.0812]
Ep  13 [train]:  48%|████▊     | 69/145 [00:28<00:27,  2.73it/s, loss=0.0786]
Ep  13 [train]:  48%|████▊     | 70/145 [00:28<00:32,  2.34it/s, loss=0.0786]
Ep  13 [train]:  48%|████▊     | 70/145 [00:28<00:32,  2.34it/s, loss=0.0810]
Ep  13 [train]:  49%|████▉     | 71/145 [00:28<00:24,  2.98it/s, loss=0.0810]
Ep  13 [train]:  49%|████▉     | 71/145 [00:29<00:24,  2.98it/s, loss=0.0745]
Ep  13 [train]:  50%|████▉     | 72/145 [00:29<00:29,  2.43it/s, loss=0.0745]
Ep  13 [train]:  50%|████▉     | 72/145 [00:29<00:29,  2.43it/s, loss=0.0836]
Ep  13 [train]:  50%|█████     | 73/145 [00:29<00:23,  3.07it/s, loss=0.0836]
Ep  13 [train]:  50%|█████     | 73/145 [00:29<00:23,  3.07it/s, loss=0.0697]
Ep  13 [train]:  51%|█████     | 74/145 [00:29<00:28,  2.52it/s, loss=0.0697]
Ep  13 [train]:  51%|█████     | 74/145 [00:30<00:28,  2.52it/s, loss=0.0817]
Ep  13 [train]:  52%|█████▏    | 75/145 [00:30<00:22,  3.16it/s, loss=0.0817]
Ep  13 [train]:  52%|█████▏    | 75/145 [00:30<00:22,  3.16it/s, loss=0.0719]
Ep  13 [train]:  52%|█████▏    | 76/145 [00:30<00:27,  2.48it/s, loss=0.0719]
Ep  13 [train]:  52%|█████▏    | 76/145 [00:30<00:27,  2.48it/s, loss=0.0745]
Ep  13 [train]:  53%|█████▎    | 77/145 [00:30<00:21,  3.13it/s, loss=0.0745]
Ep  13 [train]:  53%|█████▎    | 77/145 [00:31<00:21,  3.13it/s, loss=0.0761]
Ep  13 [train]:  54%|█████▍    | 78/145 [00:31<00:25,  2.58it/s, loss=0.0761]
Ep  13 [train]:  54%|█████▍    | 78/145 [00:31<00:25,  2.58it/s, loss=0.0786]
Ep  13 [train]:  54%|█████▍    | 79/145 [00:31<00:20,  3.27it/s, loss=0.0786]
Ep  13 [train]:  54%|█████▍    | 79/145 [00:32<00:20,  3.27it/s, loss=0.0760]
Ep  13 [train]:  55%|█████▌    | 80/145 [00:32<00:25,  2.58it/s, loss=0.0760]
Ep  13 [train]:  55%|█████▌    | 80/145 [00:32<00:25,  2.58it/s, loss=0.0823]
Ep  13 [train]:  56%|█████▌    | 81/145 [00:32<00:19,  3.30it/s, loss=0.0823]
Ep  13 [train]:  56%|█████▌    | 81/145 [00:32<00:19,  3.30it/s, loss=0.0735]
Ep  13 [train]:  57%|█████▋    | 82/145 [00:32<00:24,  2.62it/s, loss=0.0735]
Ep  13 [train]:  57%|█████▋    | 82/145 [00:32<00:24,  2.62it/s, loss=0.0781]
Ep  13 [train]:  57%|█████▋    | 83/145 [00:32<00:18,  3.30it/s, loss=0.0781]
Ep  13 [train]:  57%|█████▋    | 83/145 [00:33<00:18,  3.30it/s, loss=0.0767]
Ep  13 [train]:  58%|█████▊    | 84/145 [00:33<00:23,  2.60it/s, loss=0.0767]
Ep  13 [train]:  58%|█████▊    | 84/145 [00:33<00:23,  2.60it/s, loss=0.0685]
Ep  13 [train]:  59%|█████▊    | 85/145 [00:33<00:18,  3.20it/s, loss=0.0685]
Ep  13 [train]:  59%|█████▊    | 85/145 [00:34<00:18,  3.20it/s, loss=0.0826]
Ep  13 [train]:  59%|█████▉    | 86/145 [00:34<00:22,  2.57it/s, loss=0.0826]
Ep  13 [train]:  59%|█████▉    | 86/145 [00:34<00:22,  2.57it/s, loss=0.0703]
Ep  13 [train]:  60%|██████    | 87/145 [00:34<00:18,  3.08it/s, loss=0.0703]
Ep  13 [train]:  60%|██████    | 87/145 [00:34<00:18,  3.08it/s, loss=0.0916]
Ep  13 [train]:  61%|██████    | 88/145 [00:34<00:23,  2.38it/s, loss=0.0916]
Ep  13 [train]:  61%|██████    | 88/145 [00:35<00:23,  2.38it/s, loss=0.0905]
Ep  13 [train]:  61%|██████▏   | 89/145 [00:35<00:18,  3.00it/s, loss=0.0905]
Ep  13 [train]:  61%|██████▏   | 89/145 [00:35<00:18,  3.00it/s, loss=0.0685]
Ep  13 [train]:  62%|██████▏   | 90/145 [00:35<00:24,  2.26it/s, loss=0.0685]
Ep  13 [train]:  62%|██████▏   | 90/145 [00:35<00:24,  2.26it/s, loss=0.0810]
Ep  13 [train]:  63%|██████▎   | 91/145 [00:35<00:18,  2.86it/s, loss=0.0810]
Ep  13 [train]:  63%|██████▎   | 91/145 [00:36<00:18,  2.86it/s, loss=0.0720]
Ep  13 [train]:  63%|██████▎   | 92/145 [00:36<00:24,  2.18it/s, loss=0.0720]
Ep  13 [train]:  63%|██████▎   | 92/145 [00:36<00:24,  2.18it/s, loss=0.0787]
Ep  13 [train]:  64%|██████▍   | 93/145 [00:36<00:18,  2.78it/s, loss=0.0787]
Ep  13 [train]:  64%|██████▍   | 93/145 [00:37<00:18,  2.78it/s, loss=0.0754]
Ep  13 [train]:  65%|██████▍   | 94/145 [00:37<00:22,  2.23it/s, loss=0.0754]
Ep  13 [train]:  65%|██████▍   | 94/145 [00:37<00:22,  2.23it/s, loss=0.0733]
Ep  13 [train]:  66%|██████▌   | 95/145 [00:37<00:18,  2.76it/s, loss=0.0733]
Ep  13 [train]:  66%|██████▌   | 95/145 [00:38<00:18,  2.76it/s, loss=0.0762]
Ep  13 [train]:  66%|██████▌   | 96/145 [00:38<00:21,  2.27it/s, loss=0.0762]
Ep  13 [train]:  66%|██████▌   | 96/145 [00:38<00:21,  2.27it/s, loss=0.0745]
Ep  13 [train]:  67%|██████▋   | 97/145 [00:38<00:16,  2.85it/s, loss=0.0745]
Ep  13 [train]:  67%|██████▋   | 97/145 [00:38<00:16,  2.85it/s, loss=0.0733]
Ep  13 [train]:  68%|██████▊   | 98/145 [00:38<00:20,  2.24it/s, loss=0.0733]
Ep  13 [train]:  68%|██████▊   | 98/145 [00:39<00:20,  2.24it/s, loss=0.0746]
Ep  13 [train]:  68%|██████▊   | 99/145 [00:39<00:16,  2.87it/s, loss=0.0746]
Ep  13 [train]:  68%|██████▊   | 99/145 [00:39<00:16,  2.87it/s, loss=0.0734]
Ep  13 [train]:  69%|██████▉   | 100/145 [00:39<00:19,  2.30it/s, loss=0.0734]
Ep  13 [train]:  69%|██████▉   | 100/145 [00:39<00:19,  2.30it/s, loss=0.0786]
Ep  13 [train]:  70%|██████▉   | 101/145 [00:39<00:15,  2.91it/s, loss=0.0786]
Ep  13 [train]:  70%|██████▉   | 101/145 [00:40<00:15,  2.91it/s, loss=0.0714]
Ep  13 [train]:  70%|███████   | 102/145 [00:40<00:18,  2.27it/s, loss=0.0714]
Ep  13 [train]:  70%|███████   | 102/145 [00:40<00:18,  2.27it/s, loss=0.0758]
Ep  13 [train]:  71%|███████   | 103/145 [00:40<00:14,  2.92it/s, loss=0.0758]
Ep  13 [train]:  71%|███████   | 103/145 [00:41<00:14,  2.92it/s, loss=0.0795]
Ep  13 [train]:  72%|███████▏  | 104/145 [00:41<00:18,  2.23it/s, loss=0.0795]
Ep  13 [train]:  72%|███████▏  | 104/145 [00:41<00:18,  2.23it/s, loss=0.0724]
Ep  13 [train]:  72%|███████▏  | 105/145 [00:41<00:14,  2.77it/s, loss=0.0724]
Ep  13 [train]:  72%|███████▏  | 105/145 [00:42<00:14,  2.77it/s, loss=0.0688]
Ep  13 [train]:  73%|███████▎  | 106/145 [00:42<00:17,  2.27it/s, loss=0.0688]
Ep  13 [train]:  73%|███████▎  | 106/145 [00:42<00:17,  2.27it/s, loss=0.0862]
Ep  13 [train]:  74%|███████▍  | 107/145 [00:42<00:13,  2.84it/s, loss=0.0862]
Ep  13 [train]:  74%|███████▍  | 107/145 [00:42<00:13,  2.84it/s, loss=0.0718]
Ep  13 [train]:  74%|███████▍  | 108/145 [00:42<00:16,  2.28it/s, loss=0.0718]
Ep  13 [train]:  74%|███████▍  | 108/145 [00:43<00:16,  2.28it/s, loss=0.0750]
Ep  13 [train]:  75%|███████▌  | 109/145 [00:43<00:12,  2.87it/s, loss=0.0750]
Ep  13 [train]:  75%|███████▌  | 109/145 [00:43<00:12,  2.87it/s, loss=0.0790]
Ep  13 [train]:  76%|███████▌  | 110/145 [00:43<00:15,  2.26it/s, loss=0.0790]
Ep  13 [train]:  76%|███████▌  | 110/145 [00:43<00:15,  2.26it/s, loss=0.0748]
Ep  13 [train]:  77%|███████▋  | 111/145 [00:43<00:11,  2.90it/s, loss=0.0748]
Ep  13 [train]:  77%|███████▋  | 111/145 [00:44<00:11,  2.90it/s, loss=0.0714]
Ep  13 [train]:  77%|███████▋  | 112/145 [00:44<00:14,  2.28it/s, loss=0.0714]
Ep  13 [train]:  77%|███████▋  | 112/145 [00:44<00:14,  2.28it/s, loss=0.0747]
Ep  13 [train]:  78%|███████▊  | 113/145 [00:44<00:10,  2.93it/s, loss=0.0747]
Ep  13 [train]:  78%|███████▊  | 113/145 [00:45<00:10,  2.93it/s, loss=0.0781]
Ep  13 [train]:  79%|███████▊  | 114/145 [00:45<00:13,  2.24it/s, loss=0.0781]
Ep  13 [train]:  79%|███████▊  | 114/145 [00:45<00:13,  2.24it/s, loss=0.0709]
Ep  13 [train]:  79%|███████▉  | 115/145 [00:45<00:10,  2.76it/s, loss=0.0709]
Ep  13 [train]:  79%|███████▉  | 115/145 [00:46<00:10,  2.76it/s, loss=0.0738]
Ep  13 [train]:  80%|████████  | 116/145 [00:46<00:13,  2.23it/s, loss=0.0738]
Ep  13 [train]:  80%|████████  | 116/145 [00:46<00:13,  2.23it/s, loss=0.0734]
Ep  13 [train]:  81%|████████  | 117/145 [00:46<00:10,  2.78it/s, loss=0.0734]
Ep  13 [train]:  81%|████████  | 117/145 [00:46<00:10,  2.78it/s, loss=0.0735]
Ep  13 [train]:  81%|████████▏ | 118/145 [00:46<00:11,  2.27it/s, loss=0.0735]
Ep  13 [train]:  81%|████████▏ | 118/145 [00:47<00:11,  2.27it/s, loss=0.0876]
Ep  13 [train]:  82%|████████▏ | 119/145 [00:47<00:09,  2.86it/s, loss=0.0876]
Ep  13 [train]:  82%|████████▏ | 119/145 [00:47<00:09,  2.86it/s, loss=0.0713]
Ep  13 [train]:  83%|████████▎ | 120/145 [00:47<00:11,  2.17it/s, loss=0.0713]
Ep  13 [train]:  83%|████████▎ | 120/145 [00:47<00:11,  2.17it/s, loss=0.0770]
Ep  13 [train]:  83%|████████▎ | 121/145 [00:47<00:08,  2.68it/s, loss=0.0770]
Ep  13 [train]:  83%|████████▎ | 121/145 [00:48<00:08,  2.68it/s, loss=0.0699]
Ep  13 [train]:  84%|████████▍ | 122/145 [00:48<00:10,  2.13it/s, loss=0.0699]
Ep  13 [train]:  84%|████████▍ | 122/145 [00:48<00:10,  2.13it/s, loss=0.0747]
Ep  13 [train]:  85%|████████▍ | 123/145 [00:48<00:08,  2.68it/s, loss=0.0747]
Ep  13 [train]:  85%|████████▍ | 123/145 [00:49<00:08,  2.68it/s, loss=0.0783]
Ep  13 [train]:  86%|████████▌ | 124/145 [00:49<00:09,  2.22it/s, loss=0.0783]
Ep  13 [train]:  86%|████████▌ | 124/145 [00:49<00:09,  2.22it/s, loss=0.0890]
Ep  13 [train]:  86%|████████▌ | 125/145 [00:49<00:07,  2.77it/s, loss=0.0890]
Ep  13 [train]:  86%|████████▌ | 125/145 [00:50<00:07,  2.77it/s, loss=0.0757]
Ep  13 [train]:  87%|████████▋ | 126/145 [00:50<00:09,  2.07it/s, loss=0.0757]
Ep  13 [train]:  87%|████████▋ | 126/145 [00:50<00:09,  2.07it/s, loss=0.0758]
Ep  13 [train]:  88%|████████▊ | 127/145 [00:50<00:07,  2.54it/s, loss=0.0758]
Ep  13 [train]:  88%|████████▊ | 127/145 [00:51<00:07,  2.54it/s, loss=0.0881]
Ep  13 [train]:  88%|████████▊ | 128/145 [00:51<00:08,  2.01it/s, loss=0.0881]
Ep  13 [train]:  88%|████████▊ | 128/145 [00:51<00:08,  2.01it/s, loss=0.0810]
Ep  13 [train]:  89%|████████▉ | 129/145 [00:51<00:06,  2.56it/s, loss=0.0810]
Ep  13 [train]:  89%|████████▉ | 129/145 [00:52<00:06,  2.56it/s, loss=0.0721]
Ep  13 [train]:  90%|████████▉ | 130/145 [00:52<00:07,  1.98it/s, loss=0.0721]
Ep  13 [train]:  90%|████████▉ | 130/145 [00:52<00:07,  1.98it/s, loss=0.0739]
Ep  13 [train]:  90%|█████████ | 131/145 [00:52<00:05,  2.53it/s, loss=0.0739]
Ep  13 [train]:  90%|█████████ | 131/145 [00:53<00:05,  2.53it/s, loss=0.0765]
Ep  13 [train]:  91%|█████████ | 132/145 [00:53<00:06,  1.87it/s, loss=0.0765]
Ep  13 [train]:  91%|█████████ | 132/145 [00:53<00:06,  1.87it/s, loss=0.0787]
Ep  13 [train]:  92%|█████████▏| 133/145 [00:53<00:04,  2.41it/s, loss=0.0787]
Ep  13 [train]:  92%|█████████▏| 133/145 [00:54<00:04,  2.41it/s, loss=0.0728]
Ep  13 [train]:  92%|█████████▏| 134/145 [00:54<00:06,  1.83it/s, loss=0.0728]
Ep  13 [train]:  92%|█████████▏| 134/145 [00:54<00:06,  1.83it/s, loss=0.0731]
Ep  13 [train]:  93%|█████████▎| 135/145 [00:54<00:04,  2.33it/s, loss=0.0731]
Ep  13 [train]:  93%|█████████▎| 135/145 [00:55<00:04,  2.33it/s, loss=0.0748]
Ep  13 [train]:  94%|█████████▍| 136/145 [00:55<00:04,  1.89it/s, loss=0.0748]
Ep  13 [train]:  94%|█████████▍| 136/145 [00:55<00:04,  1.89it/s, loss=0.0759]
Ep  13 [train]:  94%|█████████▍| 137/145 [00:55<00:03,  2.45it/s, loss=0.0759]
Ep  13 [train]:  94%|█████████▍| 137/145 [00:55<00:03,  2.45it/s, loss=0.0854]
Ep  13 [train]:  95%|█████████▌| 138/145 [00:55<00:03,  2.00it/s, loss=0.0854]
Ep  13 [train]:  95%|█████████▌| 138/145 [00:56<00:03,  2.00it/s, loss=0.0790]
Ep  13 [train]:  96%|█████████▌| 139/145 [00:56<00:02,  2.55it/s, loss=0.0790]
Ep  13 [train]:  96%|█████████▌| 139/145 [00:56<00:02,  2.55it/s, loss=0.0777]
Ep  13 [train]:  97%|█████████▋| 140/145 [00:56<00:02,  2.05it/s, loss=0.0777]
Ep  13 [train]:  97%|█████████▋| 140/145 [00:56<00:02,  2.05it/s, loss=0.0807]
Ep  13 [train]:  97%|█████████▋| 141/145 [00:56<00:01,  2.60it/s, loss=0.0807]
Ep  13 [train]:  97%|█████████▋| 141/145 [00:57<00:01,  2.60it/s, loss=0.0715]
Ep  13 [train]:  98%|█████████▊| 142/145 [00:57<00:01,  2.02it/s, loss=0.0715]
Ep  13 [train]:  98%|█████████▊| 142/145 [00:57<00:01,  2.02it/s, loss=0.0858]
Ep  13 [train]:  99%|█████████▊| 143/145 [00:57<00:00,  2.57it/s, loss=0.0858]
Ep  13 [train]:  99%|█████████▊| 143/145 [00:58<00:00,  2.57it/s, loss=0.0737]
Ep  13 [train]:  99%|█████████▉| 144/145 [00:58<00:00,  2.05it/s, loss=0.0737]
Ep  13 [train]:  99%|█████████▉| 144/145 [00:58<00:00,  2.05it/s, loss=0.0725]
Ep  13 [train]: 100%|██████████| 145/145 [00:58<00:00,  2.58it/s, loss=0.0725]
                                                                              
  Ep  13 [train]  loss=0.0765  rmse_c=0.2398  mae_c=0.2165  r2_c=0.018  rmse_h=0.3093  mae_h=0.2304  r2_h=0.454  sup=0.321

Ep  13 [val  ]:   0%|          | 0/39 [00:00<?, ?it/s]
Ep  13 [val  ]:   0%|          | 0/39 [00:00<?, ?it/s, loss=0.0966]
Ep  13 [val  ]:   3%|▎         | 1/39 [00:01<00:38,  1.00s/it, loss=0.0966]
Ep  13 [val  ]:   3%|▎         | 1/39 [00:01<00:38,  1.00s/it, loss=0.0927]
Ep  13 [val  ]:   3%|▎         | 1/39 [00:01<00:38,  1.00s/it, loss=0.0771]
Ep  13 [val  ]:   8%|▊         | 3/39 [00:01<00:20,  1.72it/s, loss=0.0771]
Ep  13 [val  ]:   8%|▊         | 3/39 [00:01<00:20,  1.72it/s, loss=0.0718]
Ep  13 [val  ]:   8%|▊         | 3/39 [00:02<00:20,  1.72it/s, loss=0.0748]
Ep  13 [val  ]:  13%|█▎        | 5/39 [00:02<00:17,  1.95it/s, loss=0.0748]
Ep  13 [val  ]:  13%|█▎        | 5/39 [00:02<00:17,  1.95it/s, loss=0.0790]
Ep  13 [val  ]:  13%|█▎        | 5/39 [00:03<00:17,  1.95it/s, loss=0.0736]
Ep  13 [val  ]:  18%|█▊        | 7/39 [00:03<00:15,  2.11it/s, loss=0.0736]
Ep  13 [val  ]:  18%|█▊        | 7/39 [00:03<00:15,  2.11it/s, loss=0.0714]
Ep  13 [val  ]:  18%|█▊        | 7/39 [00:04<00:15,  2.11it/s, loss=0.0714]
Ep  13 [val  ]:  23%|██▎       | 9/39 [00:04<00:14,  2.14it/s, loss=0.0714]
Ep  13 [val  ]:  23%|██▎       | 9/39 [00:04<00:14,  2.14it/s, loss=0.0695]
Ep  13 [val  ]:  23%|██▎       | 9/39 [00:05<00:14,  2.14it/s, loss=0.0713]
Ep  13 [val  ]:  28%|██▊       | 11/39 [00:05<00:12,  2.18it/s, loss=0.0713]
Ep  13 [val  ]:  28%|██▊       | 11/39 [00:05<00:12,  2.18it/s, loss=0.0741]
Ep  13 [val  ]:  28%|██▊       | 11/39 [00:06<00:12,  2.18it/s, loss=0.0758]
Ep  13 [val  ]:  33%|███▎      | 13/39 [00:06<00:11,  2.26it/s, loss=0.0758]
Ep  13 [val  ]:  33%|███▎      | 13/39 [00:06<00:11,  2.26it/s, loss=0.0868]
Ep  13 [val  ]:  33%|███▎      | 13/39 [00:07<00:11,  2.26it/s, loss=0.0987]
Ep  13 [val  ]:  38%|███▊      | 15/39 [00:07<00:10,  2.21it/s, loss=0.0987]
Ep  13 [val  ]:  38%|███▊      | 15/39 [00:07<00:10,  2.21it/s, loss=0.0969]
Ep  13 [val  ]:  38%|███▊      | 15/39 [00:07<00:10,  2.21it/s, loss=0.0980]
Ep  13 [val  ]:  44%|████▎     | 17/39 [00:07<00:09,  2.32it/s, loss=0.0980]
Ep  13 [val  ]:  44%|████▎     | 17/39 [00:07<00:09,  2.32it/s, loss=0.0889]
Ep  13 [val  ]:  44%|████▎     | 17/39 [00:08<00:09,  2.32it/s, loss=0.0818]
Ep  13 [val  ]:  49%|████▊     | 19/39 [00:08<00:08,  2.33it/s, loss=0.0818]
Ep  13 [val  ]:  49%|████▊     | 19/39 [00:08<00:08,  2.33it/s, loss=0.0656]
Ep  13 [val  ]:  49%|████▊     | 19/39 [00:09<00:08,  2.33it/s, loss=0.0583]
Ep  13 [val  ]:  54%|█████▍    | 21/39 [00:09<00:07,  2.34it/s, loss=0.0583]
Ep  13 [val  ]:  54%|█████▍    | 21/39 [00:09<00:07,  2.34it/s, loss=0.0659]
Ep  13 [val  ]:  54%|█████▍    | 21/39 [00:10<00:07,  2.34it/s, loss=0.0612]
Ep  13 [val  ]:  59%|█████▉    | 23/39 [00:10<00:06,  2.38it/s, loss=0.0612]
Ep  13 [val  ]:  59%|█████▉    | 23/39 [00:10<00:06,  2.38it/s, loss=0.0631]
Ep  13 [val  ]:  59%|█████▉    | 23/39 [00:11<00:06,  2.38it/s, loss=0.0641]
Ep  13 [val  ]:  64%|██████▍   | 25/39 [00:11<00:05,  2.38it/s, loss=0.0641]
Ep  13 [val  ]:  64%|██████▍   | 25/39 [00:11<00:05,  2.38it/s, loss=0.0714]
Ep  13 [val  ]:  67%|██████▋   | 26/39 [00:11<00:04,  2.73it/s, loss=0.0714]
Ep  13 [val  ]:  67%|██████▋   | 26/39 [00:12<00:04,  2.73it/s, loss=0.0791]
Ep  13 [val  ]:  69%|██████▉   | 27/39 [00:12<00:05,  2.29it/s, loss=0.0791]
Ep  13 [val  ]:  69%|██████▉   | 27/39 [00:12<00:05,  2.29it/s, loss=0.1207]
Ep  13 [val  ]:  72%|███████▏  | 28/39 [00:12<00:04,  2.68it/s, loss=0.1207]
Ep  13 [val  ]:  72%|███████▏  | 28/39 [00:13<00:04,  2.68it/s, loss=0.0923]
Ep  13 [val  ]:  74%|███████▍  | 29/39 [00:13<00:04,  2.16it/s, loss=0.0923]
Ep  13 [val  ]:  74%|███████▍  | 29/39 [00:13<00:04,  2.16it/s, loss=0.0833]
Ep  13 [val  ]:  77%|███████▋  | 30/39 [00:13<00:03,  2.58it/s, loss=0.0833]
Ep  13 [val  ]:  77%|███████▋  | 30/39 [00:13<00:03,  2.58it/s, loss=0.0770]
Ep  13 [val  ]:  79%|███████▉  | 31/39 [00:13<00:03,  2.09it/s, loss=0.0770]
Ep  13 [val  ]:  79%|███████▉  | 31/39 [00:14<00:03,  2.09it/s, loss=0.0754]
Ep  13 [val  ]:  82%|████████▏ | 32/39 [00:14<00:02,  2.49it/s, loss=0.0754]
Ep  13 [val  ]:  82%|████████▏ | 32/39 [00:14<00:02,  2.49it/s, loss=0.0716]
Ep  13 [val  ]:  85%|████████▍ | 33/39 [00:14<00:02,  2.08it/s, loss=0.0716]
Ep  13 [val  ]:  85%|████████▍ | 33/39 [00:14<00:02,  2.08it/s, loss=0.0734]
Ep  13 [val  ]:  87%|████████▋ | 34/39 [00:14<00:01,  2.53it/s, loss=0.0734]
Ep  13 [val  ]:  87%|████████▋ | 34/39 [00:15<00:01,  2.53it/s, loss=0.0780]
Ep  13 [val  ]:  90%|████████▉ | 35/39 [00:15<00:01,  2.06it/s, loss=0.0780]
Ep  13 [val  ]:  90%|████████▉ | 35/39 [00:15<00:01,  2.06it/s, loss=0.0738]
Ep  13 [val  ]:  92%|█████████▏| 36/39 [00:15<00:01,  2.66it/s, loss=0.0738]
Ep  13 [val  ]:  92%|█████████▏| 36/39 [00:16<00:01,  2.66it/s, loss=0.0702]
Ep  13 [val  ]:  95%|█████████▍| 37/39 [00:16<00:00,  2.11it/s, loss=0.0702]
Ep  13 [val  ]:  95%|█████████▍| 37/39 [00:16<00:00,  2.11it/s, loss=0.0615]
Ep  13 [val  ]:  97%|█████████▋| 38/39 [00:16<00:00,  2.72it/s, loss=0.0615]
Ep  13 [val  ]:  97%|█████████▋| 38/39 [00:16<00:00,  2.72it/s, loss=0.0747]
                                                                            
  Ep  13 [val  ]  loss=0.0777  rmse_c=0.2437  mae_c=0.2186  r2_c=0.024  rmse_h=0.3080  mae_h=0.2253  r2_h=0.409  sup=0.308
  [new best] combined_val_rmse=0.2759

Ep  14 [train]:   0%|          | 0/145 [00:00<?, ?it/s]
Ep  14 [train]:   0%|          | 0/145 [00:01<?, ?it/s, loss=0.0800]
Ep  14 [train]:   1%|          | 1/145 [00:01<02:32,  1.06s/it, loss=0.0800]
Ep  14 [train]:   1%|          | 1/145 [00:01<02:32,  1.06s/it, loss=0.0783]
Ep  14 [train]:   1%|▏         | 2/145 [00:01<01:14,  1.92it/s, loss=0.0783]
Ep  14 [train]:   1%|▏         | 2/145 [00:01<01:14,  1.92it/s, loss=0.0836]
Ep  14 [train]:   2%|▏         | 3/145 [00:01<01:23,  1.70it/s, loss=0.0836]
Ep  14 [train]:   2%|▏         | 3/145 [00:02<01:23,  1.70it/s, loss=0.0841]
Ep  14 [train]:   3%|▎         | 4/145 [00:02<00:59,  2.37it/s, loss=0.0841]
Ep  14 [train]:   3%|▎         | 4/145 [00:02<00:59,  2.37it/s, loss=0.0812]
Ep  14 [train]:   3%|▎         | 5/145 [00:02<01:08,  2.04it/s, loss=0.0812]
Ep  14 [train]:   3%|▎         | 5/145 [00:02<01:08,  2.04it/s, loss=0.0749]
Ep  14 [train]:   4%|▍         | 6/145 [00:02<00:51,  2.68it/s, loss=0.0749]
Ep  14 [train]:   4%|▍         | 6/145 [00:03<00:51,  2.68it/s, loss=0.0771]
Ep  14 [train]:   5%|▍         | 7/145 [00:03<01:03,  2.18it/s, loss=0.0771]
Ep  14 [train]:   5%|▍         | 7/145 [00:03<01:03,  2.18it/s, loss=0.0737]
Ep  14 [train]:   6%|▌         | 8/145 [00:03<00:49,  2.77it/s, loss=0.0737]
Ep  14 [train]:   6%|▌         | 8/145 [00:04<00:49,  2.77it/s, loss=0.0770]
Ep  14 [train]:   6%|▌         | 9/145 [00:04<00:54,  2.48it/s, loss=0.0770]
Ep  14 [train]:   6%|▌         | 9/145 [00:04<00:54,  2.48it/s, loss=0.0815]
Ep  14 [train]:   7%|▋         | 10/145 [00:04<00:43,  3.09it/s, loss=0.0815]
Ep  14 [train]:   7%|▋         | 10/145 [00:04<00:43,  3.09it/s, loss=0.0836]
Ep  14 [train]:   8%|▊         | 11/145 [00:04<00:54,  2.46it/s, loss=0.0836]
Ep  14 [train]:   8%|▊         | 11/145 [00:04<00:54,  2.46it/s, loss=0.0790]
Ep  14 [train]:   8%|▊         | 12/145 [00:04<00:42,  3.11it/s, loss=0.0790]
Ep  14 [train]:   8%|▊         | 12/145 [00:05<00:42,  3.11it/s, loss=0.0680]
Ep  14 [train]:   9%|▉         | 13/145 [00:05<00:55,  2.36it/s, loss=0.0680]
Ep  14 [train]:   9%|▉         | 13/145 [00:05<00:55,  2.36it/s, loss=0.0735]
Ep  14 [train]:  10%|▉         | 14/145 [00:05<00:44,  2.95it/s, loss=0.0735]
Ep  14 [train]:  10%|▉         | 14/145 [00:06<00:44,  2.95it/s, loss=0.0777]
Ep  14 [train]:  10%|█         | 15/145 [00:06<00:55,  2.34it/s, loss=0.0777]
Ep  14 [train]:  10%|█         | 15/145 [00:06<00:55,  2.34it/s, loss=0.0754]
Ep  14 [train]:  11%|█         | 16/145 [00:06<00:43,  2.98it/s, loss=0.0754]
Ep  14 [train]:  11%|█         | 16/145 [00:07<00:43,  2.98it/s, loss=0.0709]
Ep  14 [train]:  12%|█▏        | 17/145 [00:07<00:54,  2.33it/s, loss=0.0709]
Ep  14 [train]:  12%|█▏        | 17/145 [00:07<00:54,  2.33it/s, loss=0.0990]
Ep  14 [train]:  12%|█▏        | 18/145 [00:07<00:42,  3.00it/s, loss=0.0990]
Ep  14 [train]:  12%|█▏        | 18/145 [00:07<00:42,  3.00it/s, loss=0.0764]
Ep  14 [train]:  13%|█▎        | 19/145 [00:07<00:53,  2.34it/s, loss=0.0764]
Ep  14 [train]:  13%|█▎        | 19/145 [00:08<00:53,  2.34it/s, loss=0.0735]
Ep  14 [train]:  14%|█▍        | 20/145 [00:08<00:41,  2.99it/s, loss=0.0735]
Ep  14 [train]:  14%|█▍        | 20/145 [00:08<00:41,  2.99it/s, loss=0.0790]
Ep  14 [train]:  14%|█▍        | 21/145 [00:08<00:54,  2.29it/s, loss=0.0790]
Ep  14 [train]:  14%|█▍        | 21/145 [00:08<00:54,  2.29it/s, loss=0.0754]
Ep  14 [train]:  15%|█▌        | 22/145 [00:08<00:42,  2.91it/s, loss=0.0754]
Ep  14 [train]:  15%|█▌        | 22/145 [00:09<00:42,  2.91it/s, loss=0.0698]
Ep  14 [train]:  16%|█▌        | 23/145 [00:09<00:51,  2.37it/s, loss=0.0698]
Ep  14 [train]:  16%|█▌        | 23/145 [00:09<00:51,  2.37it/s, loss=0.0795]
Ep  14 [train]:  17%|█▋        | 24/145 [00:09<00:40,  2.95it/s, loss=0.0795]
Ep  14 [train]:  17%|█▋        | 24/145 [00:10<00:40,  2.95it/s, loss=0.0775]
Ep  14 [train]:  17%|█▋        | 25/145 [00:10<00:50,  2.35it/s, loss=0.0775]
Ep  14 [train]:  17%|█▋        | 25/145 [00:10<00:50,  2.35it/s, loss=0.0714]
Ep  14 [train]:  18%|█▊        | 26/145 [00:10<00:40,  2.96it/s, loss=0.0714]
Ep  14 [train]:  18%|█▊        | 26/145 [00:10<00:40,  2.96it/s, loss=0.0779]
Ep  14 [train]:  19%|█▊        | 27/145 [00:10<00:48,  2.45it/s, loss=0.0779]
Ep  14 [train]:  19%|█▊        | 27/145 [00:11<00:48,  2.45it/s, loss=0.0870]
Ep  14 [train]:  19%|█▉        | 28/145 [00:11<00:40,  2.88it/s, loss=0.0870]
Ep  14 [train]:  19%|█▉        | 28/145 [00:11<00:40,  2.88it/s, loss=0.0682]
Ep  14 [train]:  20%|██        | 29/145 [00:11<00:45,  2.55it/s, loss=0.0682]
Ep  14 [train]:  20%|██        | 29/145 [00:11<00:45,  2.55it/s, loss=0.0785]
Ep  14 [train]:  21%|██        | 30/145 [00:11<00:44,  2.56it/s, loss=0.0785]
Ep  14 [train]:  21%|██        | 30/145 [00:12<00:44,  2.56it/s, loss=0.0773]
Ep  14 [train]:  21%|██▏       | 31/145 [00:12<00:42,  2.67it/s, loss=0.0773]
Ep  14 [train]:  21%|██▏       | 31/145 [00:12<00:42,  2.67it/s, loss=0.0814]
Ep  14 [train]:  22%|██▏       | 32/145 [00:12<00:49,  2.28it/s, loss=0.0814]
Ep  14 [train]:  22%|██▏       | 32/145 [00:13<00:49,  2.28it/s, loss=0.0753]
Ep  14 [train]:  23%|██▎       | 33/145 [00:13<00:40,  2.80it/s, loss=0.0753]
Ep  14 [train]:  23%|██▎       | 33/145 [00:13<00:40,  2.80it/s, loss=0.0701]
Ep  14 [train]:  23%|██▎       | 34/145 [00:13<00:52,  2.13it/s, loss=0.0701]
Ep  14 [train]:  23%|██▎       | 34/145 [00:13<00:52,  2.13it/s, loss=0.0654]
Ep  14 [train]:  24%|██▍       | 35/145 [00:13<00:41,  2.65it/s, loss=0.0654]
Ep  14 [train]:  24%|██▍       | 35/145 [00:14<00:41,  2.65it/s, loss=0.0748]
Ep  14 [train]:  25%|██▍       | 36/145 [00:14<00:58,  1.85it/s, loss=0.0748]
Ep  14 [train]:  25%|██▍       | 36/145 [00:15<00:58,  1.85it/s, loss=0.0786]
Ep  14 [train]:  26%|██▌       | 37/145 [00:15<00:46,  2.31it/s, loss=0.0786]
Ep  14 [train]:  26%|██▌       | 37/145 [00:15<00:46,  2.31it/s, loss=0.0740]
Ep  14 [train]:  26%|██▌       | 38/145 [00:15<00:53,  1.99it/s, loss=0.0740]
Ep  14 [train]:  26%|██▌       | 38/145 [00:15<00:53,  1.99it/s, loss=0.0855]
Ep  14 [train]:  27%|██▋       | 39/145 [00:15<00:41,  2.56it/s, loss=0.0855]
Ep  14 [train]:  27%|██▋       | 39/145 [00:16<00:41,  2.56it/s, loss=0.0742]
Ep  14 [train]:  28%|██▊       | 40/145 [00:16<00:54,  1.92it/s, loss=0.0742]
Ep  14 [train]:  28%|██▊       | 40/145 [00:16<00:54,  1.92it/s, loss=0.0756]
Ep  14 [train]:  28%|██▊       | 41/145 [00:16<00:43,  2.41it/s, loss=0.0756]
Ep  14 [train]:  28%|██▊       | 41/145 [00:17<00:43,  2.41it/s, loss=0.0765]
Ep  14 [train]:  29%|██▉       | 42/145 [00:17<00:57,  1.79it/s, loss=0.0765]
Ep  14 [train]:  29%|██▉       | 42/145 [00:17<00:57,  1.79it/s, loss=0.0712]
Ep  14 [train]:  30%|██▉       | 43/145 [00:17<00:43,  2.32it/s, loss=0.0712]
Ep  14 [train]:  30%|██▉       | 43/145 [00:18<00:43,  2.32it/s, loss=0.0790]
Ep  14 [train]:  30%|███       | 44/145 [00:18<00:57,  1.76it/s, loss=0.0790]
Ep  14 [train]:  30%|███       | 44/145 [00:18<00:57,  1.76it/s, loss=0.0703]
Ep  14 [train]:  31%|███       | 45/145 [00:18<00:44,  2.24it/s, loss=0.0703]
Ep  14 [train]:  31%|███       | 45/145 [00:19<00:44,  2.24it/s, loss=0.0823]
Ep  14 [train]:  32%|███▏      | 46/145 [00:19<00:55,  1.79it/s, loss=0.0823]
Ep  14 [train]:  32%|███▏      | 46/145 [00:19<00:55,  1.79it/s, loss=0.0726]
Ep  14 [train]:  32%|███▏      | 47/145 [00:19<00:43,  2.26it/s, loss=0.0726]
Ep  14 [train]:  32%|███▏      | 47/145 [00:20<00:43,  2.26it/s, loss=0.0728]
Ep  14 [train]:  33%|███▎      | 48/145 [00:20<00:54,  1.77it/s, loss=0.0728]
Ep  14 [train]:  33%|███▎      | 48/145 [00:20<00:54,  1.77it/s, loss=0.0715]
Ep  14 [train]:  34%|███▍      | 49/145 [00:20<00:41,  2.31it/s, loss=0.0715]
Ep  14 [train]:  34%|███▍      | 49/145 [00:21<00:41,  2.31it/s, loss=0.0789]
Ep  14 [train]:  34%|███▍      | 50/145 [00:21<00:48,  1.95it/s, loss=0.0789]
Ep  14 [train]:  34%|███▍      | 50/145 [00:21<00:48,  1.95it/s, loss=0.0829]
Ep  14 [train]:  35%|███▌      | 51/145 [00:21<00:37,  2.50it/s, loss=0.0829]
Ep  14 [train]:  35%|███▌      | 51/145 [00:22<00:37,  2.50it/s, loss=0.0756]
Ep  14 [train]:  36%|███▌      | 52/145 [00:22<00:46,  2.02it/s, loss=0.0756]
Ep  14 [train]:  36%|███▌      | 52/145 [00:22<00:46,  2.02it/s, loss=0.0674]
Ep  14 [train]:  37%|███▋      | 53/145 [00:22<00:35,  2.58it/s, loss=0.0674]
Ep  14 [train]:  37%|███▋      | 53/145 [00:23<00:35,  2.58it/s, loss=0.0769]
Ep  14 [train]:  37%|███▋      | 54/145 [00:23<00:50,  1.81it/s, loss=0.0769]
Ep  14 [train]:  37%|███▋      | 54/145 [00:23<00:50,  1.81it/s, loss=0.0704]
Ep  14 [train]:  38%|███▊      | 55/145 [00:23<00:38,  2.35it/s, loss=0.0704]
Ep  14 [train]:  38%|███▊      | 55/145 [00:24<00:38,  2.35it/s, loss=0.0726]
Ep  14 [train]:  39%|███▊      | 56/145 [00:24<00:46,  1.91it/s, loss=0.0726]
Ep  14 [train]:  39%|███▊      | 56/145 [00:24<00:46,  1.91it/s, loss=0.0880]
Ep  14 [train]:  39%|███▉      | 57/145 [00:24<00:35,  2.46it/s, loss=0.0880]
Ep  14 [train]:  39%|███▉      | 57/145 [00:25<00:35,  2.46it/s, loss=0.0745]
Ep  14 [train]:  40%|████      | 58/145 [00:25<00:42,  2.06it/s, loss=0.0745]
Ep  14 [train]:  40%|████      | 58/145 [00:25<00:42,  2.06it/s, loss=0.0755]
Ep  14 [train]:  41%|████      | 59/145 [00:25<00:32,  2.63it/s, loss=0.0755]
Ep  14 [train]:  41%|████      | 59/145 [00:26<00:32,  2.63it/s, loss=0.0844]
Ep  14 [train]:  41%|████▏     | 60/145 [00:26<00:39,  2.16it/s, loss=0.0844]
Ep  14 [train]:  41%|████▏     | 60/145 [00:26<00:39,  2.16it/s, loss=0.0781]
Ep  14 [train]:  42%|████▏     | 61/145 [00:26<00:31,  2.63it/s, loss=0.0781]
Ep  14 [train]:  42%|████▏     | 61/145 [00:26<00:31,  2.63it/s, loss=0.0721]
Ep  14 [train]:  43%|████▎     | 62/145 [00:26<00:36,  2.30it/s, loss=0.0721]
Ep  14 [train]:  43%|████▎     | 62/145 [00:26<00:36,  2.30it/s, loss=0.0772]
Ep  14 [train]:  43%|████▎     | 63/145 [00:26<00:28,  2.85it/s, loss=0.0772]
Ep  14 [train]:  43%|████▎     | 63/145 [00:27<00:28,  2.85it/s, loss=0.0768]
Ep  14 [train]:  44%|████▍     | 64/145 [00:27<00:38,  2.10it/s, loss=0.0768]
Ep  14 [train]:  44%|████▍     | 64/145 [00:27<00:38,  2.10it/s, loss=0.0817]
Ep  14 [train]:  45%|████▍     | 65/145 [00:27<00:29,  2.68it/s, loss=0.0817]
Ep  14 [train]:  45%|████▍     | 65/145 [00:28<00:29,  2.68it/s, loss=0.0712]
Ep  14 [train]:  46%|████▌     | 66/145 [00:28<00:38,  2.08it/s, loss=0.0712]
Ep  14 [train]:  46%|████▌     | 66/145 [00:28<00:38,  2.08it/s, loss=0.0766]
Ep  14 [train]:  46%|████▌     | 67/145 [00:28<00:29,  2.65it/s, loss=0.0766]
Ep  14 [train]:  46%|████▌     | 67/145 [00:29<00:29,  2.65it/s, loss=0.0773]
Ep  14 [train]:  47%|████▋     | 68/145 [00:29<00:37,  2.06it/s, loss=0.0773]
Ep  14 [train]:  47%|████▋     | 68/145 [00:29<00:37,  2.06it/s, loss=0.0830]
Ep  14 [train]:  48%|████▊     | 69/145 [00:29<00:28,  2.64it/s, loss=0.0830]
Ep  14 [train]:  48%|████▊     | 69/145 [00:30<00:28,  2.64it/s, loss=0.0734]
Ep  14 [train]:  48%|████▊     | 70/145 [00:30<00:35,  2.09it/s, loss=0.0734]
Ep  14 [train]:  48%|████▊     | 70/145 [00:30<00:35,  2.09it/s, loss=0.0739]
Ep  14 [train]:  49%|████▉     | 71/145 [00:30<00:27,  2.68it/s, loss=0.0739]
Ep  14 [train]:  49%|████▉     | 71/145 [00:31<00:27,  2.68it/s, loss=0.0800]
Ep  14 [train]:  50%|████▉     | 72/145 [00:31<00:32,  2.22it/s, loss=0.0800]
Ep  14 [train]:  50%|████▉     | 72/145 [00:31<00:32,  2.22it/s, loss=0.0874]
Ep  14 [train]:  50%|█████     | 73/145 [00:31<00:25,  2.86it/s, loss=0.0874]
Ep  14 [train]:  50%|█████     | 73/145 [00:31<00:25,  2.86it/s, loss=0.0695]
Ep  14 [train]:  51%|█████     | 74/145 [00:31<00:32,  2.17it/s, loss=0.0695]
Ep  14 [train]:  51%|█████     | 74/145 [00:31<00:32,  2.17it/s, loss=0.0703]
Ep  14 [train]:  52%|█████▏    | 75/145 [00:31<00:25,  2.80it/s, loss=0.0703]
Ep  14 [train]:  52%|█████▏    | 75/145 [00:32<00:25,  2.80it/s, loss=0.0769]
Ep  14 [train]:  52%|█████▏    | 76/145 [00:32<00:31,  2.17it/s, loss=0.0769]
Ep  14 [train]:  52%|█████▏    | 76/145 [00:32<00:31,  2.17it/s, loss=0.0753]
Ep  14 [train]:  53%|█████▎    | 77/145 [00:32<00:24,  2.79it/s, loss=0.0753]
Ep  14 [train]:  53%|█████▎    | 77/145 [00:33<00:24,  2.79it/s, loss=0.0684]
Ep  14 [train]:  54%|█████▍    | 78/145 [00:33<00:32,  2.05it/s, loss=0.0684]
Ep  14 [train]:  54%|█████▍    | 78/145 [00:33<00:32,  2.05it/s, loss=0.0729]
Ep  14 [train]:  54%|█████▍    | 79/145 [00:33<00:25,  2.59it/s, loss=0.0729]
Ep  14 [train]:  54%|█████▍    | 79/145 [00:34<00:25,  2.59it/s, loss=0.0778]
Ep  14 [train]:  55%|█████▌    | 80/145 [00:34<00:29,  2.18it/s, loss=0.0778]
Ep  14 [train]:  55%|█████▌    | 80/145 [00:34<00:29,  2.18it/s, loss=0.0719]
Ep  14 [train]:  56%|█████▌    | 81/145 [00:34<00:22,  2.79it/s, loss=0.0719]
Ep  14 [train]:  56%|█████▌    | 81/145 [00:35<00:22,  2.79it/s, loss=0.0812]
Ep  14 [train]:  57%|█████▋    | 82/145 [00:35<00:27,  2.32it/s, loss=0.0812]
Ep  14 [train]:  57%|█████▋    | 82/145 [00:35<00:27,  2.32it/s, loss=0.0846]
Ep  14 [train]:  57%|█████▋    | 83/145 [00:35<00:21,  2.95it/s, loss=0.0846]
Ep  14 [train]:  57%|█████▋    | 83/145 [00:35<00:21,  2.95it/s, loss=0.0735]
Ep  14 [train]:  58%|█████▊    | 84/145 [00:35<00:26,  2.29it/s, loss=0.0735]
Ep  14 [train]:  58%|█████▊    | 84/145 [00:36<00:26,  2.29it/s, loss=0.0762]
Ep  14 [train]:  59%|█████▊    | 85/145 [00:36<00:21,  2.84it/s, loss=0.0762]
Ep  14 [train]:  59%|█████▊    | 85/145 [00:36<00:21,  2.84it/s, loss=0.0696]
Ep  14 [train]:  59%|█████▉    | 86/145 [00:36<00:27,  2.16it/s, loss=0.0696]
Ep  14 [train]:  59%|█████▉    | 86/145 [00:36<00:27,  2.16it/s, loss=0.0786]
Ep  14 [train]:  60%|██████    | 87/145 [00:36<00:21,  2.70it/s, loss=0.0786]
Ep  14 [train]:  60%|██████    | 87/145 [00:37<00:21,  2.70it/s, loss=0.0718]
Ep  14 [train]:  61%|██████    | 88/145 [00:37<00:28,  1.99it/s, loss=0.0718]
Ep  14 [train]:  61%|██████    | 88/145 [00:37<00:28,  1.99it/s, loss=0.0711]
Ep  14 [train]:  61%|██████▏   | 89/145 [00:37<00:23,  2.43it/s, loss=0.0711]
Ep  14 [train]:  61%|██████▏   | 89/145 [00:38<00:23,  2.43it/s, loss=0.0707]
Ep  14 [train]:  62%|██████▏   | 90/145 [00:38<00:28,  1.96it/s, loss=0.0707]
Ep  14 [train]:  62%|██████▏   | 90/145 [00:38<00:28,  1.96it/s, loss=0.0820]
Ep  14 [train]:  63%|██████▎   | 91/145 [00:38<00:21,  2.53it/s, loss=0.0820]
Ep  14 [train]:  63%|██████▎   | 91/145 [00:39<00:21,  2.53it/s, loss=0.0740]
Ep  14 [train]:  63%|██████▎   | 92/145 [00:39<00:25,  2.07it/s, loss=0.0740]
Ep  14 [train]:  63%|██████▎   | 92/145 [00:39<00:25,  2.07it/s, loss=0.0784]
Ep  14 [train]:  64%|██████▍   | 93/145 [00:39<00:20,  2.60it/s, loss=0.0784]
Ep  14 [train]:  64%|██████▍   | 93/145 [00:40<00:20,  2.60it/s, loss=0.0746]
Ep  14 [train]:  65%|██████▍   | 94/145 [00:40<00:24,  2.11it/s, loss=0.0746]
Ep  14 [train]:  65%|██████▍   | 94/145 [00:40<00:24,  2.11it/s, loss=0.0767]
Ep  14 [train]:  66%|██████▌   | 95/145 [00:40<00:18,  2.66it/s, loss=0.0767]
Ep  14 [train]:  66%|██████▌   | 95/145 [00:41<00:18,  2.66it/s, loss=0.0715]
Ep  14 [train]:  66%|██████▌   | 96/145 [00:41<00:23,  2.06it/s, loss=0.0715]
Ep  14 [train]:  66%|██████▌   | 96/145 [00:41<00:23,  2.06it/s, loss=0.0824]
Ep  14 [train]:  67%|██████▋   | 97/145 [00:41<00:18,  2.66it/s, loss=0.0824]
Ep  14 [train]:  67%|██████▋   | 97/145 [00:42<00:18,  2.66it/s, loss=0.0737]
Ep  14 [train]:  68%|██████▊   | 98/145 [00:42<00:22,  2.12it/s, loss=0.0737]
Ep  14 [train]:  68%|██████▊   | 98/145 [00:42<00:22,  2.12it/s, loss=0.0726]
Ep  14 [train]:  68%|██████▊   | 99/145 [00:42<00:16,  2.71it/s, loss=0.0726]
Ep  14 [train]:  68%|██████▊   | 99/145 [00:42<00:16,  2.71it/s, loss=0.0831]
Ep  14 [train]:  69%|██████▉   | 100/145 [00:42<00:20,  2.17it/s, loss=0.0831]
Ep  14 [train]:  69%|██████▉   | 100/145 [00:42<00:20,  2.17it/s, loss=0.0822]
Ep  14 [train]:  70%|██████▉   | 101/145 [00:42<00:15,  2.77it/s, loss=0.0822]
Ep  14 [train]:  70%|██████▉   | 101/145 [00:43<00:15,  2.77it/s, loss=0.0787]
Ep  14 [train]:  70%|███████   | 102/145 [00:43<00:20,  2.05it/s, loss=0.0787]
Ep  14 [train]:  70%|███████   | 102/145 [00:43<00:20,  2.05it/s, loss=0.0748]
Ep  14 [train]:  71%|███████   | 103/145 [00:43<00:16,  2.60it/s, loss=0.0748]
Ep  14 [train]:  71%|███████   | 103/145 [00:44<00:16,  2.60it/s, loss=0.0786]
Ep  14 [train]:  72%|███████▏  | 104/145 [00:44<00:18,  2.17it/s, loss=0.0786]
Ep  14 [train]:  72%|███████▏  | 104/145 [00:44<00:18,  2.17it/s, loss=0.0714]
Ep  14 [train]:  72%|███████▏  | 105/145 [00:44<00:15,  2.60it/s, loss=0.0714]
Ep  14 [train]:  72%|███████▏  | 105/145 [00:45<00:15,  2.60it/s, loss=0.0829]
Ep  14 [train]:  73%|███████▎  | 106/145 [00:45<00:18,  2.11it/s, loss=0.0829]
Ep  14 [train]:  73%|███████▎  | 106/145 [00:45<00:18,  2.11it/s, loss=0.0782]
Ep  14 [train]:  74%|███████▍  | 107/145 [00:45<00:14,  2.61it/s, loss=0.0782]
Ep  14 [train]:  74%|███████▍  | 107/145 [00:46<00:14,  2.61it/s, loss=0.0710]
Ep  14 [train]:  74%|███████▍  | 108/145 [00:46<00:17,  2.17it/s, loss=0.0710]
Ep  14 [train]:  74%|███████▍  | 108/145 [00:46<00:17,  2.17it/s, loss=0.0714]
Ep  14 [train]:  75%|███████▌  | 109/145 [00:46<00:13,  2.73it/s, loss=0.0714]
Ep  14 [train]:  75%|███████▌  | 109/145 [00:47<00:13,  2.73it/s, loss=0.0702]
Ep  14 [train]:  76%|███████▌  | 110/145 [00:47<00:16,  2.15it/s, loss=0.0702]
Ep  14 [train]:  76%|███████▌  | 110/145 [00:47<00:16,  2.15it/s, loss=0.0787]
Ep  14 [train]:  77%|███████▋  | 111/145 [00:47<00:12,  2.76it/s, loss=0.0787]
Ep  14 [train]:  77%|███████▋  | 111/145 [00:47<00:12,  2.76it/s, loss=0.0725]
Ep  14 [train]:  77%|███████▋  | 112/145 [00:47<00:15,  2.16it/s, loss=0.0725]
Ep  14 [train]:  77%|███████▋  | 112/145 [00:48<00:15,  2.16it/s, loss=0.0690]
Ep  14 [train]:  78%|███████▊  | 113/145 [00:48<00:11,  2.69it/s, loss=0.0690]
Ep  14 [train]:  78%|███████▊  | 113/145 [00:48<00:11,  2.69it/s, loss=0.0739]
Ep  14 [train]:  79%|███████▊  | 114/145 [00:48<00:14,  2.09it/s, loss=0.0739]
Ep  14 [train]:  79%|███████▊  | 114/145 [00:48<00:14,  2.09it/s, loss=0.0731]
Ep  14 [train]:  79%|███████▉  | 115/145 [00:48<00:11,  2.62it/s, loss=0.0731]
Ep  14 [train]:  79%|███████▉  | 115/145 [00:49<00:11,  2.62it/s, loss=0.0747]
Ep  14 [train]:  80%|████████  | 116/145 [00:49<00:13,  2.15it/s, loss=0.0747]
Ep  14 [train]:  80%|████████  | 116/145 [00:49<00:13,  2.15it/s, loss=0.0735]
Ep  14 [train]:  81%|████████  | 117/145 [00:49<00:10,  2.69it/s, loss=0.0735]
Ep  14 [train]:  81%|████████  | 117/145 [00:50<00:10,  2.69it/s, loss=0.0756]
Ep  14 [train]:  81%|████████▏ | 118/145 [00:50<00:13,  2.01it/s, loss=0.0756]
Ep  14 [train]:  81%|████████▏ | 118/145 [00:50<00:13,  2.01it/s, loss=0.0737]
Ep  14 [train]:  82%|████████▏ | 119/145 [00:50<00:09,  2.61it/s, loss=0.0737]
Ep  14 [train]:  82%|████████▏ | 119/145 [00:51<00:09,  2.61it/s, loss=0.0818]
Ep  14 [train]:  83%|████████▎ | 120/145 [00:51<00:12,  2.03it/s, loss=0.0818]
Ep  14 [train]:  83%|████████▎ | 120/145 [00:51<00:12,  2.03it/s, loss=0.0724]
Ep  14 [train]:  83%|████████▎ | 121/145 [00:51<00:09,  2.56it/s, loss=0.0724]
Ep  14 [train]:  83%|████████▎ | 121/145 [00:52<00:09,  2.56it/s, loss=0.0718]
Ep  14 [train]:  84%|████████▍ | 122/145 [00:52<00:11,  1.99it/s, loss=0.0718]
Ep  14 [train]:  84%|████████▍ | 122/145 [00:52<00:11,  1.99it/s, loss=0.0729]
Ep  14 [train]:  85%|████████▍ | 123/145 [00:52<00:08,  2.59it/s, loss=0.0729]
Ep  14 [train]:  85%|████████▍ | 123/145 [00:53<00:08,  2.59it/s, loss=0.0750]
Ep  14 [train]:  86%|████████▌ | 124/145 [00:53<00:09,  2.11it/s, loss=0.0750]
Ep  14 [train]:  86%|████████▌ | 124/145 [00:53<00:09,  2.11it/s, loss=0.0711]
Ep  14 [train]:  86%|████████▌ | 125/145 [00:53<00:07,  2.64it/s, loss=0.0711]
Ep  14 [train]:  86%|████████▌ | 125/145 [00:54<00:07,  2.64it/s, loss=0.0715]
Ep  14 [train]:  87%|████████▋ | 126/145 [00:54<00:09,  2.03it/s, loss=0.0715]
Ep  14 [train]:  87%|████████▋ | 126/145 [00:54<00:09,  2.03it/s, loss=0.0746]
Ep  14 [train]:  88%|████████▊ | 127/145 [00:54<00:06,  2.63it/s, loss=0.0746]
Ep  14 [train]:  88%|████████▊ | 127/145 [00:54<00:06,  2.63it/s, loss=0.0717]
Ep  14 [train]:  88%|████████▊ | 128/145 [00:54<00:08,  2.10it/s, loss=0.0717]
Ep  14 [train]:  88%|████████▊ | 128/145 [00:55<00:08,  2.10it/s, loss=0.0777]
Ep  14 [train]:  89%|████████▉ | 129/145 [00:55<00:06,  2.56it/s, loss=0.0777]
Ep  14 [train]:  89%|████████▉ | 129/145 [00:55<00:06,  2.56it/s, loss=0.0712]
Ep  14 [train]:  90%|████████▉ | 130/145 [00:55<00:06,  2.17it/s, loss=0.0712]
Ep  14 [train]:  90%|████████▉ | 130/145 [00:55<00:06,  2.17it/s, loss=0.0812]
Ep  14 [train]:  90%|█████████ | 131/145 [00:55<00:05,  2.69it/s, loss=0.0812]
Ep  14 [train]:  90%|█████████ | 131/145 [00:56<00:05,  2.69it/s, loss=0.0730]
Ep  14 [train]:  91%|█████████ | 132/145 [00:56<00:06,  2.10it/s, loss=0.0730]
Ep  14 [train]:  91%|█████████ | 132/145 [00:56<00:06,  2.10it/s, loss=0.0749]
Ep  14 [train]:  92%|█████████▏| 133/145 [00:56<00:04,  2.65it/s, loss=0.0749]
Ep  14 [train]:  92%|█████████▏| 133/145 [00:57<00:04,  2.65it/s, loss=0.0740]
Ep  14 [train]:  92%|█████████▏| 134/145 [00:57<00:05,  2.11it/s, loss=0.0740]
Ep  14 [train]:  92%|█████████▏| 134/145 [00:57<00:05,  2.11it/s, loss=0.0754]
Ep  14 [train]:  93%|█████████▎| 135/145 [00:57<00:03,  2.67it/s, loss=0.0754]
Ep  14 [train]:  93%|█████████▎| 135/145 [00:58<00:03,  2.67it/s, loss=0.0725]
Ep  14 [train]:  94%|█████████▍| 136/145 [00:58<00:04,  2.06it/s, loss=0.0725]
Ep  14 [train]:  94%|█████████▍| 136/145 [00:58<00:04,  2.06it/s, loss=0.0706]
Ep  14 [train]:  94%|█████████▍| 137/145 [00:58<00:03,  2.61it/s, loss=0.0706]
Ep  14 [train]:  94%|█████████▍| 137/145 [00:59<00:03,  2.61it/s, loss=0.0796]
Ep  14 [train]:  95%|█████████▌| 138/145 [00:59<00:03,  2.11it/s, loss=0.0796]
Ep  14 [train]:  95%|█████████▌| 138/145 [00:59<00:03,  2.11it/s, loss=0.0682]
Ep  14 [train]:  96%|█████████▌| 139/145 [00:59<00:02,  2.68it/s, loss=0.0682]
Ep  14 [train]:  96%|█████████▌| 139/145 [01:00<00:02,  2.68it/s, loss=0.0795]
Ep  14 [train]:  97%|█████████▋| 140/145 [01:00<00:02,  2.01it/s, loss=0.0795]
Ep  14 [train]:  97%|█████████▋| 140/145 [01:00<00:02,  2.01it/s, loss=0.0804]
Ep  14 [train]:  97%|█████████▋| 141/145 [01:00<00:01,  2.55it/s, loss=0.0804]
Ep  14 [train]:  97%|█████████▋| 141/145 [01:00<00:01,  2.55it/s, loss=0.0703]
Ep  14 [train]:  98%|█████████▊| 142/145 [01:00<00:01,  1.99it/s, loss=0.0703]
Ep  14 [train]:  98%|█████████▊| 142/145 [01:01<00:01,  1.99it/s, loss=0.0757]
Ep  14 [train]:  99%|█████████▊| 143/145 [01:01<00:00,  2.56it/s, loss=0.0757]
Ep  14 [train]:  99%|█████████▊| 143/145 [01:01<00:00,  2.56it/s, loss=0.0741]
Ep  14 [train]:  99%|█████████▉| 144/145 [01:01<00:00,  2.09it/s, loss=0.0741]
Ep  14 [train]:  99%|█████████▉| 144/145 [01:01<00:00,  2.09it/s, loss=0.0755]
Ep  14 [train]: 100%|██████████| 145/145 [01:01<00:00,  2.67it/s, loss=0.0755]
                                                                              
  Ep  14 [train]  loss=0.0759  rmse_c=0.2395  mae_c=0.2163  r2_c=0.021  rmse_h=0.3077  mae_h=0.2294  r2_h=0.455  sup=0.327

Ep  14 [val  ]:   0%|          | 0/39 [00:00<?, ?it/s]
Ep  14 [val  ]:   0%|          | 0/39 [00:01<?, ?it/s, loss=0.0958]
Ep  14 [val  ]:   3%|▎         | 1/39 [00:01<00:38,  1.01s/it, loss=0.0958]
Ep  14 [val  ]:   3%|▎         | 1/39 [00:01<00:38,  1.01s/it, loss=0.0920]
Ep  14 [val  ]:   3%|▎         | 1/39 [00:01<00:38,  1.01s/it, loss=0.0759]
Ep  14 [val  ]:   8%|▊         | 3/39 [00:01<00:20,  1.77it/s, loss=0.0759]
Ep  14 [val  ]:   8%|▊         | 3/39 [00:01<00:20,  1.77it/s, loss=0.0706]
Ep  14 [val  ]:   8%|▊         | 3/39 [00:02<00:20,  1.77it/s, loss=0.0764]
Ep  14 [val  ]:  13%|█▎        | 5/39 [00:02<00:17,  1.94it/s, loss=0.0764]
Ep  14 [val  ]:  13%|█▎        | 5/39 [00:02<00:17,  1.94it/s, loss=0.0781]
Ep  14 [val  ]:  13%|█▎        | 5/39 [00:03<00:17,  1.94it/s, loss=0.0727]
Ep  14 [val  ]:  18%|█▊        | 7/39 [00:03<00:15,  2.12it/s, loss=0.0727]
Ep  14 [val  ]:  18%|█▊        | 7/39 [00:03<00:15,  2.12it/s, loss=0.0720]
Ep  14 [val  ]:  18%|█▊        | 7/39 [00:04<00:15,  2.12it/s, loss=0.0714]
Ep  14 [val  ]:  23%|██▎       | 9/39 [00:04<00:13,  2.17it/s, loss=0.0714]
Ep  14 [val  ]:  23%|██▎       | 9/39 [00:04<00:13,  2.17it/s, loss=0.0696]
Ep  14 [val  ]:  23%|██▎       | 9/39 [00:05<00:13,  2.17it/s, loss=0.0723]
Ep  14 [val  ]:  28%|██▊       | 11/39 [00:05<00:12,  2.22it/s, loss=0.0723]
Ep  14 [val  ]:  28%|██▊       | 11/39 [00:05<00:12,  2.22it/s, loss=0.0737]
Ep  14 [val  ]:  28%|██▊       | 11/39 [00:06<00:12,  2.22it/s, loss=0.0765]
Ep  14 [val  ]:  33%|███▎      | 13/39 [00:06<00:11,  2.26it/s, loss=0.0765]
Ep  14 [val  ]:  33%|███▎      | 13/39 [00:06<00:11,  2.26it/s, loss=0.0831]
Ep  14 [val  ]:  33%|███▎      | 13/39 [00:07<00:11,  2.26it/s, loss=0.0953]
Ep  14 [val  ]:  38%|███▊      | 15/39 [00:07<00:10,  2.26it/s, loss=0.0953]
Ep  14 [val  ]:  38%|███▊      | 15/39 [00:07<00:10,  2.26it/s, loss=0.0931]
Ep  14 [val  ]:  38%|███▊      | 15/39 [00:07<00:10,  2.26it/s, loss=0.0938]
Ep  14 [val  ]:  44%|████▎     | 17/39 [00:07<00:09,  2.27it/s, loss=0.0938]
Ep  14 [val  ]:  44%|████▎     | 17/39 [00:08<00:09,  2.27it/s, loss=0.0848]
Ep  14 [val  ]:  44%|████▎     | 17/39 [00:08<00:09,  2.27it/s, loss=0.0771]
Ep  14 [val  ]:  49%|████▊     | 19/39 [00:08<00:08,  2.31it/s, loss=0.0771]
Ep  14 [val  ]:  49%|████▊     | 19/39 [00:08<00:08,  2.31it/s, loss=0.0658]
Ep  14 [val  ]:  49%|████▊     | 19/39 [00:09<00:08,  2.31it/s, loss=0.0573]
Ep  14 [val  ]:  54%|█████▍    | 21/39 [00:09<00:07,  2.26it/s, loss=0.0573]
Ep  14 [val  ]:  54%|█████▍    | 21/39 [00:09<00:07,  2.26it/s, loss=0.0648]
Ep  14 [val  ]:  54%|█████▍    | 21/39 [00:10<00:07,  2.26it/s, loss=0.0614]
Ep  14 [val  ]:  59%|█████▉    | 23/39 [00:10<00:07,  2.28it/s, loss=0.0614]
Ep  14 [val  ]:  59%|█████▉    | 23/39 [00:10<00:07,  2.28it/s, loss=0.0638]
Ep  14 [val  ]:  59%|█████▉    | 23/39 [00:11<00:07,  2.28it/s, loss=0.0651]
Ep  14 [val  ]:  64%|██████▍   | 25/39 [00:11<00:06,  2.29it/s, loss=0.0651]
Ep  14 [val  ]:  64%|██████▍   | 25/39 [00:11<00:06,  2.29it/s, loss=0.0708]
Ep  14 [val  ]:  64%|██████▍   | 25/39 [00:12<00:06,  2.29it/s, loss=0.0780]
Ep  14 [val  ]:  69%|██████▉   | 27/39 [00:12<00:05,  2.26it/s, loss=0.0780]
Ep  14 [val  ]:  69%|██████▉   | 27/39 [00:12<00:05,  2.26it/s, loss=0.1191]
Ep  14 [val  ]:  69%|██████▉   | 27/39 [00:13<00:05,  2.26it/s, loss=0.0917]
Ep  14 [val  ]:  74%|███████▍  | 29/39 [00:13<00:04,  2.27it/s, loss=0.0917]
Ep  14 [val  ]:  74%|███████▍  | 29/39 [00:13<00:04,  2.27it/s, loss=0.0840]
Ep  14 [val  ]:  74%|███████▍  | 29/39 [00:14<00:04,  2.27it/s, loss=0.0743]
Ep  14 [val  ]:  79%|███████▉  | 31/39 [00:14<00:03,  2.33it/s, loss=0.0743]
Ep  14 [val  ]:  79%|███████▉  | 31/39 [00:14<00:03,  2.33it/s, loss=0.0724]
Ep  14 [val  ]:  79%|███████▉  | 31/39 [00:14<00:03,  2.33it/s, loss=0.0729]
Ep  14 [val  ]:  85%|████████▍ | 33/39 [00:14<00:02,  2.28it/s, loss=0.0729]
Ep  14 [val  ]:  85%|████████▍ | 33/39 [00:15<00:02,  2.28it/s, loss=0.0702]
Ep  14 [val  ]:  85%|████████▍ | 33/39 [00:15<00:02,  2.28it/s, loss=0.0751]
Ep  14 [val  ]:  90%|████████▉ | 35/39 [00:15<00:01,  2.26it/s, loss=0.0751]
Ep  14 [val  ]:  90%|████████▉ | 35/39 [00:15<00:01,  2.26it/s, loss=0.0698]
Ep  14 [val  ]:  90%|████████▉ | 35/39 [00:16<00:01,  2.26it/s, loss=0.0702]
Ep  14 [val  ]:  95%|█████████▍| 37/39 [00:16<00:00,  2.28it/s, loss=0.0702]
Ep  14 [val  ]:  95%|█████████▍| 37/39 [00:16<00:00,  2.28it/s, loss=0.0613]
Ep  14 [val  ]:  95%|█████████▍| 37/39 [00:16<00:00,  2.28it/s, loss=0.0718]
                                                                            
  Ep  14 [val  ]  loss=0.0765  rmse_c=0.2436  mae_c=0.2192  r2_c=0.025  rmse_h=0.3045  mae_h=0.2287  r2_h=0.422  sup=0.308
  [new best] combined_val_rmse=0.2740

Ep  15 [train]:   0%|          | 0/145 [00:00<?, ?it/s]
Ep  15 [train]:   0%|          | 0/145 [00:01<?, ?it/s, loss=0.0786]
Ep  15 [train]:   1%|          | 1/145 [00:01<02:45,  1.15s/it, loss=0.0786]
Ep  15 [train]:   1%|          | 1/145 [00:01<02:45,  1.15s/it, loss=0.0711]
Ep  15 [train]:   1%|▏         | 2/145 [00:01<01:18,  1.82it/s, loss=0.0711]
Ep  15 [train]:   1%|▏         | 2/145 [00:01<01:18,  1.82it/s, loss=0.0787]
Ep  15 [train]:   2%|▏         | 3/145 [00:01<01:23,  1.70it/s, loss=0.0787]
Ep  15 [train]:   2%|▏         | 3/145 [00:02<01:23,  1.70it/s, loss=0.0676]
Ep  15 [train]:   3%|▎         | 4/145 [00:02<00:56,  2.49it/s, loss=0.0676]
Ep  15 [train]:   3%|▎         | 4/145 [00:02<00:56,  2.49it/s, loss=0.0792]
Ep  15 [train]:   3%|▎         | 5/145 [00:02<01:10,  1.97it/s, loss=0.0792]
Ep  15 [train]:   3%|▎         | 5/145 [00:02<01:10,  1.97it/s, loss=0.0804]
Ep  15 [train]:   4%|▍         | 6/145 [00:02<00:52,  2.64it/s, loss=0.0804]
Ep  15 [train]:   4%|▍         | 6/145 [00:03<00:52,  2.64it/s, loss=0.0692]
Ep  15 [train]:   5%|▍         | 7/145 [00:03<01:06,  2.08it/s, loss=0.0692]
Ep  15 [train]:   5%|▍         | 7/145 [00:03<01:06,  2.08it/s, loss=0.0726]
Ep  15 [train]:   6%|▌         | 8/145 [00:03<00:49,  2.76it/s, loss=0.0726]
Ep  15 [train]:   6%|▌         | 8/145 [00:04<00:49,  2.76it/s, loss=0.0750]
Ep  15 [train]:   6%|▌         | 9/145 [00:04<01:01,  2.22it/s, loss=0.0750]
Ep  15 [train]:   6%|▌         | 9/145 [00:04<01:01,  2.22it/s, loss=0.0717]
Ep  15 [train]:   7%|▋         | 10/145 [00:04<00:47,  2.87it/s, loss=0.0717]
Ep  15 [train]:   7%|▋         | 10/145 [00:05<00:47,  2.87it/s, loss=0.0802]
Ep  15 [train]:   8%|▊         | 11/145 [00:05<00:58,  2.29it/s, loss=0.0802]
Ep  15 [train]:   8%|▊         | 11/145 [00:05<00:58,  2.29it/s, loss=0.0706]
Ep  15 [train]:   8%|▊         | 12/145 [00:05<00:46,  2.86it/s, loss=0.0706]
Ep  15 [train]:   8%|▊         | 12/145 [00:05<00:46,  2.86it/s, loss=0.0729]
Ep  15 [train]:   9%|▉         | 13/145 [00:05<00:56,  2.32it/s, loss=0.0729]
Ep  15 [train]:   9%|▉         | 13/145 [00:05<00:56,  2.32it/s, loss=0.0734]
Ep  15 [train]:  10%|▉         | 14/145 [00:05<00:44,  2.93it/s, loss=0.0734]
Ep  15 [train]:  10%|▉         | 14/145 [00:06<00:44,  2.93it/s, loss=0.0710]
Ep  15 [train]:  10%|█         | 15/145 [00:06<00:54,  2.37it/s, loss=0.0710]
Ep  15 [train]:  10%|█         | 15/145 [00:06<00:54,  2.37it/s, loss=0.0720]
Ep  15 [train]:  11%|█         | 16/145 [00:06<00:43,  2.98it/s, loss=0.0720]
Ep  15 [train]:  11%|█         | 16/145 [00:07<00:43,  2.98it/s, loss=0.0797]
Ep  15 [train]:  12%|█▏        | 17/145 [00:07<00:54,  2.37it/s, loss=0.0797]
Ep  15 [train]:  12%|█▏        | 17/145 [00:07<00:54,  2.37it/s, loss=0.0712]
Ep  15 [train]:  12%|█▏        | 18/145 [00:07<00:41,  3.03it/s, loss=0.0712]
Ep  15 [train]:  12%|█▏        | 18/145 [00:08<00:41,  3.03it/s, loss=0.0684]
Ep  15 [train]:  13%|█▎        | 19/145 [00:08<00:52,  2.42it/s, loss=0.0684]
Ep  15 [train]:  13%|█▎        | 19/145 [00:08<00:52,  2.42it/s, loss=0.0792]
Ep  15 [train]:  14%|█▍        | 20/145 [00:08<00:44,  2.81it/s, loss=0.0792]
Ep  15 [train]:  14%|█▍        | 20/145 [00:08<00:44,  2.81it/s, loss=0.0751]
Ep  15 [train]:  14%|█▍        | 21/145 [00:08<00:51,  2.39it/s, loss=0.0751]
Ep  15 [train]:  14%|█▍        | 21/145 [00:09<00:51,  2.39it/s, loss=0.0684]
Ep  15 [train]:  15%|█▌        | 22/145 [00:09<00:43,  2.84it/s, loss=0.0684]
Ep  15 [train]:  15%|█▌        | 22/145 [00:09<00:43,  2.84it/s, loss=0.0729]
Ep  15 [train]:  16%|█▌        | 23/145 [00:09<00:49,  2.44it/s, loss=0.0729]
Ep  15 [train]:  16%|█▌        | 23/145 [00:09<00:49,  2.44it/s, loss=0.0743]
Ep  15 [train]:  17%|█▋        | 24/145 [00:09<00:45,  2.64it/s, loss=0.0743]
Ep  15 [train]:  17%|█▋        | 24/145 [00:10<00:45,  2.64it/s, loss=0.0712]
Ep  15 [train]:  17%|█▋        | 25/145 [00:10<00:46,  2.55it/s, loss=0.0712]
Ep  15 [train]:  17%|█▋        | 25/145 [00:10<00:46,  2.55it/s, loss=0.0719]
Ep  15 [train]:  18%|█▊        | 26/145 [00:10<00:43,  2.74it/s, loss=0.0719]
Ep  15 [train]:  18%|█▊        | 26/145 [00:11<00:43,  2.74it/s, loss=0.0717]
Ep  15 [train]:  19%|█▊        | 27/145 [00:11<00:44,  2.64it/s, loss=0.0717]
Ep  15 [train]:  19%|█▊        | 27/145 [00:11<00:44,  2.64it/s, loss=0.0758]
Ep  15 [train]:  19%|█▉        | 28/145 [00:11<00:46,  2.52it/s, loss=0.0758]
Ep  15 [train]:  19%|█▉        | 28/145 [00:11<00:46,  2.52it/s, loss=0.0697]
Ep  15 [train]:  20%|██        | 29/145 [00:11<00:42,  2.72it/s, loss=0.0697]
Ep  15 [train]:  20%|██        | 29/145 [00:12<00:42,  2.72it/s, loss=0.0789]
Ep  15 [train]:  21%|██        | 30/145 [00:12<00:52,  2.19it/s, loss=0.0789]
Ep  15 [train]:  21%|██        | 30/145 [00:12<00:52,  2.19it/s, loss=0.0767]
Ep  15 [train]:  21%|██▏       | 31/145 [00:12<00:40,  2.79it/s, loss=0.0767]
Ep  15 [train]:  21%|██▏       | 31/145 [00:13<00:40,  2.79it/s, loss=0.0803]
Ep  15 [train]:  22%|██▏       | 32/145 [00:13<00:52,  2.16it/s, loss=0.0803]
Ep  15 [train]:  22%|██▏       | 32/145 [00:13<00:52,  2.16it/s, loss=0.0807]
Ep  15 [train]:  23%|██▎       | 33/145 [00:13<00:41,  2.72it/s, loss=0.0807]
Ep  15 [train]:  23%|██▎       | 33/145 [00:14<00:41,  2.72it/s, loss=0.0767]
Ep  15 [train]:  23%|██▎       | 34/145 [00:14<00:50,  2.20it/s, loss=0.0767]
Ep  15 [train]:  23%|██▎       | 34/145 [00:14<00:50,  2.20it/s, loss=0.0729]
Ep  15 [train]:  24%|██▍       | 35/145 [00:14<00:39,  2.77it/s, loss=0.0729]
Ep  15 [train]:  24%|██▍       | 35/145 [00:14<00:39,  2.77it/s, loss=0.0796]
Ep  15 [train]:  25%|██▍       | 36/145 [00:14<00:47,  2.28it/s, loss=0.0796]
Ep  15 [train]:  25%|██▍       | 36/145 [00:14<00:47,  2.28it/s, loss=0.0765]
Ep  15 [train]:  26%|██▌       | 37/145 [00:14<00:37,  2.86it/s, loss=0.0765]
Ep  15 [train]:  26%|██▌       | 37/145 [00:15<00:37,  2.86it/s, loss=0.0779]
Ep  15 [train]:  26%|██▌       | 38/145 [00:15<00:51,  2.07it/s, loss=0.0779]
Ep  15 [train]:  26%|██▌       | 38/145 [00:15<00:51,  2.07it/s, loss=0.0756]
Ep  15 [train]:  27%|██▋       | 39/145 [00:15<00:41,  2.59it/s, loss=0.0756]
Ep  15 [train]:  27%|██▋       | 39/145 [00:16<00:41,  2.59it/s, loss=0.0764]
Ep  15 [train]:  28%|██▊       | 40/145 [00:16<00:51,  2.05it/s, loss=0.0764]
Ep  15 [train]:  28%|██▊       | 40/145 [00:16<00:51,  2.05it/s, loss=0.0756]
Ep  15 [train]:  28%|██▊       | 41/145 [00:16<00:39,  2.61it/s, loss=0.0756]
Ep  15 [train]:  28%|██▊       | 41/145 [00:17<00:39,  2.61it/s, loss=0.0792]
Ep  15 [train]:  29%|██▉       | 42/145 [00:17<00:50,  2.06it/s, loss=0.0792]
Ep  15 [train]:  29%|██▉       | 42/145 [00:17<00:50,  2.06it/s, loss=0.0757]
Ep  15 [train]:  30%|██▉       | 43/145 [00:17<00:39,  2.61it/s, loss=0.0757]
Ep  15 [train]:  30%|██▉       | 43/145 [00:18<00:39,  2.61it/s, loss=0.0808]
Ep  15 [train]:  30%|███       | 44/145 [00:18<00:50,  2.02it/s, loss=0.0808]
Ep  15 [train]:  30%|███       | 44/145 [00:18<00:50,  2.02it/s, loss=0.0688]
Ep  15 [train]:  31%|███       | 45/145 [00:18<00:38,  2.57it/s, loss=0.0688]
Ep  15 [train]:  31%|███       | 45/145 [00:19<00:38,  2.57it/s, loss=0.0779]
Ep  15 [train]:  32%|███▏      | 46/145 [00:19<00:46,  2.12it/s, loss=0.0779]
Ep  15 [train]:  32%|███▏      | 46/145 [00:19<00:46,  2.12it/s, loss=0.0712]
Ep  15 [train]:  32%|███▏      | 47/145 [00:19<00:36,  2.69it/s, loss=0.0712]
Ep  15 [train]:  32%|███▏      | 47/145 [00:20<00:36,  2.69it/s, loss=0.0683]
Ep  15 [train]:  33%|███▎      | 48/145 [00:20<00:46,  2.07it/s, loss=0.0683]
Ep  15 [train]:  33%|███▎      | 48/145 [00:20<00:46,  2.07it/s, loss=0.0747]
Ep  15 [train]:  34%|███▍      | 49/145 [00:20<00:35,  2.67it/s, loss=0.0747]
Ep  15 [train]:  34%|███▍      | 49/145 [00:21<00:35,  2.67it/s, loss=0.0743]
Ep  15 [train]:  34%|███▍      | 50/145 [00:21<00:47,  2.00it/s, loss=0.0743]
Ep  15 [train]:  34%|███▍      | 50/145 [00:21<00:47,  2.00it/s, loss=0.0748]
Ep  15 [train]:  35%|███▌      | 51/145 [00:21<00:37,  2.53it/s, loss=0.0748]
Ep  15 [train]:  35%|███▌      | 51/145 [00:21<00:37,  2.53it/s, loss=0.0772]
Ep  15 [train]:  36%|███▌      | 52/145 [00:21<00:46,  2.01it/s, loss=0.0772]
Ep  15 [train]:  36%|███▌      | 52/145 [00:22<00:46,  2.01it/s, loss=0.0760]
Ep  15 [train]:  37%|███▋      | 53/145 [00:22<00:36,  2.54it/s, loss=0.0760]
Ep  15 [train]:  37%|███▋      | 53/145 [00:22<00:36,  2.54it/s, loss=0.0720]
Ep  15 [train]:  37%|███▋      | 54/145 [00:22<00:43,  2.08it/s, loss=0.0720]
Ep  15 [train]:  37%|███▋      | 54/145 [00:22<00:43,  2.08it/s, loss=0.0735]
Ep  15 [train]:  38%|███▊      | 55/145 [00:22<00:34,  2.62it/s, loss=0.0735]
Ep  15 [train]:  38%|███▊      | 55/145 [00:23<00:34,  2.62it/s, loss=0.0767]
Ep  15 [train]:  39%|███▊      | 56/145 [00:23<00:43,  2.05it/s, loss=0.0767]
Ep  15 [train]:  39%|███▊      | 56/145 [00:23<00:43,  2.05it/s, loss=0.0710]
Ep  15 [train]:  39%|███▉      | 57/145 [00:23<00:34,  2.59it/s, loss=0.0710]
Ep  15 [train]:  39%|███▉      | 57/145 [00:24<00:34,  2.59it/s, loss=0.0811]
Ep  15 [train]:  40%|████      | 58/145 [00:24<00:40,  2.15it/s, loss=0.0811]
Ep  15 [train]:  40%|████      | 58/145 [00:24<00:40,  2.15it/s, loss=0.0797]
Ep  15 [train]:  41%|████      | 59/145 [00:24<00:32,  2.64it/s, loss=0.0797]
Ep  15 [train]:  41%|████      | 59/145 [00:25<00:32,  2.64it/s, loss=0.0718]
Ep  15 [train]:  41%|████▏     | 60/145 [00:25<00:40,  2.11it/s, loss=0.0718]
Ep  15 [train]:  41%|████▏     | 60/145 [00:25<00:40,  2.11it/s, loss=0.0764]
Ep  15 [train]:  42%|████▏     | 61/145 [00:25<00:31,  2.64it/s, loss=0.0764]
Ep  15 [train]:  42%|████▏     | 61/145 [00:26<00:31,  2.64it/s, loss=0.0698]
Ep  15 [train]:  43%|████▎     | 62/145 [00:26<00:38,  2.15it/s, loss=0.0698]
Ep  15 [train]:  43%|████▎     | 62/145 [00:26<00:38,  2.15it/s, loss=0.0712]
Ep  15 [train]:  43%|████▎     | 63/145 [00:26<00:30,  2.68it/s, loss=0.0712]
Ep  15 [train]:  43%|████▎     | 63/145 [00:26<00:30,  2.68it/s, loss=0.0754]
Ep  15 [train]:  44%|████▍     | 64/145 [00:26<00:37,  2.19it/s, loss=0.0754]
Ep  15 [train]:  44%|████▍     | 64/145 [00:27<00:37,  2.19it/s, loss=0.0734]
Ep  15 [train]:  45%|████▍     | 65/145 [00:27<00:29,  2.75it/s, loss=0.0734]
Ep  15 [train]:  45%|████▍     | 65/145 [00:27<00:29,  2.75it/s, loss=0.0784]
Ep  15 [train]:  46%|████▌     | 66/145 [00:27<00:36,  2.16it/s, loss=0.0784]
Ep  15 [train]:  46%|████▌     | 66/145 [00:27<00:36,  2.16it/s, loss=0.0776]
Ep  15 [train]:  46%|████▌     | 67/145 [00:27<00:28,  2.75it/s, loss=0.0776]
Ep  15 [train]:  46%|████▌     | 67/145 [00:28<00:28,  2.75it/s, loss=0.0721]
Ep  15 [train]:  47%|████▋     | 68/145 [00:28<00:34,  2.21it/s, loss=0.0721]
Ep  15 [train]:  47%|████▋     | 68/145 [00:28<00:34,  2.21it/s, loss=0.0690]
Ep  15 [train]:  48%|████▊     | 69/145 [00:28<00:27,  2.80it/s, loss=0.0690]
Ep  15 [train]:  48%|████▊     | 69/145 [00:29<00:27,  2.80it/s, loss=0.0770]
Ep  15 [train]:  48%|████▊     | 70/145 [00:29<00:34,  2.15it/s, loss=0.0770]
Ep  15 [train]:  48%|████▊     | 70/145 [00:29<00:34,  2.15it/s, loss=0.0704]
Ep  15 [train]:  49%|████▉     | 71/145 [00:29<00:27,  2.72it/s, loss=0.0704]
Ep  15 [train]:  49%|████▉     | 71/145 [00:30<00:27,  2.72it/s, loss=0.0724]
Ep  15 [train]:  50%|████▉     | 72/145 [00:30<00:33,  2.19it/s, loss=0.0724]
Ep  15 [train]:  50%|████▉     | 72/145 [00:30<00:33,  2.19it/s, loss=0.0824]
Ep  15 [train]:  50%|█████     | 73/145 [00:30<00:26,  2.74it/s, loss=0.0824]
Ep  15 [train]:  50%|█████     | 73/145 [00:31<00:26,  2.74it/s, loss=0.0823]
Ep  15 [train]:  51%|█████     | 74/145 [00:31<00:32,  2.20it/s, loss=0.0823]
Ep  15 [train]:  51%|█████     | 74/145 [00:31<00:32,  2.20it/s, loss=0.0730]
Ep  15 [train]:  52%|█████▏    | 75/145 [00:31<00:25,  2.78it/s, loss=0.0730]
Ep  15 [train]:  52%|█████▏    | 75/145 [00:31<00:25,  2.78it/s, loss=0.0735]
Ep  15 [train]:  52%|█████▏    | 76/145 [00:31<00:32,  2.15it/s, loss=0.0735]
Ep  15 [train]:  52%|█████▏    | 76/145 [00:32<00:32,  2.15it/s, loss=0.0741]
Ep  15 [train]:  53%|█████▎    | 77/145 [00:32<00:24,  2.75it/s, loss=0.0741]
Ep  15 [train]:  53%|█████▎    | 77/145 [00:32<00:24,  2.75it/s, loss=0.0731]
Ep  15 [train]:  54%|█████▍    | 78/145 [00:32<00:29,  2.25it/s, loss=0.0731]
Ep  15 [train]:  54%|█████▍    | 78/145 [00:32<00:29,  2.25it/s, loss=0.0781]
Ep  15 [train]:  54%|█████▍    | 79/145 [00:32<00:22,  2.89it/s, loss=0.0781]
Ep  15 [train]:  54%|█████▍    | 79/145 [00:33<00:22,  2.89it/s, loss=0.0726]
Ep  15 [train]:  55%|█████▌    | 80/145 [00:33<00:29,  2.22it/s, loss=0.0726]
Ep  15 [train]:  55%|█████▌    | 80/145 [00:33<00:29,  2.22it/s, loss=0.0691]
Ep  15 [train]:  56%|█████▌    | 81/145 [00:33<00:22,  2.84it/s, loss=0.0691]
Ep  15 [train]:  56%|█████▌    | 81/145 [00:34<00:22,  2.84it/s, loss=0.0867]
Ep  15 [train]:  57%|█████▋    | 82/145 [00:34<00:26,  2.34it/s, loss=0.0867]
Ep  15 [train]:  57%|█████▋    | 82/145 [00:34<00:26,  2.34it/s, loss=0.0764]
Ep  15 [train]:  57%|█████▋    | 83/145 [00:34<00:20,  3.00it/s, loss=0.0764]
Ep  15 [train]:  57%|█████▋    | 83/145 [00:34<00:20,  3.00it/s, loss=0.0715]
Ep  15 [train]:  58%|█████▊    | 84/145 [00:34<00:25,  2.40it/s, loss=0.0715]
Ep  15 [train]:  58%|█████▊    | 84/145 [00:35<00:25,  2.40it/s, loss=0.0820]
Ep  15 [train]:  59%|█████▊    | 85/145 [00:35<00:19,  3.04it/s, loss=0.0820]
Ep  15 [train]:  59%|█████▊    | 85/145 [00:35<00:19,  3.04it/s, loss=0.0736]
Ep  15 [train]:  59%|█████▉    | 86/145 [00:35<00:25,  2.32it/s, loss=0.0736]
Ep  15 [train]:  59%|█████▉    | 86/145 [00:35<00:25,  2.32it/s, loss=0.0718]
Ep  15 [train]:  60%|██████    | 87/145 [00:35<00:20,  2.85it/s, loss=0.0718]
Ep  15 [train]:  60%|██████    | 87/145 [00:36<00:20,  2.85it/s, loss=0.0844]
Ep  15 [train]:  61%|██████    | 88/145 [00:36<00:25,  2.27it/s, loss=0.0844]
Ep  15 [train]:  61%|██████    | 88/145 [00:36<00:25,  2.27it/s, loss=0.0718]
Ep  15 [train]:  61%|██████▏   | 89/145 [00:36<00:19,  2.90it/s, loss=0.0718]
Ep  15 [train]:  61%|██████▏   | 89/145 [00:37<00:19,  2.90it/s, loss=0.0721]
Ep  15 [train]:  62%|██████▏   | 90/145 [00:37<00:25,  2.18it/s, loss=0.0721]
Ep  15 [train]:  62%|██████▏   | 90/145 [00:37<00:25,  2.18it/s, loss=0.0718]
Ep  15 [train]:  63%|██████▎   | 91/145 [00:37<00:19,  2.82it/s, loss=0.0718]
Ep  15 [train]:  63%|██████▎   | 91/145 [00:38<00:19,  2.82it/s, loss=0.0804]
Ep  15 [train]:  63%|██████▎   | 92/145 [00:38<00:25,  2.08it/s, loss=0.0804]
Ep  15 [train]:  63%|██████▎   | 92/145 [00:38<00:25,  2.08it/s, loss=0.0698]
Ep  15 [train]:  64%|██████▍   | 93/145 [00:38<00:19,  2.66it/s, loss=0.0698]
Ep  15 [train]:  64%|██████▍   | 93/145 [00:39<00:19,  2.66it/s, loss=0.0907]
Ep  15 [train]:  65%|██████▍   | 94/145 [00:39<00:23,  2.13it/s, loss=0.0907]
Ep  15 [train]:  65%|██████▍   | 94/145 [00:39<00:23,  2.13it/s, loss=0.0743]
Ep  15 [train]:  66%|██████▌   | 95/145 [00:39<00:18,  2.75it/s, loss=0.0743]
Ep  15 [train]:  66%|██████▌   | 95/145 [00:39<00:18,  2.75it/s, loss=0.0850]
Ep  15 [train]:  66%|██████▌   | 96/145 [00:39<00:22,  2.16it/s, loss=0.0850]
Ep  15 [train]:  66%|██████▌   | 96/145 [00:40<00:22,  2.16it/s, loss=0.0698]
Ep  15 [train]:  67%|██████▋   | 97/145 [00:40<00:17,  2.73it/s, loss=0.0698]
Ep  15 [train]:  67%|██████▋   | 97/145 [00:40<00:17,  2.73it/s, loss=0.0746]
Ep  15 [train]:  68%|██████▊   | 98/145 [00:40<00:21,  2.23it/s, loss=0.0746]
Ep  15 [train]:  68%|██████▊   | 98/145 [00:40<00:21,  2.23it/s, loss=0.0735]
Ep  15 [train]:  68%|██████▊   | 99/145 [00:40<00:16,  2.75it/s, loss=0.0735]
Ep  15 [train]:  68%|██████▊   | 99/145 [00:41<00:16,  2.75it/s, loss=0.0762]
Ep  15 [train]:  69%|██████▉   | 100/145 [00:41<00:20,  2.23it/s, loss=0.0762]
Ep  15 [train]:  69%|██████▉   | 100/145 [00:41<00:20,  2.23it/s, loss=0.0804]
Ep  15 [train]:  70%|██████▉   | 101/145 [00:41<00:15,  2.85it/s, loss=0.0804]
Ep  15 [train]:  70%|██████▉   | 101/145 [00:42<00:15,  2.85it/s, loss=0.0790]
Ep  15 [train]:  70%|███████   | 102/145 [00:42<00:20,  2.10it/s, loss=0.0790]
Ep  15 [train]:  70%|███████   | 102/145 [00:42<00:20,  2.10it/s, loss=0.0734]
Ep  15 [train]:  71%|███████   | 103/145 [00:42<00:16,  2.62it/s, loss=0.0734]
Ep  15 [train]:  71%|███████   | 103/145 [00:43<00:16,  2.62it/s, loss=0.0699]
Ep  15 [train]:  72%|███████▏  | 104/145 [00:43<00:19,  2.15it/s, loss=0.0699]
Ep  15 [train]:  72%|███████▏  | 104/145 [00:43<00:19,  2.15it/s, loss=0.0737]
Ep  15 [train]:  72%|███████▏  | 105/145 [00:43<00:14,  2.74it/s, loss=0.0737]
Ep  15 [train]:  72%|███████▏  | 105/145 [00:44<00:14,  2.74it/s, loss=0.0754]
Ep  15 [train]:  73%|███████▎  | 106/145 [00:44<00:18,  2.14it/s, loss=0.0754]
Ep  15 [train]:  73%|███████▎  | 106/145 [00:44<00:18,  2.14it/s, loss=0.0745]
Ep  15 [train]:  74%|███████▍  | 107/145 [00:44<00:14,  2.70it/s, loss=0.0745]
Ep  15 [train]:  74%|███████▍  | 107/145 [00:44<00:14,  2.70it/s, loss=0.0751]
Ep  15 [train]:  74%|███████▍  | 108/145 [00:44<00:17,  2.11it/s, loss=0.0751]
Ep  15 [train]:  74%|███████▍  | 108/145 [00:45<00:17,  2.11it/s, loss=0.0754]
Ep  15 [train]:  75%|███████▌  | 109/145 [00:45<00:13,  2.60it/s, loss=0.0754]
Ep  15 [train]:  75%|███████▌  | 109/145 [00:45<00:13,  2.60it/s, loss=0.0718]
Ep  15 [train]:  76%|███████▌  | 110/145 [00:45<00:16,  2.13it/s, loss=0.0718]
Ep  15 [train]:  76%|███████▌  | 110/145 [00:45<00:16,  2.13it/s, loss=0.0752]
Ep  15 [train]:  77%|███████▋  | 111/145 [00:45<00:12,  2.62it/s, loss=0.0752]
Ep  15 [train]:  77%|███████▋  | 111/145 [00:46<00:12,  2.62it/s, loss=0.0695]
Ep  15 [train]:  77%|███████▋  | 112/145 [00:46<00:14,  2.20it/s, loss=0.0695]
Ep  15 [train]:  77%|███████▋  | 112/145 [00:46<00:14,  2.20it/s, loss=0.0760]
Ep  15 [train]:  78%|███████▊  | 113/145 [00:46<00:11,  2.79it/s, loss=0.0760]
Ep  15 [train]:  78%|███████▊  | 113/145 [00:47<00:11,  2.79it/s, loss=0.0741]
Ep  15 [train]:  79%|███████▊  | 114/145 [00:47<00:14,  2.14it/s, loss=0.0741]
Ep  15 [train]:  79%|███████▊  | 114/145 [00:47<00:14,  2.14it/s, loss=0.0718]
Ep  15 [train]:  79%|███████▉  | 115/145 [00:47<00:11,  2.72it/s, loss=0.0718]
Ep  15 [train]:  79%|███████▉  | 115/145 [00:48<00:11,  2.72it/s, loss=0.0712]
Ep  15 [train]:  80%|████████  | 116/145 [00:48<00:13,  2.17it/s, loss=0.0712]
Ep  15 [train]:  80%|████████  | 116/145 [00:48<00:13,  2.17it/s, loss=0.0734]
Ep  15 [train]:  81%|████████  | 117/145 [00:48<00:10,  2.75it/s, loss=0.0734]
Ep  15 [train]:  81%|████████  | 117/145 [00:49<00:10,  2.75it/s, loss=0.0728]
Ep  15 [train]:  81%|████████▏ | 118/145 [00:49<00:12,  2.10it/s, loss=0.0728]
Ep  15 [train]:  81%|████████▏ | 118/145 [00:49<00:12,  2.10it/s, loss=0.0715]
Ep  15 [train]:  82%|████████▏ | 119/145 [00:49<00:09,  2.67it/s, loss=0.0715]
Ep  15 [train]:  82%|████████▏ | 119/145 [00:49<00:09,  2.67it/s, loss=0.0803]
Ep  15 [train]:  83%|████████▎ | 120/145 [00:49<00:11,  2.15it/s, loss=0.0803]
Ep  15 [train]:  83%|████████▎ | 120/145 [00:50<00:11,  2.15it/s, loss=0.0765]
Ep  15 [train]:  83%|████████▎ | 121/145 [00:50<00:08,  2.74it/s, loss=0.0765]
Ep  15 [train]:  83%|████████▎ | 121/145 [00:50<00:08,  2.74it/s, loss=0.0729]
Ep  15 [train]:  84%|████████▍ | 122/145 [00:50<00:11,  2.05it/s, loss=0.0729]
Ep  15 [train]:  84%|████████▍ | 122/145 [00:50<00:11,  2.05it/s, loss=0.0851]
Ep  15 [train]:  85%|████████▍ | 123/145 [00:50<00:08,  2.52it/s, loss=0.0851]
Ep  15 [train]:  85%|████████▍ | 123/145 [00:51<00:08,  2.52it/s, loss=0.0786]
Ep  15 [train]:  86%|████████▌ | 124/145 [00:51<00:10,  2.08it/s, loss=0.0786]
Ep  15 [train]:  86%|████████▌ | 124/145 [00:51<00:10,  2.08it/s, loss=0.0762]
Ep  15 [train]:  86%|████████▌ | 125/145 [00:51<00:07,  2.57it/s, loss=0.0762]
Ep  15 [train]:  86%|████████▌ | 125/145 [00:52<00:07,  2.57it/s, loss=0.0714]
Ep  15 [train]:  87%|████████▋ | 126/145 [00:52<00:08,  2.14it/s, loss=0.0714]
Ep  15 [train]:  87%|████████▋ | 126/145 [00:52<00:08,  2.14it/s, loss=0.0745]
Ep  15 [train]:  88%|████████▊ | 127/145 [00:52<00:06,  2.60it/s, loss=0.0745]
Ep  15 [train]:  88%|████████▊ | 127/145 [00:53<00:06,  2.60it/s, loss=0.0775]
Ep  15 [train]:  88%|████████▊ | 128/145 [00:53<00:07,  2.13it/s, loss=0.0775]
Ep  15 [train]:  88%|████████▊ | 128/145 [00:53<00:07,  2.13it/s, loss=0.0793]
Ep  15 [train]:  89%|████████▉ | 129/145 [00:53<00:05,  2.71it/s, loss=0.0793]
Ep  15 [train]:  89%|████████▉ | 129/145 [00:54<00:05,  2.71it/s, loss=0.0732]
Ep  15 [train]:  90%|████████▉ | 130/145 [00:54<00:07,  2.13it/s, loss=0.0732]
Ep  15 [train]:  90%|████████▉ | 130/145 [00:54<00:07,  2.13it/s, loss=0.0753]
Ep  15 [train]:  90%|█████████ | 131/145 [00:54<00:05,  2.74it/s, loss=0.0753]
Ep  15 [train]:  90%|█████████ | 131/145 [00:55<00:05,  2.74it/s, loss=0.0729]
Ep  15 [train]:  91%|█████████ | 132/145 [00:55<00:06,  2.05it/s, loss=0.0729]
Ep  15 [train]:  91%|█████████ | 132/145 [00:55<00:06,  2.05it/s, loss=0.0816]
Ep  15 [train]:  92%|█████████▏| 133/145 [00:55<00:04,  2.56it/s, loss=0.0816]
Ep  15 [train]:  92%|█████████▏| 133/145 [00:55<00:04,  2.56it/s, loss=0.0712]
Ep  15 [train]:  92%|█████████▏| 134/145 [00:55<00:05,  2.01it/s, loss=0.0712]
Ep  15 [train]:  92%|█████████▏| 134/145 [00:56<00:05,  2.01it/s, loss=0.0787]
Ep  15 [train]:  93%|█████████▎| 135/145 [00:56<00:03,  2.54it/s, loss=0.0787]
Ep  15 [train]:  93%|█████████▎| 135/145 [00:56<00:03,  2.54it/s, loss=0.0815]
Ep  15 [train]:  94%|█████████▍| 136/145 [00:56<00:04,  1.99it/s, loss=0.0815]
Ep  15 [train]:  94%|█████████▍| 136/145 [00:57<00:04,  1.99it/s, loss=0.0758]
Ep  15 [train]:  94%|█████████▍| 137/145 [00:57<00:03,  2.44it/s, loss=0.0758]
Ep  15 [train]:  94%|█████████▍| 137/145 [00:57<00:03,  2.44it/s, loss=0.0756]
Ep  15 [train]:  95%|█████████▌| 138/145 [00:57<00:03,  2.06it/s, loss=0.0756]
Ep  15 [train]:  95%|█████████▌| 138/145 [00:57<00:03,  2.06it/s, loss=0.0812]
Ep  15 [train]:  96%|█████████▌| 139/145 [00:57<00:02,  2.59it/s, loss=0.0812]
Ep  15 [train]:  96%|█████████▌| 139/145 [00:58<00:02,  2.59it/s, loss=0.0714]
Ep  15 [train]:  97%|█████████▋| 140/145 [00:58<00:02,  2.09it/s, loss=0.0714]
Ep  15 [train]:  97%|█████████▋| 140/145 [00:58<00:02,  2.09it/s, loss=0.0716]
Ep  15 [train]:  97%|█████████▋| 141/145 [00:58<00:01,  2.62it/s, loss=0.0716]
Ep  15 [train]:  97%|█████████▋| 141/145 [00:59<00:01,  2.62it/s, loss=0.0842]
Ep  15 [train]:  98%|█████████▊| 142/145 [00:59<00:01,  2.15it/s, loss=0.0842]
Ep  15 [train]:  98%|█████████▊| 142/145 [00:59<00:01,  2.15it/s, loss=0.0775]
Ep  15 [train]:  99%|█████████▊| 143/145 [00:59<00:00,  2.71it/s, loss=0.0775]
Ep  15 [train]:  99%|█████████▊| 143/145 [01:00<00:00,  2.71it/s, loss=0.0823]
Ep  15 [train]:  99%|█████████▉| 144/145 [01:00<00:00,  2.22it/s, loss=0.0823]
Ep  15 [train]:  99%|█████████▉| 144/145 [01:00<00:00,  2.22it/s, loss=0.0695]
Ep  15 [train]: 100%|██████████| 145/145 [01:00<00:00,  2.85it/s, loss=0.0695]
                                                                              
  Ep  15 [train]  loss=0.0752  rmse_c=0.2389  mae_c=0.2159  r2_c=0.019  rmse_h=0.3060  mae_h=0.2278  r2_h=0.459  sup=0.321

Ep  15 [val  ]:   0%|          | 0/39 [00:00<?, ?it/s]
Ep  15 [val  ]:   0%|          | 0/39 [00:01<?, ?it/s, loss=0.0956]
Ep  15 [val  ]:   3%|▎         | 1/39 [00:01<00:42,  1.12s/it, loss=0.0956]
Ep  15 [val  ]:   3%|▎         | 1/39 [00:01<00:42,  1.12s/it, loss=0.0914]
Ep  15 [val  ]:   3%|▎         | 1/39 [00:01<00:42,  1.12s/it, loss=0.0757]
Ep  15 [val  ]:   8%|▊         | 3/39 [00:01<00:20,  1.73it/s, loss=0.0757]
Ep  15 [val  ]:   8%|▊         | 3/39 [00:01<00:20,  1.73it/s, loss=0.0718]
Ep  15 [val  ]:   8%|▊         | 3/39 [00:02<00:20,  1.73it/s, loss=0.0750]
Ep  15 [val  ]:  13%|█▎        | 5/39 [00:02<00:16,  2.03it/s, loss=0.0750]
Ep  15 [val  ]:  13%|█▎        | 5/39 [00:02<00:16,  2.03it/s, loss=0.0763]
Ep  15 [val  ]:  13%|█▎        | 5/39 [00:03<00:16,  2.03it/s, loss=0.0716]
Ep  15 [val  ]:  18%|█▊        | 7/39 [00:03<00:14,  2.18it/s, loss=0.0716]
Ep  15 [val  ]:  18%|█▊        | 7/39 [00:03<00:14,  2.18it/s, loss=0.0708]
Ep  15 [val  ]:  21%|██        | 8/39 [00:03<00:11,  2.66it/s, loss=0.0708]
Ep  15 [val  ]:  21%|██        | 8/39 [00:04<00:11,  2.66it/s, loss=0.0696]
Ep  15 [val  ]:  23%|██▎       | 9/39 [00:04<00:14,  2.07it/s, loss=0.0696]
Ep  15 [val  ]:  23%|██▎       | 9/39 [00:04<00:14,  2.07it/s, loss=0.0688]
Ep  15 [val  ]:  26%|██▌       | 10/39 [00:04<00:11,  2.59it/s, loss=0.0688]
Ep  15 [val  ]:  26%|██▌       | 10/39 [00:05<00:11,  2.59it/s, loss=0.0703]
Ep  15 [val  ]:  28%|██▊       | 11/39 [00:05<00:13,  2.01it/s, loss=0.0703]
Ep  15 [val  ]:  28%|██▊       | 11/39 [00:05<00:13,  2.01it/s, loss=0.0747]
Ep  15 [val  ]:  31%|███       | 12/39 [00:05<00:10,  2.55it/s, loss=0.0747]
Ep  15 [val  ]:  31%|███       | 12/39 [00:06<00:10,  2.55it/s, loss=0.0775]
Ep  15 [val  ]:  33%|███▎      | 13/39 [00:06<00:12,  2.08it/s, loss=0.0775]
Ep  15 [val  ]:  33%|███▎      | 13/39 [00:06<00:12,  2.08it/s, loss=0.0867]
Ep  15 [val  ]:  33%|███▎      | 13/39 [00:07<00:12,  2.08it/s, loss=0.0963]
Ep  15 [val  ]:  38%|███▊      | 15/39 [00:07<00:10,  2.22it/s, loss=0.0963]
Ep  15 [val  ]:  38%|███▊      | 15/39 [00:07<00:10,  2.22it/s, loss=0.0934]
Ep  15 [val  ]:  38%|███▊      | 15/39 [00:07<00:10,  2.22it/s, loss=0.0947]
Ep  15 [val  ]:  44%|████▎     | 17/39 [00:07<00:09,  2.30it/s, loss=0.0947]
Ep  15 [val  ]:  44%|████▎     | 17/39 [00:07<00:09,  2.30it/s, loss=0.0840]
Ep  15 [val  ]:  44%|████▎     | 17/39 [00:08<00:09,  2.30it/s, loss=0.0786]
Ep  15 [val  ]:  49%|████▊     | 19/39 [00:08<00:08,  2.32it/s, loss=0.0786]
Ep  15 [val  ]:  49%|████▊     | 19/39 [00:08<00:08,  2.32it/s, loss=0.0649]
Ep  15 [val  ]:  49%|████▊     | 19/39 [00:09<00:08,  2.32it/s, loss=0.0580]
Ep  15 [val  ]:  54%|█████▍    | 21/39 [00:09<00:07,  2.32it/s, loss=0.0580]
Ep  15 [val  ]:  54%|█████▍    | 21/39 [00:09<00:07,  2.32it/s, loss=0.0659]
Ep  15 [val  ]:  54%|█████▍    | 21/39 [00:10<00:07,  2.32it/s, loss=0.0619]
Ep  15 [val  ]:  59%|█████▉    | 23/39 [00:10<00:06,  2.35it/s, loss=0.0619]
Ep  15 [val  ]:  59%|█████▉    | 23/39 [00:10<00:06,  2.35it/s, loss=0.0626]
Ep  15 [val  ]:  59%|█████▉    | 23/39 [00:11<00:06,  2.35it/s, loss=0.0642]
Ep  15 [val  ]:  64%|██████▍   | 25/39 [00:11<00:05,  2.38it/s, loss=0.0642]
Ep  15 [val  ]:  64%|██████▍   | 25/39 [00:11<00:05,  2.38it/s, loss=0.0711]
Ep  15 [val  ]:  64%|██████▍   | 25/39 [00:12<00:05,  2.38it/s, loss=0.0771]
Ep  15 [val  ]:  69%|██████▉   | 27/39 [00:12<00:05,  2.35it/s, loss=0.0771]
Ep  15 [val  ]:  69%|██████▉   | 27/39 [00:12<00:05,  2.35it/s, loss=0.1173]
Ep  15 [val  ]:  69%|██████▉   | 27/39 [00:13<00:05,  2.35it/s, loss=0.0912]
Ep  15 [val  ]:  74%|███████▍  | 29/39 [00:13<00:04,  2.27it/s, loss=0.0912]
Ep  15 [val  ]:  74%|███████▍  | 29/39 [00:13<00:04,  2.27it/s, loss=0.0814]
Ep  15 [val  ]:  77%|███████▋  | 30/39 [00:13<00:03,  2.61it/s, loss=0.0814]
Ep  15 [val  ]:  77%|███████▋  | 30/39 [00:13<00:03,  2.61it/s, loss=0.0764]
Ep  15 [val  ]:  79%|███████▉  | 31/39 [00:13<00:03,  2.19it/s, loss=0.0764]
Ep  15 [val  ]:  79%|███████▉  | 31/39 [00:13<00:03,  2.19it/s, loss=0.0719]
Ep  15 [val  ]:  79%|███████▉  | 31/39 [00:14<00:03,  2.19it/s, loss=0.0728]
Ep  15 [val  ]:  85%|████████▍ | 33/39 [00:14<00:02,  2.27it/s, loss=0.0728]
Ep  15 [val  ]:  85%|████████▍ | 33/39 [00:14<00:02,  2.27it/s, loss=0.0712]
Ep  15 [val  ]:  85%|████████▍ | 33/39 [00:15<00:02,  2.27it/s, loss=0.0764]
Ep  15 [val  ]:  90%|████████▉ | 35/39 [00:15<00:01,  2.26it/s, loss=0.0764]
Ep  15 [val  ]:  90%|████████▉ | 35/39 [00:15<00:01,  2.26it/s, loss=0.0720]
Ep  15 [val  ]:  90%|████████▉ | 35/39 [00:16<00:01,  2.26it/s, loss=0.0702]
Ep  15 [val  ]:  95%|█████████▍| 37/39 [00:16<00:00,  2.28it/s, loss=0.0702]
Ep  15 [val  ]:  95%|█████████▍| 37/39 [00:16<00:00,  2.28it/s, loss=0.0603]
Ep  15 [val  ]:  95%|█████████▍| 37/39 [00:16<00:00,  2.28it/s, loss=0.0742]
                                                                            
  Ep  15 [val  ]  loss=0.0765  rmse_c=0.2444  mae_c=0.2217  r2_c=0.018  rmse_h=0.3039  mae_h=0.2230  r2_h=0.425  sup=0.308

Ep  16 [train]:   0%|          | 0/145 [00:00<?, ?it/s]
Ep  16 [train]:   0%|          | 0/145 [00:01<?, ?it/s, loss=0.0718]
Ep  16 [train]:   1%|          | 1/145 [00:01<02:56,  1.23s/it, loss=0.0718]
Ep  16 [train]:   1%|          | 1/145 [00:01<02:56,  1.23s/it, loss=0.0790]
Ep  16 [train]:   1%|▏         | 2/145 [00:01<01:22,  1.72it/s, loss=0.0790]
Ep  16 [train]:   1%|▏         | 2/145 [00:01<01:22,  1.72it/s, loss=0.0709]
Ep  16 [train]:   2%|▏         | 3/145 [00:01<01:26,  1.65it/s, loss=0.0709]
Ep  16 [train]:   2%|▏         | 3/145 [00:02<01:26,  1.65it/s, loss=0.0765]
Ep  16 [train]:   3%|▎         | 4/145 [00:02<01:00,  2.33it/s, loss=0.0765]
Ep  16 [train]:   3%|▎         | 4/145 [00:02<01:00,  2.33it/s, loss=0.0769]
Ep  16 [train]:   3%|▎         | 5/145 [00:02<01:08,  2.05it/s, loss=0.0769]
Ep  16 [train]:   3%|▎         | 5/145 [00:02<01:08,  2.05it/s, loss=0.0818]
Ep  16 [train]:   4%|▍         | 6/145 [00:02<00:51,  2.68it/s, loss=0.0818]
Ep  16 [train]:   4%|▍         | 6/145 [00:03<00:51,  2.68it/s, loss=0.0814]
Ep  16 [train]:   5%|▍         | 7/145 [00:03<01:02,  2.20it/s, loss=0.0814]
Ep  16 [train]:   5%|▍         | 7/145 [00:03<01:02,  2.20it/s, loss=0.0704]
Ep  16 [train]:   6%|▌         | 8/145 [00:03<00:48,  2.85it/s, loss=0.0704]
Ep  16 [train]:   6%|▌         | 8/145 [00:04<00:48,  2.85it/s, loss=0.0759]
Ep  16 [train]:   6%|▌         | 9/145 [00:04<00:59,  2.29it/s, loss=0.0759]
Ep  16 [train]:   6%|▌         | 9/145 [00:04<00:59,  2.29it/s, loss=0.0702]
Ep  16 [train]:   7%|▋         | 10/145 [00:04<00:46,  2.88it/s, loss=0.0702]
Ep  16 [train]:   7%|▋         | 10/145 [00:04<00:46,  2.88it/s, loss=0.0762]
Ep  16 [train]:   8%|▊         | 11/145 [00:04<00:55,  2.43it/s, loss=0.0762]
Ep  16 [train]:   8%|▊         | 11/145 [00:05<00:55,  2.43it/s, loss=0.0737]
Ep  16 [train]:   8%|▊         | 12/145 [00:05<00:44,  2.98it/s, loss=0.0737]
Ep  16 [train]:   8%|▊         | 12/145 [00:05<00:44,  2.98it/s, loss=0.0712]
Ep  16 [train]:   9%|▉         | 13/145 [00:05<00:55,  2.38it/s, loss=0.0712]
Ep  16 [train]:   9%|▉         | 13/145 [00:05<00:55,  2.38it/s, loss=0.0780]
Ep  16 [train]:  10%|▉         | 14/145 [00:05<00:47,  2.75it/s, loss=0.0780]
Ep  16 [train]:  10%|▉         | 14/145 [00:06<00:47,  2.75it/s, loss=0.0703]
Ep  16 [train]:  10%|█         | 15/145 [00:06<00:53,  2.41it/s, loss=0.0703]
Ep  16 [train]:  10%|█         | 15/145 [00:06<00:53,  2.41it/s, loss=0.0668]
Ep  16 [train]:  11%|█         | 16/145 [00:06<00:50,  2.53it/s, loss=0.0668]
Ep  16 [train]:  11%|█         | 16/145 [00:07<00:50,  2.53it/s, loss=0.0643]
Ep  16 [train]:  12%|█▏        | 17/145 [00:07<00:48,  2.64it/s, loss=0.0643]
Ep  16 [train]:  12%|█▏        | 17/145 [00:07<00:48,  2.64it/s, loss=0.0693]
Ep  16 [train]:  12%|█▏        | 18/145 [00:07<00:52,  2.41it/s, loss=0.0693]
Ep  16 [train]:  12%|█▏        | 18/145 [00:07<00:52,  2.41it/s, loss=0.0758]
Ep  16 [train]:  13%|█▎        | 19/145 [00:07<00:47,  2.65it/s, loss=0.0758]
Ep  16 [train]:  13%|█▎        | 19/145 [00:08<00:47,  2.65it/s, loss=0.0857]
Ep  16 [train]:  14%|█▍        | 20/145 [00:08<00:57,  2.18it/s, loss=0.0857]
Ep  16 [train]:  14%|█▍        | 20/145 [00:08<00:57,  2.18it/s, loss=0.0697]
Ep  16 [train]:  14%|█▍        | 21/145 [00:08<00:45,  2.73it/s, loss=0.0697]
Ep  16 [train]:  14%|█▍        | 21/145 [00:09<00:45,  2.73it/s, loss=0.0739]
Ep  16 [train]:  15%|█▌        | 22/145 [00:09<00:55,  2.20it/s, loss=0.0739]
Ep  16 [train]:  15%|█▌        | 22/145 [00:09<00:55,  2.20it/s, loss=0.0737]
Ep  16 [train]:  16%|█▌        | 23/145 [00:09<00:44,  2.71it/s, loss=0.0737]
Ep  16 [train]:  16%|█▌        | 23/145 [00:10<00:44,  2.71it/s, loss=0.0648]
Ep  16 [train]:  17%|█▋        | 24/145 [00:10<00:55,  2.18it/s, loss=0.0648]
Ep  16 [train]:  17%|█▋        | 24/145 [00:10<00:55,  2.18it/s, loss=0.0765]
Ep  16 [train]:  17%|█▋        | 25/145 [00:10<00:45,  2.67it/s, loss=0.0765]
Ep  16 [train]:  17%|█▋        | 25/145 [00:11<00:45,  2.67it/s, loss=0.0824]
Ep  16 [train]:  18%|█▊        | 26/145 [00:11<00:55,  2.13it/s, loss=0.0824]
Ep  16 [train]:  18%|█▊        | 26/145 [00:11<00:55,  2.13it/s, loss=0.0764]
Ep  16 [train]:  19%|█▊        | 27/145 [00:11<00:44,  2.63it/s, loss=0.0764]
Ep  16 [train]:  19%|█▊        | 27/145 [00:12<00:44,  2.63it/s, loss=0.0703]
Ep  16 [train]:  19%|█▉        | 28/145 [00:12<00:57,  2.02it/s, loss=0.0703]
Ep  16 [train]:  19%|█▉        | 28/145 [00:12<00:57,  2.02it/s, loss=0.0710]
Ep  16 [train]:  20%|██        | 29/145 [00:12<00:46,  2.52it/s, loss=0.0710]
Ep  16 [train]:  20%|██        | 29/145 [00:12<00:46,  2.52it/s, loss=0.0736]
Ep  16 [train]:  21%|██        | 30/145 [00:12<00:55,  2.08it/s, loss=0.0736]
Ep  16 [train]:  21%|██        | 30/145 [00:13<00:55,  2.08it/s, loss=0.0715]
Ep  16 [train]:  21%|██▏       | 31/145 [00:13<00:43,  2.59it/s, loss=0.0715]
Ep  16 [train]:  21%|██▏       | 31/145 [00:13<00:43,  2.59it/s, loss=0.0687]
Ep  16 [train]:  22%|██▏       | 32/145 [00:13<00:54,  2.07it/s, loss=0.0687]
Ep  16 [train]:  22%|██▏       | 32/145 [00:13<00:54,  2.07it/s, loss=0.0738]
Ep  16 [train]:  23%|██▎       | 33/145 [00:13<00:42,  2.63it/s, loss=0.0738]
Ep  16 [train]:  23%|██▎       | 33/145 [00:14<00:42,  2.63it/s, loss=0.0820]
Ep  16 [train]:  23%|██▎       | 34/145 [00:14<00:55,  2.02it/s, loss=0.0820]
Ep  16 [train]:  23%|██▎       | 34/145 [00:14<00:55,  2.02it/s, loss=0.0780]
Ep  16 [train]:  24%|██▍       | 35/145 [00:14<00:43,  2.52it/s, loss=0.0780]
Ep  16 [train]:  24%|██▍       | 35/145 [00:15<00:43,  2.52it/s, loss=0.0727]
Ep  16 [train]:  25%|██▍       | 36/145 [00:15<00:54,  2.00it/s, loss=0.0727]
Ep  16 [train]:  25%|██▍       | 36/145 [00:15<00:54,  2.00it/s, loss=0.0729]
Ep  16 [train]:  26%|██▌       | 37/145 [00:15<00:42,  2.54it/s, loss=0.0729]
Ep  16 [train]:  26%|██▌       | 37/145 [00:16<00:42,  2.54it/s, loss=0.0820]
Ep  16 [train]:  26%|██▌       | 38/145 [00:16<00:54,  1.97it/s, loss=0.0820]
Ep  16 [train]:  26%|██▌       | 38/145 [00:16<00:54,  1.97it/s, loss=0.0725]
Ep  16 [train]:  27%|██▋       | 39/145 [00:16<00:41,  2.56it/s, loss=0.0725]
Ep  16 [train]:  27%|██▋       | 39/145 [00:17<00:41,  2.56it/s, loss=0.0724]
Ep  16 [train]:  28%|██▊       | 40/145 [00:17<00:52,  1.98it/s, loss=0.0724]
Ep  16 [train]:  28%|██▊       | 40/145 [00:17<00:52,  1.98it/s, loss=0.0857]
Ep  16 [train]:  28%|██▊       | 41/145 [00:17<00:41,  2.53it/s, loss=0.0857]
Ep  16 [train]:  28%|██▊       | 41/145 [00:18<00:41,  2.53it/s, loss=0.0874]
Ep  16 [train]:  29%|██▉       | 42/145 [00:18<00:47,  2.17it/s, loss=0.0874]
Ep  16 [train]:  29%|██▉       | 42/145 [00:18<00:47,  2.17it/s, loss=0.0853]
Ep  16 [train]:  30%|██▉       | 43/145 [00:18<00:36,  2.79it/s, loss=0.0853]
Ep  16 [train]:  30%|██▉       | 43/145 [00:18<00:36,  2.79it/s, loss=0.0833]
Ep  16 [train]:  30%|███       | 44/145 [00:18<00:45,  2.24it/s, loss=0.0833]
Ep  16 [train]:  30%|███       | 44/145 [00:19<00:45,  2.24it/s, loss=0.0861]
Ep  16 [train]:  31%|███       | 45/145 [00:19<00:36,  2.76it/s, loss=0.0861]
Ep  16 [train]:  31%|███       | 45/145 [00:19<00:36,  2.76it/s, loss=0.0778]
Ep  16 [train]:  32%|███▏      | 46/145 [00:19<00:47,  2.09it/s, loss=0.0778]
Ep  16 [train]:  32%|███▏      | 46/145 [00:20<00:47,  2.09it/s, loss=0.0742]
Ep  16 [train]:  32%|███▏      | 47/145 [00:20<00:37,  2.65it/s, loss=0.0742]
Ep  16 [train]:  32%|███▏      | 47/145 [00:20<00:37,  2.65it/s, loss=0.0793]
Ep  16 [train]:  33%|███▎      | 48/145 [00:20<00:46,  2.07it/s, loss=0.0793]
Ep  16 [train]:  33%|███▎      | 48/145 [00:20<00:46,  2.07it/s, loss=0.0742]
Ep  16 [train]:  34%|███▍      | 49/145 [00:20<00:35,  2.68it/s, loss=0.0742]
Ep  16 [train]:  34%|███▍      | 49/145 [00:21<00:35,  2.68it/s, loss=0.0723]
Ep  16 [train]:  34%|███▍      | 50/145 [00:21<00:47,  1.99it/s, loss=0.0723]
Ep  16 [train]:  34%|███▍      | 50/145 [00:21<00:47,  1.99it/s, loss=0.0743]
Ep  16 [train]:  35%|███▌      | 51/145 [00:21<00:36,  2.54it/s, loss=0.0743]
Ep  16 [train]:  35%|███▌      | 51/145 [00:22<00:36,  2.54it/s, loss=0.0714]
Ep  16 [train]:  36%|███▌      | 52/145 [00:22<00:47,  1.96it/s, loss=0.0714]
Ep  16 [train]:  36%|███▌      | 52/145 [00:22<00:47,  1.96it/s, loss=0.0773]
Ep  16 [train]:  37%|███▋      | 53/145 [00:22<00:37,  2.45it/s, loss=0.0773]
Ep  16 [train]:  37%|███▋      | 53/145 [00:23<00:37,  2.45it/s, loss=0.0693]
Ep  16 [train]:  37%|███▋      | 54/145 [00:23<00:45,  2.02it/s, loss=0.0693]
Ep  16 [train]:  37%|███▋      | 54/145 [00:23<00:45,  2.02it/s, loss=0.0718]
Ep  16 [train]:  38%|███▊      | 55/145 [00:23<00:34,  2.61it/s, loss=0.0718]
Ep  16 [train]:  38%|███▊      | 55/145 [00:24<00:34,  2.61it/s, loss=0.0715]
Ep  16 [train]:  39%|███▊      | 56/145 [00:24<00:43,  2.04it/s, loss=0.0715]
Ep  16 [train]:  39%|███▊      | 56/145 [00:24<00:43,  2.04it/s, loss=0.0748]
Ep  16 [train]:  39%|███▉      | 57/145 [00:24<00:34,  2.58it/s, loss=0.0748]
Ep  16 [train]:  39%|███▉      | 57/145 [00:25<00:34,  2.58it/s, loss=0.0713]
Ep  16 [train]:  40%|████      | 58/145 [00:25<00:42,  2.07it/s, loss=0.0713]
Ep  16 [train]:  40%|████      | 58/145 [00:25<00:42,  2.07it/s, loss=0.0718]
Ep  16 [train]:  41%|████      | 59/145 [00:25<00:32,  2.67it/s, loss=0.0718]
Ep  16 [train]:  41%|████      | 59/145 [00:26<00:32,  2.67it/s, loss=0.0737]
Ep  16 [train]:  41%|████▏     | 60/145 [00:26<00:41,  2.06it/s, loss=0.0737]
Ep  16 [train]:  41%|████▏     | 60/145 [00:26<00:41,  2.06it/s, loss=0.0735]
Ep  16 [train]:  42%|████▏     | 61/145 [00:26<00:32,  2.61it/s, loss=0.0735]
Ep  16 [train]:  42%|████▏     | 61/145 [00:26<00:32,  2.61it/s, loss=0.0828]
Ep  16 [train]:  43%|████▎     | 62/145 [00:26<00:39,  2.09it/s, loss=0.0828]
Ep  16 [train]:  43%|████▎     | 62/145 [00:27<00:39,  2.09it/s, loss=0.0693]
Ep  16 [train]:  43%|████▎     | 63/145 [00:27<00:30,  2.69it/s, loss=0.0693]
Ep  16 [train]:  43%|████▎     | 63/145 [00:27<00:30,  2.69it/s, loss=0.0791]
Ep  16 [train]:  44%|████▍     | 64/145 [00:27<00:38,  2.13it/s, loss=0.0791]
Ep  16 [train]:  44%|████▍     | 64/145 [00:27<00:38,  2.13it/s, loss=0.0806]
Ep  16 [train]:  45%|████▍     | 65/145 [00:27<00:30,  2.59it/s, loss=0.0806]
Ep  16 [train]:  45%|████▍     | 65/145 [00:28<00:30,  2.59it/s, loss=0.0737]
Ep  16 [train]:  46%|████▌     | 66/145 [00:28<00:37,  2.09it/s, loss=0.0737]
Ep  16 [train]:  46%|████▌     | 66/145 [00:28<00:37,  2.09it/s, loss=0.0686]
Ep  16 [train]:  46%|████▌     | 67/145 [00:28<00:29,  2.65it/s, loss=0.0686]
Ep  16 [train]:  46%|████▌     | 67/145 [00:29<00:29,  2.65it/s, loss=0.0695]
Ep  16 [train]:  47%|████▋     | 68/145 [00:29<00:35,  2.18it/s, loss=0.0695]
Ep  16 [train]:  47%|████▋     | 68/145 [00:29<00:35,  2.18it/s, loss=0.0773]
Ep  16 [train]:  48%|████▊     | 69/145 [00:29<00:27,  2.75it/s, loss=0.0773]
Ep  16 [train]:  48%|████▊     | 69/145 [00:30<00:27,  2.75it/s, loss=0.0714]
Ep  16 [train]:  48%|████▊     | 70/145 [00:30<00:33,  2.24it/s, loss=0.0714]
Ep  16 [train]:  48%|████▊     | 70/145 [00:30<00:33,  2.24it/s, loss=0.0721]
Ep  16 [train]:  49%|████▉     | 71/145 [00:30<00:26,  2.83it/s, loss=0.0721]
Ep  16 [train]:  49%|████▉     | 71/145 [00:30<00:26,  2.83it/s, loss=0.0759]
Ep  16 [train]:  50%|████▉     | 72/145 [00:30<00:31,  2.34it/s, loss=0.0759]
Ep  16 [train]:  50%|████▉     | 72/145 [00:31<00:31,  2.34it/s, loss=0.0724]
Ep  16 [train]:  50%|█████     | 73/145 [00:31<00:24,  2.96it/s, loss=0.0724]
Ep  16 [train]:  50%|█████     | 73/145 [00:31<00:24,  2.96it/s, loss=0.0714]
Ep  16 [train]:  51%|█████     | 74/145 [00:31<00:29,  2.39it/s, loss=0.0714]
Ep  16 [train]:  51%|█████     | 74/145 [00:31<00:29,  2.39it/s, loss=0.0729]
Ep  16 [train]:  52%|█████▏    | 75/145 [00:31<00:23,  2.94it/s, loss=0.0729]
Ep  16 [train]:  52%|█████▏    | 75/145 [00:32<00:23,  2.94it/s, loss=0.0747]
Ep  16 [train]:  52%|█████▏    | 76/145 [00:32<00:29,  2.34it/s, loss=0.0747]
Ep  16 [train]:  52%|█████▏    | 76/145 [00:32<00:29,  2.34it/s, loss=0.0692]
Ep  16 [train]:  53%|█████▎    | 77/145 [00:32<00:23,  2.95it/s, loss=0.0692]
Ep  16 [train]:  53%|█████▎    | 77/145 [00:33<00:23,  2.95it/s, loss=0.0674]
Ep  16 [train]:  54%|█████▍    | 78/145 [00:33<00:28,  2.33it/s, loss=0.0674]
Ep  16 [train]:  54%|█████▍    | 78/145 [00:33<00:28,  2.33it/s, loss=0.0752]
Ep  16 [train]:  54%|█████▍    | 79/145 [00:33<00:22,  2.89it/s, loss=0.0752]
Ep  16 [train]:  54%|█████▍    | 79/145 [00:33<00:22,  2.89it/s, loss=0.0757]
Ep  16 [train]:  55%|█████▌    | 80/145 [00:33<00:28,  2.29it/s, loss=0.0757]
Ep  16 [train]:  55%|█████▌    | 80/145 [00:34<00:28,  2.29it/s, loss=0.0712]
Ep  16 [train]:  56%|█████▌    | 81/145 [00:34<00:22,  2.82it/s, loss=0.0712]
Ep  16 [train]:  56%|█████▌    | 81/145 [00:34<00:22,  2.82it/s, loss=0.0748]
Ep  16 [train]:  57%|█████▋    | 82/145 [00:34<00:27,  2.31it/s, loss=0.0748]
Ep  16 [train]:  57%|█████▋    | 82/145 [00:34<00:27,  2.31it/s, loss=0.0656]
Ep  16 [train]:  57%|█████▋    | 83/145 [00:34<00:21,  2.92it/s, loss=0.0656]
Ep  16 [train]:  57%|█████▋    | 83/145 [00:35<00:21,  2.92it/s, loss=0.0767]
Ep  16 [train]:  58%|█████▊    | 84/145 [00:35<00:26,  2.34it/s, loss=0.0767]
Ep  16 [train]:  58%|█████▊    | 84/145 [00:35<00:26,  2.34it/s, loss=0.0696]
Ep  16 [train]:  59%|█████▊    | 85/145 [00:35<00:20,  2.94it/s, loss=0.0696]
Ep  16 [train]:  59%|█████▊    | 85/145 [00:36<00:20,  2.94it/s, loss=0.0707]
Ep  16 [train]:  59%|█████▉    | 86/145 [00:36<00:25,  2.29it/s, loss=0.0707]
Ep  16 [train]:  59%|█████▉    | 86/145 [00:36<00:25,  2.29it/s, loss=0.0692]
Ep  16 [train]:  60%|██████    | 87/145 [00:36<00:20,  2.90it/s, loss=0.0692]
Ep  16 [train]:  60%|██████    | 87/145 [00:37<00:20,  2.90it/s, loss=0.0707]
Ep  16 [train]:  61%|██████    | 88/145 [00:37<00:24,  2.31it/s, loss=0.0707]
Ep  16 [train]:  61%|██████    | 88/145 [00:37<00:24,  2.31it/s, loss=0.0730]
Ep  16 [train]:  61%|██████▏   | 89/145 [00:37<00:20,  2.70it/s, loss=0.0730]
Ep  16 [train]:  61%|██████▏   | 89/145 [00:37<00:20,  2.70it/s, loss=0.0712]
Ep  16 [train]:  62%|██████▏   | 90/145 [00:37<00:23,  2.37it/s, loss=0.0712]
Ep  16 [train]:  62%|██████▏   | 90/145 [00:38<00:23,  2.37it/s, loss=0.0801]
Ep  16 [train]:  63%|██████▎   | 91/145 [00:38<00:21,  2.55it/s, loss=0.0801]
Ep  16 [train]:  63%|██████▎   | 91/145 [00:38<00:21,  2.55it/s, loss=0.0728]
Ep  16 [train]:  63%|██████▎   | 92/145 [00:38<00:22,  2.37it/s, loss=0.0728]
Ep  16 [train]:  63%|██████▎   | 92/145 [00:38<00:22,  2.37it/s, loss=0.0805]
Ep  16 [train]:  64%|██████▍   | 93/145 [00:38<00:19,  2.68it/s, loss=0.0805]
Ep  16 [train]:  64%|██████▍   | 93/145 [00:39<00:19,  2.68it/s, loss=0.0719]
Ep  16 [train]:  65%|██████▍   | 94/145 [00:39<00:21,  2.37it/s, loss=0.0719]
Ep  16 [train]:  65%|██████▍   | 94/145 [00:39<00:21,  2.37it/s, loss=0.0779]
Ep  16 [train]:  66%|██████▌   | 95/145 [00:39<00:18,  2.71it/s, loss=0.0779]
Ep  16 [train]:  66%|██████▌   | 95/145 [00:40<00:18,  2.71it/s, loss=0.0722]
Ep  16 [train]:  66%|██████▌   | 96/145 [00:40<00:21,  2.29it/s, loss=0.0722]
Ep  16 [train]:  66%|██████▌   | 96/145 [00:40<00:21,  2.29it/s, loss=0.0775]
Ep  16 [train]:  67%|██████▋   | 97/145 [00:40<00:17,  2.69it/s, loss=0.0775]
Ep  16 [train]:  67%|██████▋   | 97/145 [00:41<00:17,  2.69it/s, loss=0.0689]
Ep  16 [train]:  68%|██████▊   | 98/145 [00:41<00:20,  2.27it/s, loss=0.0689]
Ep  16 [train]:  68%|██████▊   | 98/145 [00:41<00:20,  2.27it/s, loss=0.0703]
Ep  16 [train]:  68%|██████▊   | 99/145 [00:41<00:16,  2.78it/s, loss=0.0703]
Ep  16 [train]:  68%|██████▊   | 99/145 [00:41<00:16,  2.78it/s, loss=0.0721]
Ep  16 [train]:  69%|██████▉   | 100/145 [00:41<00:18,  2.37it/s, loss=0.0721]
Ep  16 [train]:  69%|██████▉   | 100/145 [00:42<00:18,  2.37it/s, loss=0.0782]
Ep  16 [train]:  70%|██████▉   | 101/145 [00:42<00:15,  2.83it/s, loss=0.0782]
Ep  16 [train]:  70%|██████▉   | 101/145 [00:42<00:15,  2.83it/s, loss=0.0723]
Ep  16 [train]:  70%|███████   | 102/145 [00:42<00:18,  2.33it/s, loss=0.0723]
Ep  16 [train]:  70%|███████   | 102/145 [00:42<00:18,  2.33it/s, loss=0.0906]
Ep  16 [train]:  71%|███████   | 103/145 [00:42<00:15,  2.75it/s, loss=0.0906]
Ep  16 [train]:  71%|███████   | 103/145 [00:43<00:15,  2.75it/s, loss=0.0698]
Ep  16 [train]:  72%|███████▏  | 104/145 [00:43<00:17,  2.30it/s, loss=0.0698]
Ep  16 [train]:  72%|███████▏  | 104/145 [00:43<00:17,  2.30it/s, loss=0.0786]
Ep  16 [train]:  72%|███████▏  | 105/145 [00:43<00:14,  2.82it/s, loss=0.0786]
Ep  16 [train]:  72%|███████▏  | 105/145 [00:44<00:14,  2.82it/s, loss=0.0885]
Ep  16 [train]:  73%|███████▎  | 106/145 [00:44<00:16,  2.30it/s, loss=0.0885]
Ep  16 [train]:  73%|███████▎  | 106/145 [00:44<00:16,  2.30it/s, loss=0.0742]
Ep  16 [train]:  74%|███████▍  | 107/145 [00:44<00:13,  2.86it/s, loss=0.0742]
Ep  16 [train]:  74%|███████▍  | 107/145 [00:45<00:13,  2.86it/s, loss=0.0787]
Ep  16 [train]:  74%|███████▍  | 108/145 [00:45<00:16,  2.31it/s, loss=0.0787]
Ep  16 [train]:  74%|███████▍  | 108/145 [00:45<00:16,  2.31it/s, loss=0.0750]
Ep  16 [train]:  75%|███████▌  | 109/145 [00:45<00:12,  2.87it/s, loss=0.0750]
Ep  16 [train]:  75%|███████▌  | 109/145 [00:45<00:12,  2.87it/s, loss=0.0763]
Ep  16 [train]:  76%|███████▌  | 110/145 [00:45<00:15,  2.25it/s, loss=0.0763]
Ep  16 [train]:  76%|███████▌  | 110/145 [00:46<00:15,  2.25it/s, loss=0.0759]
Ep  16 [train]:  77%|███████▋  | 111/145 [00:46<00:12,  2.73it/s, loss=0.0759]
Ep  16 [train]:  77%|███████▋  | 111/145 [00:46<00:12,  2.73it/s, loss=0.0720]
Ep  16 [train]:  77%|███████▋  | 112/145 [00:46<00:14,  2.25it/s, loss=0.0720]
Ep  16 [train]:  77%|███████▋  | 112/145 [00:46<00:14,  2.25it/s, loss=0.0771]
Ep  16 [train]:  78%|███████▊  | 113/145 [00:46<00:11,  2.78it/s, loss=0.0771]
Ep  16 [train]:  78%|███████▊  | 113/145 [00:47<00:11,  2.78it/s, loss=0.0809]
Ep  16 [train]:  79%|███████▊  | 114/145 [00:47<00:13,  2.25it/s, loss=0.0809]
Ep  16 [train]:  79%|███████▊  | 114/145 [00:47<00:13,  2.25it/s, loss=0.0693]
Ep  16 [train]:  79%|███████▉  | 115/145 [00:47<00:10,  2.74it/s, loss=0.0693]
Ep  16 [train]:  79%|███████▉  | 115/145 [00:48<00:10,  2.74it/s, loss=0.0760]
Ep  16 [train]:  80%|████████  | 116/145 [00:48<00:12,  2.30it/s, loss=0.0760]
Ep  16 [train]:  80%|████████  | 116/145 [00:48<00:12,  2.30it/s, loss=0.0786]
Ep  16 [train]:  81%|████████  | 117/145 [00:48<00:09,  2.91it/s, loss=0.0786]
Ep  16 [train]:  81%|████████  | 117/145 [00:49<00:09,  2.91it/s, loss=0.0777]
Ep  16 [train]:  81%|████████▏ | 118/145 [00:49<00:11,  2.31it/s, loss=0.0777]
Ep  16 [train]:  81%|████████▏ | 118/145 [00:49<00:11,  2.31it/s, loss=0.0687]
Ep  16 [train]:  82%|████████▏ | 119/145 [00:49<00:08,  2.95it/s, loss=0.0687]
Ep  16 [train]:  82%|████████▏ | 119/145 [00:49<00:08,  2.95it/s, loss=0.0837]
Ep  16 [train]:  83%|████████▎ | 120/145 [00:49<00:10,  2.28it/s, loss=0.0837]
Ep  16 [train]:  83%|████████▎ | 120/145 [00:49<00:10,  2.28it/s, loss=0.0747]
Ep  16 [train]:  83%|████████▎ | 121/145 [00:49<00:08,  2.81it/s, loss=0.0747]
Ep  16 [train]:  83%|████████▎ | 121/145 [00:50<00:08,  2.81it/s, loss=0.0717]
Ep  16 [train]:  84%|████████▍ | 122/145 [00:50<00:10,  2.25it/s, loss=0.0717]
Ep  16 [train]:  84%|████████▍ | 122/145 [00:50<00:10,  2.25it/s, loss=0.0809]
Ep  16 [train]:  85%|████████▍ | 123/145 [00:50<00:07,  2.85it/s, loss=0.0809]
Ep  16 [train]:  85%|████████▍ | 123/145 [00:51<00:07,  2.85it/s, loss=0.0732]
Ep  16 [train]:  86%|████████▌ | 124/145 [00:51<00:09,  2.29it/s, loss=0.0732]
Ep  16 [train]:  86%|████████▌ | 124/145 [00:51<00:09,  2.29it/s, loss=0.0720]
Ep  16 [train]:  86%|████████▌ | 125/145 [00:51<00:06,  2.88it/s, loss=0.0720]
Ep  16 [train]:  86%|████████▌ | 125/145 [00:52<00:06,  2.88it/s, loss=0.0822]
Ep  16 [train]:  87%|████████▋ | 126/145 [00:52<00:08,  2.26it/s, loss=0.0822]
Ep  16 [train]:  87%|████████▋ | 126/145 [00:52<00:08,  2.26it/s, loss=0.0775]
Ep  16 [train]:  88%|████████▊ | 127/145 [00:52<00:06,  2.84it/s, loss=0.0775]
Ep  16 [train]:  88%|████████▊ | 127/145 [00:52<00:06,  2.84it/s, loss=0.0801]
Ep  16 [train]:  88%|████████▊ | 128/145 [00:52<00:07,  2.31it/s, loss=0.0801]
Ep  16 [train]:  88%|████████▊ | 128/145 [00:53<00:07,  2.31it/s, loss=0.0731]
Ep  16 [train]:  89%|████████▉ | 129/145 [00:53<00:05,  2.93it/s, loss=0.0731]
Ep  16 [train]:  89%|████████▉ | 129/145 [00:53<00:05,  2.93it/s, loss=0.0811]
Ep  16 [train]:  90%|████████▉ | 130/145 [00:53<00:06,  2.28it/s, loss=0.0811]
Ep  16 [train]:  90%|████████▉ | 130/145 [00:53<00:06,  2.28it/s, loss=0.0675]
Ep  16 [train]:  90%|█████████ | 131/145 [00:53<00:04,  2.83it/s, loss=0.0675]
Ep  16 [train]:  90%|█████████ | 131/145 [00:54<00:04,  2.83it/s, loss=0.0746]
Ep  16 [train]:  91%|█████████ | 132/145 [00:54<00:05,  2.24it/s, loss=0.0746]
Ep  16 [train]:  91%|█████████ | 132/145 [00:54<00:05,  2.24it/s, loss=0.0740]
Ep  16 [train]:  92%|█████████▏| 133/145 [00:54<00:04,  2.76it/s, loss=0.0740]
Ep  16 [train]:  92%|█████████▏| 133/145 [00:55<00:04,  2.76it/s, loss=0.0710]
Ep  16 [train]:  92%|█████████▏| 134/145 [00:55<00:04,  2.20it/s, loss=0.0710]
Ep  16 [train]:  92%|█████████▏| 134/145 [00:55<00:04,  2.20it/s, loss=0.0743]
Ep  16 [train]:  93%|█████████▎| 135/145 [00:55<00:03,  2.78it/s, loss=0.0743]
Ep  16 [train]:  93%|█████████▎| 135/145 [00:56<00:03,  2.78it/s, loss=0.0730]
Ep  16 [train]:  94%|█████████▍| 136/145 [00:56<00:04,  2.23it/s, loss=0.0730]
Ep  16 [train]:  94%|█████████▍| 136/145 [00:56<00:04,  2.23it/s, loss=0.0709]
Ep  16 [train]:  94%|█████████▍| 137/145 [00:56<00:02,  2.86it/s, loss=0.0709]
Ep  16 [train]:  94%|█████████▍| 137/145 [00:57<00:02,  2.86it/s, loss=0.0747]
Ep  16 [train]:  95%|█████████▌| 138/145 [00:57<00:03,  2.23it/s, loss=0.0747]
Ep  16 [train]:  95%|█████████▌| 138/145 [00:57<00:03,  2.23it/s, loss=0.0852]
Ep  16 [train]:  96%|█████████▌| 139/145 [00:57<00:02,  2.83it/s, loss=0.0852]
Ep  16 [train]:  96%|█████████▌| 139/145 [00:57<00:02,  2.83it/s, loss=0.0773]
Ep  16 [train]:  97%|█████████▋| 140/145 [00:57<00:02,  2.15it/s, loss=0.0773]
Ep  16 [train]:  97%|█████████▋| 140/145 [00:58<00:02,  2.15it/s, loss=0.0758]
Ep  16 [train]:  97%|█████████▋| 141/145 [00:58<00:01,  2.70it/s, loss=0.0758]
Ep  16 [train]:  97%|█████████▋| 141/145 [00:58<00:01,  2.70it/s, loss=0.0698]
Ep  16 [train]:  98%|█████████▊| 142/145 [00:58<00:01,  2.08it/s, loss=0.0698]
Ep  16 [train]:  98%|█████████▊| 142/145 [00:58<00:01,  2.08it/s, loss=0.0718]
Ep  16 [train]:  99%|█████████▊| 143/145 [00:58<00:00,  2.64it/s, loss=0.0718]
Ep  16 [train]:  99%|█████████▊| 143/145 [00:59<00:00,  2.64it/s, loss=0.0750]
Ep  16 [train]:  99%|█████████▉| 144/145 [00:59<00:00,  2.11it/s, loss=0.0750]
Ep  16 [train]:  99%|█████████▉| 144/145 [00:59<00:00,  2.11it/s, loss=0.0686]
Ep  16 [train]: 100%|██████████| 145/145 [00:59<00:00,  2.71it/s, loss=0.0686]
                                                                              
  Ep  16 [train]  loss=0.0748  rmse_c=0.2386  mae_c=0.2160  r2_c=0.020  rmse_h=0.3049  mae_h=0.2267  r2_h=0.457  sup=0.325

Ep  16 [val  ]:   0%|          | 0/39 [00:00<?, ?it/s]
Ep  16 [val  ]:   0%|          | 0/39 [00:00<?, ?it/s, loss=0.0953]
Ep  16 [val  ]:   3%|▎         | 1/39 [00:00<00:36,  1.05it/s, loss=0.0953]
Ep  16 [val  ]:   3%|▎         | 1/39 [00:01<00:36,  1.05it/s, loss=0.0922]
Ep  16 [val  ]:   3%|▎         | 1/39 [00:01<00:36,  1.05it/s, loss=0.0750]
Ep  16 [val  ]:   8%|▊         | 3/39 [00:01<00:20,  1.75it/s, loss=0.0750]
Ep  16 [val  ]:   8%|▊         | 3/39 [00:01<00:20,  1.75it/s, loss=0.0693]
Ep  16 [val  ]:   8%|▊         | 3/39 [00:02<00:20,  1.75it/s, loss=0.0768]
Ep  16 [val  ]:  13%|█▎        | 5/39 [00:02<00:17,  1.99it/s, loss=0.0768]
Ep  16 [val  ]:  13%|█▎        | 5/39 [00:02<00:17,  1.99it/s, loss=0.0812]
Ep  16 [val  ]:  15%|█▌        | 6/39 [00:02<00:13,  2.52it/s, loss=0.0812]
Ep  16 [val  ]:  15%|█▌        | 6/39 [00:03<00:13,  2.52it/s, loss=0.0721]
Ep  16 [val  ]:  18%|█▊        | 7/39 [00:03<00:15,  2.00it/s, loss=0.0721]
Ep  16 [val  ]:  18%|█▊        | 7/39 [00:03<00:15,  2.00it/s, loss=0.0726]
Ep  16 [val  ]:  21%|██        | 8/39 [00:03<00:12,  2.55it/s, loss=0.0726]
Ep  16 [val  ]:  21%|██        | 8/39 [00:04<00:12,  2.55it/s, loss=0.0707]
Ep  16 [val  ]:  23%|██▎       | 9/39 [00:04<00:14,  2.08it/s, loss=0.0707]
Ep  16 [val  ]:  23%|██▎       | 9/39 [00:04<00:14,  2.08it/s, loss=0.0690]
Ep  16 [val  ]:  26%|██▌       | 10/39 [00:04<00:11,  2.48it/s, loss=0.0690]
Ep  16 [val  ]:  26%|██▌       | 10/39 [00:05<00:11,  2.48it/s, loss=0.0703]
Ep  16 [val  ]:  28%|██▊       | 11/39 [00:05<00:13,  2.13it/s, loss=0.0703]
Ep  16 [val  ]:  28%|██▊       | 11/39 [00:05<00:13,  2.13it/s, loss=0.0719]
Ep  16 [val  ]:  31%|███       | 12/39 [00:05<00:10,  2.48it/s, loss=0.0719]
Ep  16 [val  ]:  31%|███       | 12/39 [00:06<00:10,  2.48it/s, loss=0.0757]
Ep  16 [val  ]:  33%|███▎      | 13/39 [00:06<00:11,  2.17it/s, loss=0.0757]
Ep  16 [val  ]:  33%|███▎      | 13/39 [00:06<00:11,  2.17it/s, loss=0.0834]
Ep  16 [val  ]:  36%|███▌      | 14/39 [00:06<00:10,  2.48it/s, loss=0.0834]
Ep  16 [val  ]:  36%|███▌      | 14/39 [00:06<00:10,  2.48it/s, loss=0.0928]
Ep  16 [val  ]:  38%|███▊      | 15/39 [00:06<00:11,  2.14it/s, loss=0.0928]
Ep  16 [val  ]:  38%|███▊      | 15/39 [00:07<00:11,  2.14it/s, loss=0.0902]
Ep  16 [val  ]:  41%|████      | 16/39 [00:07<00:09,  2.40it/s, loss=0.0902]
Ep  16 [val  ]:  41%|████      | 16/39 [00:07<00:09,  2.40it/s, loss=0.0903]
Ep  16 [val  ]:  44%|████▎     | 17/39 [00:07<00:10,  2.14it/s, loss=0.0903]
Ep  16 [val  ]:  44%|████▎     | 17/39 [00:08<00:10,  2.14it/s, loss=0.0813]
Ep  16 [val  ]:  46%|████▌     | 18/39 [00:08<00:09,  2.31it/s, loss=0.0813]
Ep  16 [val  ]:  46%|████▌     | 18/39 [00:08<00:09,  2.31it/s, loss=0.0743]
Ep  16 [val  ]:  49%|████▊     | 19/39 [00:08<00:09,  2.17it/s, loss=0.0743]
Ep  16 [val  ]:  49%|████▊     | 19/39 [00:09<00:09,  2.17it/s, loss=0.0643]
Ep  16 [val  ]:  51%|█████▏    | 20/39 [00:09<00:07,  2.41it/s, loss=0.0643]
Ep  16 [val  ]:  51%|█████▏    | 20/39 [00:09<00:07,  2.41it/s, loss=0.0573]
Ep  16 [val  ]:  54%|█████▍    | 21/39 [00:09<00:08,  2.19it/s, loss=0.0573]
Ep  16 [val  ]:  54%|█████▍    | 21/39 [00:09<00:08,  2.19it/s, loss=0.0645]
Ep  16 [val  ]:  56%|█████▋    | 22/39 [00:09<00:06,  2.49it/s, loss=0.0645]
Ep  16 [val  ]:  56%|█████▋    | 22/39 [00:10<00:06,  2.49it/s, loss=0.0631]
Ep  16 [val  ]:  59%|█████▉    | 23/39 [00:10<00:07,  2.24it/s, loss=0.0631]
Ep  16 [val  ]:  59%|█████▉    | 23/39 [00:10<00:07,  2.24it/s, loss=0.0629]
Ep  16 [val  ]:  62%|██████▏   | 24/39 [00:10<00:06,  2.42it/s, loss=0.0629]
Ep  16 [val  ]:  62%|██████▏   | 24/39 [00:11<00:06,  2.42it/s, loss=0.0641]
Ep  16 [val  ]:  64%|██████▍   | 25/39 [00:11<00:06,  2.23it/s, loss=0.0641]
Ep  16 [val  ]:  64%|██████▍   | 25/39 [00:11<00:06,  2.23it/s, loss=0.0712]
Ep  16 [val  ]:  67%|██████▋   | 26/39 [00:11<00:05,  2.42it/s, loss=0.0712]
Ep  16 [val  ]:  67%|██████▋   | 26/39 [00:12<00:05,  2.42it/s, loss=0.0775]
Ep  16 [val  ]:  69%|██████▉   | 27/39 [00:12<00:05,  2.25it/s, loss=0.0775]
Ep  16 [val  ]:  69%|██████▉   | 27/39 [00:12<00:05,  2.25it/s, loss=0.1201]
Ep  16 [val  ]:  72%|███████▏  | 28/39 [00:12<00:04,  2.36it/s, loss=0.1201]
Ep  16 [val  ]:  72%|███████▏  | 28/39 [00:13<00:04,  2.36it/s, loss=0.0933]
Ep  16 [val  ]:  74%|███████▍  | 29/39 [00:13<00:04,  2.21it/s, loss=0.0933]
Ep  16 [val  ]:  74%|███████▍  | 29/39 [00:13<00:04,  2.21it/s, loss=0.0854]
Ep  16 [val  ]:  77%|███████▋  | 30/39 [00:13<00:03,  2.45it/s, loss=0.0854]
Ep  16 [val  ]:  77%|███████▋  | 30/39 [00:13<00:03,  2.45it/s, loss=0.0740]
Ep  16 [val  ]:  79%|███████▉  | 31/39 [00:13<00:03,  2.32it/s, loss=0.0740]
Ep  16 [val  ]:  79%|███████▉  | 31/39 [00:14<00:03,  2.32it/s, loss=0.0734]
Ep  16 [val  ]:  82%|████████▏ | 32/39 [00:14<00:02,  2.39it/s, loss=0.0734]
Ep  16 [val  ]:  82%|████████▏ | 32/39 [00:14<00:02,  2.39it/s, loss=0.0708]
Ep  16 [val  ]:  85%|████████▍ | 33/39 [00:14<00:02,  2.34it/s, loss=0.0708]
Ep  16 [val  ]:  85%|████████▍ | 33/39 [00:15<00:02,  2.34it/s, loss=0.0714]
Ep  16 [val  ]:  87%|████████▋ | 34/39 [00:15<00:02,  2.26it/s, loss=0.0714]
Ep  16 [val  ]:  87%|████████▋ | 34/39 [00:15<00:02,  2.26it/s, loss=0.0764]
Ep  16 [val  ]:  90%|████████▉ | 35/39 [00:15<00:01,  2.36it/s, loss=0.0764]
Ep  16 [val  ]:  90%|████████▉ | 35/39 [00:15<00:01,  2.36it/s, loss=0.0738]
Ep  16 [val  ]:  92%|█████████▏| 36/39 [00:15<00:01,  2.28it/s, loss=0.0738]
Ep  16 [val  ]:  92%|█████████▏| 36/39 [00:16<00:01,  2.28it/s, loss=0.0715]
Ep  16 [val  ]:  95%|█████████▍| 37/39 [00:16<00:00,  2.43it/s, loss=0.0715]
Ep  16 [val  ]:  95%|█████████▍| 37/39 [00:16<00:00,  2.43it/s, loss=0.0657]
Ep  16 [val  ]:  97%|█████████▋| 38/39 [00:16<00:00,  2.39it/s, loss=0.0657]
Ep  16 [val  ]:  97%|█████████▋| 38/39 [00:16<00:00,  2.39it/s, loss=0.0715]
                                                                            
  Ep  16 [val  ]  loss=0.0763  rmse_c=0.2440  mae_c=0.2169  r2_c=0.022  rmse_h=0.3040  mae_h=0.2298  r2_h=0.424  sup=0.308
  [new best] combined_val_rmse=0.2740

Ep  17 [train]:   0%|          | 0/145 [00:00<?, ?it/s]
Ep  17 [train]:   0%|          | 0/145 [00:01<?, ?it/s, loss=0.0757]
Ep  17 [train]:   1%|          | 1/145 [00:01<02:32,  1.06s/it, loss=0.0757]
Ep  17 [train]:   1%|          | 1/145 [00:01<02:32,  1.06s/it, loss=0.0731]
Ep  17 [train]:   1%|▏         | 2/145 [00:01<01:12,  1.98it/s, loss=0.0731]
Ep  17 [train]:   1%|▏         | 2/145 [00:01<01:12,  1.98it/s, loss=0.0708]
Ep  17 [train]:   2%|▏         | 3/145 [00:01<01:18,  1.82it/s, loss=0.0708]
Ep  17 [train]:   2%|▏         | 3/145 [00:01<01:18,  1.82it/s, loss=0.0784]
Ep  17 [train]:   3%|▎         | 4/145 [00:01<00:54,  2.58it/s, loss=0.0784]
Ep  17 [train]:   3%|▎         | 4/145 [00:02<00:54,  2.58it/s, loss=0.0743]
Ep  17 [train]:   3%|▎         | 5/145 [00:02<01:07,  2.07it/s, loss=0.0743]
Ep  17 [train]:   3%|▎         | 5/145 [00:02<01:07,  2.07it/s, loss=0.0782]
Ep  17 [train]:   4%|▍         | 6/145 [00:02<00:51,  2.69it/s, loss=0.0782]
Ep  17 [train]:   4%|▍         | 6/145 [00:03<00:51,  2.69it/s, loss=0.0697]
Ep  17 [train]:   5%|▍         | 7/145 [00:03<01:02,  2.21it/s, loss=0.0697]
Ep  17 [train]:   5%|▍         | 7/145 [00:03<01:02,  2.21it/s, loss=0.0757]
Ep  17 [train]:   6%|▌         | 8/145 [00:03<00:51,  2.68it/s, loss=0.0757]
Ep  17 [train]:   6%|▌         | 8/145 [00:04<00:51,  2.68it/s, loss=0.0630]
Ep  17 [train]:   6%|▌         | 9/145 [00:04<00:55,  2.46it/s, loss=0.0630]
Ep  17 [train]:   6%|▌         | 9/145 [00:04<00:55,  2.46it/s, loss=0.0758]
Ep  17 [train]:   7%|▋         | 10/145 [00:04<00:43,  3.07it/s, loss=0.0758]
Ep  17 [train]:   7%|▋         | 10/145 [00:04<00:43,  3.07it/s, loss=0.0698]
Ep  17 [train]:   8%|▊         | 11/145 [00:04<00:51,  2.58it/s, loss=0.0698]
Ep  17 [train]:   8%|▊         | 11/145 [00:04<00:51,  2.58it/s, loss=0.0845]
Ep  17 [train]:   8%|▊         | 12/145 [00:04<00:41,  3.18it/s, loss=0.0845]
Ep  17 [train]:   8%|▊         | 12/145 [00:05<00:41,  3.18it/s, loss=0.0769]
Ep  17 [train]:   9%|▉         | 13/145 [00:05<00:58,  2.27it/s, loss=0.0769]
Ep  17 [train]:   9%|▉         | 13/145 [00:05<00:58,  2.27it/s, loss=0.0765]
Ep  17 [train]:  10%|▉         | 14/145 [00:05<00:46,  2.81it/s, loss=0.0765]
Ep  17 [train]:  10%|▉         | 14/145 [00:06<00:46,  2.81it/s, loss=0.0692]
Ep  17 [train]:  10%|█         | 15/145 [00:06<00:52,  2.48it/s, loss=0.0692]
Ep  17 [train]:  10%|█         | 15/145 [00:06<00:52,  2.48it/s, loss=0.0726]
Ep  17 [train]:  11%|█         | 16/145 [00:06<00:44,  2.92it/s, loss=0.0726]
Ep  17 [train]:  11%|█         | 16/145 [00:06<00:44,  2.92it/s, loss=0.0803]
Ep  17 [train]:  12%|█▏        | 17/145 [00:06<00:49,  2.57it/s, loss=0.0803]
Ep  17 [train]:  12%|█▏        | 17/145 [00:07<00:49,  2.57it/s, loss=0.0791]
Ep  17 [train]:  12%|█▏        | 18/145 [00:07<00:49,  2.59it/s, loss=0.0791]
Ep  17 [train]:  12%|█▏        | 18/145 [00:07<00:49,  2.59it/s, loss=0.0751]
Ep  17 [train]:  13%|█▎        | 19/145 [00:07<00:43,  2.87it/s, loss=0.0751]
Ep  17 [train]:  13%|█▎        | 19/145 [00:08<00:43,  2.87it/s, loss=0.0830]
Ep  17 [train]:  14%|█▍        | 20/145 [00:08<00:53,  2.32it/s, loss=0.0830]
Ep  17 [train]:  14%|█▍        | 20/145 [00:08<00:53,  2.32it/s, loss=0.0768]
Ep  17 [train]:  14%|█▍        | 21/145 [00:08<00:43,  2.84it/s, loss=0.0768]
Ep  17 [train]:  14%|█▍        | 21/145 [00:09<00:43,  2.84it/s, loss=0.0723]
Ep  17 [train]:  15%|█▌        | 22/145 [00:09<00:55,  2.20it/s, loss=0.0723]
Ep  17 [train]:  15%|█▌        | 22/145 [00:09<00:55,  2.20it/s, loss=0.0699]
Ep  17 [train]:  16%|█▌        | 23/145 [00:09<00:44,  2.76it/s, loss=0.0699]
Ep  17 [train]:  16%|█▌        | 23/145 [00:09<00:44,  2.76it/s, loss=0.0738]
Ep  17 [train]:  17%|█▋        | 24/145 [00:09<00:56,  2.13it/s, loss=0.0738]
Ep  17 [train]:  17%|█▋        | 24/145 [00:10<00:56,  2.13it/s, loss=0.0750]
Ep  17 [train]:  17%|█▋        | 25/145 [00:10<00:45,  2.67it/s, loss=0.0750]
Ep  17 [train]:  17%|█▋        | 25/145 [00:10<00:45,  2.67it/s, loss=0.0718]
Ep  17 [train]:  18%|█▊        | 26/145 [00:10<00:53,  2.23it/s, loss=0.0718]
Ep  17 [train]:  18%|█▊        | 26/145 [00:10<00:53,  2.23it/s, loss=0.0808]
Ep  17 [train]:  19%|█▊        | 27/145 [00:10<00:41,  2.85it/s, loss=0.0808]
Ep  17 [train]:  19%|█▊        | 27/145 [00:11<00:41,  2.85it/s, loss=0.0868]
Ep  17 [train]:  19%|█▉        | 28/145 [00:11<00:51,  2.27it/s, loss=0.0868]
Ep  17 [train]:  19%|█▉        | 28/145 [00:11<00:51,  2.27it/s, loss=0.0699]
Ep  17 [train]:  20%|██        | 29/145 [00:11<00:40,  2.89it/s, loss=0.0699]
Ep  17 [train]:  20%|██        | 29/145 [00:12<00:40,  2.89it/s, loss=0.0745]
Ep  17 [train]:  21%|██        | 30/145 [00:12<00:53,  2.13it/s, loss=0.0745]
Ep  17 [train]:  21%|██        | 30/145 [00:12<00:53,  2.13it/s, loss=0.0737]
Ep  17 [train]:  21%|██▏       | 31/145 [00:12<00:42,  2.68it/s, loss=0.0737]
Ep  17 [train]:  21%|██▏       | 31/145 [00:13<00:42,  2.68it/s, loss=0.0704]
Ep  17 [train]:  22%|██▏       | 32/145 [00:13<00:56,  1.99it/s, loss=0.0704]
Ep  17 [train]:  22%|██▏       | 32/145 [00:13<00:56,  1.99it/s, loss=0.0787]
Ep  17 [train]:  23%|██▎       | 33/145 [00:13<00:43,  2.56it/s, loss=0.0787]
Ep  17 [train]:  23%|██▎       | 33/145 [00:14<00:43,  2.56it/s, loss=0.0698]
Ep  17 [train]:  23%|██▎       | 34/145 [00:14<00:55,  2.01it/s, loss=0.0698]
Ep  17 [train]:  23%|██▎       | 34/145 [00:14<00:55,  2.01it/s, loss=0.0759]
Ep  17 [train]:  24%|██▍       | 35/145 [00:14<00:42,  2.59it/s, loss=0.0759]
Ep  17 [train]:  24%|██▍       | 35/145 [00:15<00:42,  2.59it/s, loss=0.0887]
Ep  17 [train]:  25%|██▍       | 36/145 [00:15<00:55,  1.97it/s, loss=0.0887]
Ep  17 [train]:  25%|██▍       | 36/145 [00:15<00:55,  1.97it/s, loss=0.0735]
Ep  17 [train]:  26%|██▌       | 37/145 [00:15<00:42,  2.53it/s, loss=0.0735]
Ep  17 [train]:  26%|██▌       | 37/145 [00:16<00:42,  2.53it/s, loss=0.0780]
Ep  17 [train]:  26%|██▌       | 38/145 [00:16<00:54,  1.96it/s, loss=0.0780]
Ep  17 [train]:  26%|██▌       | 38/145 [00:16<00:54,  1.96it/s, loss=0.0748]
Ep  17 [train]:  27%|██▋       | 39/145 [00:16<00:42,  2.48it/s, loss=0.0748]
Ep  17 [train]:  27%|██▋       | 39/145 [00:16<00:42,  2.48it/s, loss=0.0820]
Ep  17 [train]:  28%|██▊       | 40/145 [00:16<00:54,  1.94it/s, loss=0.0820]
Ep  17 [train]:  28%|██▊       | 40/145 [00:17<00:54,  1.94it/s, loss=0.0747]
Ep  17 [train]:  28%|██▊       | 41/145 [00:17<00:42,  2.45it/s, loss=0.0747]
Ep  17 [train]:  28%|██▊       | 41/145 [00:17<00:42,  2.45it/s, loss=0.0726]
Ep  17 [train]:  29%|██▉       | 42/145 [00:17<00:55,  1.84it/s, loss=0.0726]
Ep  17 [train]:  29%|██▉       | 42/145 [00:18<00:55,  1.84it/s, loss=0.0757]
Ep  17 [train]:  30%|██▉       | 43/145 [00:18<00:42,  2.39it/s, loss=0.0757]
Ep  17 [train]:  30%|██▉       | 43/145 [00:18<00:42,  2.39it/s, loss=0.0789]
Ep  17 [train]:  30%|███       | 44/145 [00:18<00:49,  2.06it/s, loss=0.0789]
Ep  17 [train]:  30%|███       | 44/145 [00:18<00:49,  2.06it/s, loss=0.0757]
Ep  17 [train]:  31%|███       | 45/145 [00:18<00:38,  2.58it/s, loss=0.0757]
Ep  17 [train]:  31%|███       | 45/145 [00:19<00:38,  2.58it/s, loss=0.0714]
Ep  17 [train]:  32%|███▏      | 46/145 [00:19<00:48,  2.03it/s, loss=0.0714]
Ep  17 [train]:  32%|███▏      | 46/145 [00:19<00:48,  2.03it/s, loss=0.0704]
Ep  17 [train]:  32%|███▏      | 47/145 [00:19<00:38,  2.53it/s, loss=0.0704]
Ep  17 [train]:  32%|███▏      | 47/145 [00:20<00:38,  2.53it/s, loss=0.0737]
Ep  17 [train]:  33%|███▎      | 48/145 [00:20<00:48,  2.01it/s, loss=0.0737]
Ep  17 [train]:  33%|███▎      | 48/145 [00:20<00:48,  2.01it/s, loss=0.0704]
Ep  17 [train]:  34%|███▍      | 49/145 [00:20<00:37,  2.57it/s, loss=0.0704]
Ep  17 [train]:  34%|███▍      | 49/145 [00:21<00:37,  2.57it/s, loss=0.0756]
Ep  17 [train]:  34%|███▍      | 50/145 [00:21<00:50,  1.88it/s, loss=0.0756]
Ep  17 [train]:  34%|███▍      | 50/145 [00:21<00:50,  1.88it/s, loss=0.0734]
Ep  17 [train]:  35%|███▌      | 51/145 [00:21<00:38,  2.46it/s, loss=0.0734]
Ep  17 [train]:  35%|███▌      | 51/145 [00:22<00:38,  2.46it/s, loss=0.0705]
Ep  17 [train]:  36%|███▌      | 52/145 [00:22<00:48,  1.92it/s, loss=0.0705]
Ep  17 [train]:  36%|███▌      | 52/145 [00:22<00:48,  1.92it/s, loss=0.0736]
Ep  17 [train]:  37%|███▋      | 53/145 [00:22<00:37,  2.45it/s, loss=0.0736]
Ep  17 [train]:  37%|███▋      | 53/145 [00:23<00:37,  2.45it/s, loss=0.0844]
Ep  17 [train]:  37%|███▋      | 54/145 [00:23<00:45,  2.00it/s, loss=0.0844]
Ep  17 [train]:  37%|███▋      | 54/145 [00:23<00:45,  2.00it/s, loss=0.0728]
Ep  17 [train]:  38%|███▊      | 55/145 [00:23<00:35,  2.50it/s, loss=0.0728]
Ep  17 [train]:  38%|███▊      | 55/145 [00:24<00:35,  2.50it/s, loss=0.0712]
Ep  17 [train]:  39%|███▊      | 56/145 [00:24<00:43,  2.04it/s, loss=0.0712]
Ep  17 [train]:  39%|███▊      | 56/145 [00:24<00:43,  2.04it/s, loss=0.0686]
Ep  17 [train]:  39%|███▉      | 57/145 [00:24<00:34,  2.52it/s, loss=0.0686]
Ep  17 [train]:  39%|███▉      | 57/145 [00:25<00:34,  2.52it/s, loss=0.0737]
Ep  17 [train]:  40%|████      | 58/145 [00:25<00:41,  2.08it/s, loss=0.0737]
Ep  17 [train]:  40%|████      | 58/145 [00:25<00:41,  2.08it/s, loss=0.0747]
Ep  17 [train]:  41%|████      | 59/145 [00:25<00:33,  2.59it/s, loss=0.0747]
Ep  17 [train]:  41%|████      | 59/145 [00:25<00:33,  2.59it/s, loss=0.0732]
Ep  17 [train]:  41%|████▏     | 60/145 [00:25<00:41,  2.05it/s, loss=0.0732]
Ep  17 [train]:  41%|████▏     | 60/145 [00:26<00:41,  2.05it/s, loss=0.0718]
Ep  17 [train]:  42%|████▏     | 61/145 [00:26<00:32,  2.58it/s, loss=0.0718]
Ep  17 [train]:  42%|████▏     | 61/145 [00:26<00:32,  2.58it/s, loss=0.0764]
Ep  17 [train]:  43%|████▎     | 62/145 [00:26<00:40,  2.07it/s, loss=0.0764]
Ep  17 [train]:  43%|████▎     | 62/145 [00:26<00:40,  2.07it/s, loss=0.0778]
Ep  17 [train]:  43%|████▎     | 63/145 [00:26<00:31,  2.61it/s, loss=0.0778]
Ep  17 [train]:  43%|████▎     | 63/145 [00:27<00:31,  2.61it/s, loss=0.0695]
Ep  17 [train]:  44%|████▍     | 64/145 [00:27<00:38,  2.10it/s, loss=0.0695]
Ep  17 [train]:  44%|████▍     | 64/145 [00:27<00:38,  2.10it/s, loss=0.0783]
Ep  17 [train]:  45%|████▍     | 65/145 [00:27<00:30,  2.67it/s, loss=0.0783]
Ep  17 [train]:  45%|████▍     | 65/145 [00:28<00:30,  2.67it/s, loss=0.0753]
Ep  17 [train]:  46%|████▌     | 66/145 [00:28<00:36,  2.17it/s, loss=0.0753]
Ep  17 [train]:  46%|████▌     | 66/145 [00:28<00:36,  2.17it/s, loss=0.0733]
Ep  17 [train]:  46%|████▌     | 67/145 [00:28<00:28,  2.73it/s, loss=0.0733]
Ep  17 [train]:  46%|████▌     | 67/145 [00:29<00:28,  2.73it/s, loss=0.0699]
Ep  17 [train]:  47%|████▋     | 68/145 [00:29<00:34,  2.26it/s, loss=0.0699]
Ep  17 [train]:  47%|████▋     | 68/145 [00:29<00:34,  2.26it/s, loss=0.0715]
Ep  17 [train]:  48%|████▊     | 69/145 [00:29<00:26,  2.90it/s, loss=0.0715]
Ep  17 [train]:  48%|████▊     | 69/145 [00:29<00:26,  2.90it/s, loss=0.0742]
Ep  17 [train]:  48%|████▊     | 70/145 [00:29<00:31,  2.35it/s, loss=0.0742]
Ep  17 [train]:  48%|████▊     | 70/145 [00:30<00:31,  2.35it/s, loss=0.0764]
Ep  17 [train]:  49%|████▉     | 71/145 [00:30<00:24,  2.98it/s, loss=0.0764]
Ep  17 [train]:  49%|████▉     | 71/145 [00:30<00:24,  2.98it/s, loss=0.0666]
Ep  17 [train]:  50%|████▉     | 72/145 [00:30<00:29,  2.47it/s, loss=0.0666]
Ep  17 [train]:  50%|████▉     | 72/145 [00:30<00:29,  2.47it/s, loss=0.0722]
Ep  17 [train]:  50%|█████     | 73/145 [00:30<00:22,  3.14it/s, loss=0.0722]
Ep  17 [train]:  50%|█████     | 73/145 [00:31<00:22,  3.14it/s, loss=0.0723]
Ep  17 [train]:  51%|█████     | 74/145 [00:31<00:28,  2.51it/s, loss=0.0723]
Ep  17 [train]:  51%|█████     | 74/145 [00:31<00:28,  2.51it/s, loss=0.0710]
Ep  17 [train]:  52%|█████▏    | 75/145 [00:31<00:21,  3.18it/s, loss=0.0710]
Ep  17 [train]:  52%|█████▏    | 75/145 [00:32<00:21,  3.18it/s, loss=0.0751]
Ep  17 [train]:  52%|█████▏    | 76/145 [00:32<00:27,  2.51it/s, loss=0.0751]
Ep  17 [train]:  52%|█████▏    | 76/145 [00:32<00:27,  2.51it/s, loss=0.0721]
Ep  17 [train]:  53%|█████▎    | 77/145 [00:32<00:21,  3.17it/s, loss=0.0721]
Ep  17 [train]:  53%|█████▎    | 77/145 [00:32<00:21,  3.17it/s, loss=0.0732]
Ep  17 [train]:  54%|█████▍    | 78/145 [00:32<00:28,  2.34it/s, loss=0.0732]
Ep  17 [train]:  54%|█████▍    | 78/145 [00:32<00:28,  2.34it/s, loss=0.0719]
Ep  17 [train]:  54%|█████▍    | 79/145 [00:32<00:22,  2.97it/s, loss=0.0719]
Ep  17 [train]:  54%|█████▍    | 79/145 [00:33<00:22,  2.97it/s, loss=0.0729]
Ep  17 [train]:  55%|█████▌    | 80/145 [00:33<00:28,  2.25it/s, loss=0.0729]
Ep  17 [train]:  55%|█████▌    | 80/145 [00:33<00:28,  2.25it/s, loss=0.0691]
Ep  17 [train]:  56%|█████▌    | 81/145 [00:33<00:22,  2.86it/s, loss=0.0691]
Ep  17 [train]:  56%|█████▌    | 81/145 [00:34<00:22,  2.86it/s, loss=0.0756]
Ep  17 [train]:  57%|█████▋    | 82/145 [00:34<00:27,  2.29it/s, loss=0.0756]
Ep  17 [train]:  57%|█████▋    | 82/145 [00:34<00:27,  2.29it/s, loss=0.0815]
Ep  17 [train]:  57%|█████▋    | 83/145 [00:34<00:21,  2.92it/s, loss=0.0815]
Ep  17 [train]:  57%|█████▋    | 83/145 [00:35<00:21,  2.92it/s, loss=0.0826]
Ep  17 [train]:  58%|█████▊    | 84/145 [00:35<00:27,  2.25it/s, loss=0.0826]
Ep  17 [train]:  58%|█████▊    | 84/145 [00:35<00:27,  2.25it/s, loss=0.0673]
Ep  17 [train]:  59%|█████▊    | 85/145 [00:35<00:21,  2.81it/s, loss=0.0673]
Ep  17 [train]:  59%|█████▊    | 85/145 [00:36<00:21,  2.81it/s, loss=0.0782]
Ep  17 [train]:  59%|█████▉    | 86/145 [00:36<00:25,  2.29it/s, loss=0.0782]
Ep  17 [train]:  59%|█████▉    | 86/145 [00:36<00:25,  2.29it/s, loss=0.0745]
Ep  17 [train]:  60%|██████    | 87/145 [00:36<00:19,  2.94it/s, loss=0.0745]
Ep  17 [train]:  60%|██████    | 87/145 [00:36<00:19,  2.94it/s, loss=0.0719]
Ep  17 [train]:  61%|██████    | 88/145 [00:36<00:24,  2.34it/s, loss=0.0719]
Ep  17 [train]:  61%|██████    | 88/145 [00:36<00:24,  2.34it/s, loss=0.0710]
Ep  17 [train]:  61%|██████▏   | 89/145 [00:36<00:18,  2.99it/s, loss=0.0710]
Ep  17 [train]:  61%|██████▏   | 89/145 [00:37<00:18,  2.99it/s, loss=0.0793]
Ep  17 [train]:  62%|██████▏   | 90/145 [00:37<00:22,  2.40it/s, loss=0.0793]
Ep  17 [train]:  62%|██████▏   | 90/145 [00:37<00:22,  2.40it/s, loss=0.0742]
Ep  17 [train]:  63%|██████▎   | 91/145 [00:37<00:17,  3.03it/s, loss=0.0742]
Ep  17 [train]:  63%|██████▎   | 91/145 [00:38<00:17,  3.03it/s, loss=0.0713]
Ep  17 [train]:  63%|██████▎   | 92/145 [00:38<00:21,  2.45it/s, loss=0.0713]
Ep  17 [train]:  63%|██████▎   | 92/145 [00:38<00:21,  2.45it/s, loss=0.0714]
Ep  17 [train]:  64%|██████▍   | 93/145 [00:38<00:16,  3.09it/s, loss=0.0714]
Ep  17 [train]:  64%|██████▍   | 93/145 [00:38<00:16,  3.09it/s, loss=0.0758]
Ep  17 [train]:  65%|██████▍   | 94/145 [00:38<00:20,  2.46it/s, loss=0.0758]
Ep  17 [train]:  65%|██████▍   | 94/145 [00:39<00:20,  2.46it/s, loss=0.0863]
Ep  17 [train]:  66%|██████▌   | 95/145 [00:39<00:16,  3.08it/s, loss=0.0863]
Ep  17 [train]:  66%|██████▌   | 95/145 [00:39<00:16,  3.08it/s, loss=0.0704]
Ep  17 [train]:  66%|██████▌   | 96/145 [00:39<00:20,  2.39it/s, loss=0.0704]
Ep  17 [train]:  66%|██████▌   | 96/145 [00:39<00:20,  2.39it/s, loss=0.0662]
Ep  17 [train]:  67%|██████▋   | 97/145 [00:39<00:16,  2.98it/s, loss=0.0662]
Ep  17 [train]:  67%|██████▋   | 97/145 [00:40<00:16,  2.98it/s, loss=0.0743]
Ep  17 [train]:  68%|██████▊   | 98/145 [00:40<00:20,  2.24it/s, loss=0.0743]
Ep  17 [train]:  68%|██████▊   | 98/145 [00:40<00:20,  2.24it/s, loss=0.0728]
Ep  17 [train]:  68%|██████▊   | 99/145 [00:40<00:16,  2.83it/s, loss=0.0728]
Ep  17 [train]:  68%|██████▊   | 99/145 [00:41<00:16,  2.83it/s, loss=0.0731]
Ep  17 [train]:  69%|██████▉   | 100/145 [00:41<00:20,  2.24it/s, loss=0.0731]
Ep  17 [train]:  69%|██████▉   | 100/145 [00:41<00:20,  2.24it/s, loss=0.0766]
Ep  17 [train]:  70%|██████▉   | 101/145 [00:41<00:15,  2.79it/s, loss=0.0766]
Ep  17 [train]:  70%|██████▉   | 101/145 [00:42<00:15,  2.79it/s, loss=0.0765]
Ep  17 [train]:  70%|███████   | 102/145 [00:42<00:19,  2.17it/s, loss=0.0765]
Ep  17 [train]:  70%|███████   | 102/145 [00:42<00:19,  2.17it/s, loss=0.0759]
Ep  17 [train]:  71%|███████   | 103/145 [00:42<00:15,  2.75it/s, loss=0.0759]
Ep  17 [train]:  71%|███████   | 103/145 [00:43<00:15,  2.75it/s, loss=0.0703]
Ep  17 [train]:  72%|███████▏  | 104/145 [00:43<00:19,  2.16it/s, loss=0.0703]
Ep  17 [train]:  72%|███████▏  | 104/145 [00:43<00:19,  2.16it/s, loss=0.0685]
Ep  17 [train]:  72%|███████▏  | 105/145 [00:43<00:14,  2.69it/s, loss=0.0685]
Ep  17 [train]:  72%|███████▏  | 105/145 [00:43<00:14,  2.69it/s, loss=0.0784]
Ep  17 [train]:  73%|███████▎  | 106/145 [00:43<00:18,  2.06it/s, loss=0.0784]
Ep  17 [train]:  73%|███████▎  | 106/145 [00:44<00:18,  2.06it/s, loss=0.0780]
Ep  17 [train]:  74%|███████▍  | 107/145 [00:44<00:14,  2.62it/s, loss=0.0780]
Ep  17 [train]:  74%|███████▍  | 107/145 [00:44<00:14,  2.62it/s, loss=0.0781]
Ep  17 [train]:  74%|███████▍  | 108/145 [00:44<00:18,  2.05it/s, loss=0.0781]
Ep  17 [train]:  74%|███████▍  | 108/145 [00:44<00:18,  2.05it/s, loss=0.0739]
Ep  17 [train]:  75%|███████▌  | 109/145 [00:44<00:13,  2.60it/s, loss=0.0739]
Ep  17 [train]:  75%|███████▌  | 109/145 [00:45<00:13,  2.60it/s, loss=0.0704]
Ep  17 [train]:  76%|███████▌  | 110/145 [00:45<00:17,  1.96it/s, loss=0.0704]
Ep  17 [train]:  76%|███████▌  | 110/145 [00:45<00:17,  1.96it/s, loss=0.0739]
Ep  17 [train]:  77%|███████▋  | 111/145 [00:45<00:13,  2.51it/s, loss=0.0739]
Ep  17 [train]:  77%|███████▋  | 111/145 [00:46<00:13,  2.51it/s, loss=0.0676]
Ep  17 [train]:  77%|███████▋  | 112/145 [00:46<00:16,  1.95it/s, loss=0.0676]
Ep  17 [train]:  77%|███████▋  | 112/145 [00:46<00:16,  1.95it/s, loss=0.0688]
Ep  17 [train]:  78%|███████▊  | 113/145 [00:46<00:13,  2.46it/s, loss=0.0688]
Ep  17 [train]:  78%|███████▊  | 113/145 [00:47<00:13,  2.46it/s, loss=0.0724]
Ep  17 [train]:  79%|███████▊  | 114/145 [00:47<00:15,  2.04it/s, loss=0.0724]
Ep  17 [train]:  79%|███████▊  | 114/145 [00:47<00:15,  2.04it/s, loss=0.0747]
Ep  17 [train]:  79%|███████▉  | 115/145 [00:47<00:11,  2.52it/s, loss=0.0747]
Ep  17 [train]:  79%|███████▉  | 115/145 [00:48<00:11,  2.52it/s, loss=0.0687]
Ep  17 [train]:  80%|████████  | 116/145 [00:48<00:15,  1.92it/s, loss=0.0687]
Ep  17 [train]:  80%|████████  | 116/145 [00:48<00:15,  1.92it/s, loss=0.0665]
Ep  17 [train]:  81%|████████  | 117/145 [00:48<00:11,  2.38it/s, loss=0.0665]
Ep  17 [train]:  81%|████████  | 117/145 [00:49<00:11,  2.38it/s, loss=0.0743]
Ep  17 [train]:  81%|████████▏ | 118/145 [00:49<00:13,  1.97it/s, loss=0.0743]
Ep  17 [train]:  81%|████████▏ | 118/145 [00:49<00:13,  1.97it/s, loss=0.0663]
Ep  17 [train]:  82%|████████▏ | 119/145 [00:49<00:10,  2.50it/s, loss=0.0663]
Ep  17 [train]:  82%|████████▏ | 119/145 [00:50<00:10,  2.50it/s, loss=0.0745]
Ep  17 [train]:  83%|████████▎ | 120/145 [00:50<00:12,  2.02it/s, loss=0.0745]
Ep  17 [train]:  83%|████████▎ | 120/145 [00:50<00:12,  2.02it/s, loss=0.0724]
Ep  17 [train]:  83%|████████▎ | 121/145 [00:50<00:09,  2.55it/s, loss=0.0724]
Ep  17 [train]:  83%|████████▎ | 121/145 [00:51<00:09,  2.55it/s, loss=0.0849]
Ep  17 [train]:  84%|████████▍ | 122/145 [00:51<00:11,  1.97it/s, loss=0.0849]
Ep  17 [train]:  84%|████████▍ | 122/145 [00:51<00:11,  1.97it/s, loss=0.0856]
Ep  17 [train]:  85%|████████▍ | 123/145 [00:51<00:08,  2.48it/s, loss=0.0856]
Ep  17 [train]:  85%|████████▍ | 123/145 [00:52<00:08,  2.48it/s, loss=0.0782]
Ep  17 [train]:  86%|████████▌ | 124/145 [00:52<00:10,  2.02it/s, loss=0.0782]
Ep  17 [train]:  86%|████████▌ | 124/145 [00:52<00:10,  2.02it/s, loss=0.0684]
Ep  17 [train]:  86%|████████▌ | 125/145 [00:52<00:07,  2.53it/s, loss=0.0684]
Ep  17 [train]:  86%|████████▌ | 125/145 [00:52<00:07,  2.53it/s, loss=0.0762]
Ep  17 [train]:  87%|████████▋ | 126/145 [00:52<00:09,  2.00it/s, loss=0.0762]
Ep  17 [train]:  87%|████████▋ | 126/145 [00:53<00:09,  2.00it/s, loss=0.0735]
Ep  17 [train]:  88%|████████▊ | 127/145 [00:53<00:07,  2.49it/s, loss=0.0735]
Ep  17 [train]:  88%|████████▊ | 127/145 [00:53<00:07,  2.49it/s, loss=0.0697]
Ep  17 [train]:  88%|████████▊ | 128/145 [00:53<00:08,  2.04it/s, loss=0.0697]
Ep  17 [train]:  88%|████████▊ | 128/145 [00:53<00:08,  2.04it/s, loss=0.0688]
Ep  17 [train]:  89%|████████▉ | 129/145 [00:53<00:06,  2.58it/s, loss=0.0688]
Ep  17 [train]:  89%|████████▉ | 129/145 [00:54<00:06,  2.58it/s, loss=0.0751]
Ep  17 [train]:  90%|████████▉ | 130/145 [00:54<00:07,  2.09it/s, loss=0.0751]
Ep  17 [train]:  90%|████████▉ | 130/145 [00:54<00:07,  2.09it/s, loss=0.0700]
Ep  17 [train]:  90%|█████████ | 131/145 [00:54<00:05,  2.61it/s, loss=0.0700]
Ep  17 [train]:  90%|█████████ | 131/145 [00:55<00:05,  2.61it/s, loss=0.0779]
Ep  17 [train]:  91%|█████████ | 132/145 [00:55<00:06,  2.01it/s, loss=0.0779]
Ep  17 [train]:  91%|█████████ | 132/145 [00:55<00:06,  2.01it/s, loss=0.0713]
Ep  17 [train]:  92%|█████████▏| 133/145 [00:55<00:04,  2.57it/s, loss=0.0713]
Ep  17 [train]:  92%|█████████▏| 133/145 [00:56<00:04,  2.57it/s, loss=0.0780]
Ep  17 [train]:  92%|█████████▏| 134/145 [00:56<00:05,  2.07it/s, loss=0.0780]
Ep  17 [train]:  92%|█████████▏| 134/145 [00:56<00:05,  2.07it/s, loss=0.0765]
Ep  17 [train]:  93%|█████████▎| 135/145 [00:56<00:03,  2.66it/s, loss=0.0765]
Ep  17 [train]:  93%|█████████▎| 135/145 [00:57<00:03,  2.66it/s, loss=0.0803]
Ep  17 [train]:  94%|█████████▍| 136/145 [00:57<00:04,  2.08it/s, loss=0.0803]
Ep  17 [train]:  94%|█████████▍| 136/145 [00:57<00:04,  2.08it/s, loss=0.0754]
Ep  17 [train]:  94%|█████████▍| 137/145 [00:57<00:03,  2.61it/s, loss=0.0754]
Ep  17 [train]:  94%|█████████▍| 137/145 [00:58<00:03,  2.61it/s, loss=0.0784]
Ep  17 [train]:  95%|█████████▌| 138/145 [00:58<00:03,  2.07it/s, loss=0.0784]
Ep  17 [train]:  95%|█████████▌| 138/145 [00:58<00:03,  2.07it/s, loss=0.0740]
Ep  17 [train]:  96%|█████████▌| 139/145 [00:58<00:02,  2.64it/s, loss=0.0740]
Ep  17 [train]:  96%|█████████▌| 139/145 [00:59<00:02,  2.64it/s, loss=0.0857]
Ep  17 [train]:  97%|█████████▋| 140/145 [00:59<00:02,  2.01it/s, loss=0.0857]
Ep  17 [train]:  97%|█████████▋| 140/145 [00:59<00:02,  2.01it/s, loss=0.0692]
Ep  17 [train]:  97%|█████████▋| 141/145 [00:59<00:01,  2.58it/s, loss=0.0692]
Ep  17 [train]:  97%|█████████▋| 141/145 [00:59<00:01,  2.58it/s, loss=0.0787]
Ep  17 [train]:  98%|█████████▊| 142/145 [00:59<00:01,  2.09it/s, loss=0.0787]
Ep  17 [train]:  98%|█████████▊| 142/145 [01:00<00:01,  2.09it/s, loss=0.0722]
Ep  17 [train]:  99%|█████████▊| 143/145 [01:00<00:00,  2.68it/s, loss=0.0722]
Ep  17 [train]:  99%|█████████▊| 143/145 [01:00<00:00,  2.68it/s, loss=0.0787]
Ep  17 [train]:  99%|█████████▉| 144/145 [01:00<00:00,  2.13it/s, loss=0.0787]
Ep  17 [train]:  99%|█████████▉| 144/145 [01:00<00:00,  2.13it/s, loss=0.0721]
Ep  17 [train]: 100%|██████████| 145/145 [01:00<00:00,  2.69it/s, loss=0.0721]
                                                                              
  Ep  17 [train]  loss=0.0744  rmse_c=0.2387  mae_c=0.2158  r2_c=0.023  rmse_h=0.3034  mae_h=0.2252  r2_h=0.471  sup=0.324

Ep  17 [val  ]:   0%|          | 0/39 [00:00<?, ?it/s]
Ep  17 [val  ]:   0%|          | 0/39 [00:00<?, ?it/s, loss=0.0947]
Ep  17 [val  ]:   3%|▎         | 1/39 [00:00<00:36,  1.04it/s, loss=0.0947]
Ep  17 [val  ]:   3%|▎         | 1/39 [00:01<00:36,  1.04it/s, loss=0.0908]
Ep  17 [val  ]:   3%|▎         | 1/39 [00:01<00:36,  1.04it/s, loss=0.0763]
Ep  17 [val  ]:   8%|▊         | 3/39 [00:01<00:20,  1.78it/s, loss=0.0763]
Ep  17 [val  ]:   8%|▊         | 3/39 [00:01<00:20,  1.78it/s, loss=0.0696]
Ep  17 [val  ]:   8%|▊         | 3/39 [00:02<00:20,  1.78it/s, loss=0.0756]
Ep  17 [val  ]:  13%|█▎        | 5/39 [00:02<00:16,  2.05it/s, loss=0.0756]
Ep  17 [val  ]:  13%|█▎        | 5/39 [00:02<00:16,  2.05it/s, loss=0.0805]
Ep  17 [val  ]:  13%|█▎        | 5/39 [00:03<00:16,  2.05it/s, loss=0.0728]
Ep  17 [val  ]:  18%|█▊        | 7/39 [00:03<00:14,  2.17it/s, loss=0.0728]
Ep  17 [val  ]:  18%|█▊        | 7/39 [00:03<00:14,  2.17it/s, loss=0.0731]
Ep  17 [val  ]:  18%|█▊        | 7/39 [00:04<00:14,  2.17it/s, loss=0.0727]
Ep  17 [val  ]:  23%|██▎       | 9/39 [00:04<00:13,  2.20it/s, loss=0.0727]
Ep  17 [val  ]:  23%|██▎       | 9/39 [00:04<00:13,  2.20it/s, loss=0.0702]
Ep  17 [val  ]:  23%|██▎       | 9/39 [00:05<00:13,  2.20it/s, loss=0.0723]
Ep  17 [val  ]:  28%|██▊       | 11/39 [00:05<00:12,  2.25it/s, loss=0.0723]
Ep  17 [val  ]:  28%|██▊       | 11/39 [00:05<00:12,  2.25it/s, loss=0.0741]
Ep  17 [val  ]:  28%|██▊       | 11/39 [00:06<00:12,  2.25it/s, loss=0.0762]
Ep  17 [val  ]:  33%|███▎      | 13/39 [00:06<00:11,  2.26it/s, loss=0.0762]
Ep  17 [val  ]:  33%|███▎      | 13/39 [00:06<00:11,  2.26it/s, loss=0.0859]
Ep  17 [val  ]:  33%|███▎      | 13/39 [00:06<00:11,  2.26it/s, loss=0.0940]
Ep  17 [val  ]:  38%|███▊      | 15/39 [00:06<00:10,  2.28it/s, loss=0.0940]
Ep  17 [val  ]:  38%|███▊      | 15/39 [00:07<00:10,  2.28it/s, loss=0.0905]
Ep  17 [val  ]:  41%|████      | 16/39 [00:07<00:08,  2.65it/s, loss=0.0905]
Ep  17 [val  ]:  41%|████      | 16/39 [00:07<00:08,  2.65it/s, loss=0.0919]
Ep  17 [val  ]:  44%|████▎     | 17/39 [00:07<00:09,  2.22it/s, loss=0.0919]
Ep  17 [val  ]:  44%|████▎     | 17/39 [00:07<00:09,  2.22it/s, loss=0.0815]
Ep  17 [val  ]:  46%|████▌     | 18/39 [00:07<00:07,  2.66it/s, loss=0.0815]
Ep  17 [val  ]:  46%|████▌     | 18/39 [00:08<00:07,  2.66it/s, loss=0.0743]
Ep  17 [val  ]:  49%|████▊     | 19/39 [00:08<00:09,  2.07it/s, loss=0.0743]
Ep  17 [val  ]:  49%|████▊     | 19/39 [00:08<00:09,  2.07it/s, loss=0.0645]
Ep  17 [val  ]:  51%|█████▏    | 20/39 [00:08<00:07,  2.52it/s, loss=0.0645]
Ep  17 [val  ]:  51%|█████▏    | 20/39 [00:09<00:07,  2.52it/s, loss=0.0570]
Ep  17 [val  ]:  54%|█████▍    | 21/39 [00:09<00:08,  2.04it/s, loss=0.0570]
Ep  17 [val  ]:  54%|█████▍    | 21/39 [00:09<00:08,  2.04it/s, loss=0.0643]
Ep  17 [val  ]:  56%|█████▋    | 22/39 [00:09<00:06,  2.60it/s, loss=0.0643]
Ep  17 [val  ]:  56%|█████▋    | 22/39 [00:10<00:06,  2.60it/s, loss=0.0626]
Ep  17 [val  ]:  59%|█████▉    | 23/39 [00:10<00:07,  2.14it/s, loss=0.0626]
Ep  17 [val  ]:  59%|█████▉    | 23/39 [00:10<00:07,  2.14it/s, loss=0.0623]
Ep  17 [val  ]:  62%|██████▏   | 24/39 [00:10<00:05,  2.61it/s, loss=0.0623]
Ep  17 [val  ]:  62%|██████▏   | 24/39 [00:11<00:05,  2.61it/s, loss=0.0641]
Ep  17 [val  ]:  64%|██████▍   | 25/39 [00:11<00:06,  2.12it/s, loss=0.0641]
Ep  17 [val  ]:  64%|██████▍   | 25/39 [00:11<00:06,  2.12it/s, loss=0.0716]
Ep  17 [val  ]:  67%|██████▋   | 26/39 [00:11<00:05,  2.48it/s, loss=0.0716]
Ep  17 [val  ]:  67%|██████▋   | 26/39 [00:12<00:05,  2.48it/s, loss=0.0772]
Ep  17 [val  ]:  69%|██████▉   | 27/39 [00:12<00:05,  2.08it/s, loss=0.0772]
Ep  17 [val  ]:  69%|██████▉   | 27/39 [00:12<00:05,  2.08it/s, loss=0.1162]
Ep  17 [val  ]:  72%|███████▏  | 28/39 [00:12<00:04,  2.52it/s, loss=0.1162]
Ep  17 [val  ]:  72%|███████▏  | 28/39 [00:13<00:04,  2.52it/s, loss=0.0936]
Ep  17 [val  ]:  74%|███████▍  | 29/39 [00:13<00:04,  2.14it/s, loss=0.0936]
Ep  17 [val  ]:  74%|███████▍  | 29/39 [00:13<00:04,  2.14it/s, loss=0.0830]
Ep  17 [val  ]:  77%|███████▋  | 30/39 [00:13<00:03,  2.57it/s, loss=0.0830]
Ep  17 [val  ]:  77%|███████▋  | 30/39 [00:13<00:03,  2.57it/s, loss=0.0756]
Ep  17 [val  ]:  79%|███████▉  | 31/39 [00:13<00:03,  2.10it/s, loss=0.0756]
Ep  17 [val  ]:  79%|███████▉  | 31/39 [00:14<00:03,  2.10it/s, loss=0.0704]
Ep  17 [val  ]:  82%|████████▏ | 32/39 [00:14<00:02,  2.60it/s, loss=0.0704]
Ep  17 [val  ]:  82%|████████▏ | 32/39 [00:14<00:02,  2.60it/s, loss=0.0714]
Ep  17 [val  ]:  85%|████████▍ | 33/39 [00:14<00:02,  2.05it/s, loss=0.0714]
Ep  17 [val  ]:  85%|████████▍ | 33/39 [00:14<00:02,  2.05it/s, loss=0.0699]
Ep  17 [val  ]:  87%|████████▋ | 34/39 [00:14<00:01,  2.53it/s, loss=0.0699]
Ep  17 [val  ]:  87%|████████▋ | 34/39 [00:15<00:01,  2.53it/s, loss=0.0750]
Ep  17 [val  ]:  90%|████████▉ | 35/39 [00:15<00:02,  1.99it/s, loss=0.0750]
Ep  17 [val  ]:  90%|████████▉ | 35/39 [00:15<00:02,  1.99it/s, loss=0.0706]
Ep  17 [val  ]:  92%|█████████▏| 36/39 [00:15<00:01,  2.33it/s, loss=0.0706]
Ep  17 [val  ]:  92%|█████████▏| 36/39 [00:16<00:01,  2.33it/s, loss=0.0691]
Ep  17 [val  ]:  95%|█████████▍| 37/39 [00:16<00:00,  2.04it/s, loss=0.0691]
Ep  17 [val  ]:  95%|█████████▍| 37/39 [00:16<00:00,  2.04it/s, loss=0.0606]
Ep  17 [val  ]:  97%|█████████▋| 38/39 [00:16<00:00,  2.47it/s, loss=0.0606]
Ep  17 [val  ]:  97%|█████████▋| 38/39 [00:16<00:00,  2.47it/s, loss=0.0700]
                                                                            
  Ep  17 [val  ]  loss=0.0760  rmse_c=0.2433  mae_c=0.2190  r2_c=0.027  rmse_h=0.3034  mae_h=0.2287  r2_h=0.426  sup=0.308
  [new best] combined_val_rmse=0.2734

Ep  18 [train]:   0%|          | 0/145 [00:00<?, ?it/s]
Ep  18 [train]:   0%|          | 0/145 [00:01<?, ?it/s, loss=0.0737]
Ep  18 [train]:   1%|          | 1/145 [00:01<02:39,  1.11s/it, loss=0.0737]
Ep  18 [train]:   1%|          | 1/145 [00:01<02:39,  1.11s/it, loss=0.0771]
Ep  18 [train]:   1%|▏         | 2/145 [00:01<01:17,  1.84it/s, loss=0.0771]
Ep  18 [train]:   1%|▏         | 2/145 [00:01<01:17,  1.84it/s, loss=0.0732]
Ep  18 [train]:   2%|▏         | 3/145 [00:01<01:18,  1.81it/s, loss=0.0732]
Ep  18 [train]:   2%|▏         | 3/145 [00:01<01:18,  1.81it/s, loss=0.0711]
Ep  18 [train]:   3%|▎         | 4/145 [00:01<00:54,  2.61it/s, loss=0.0711]
Ep  18 [train]:   3%|▎         | 4/145 [00:02<00:54,  2.61it/s, loss=0.0794]
Ep  18 [train]:   3%|▎         | 5/145 [00:02<01:06,  2.10it/s, loss=0.0794]
Ep  18 [train]:   3%|▎         | 5/145 [00:02<01:06,  2.10it/s, loss=0.0811]
Ep  18 [train]:   4%|▍         | 6/145 [00:02<00:50,  2.77it/s, loss=0.0811]
Ep  18 [train]:   4%|▍         | 6/145 [00:03<00:50,  2.77it/s, loss=0.0742]
Ep  18 [train]:   5%|▍         | 7/145 [00:03<01:00,  2.29it/s, loss=0.0742]
Ep  18 [train]:   5%|▍         | 7/145 [00:03<01:00,  2.29it/s, loss=0.0724]
Ep  18 [train]:   6%|▌         | 8/145 [00:03<00:46,  2.97it/s, loss=0.0724]
Ep  18 [train]:   6%|▌         | 8/145 [00:04<00:46,  2.97it/s, loss=0.0802]
Ep  18 [train]:   6%|▌         | 9/145 [00:04<00:56,  2.41it/s, loss=0.0802]
Ep  18 [train]:   6%|▌         | 9/145 [00:04<00:56,  2.41it/s, loss=0.0726]
Ep  18 [train]:   7%|▋         | 10/145 [00:04<00:44,  3.06it/s, loss=0.0726]
Ep  18 [train]:   7%|▋         | 10/145 [00:04<00:44,  3.06it/s, loss=0.0798]
Ep  18 [train]:   8%|▊         | 11/145 [00:04<00:56,  2.38it/s, loss=0.0798]
Ep  18 [train]:   8%|▊         | 11/145 [00:04<00:56,  2.38it/s, loss=0.0728]
Ep  18 [train]:   8%|▊         | 12/145 [00:04<00:44,  3.01it/s, loss=0.0728]
Ep  18 [train]:   8%|▊         | 12/145 [00:05<00:44,  3.01it/s, loss=0.0729]
Ep  18 [train]:   9%|▉         | 13/145 [00:05<00:55,  2.37it/s, loss=0.0729]
Ep  18 [train]:   9%|▉         | 13/145 [00:05<00:55,  2.37it/s, loss=0.0765]
Ep  18 [train]:  10%|▉         | 14/145 [00:05<00:44,  2.94it/s, loss=0.0765]
Ep  18 [train]:  10%|▉         | 14/145 [00:06<00:44,  2.94it/s, loss=0.0797]
Ep  18 [train]:  10%|█         | 15/145 [00:06<00:57,  2.25it/s, loss=0.0797]
Ep  18 [train]:  10%|█         | 15/145 [00:06<00:57,  2.25it/s, loss=0.0729]
Ep  18 [train]:  11%|█         | 16/145 [00:06<00:45,  2.83it/s, loss=0.0729]
Ep  18 [train]:  11%|█         | 16/145 [00:07<00:45,  2.83it/s, loss=0.0696]
Ep  18 [train]:  12%|█▏        | 17/145 [00:07<00:54,  2.33it/s, loss=0.0696]
Ep  18 [train]:  12%|█▏        | 17/145 [00:07<00:54,  2.33it/s, loss=0.0757]
Ep  18 [train]:  12%|█▏        | 18/145 [00:07<00:43,  2.89it/s, loss=0.0757]
Ep  18 [train]:  12%|█▏        | 18/145 [00:07<00:43,  2.89it/s, loss=0.0764]
Ep  18 [train]:  13%|█▎        | 19/145 [00:07<00:49,  2.55it/s, loss=0.0764]
Ep  18 [train]:  13%|█▎        | 19/145 [00:08<00:49,  2.55it/s, loss=0.0674]
Ep  18 [train]:  14%|█▍        | 20/145 [00:08<00:45,  2.73it/s, loss=0.0674]
Ep  18 [train]:  14%|█▍        | 20/145 [00:08<00:45,  2.73it/s, loss=0.0735]
Ep  18 [train]:  14%|█▍        | 21/145 [00:08<00:46,  2.66it/s, loss=0.0735]
Ep  18 [train]:  14%|█▍        | 21/145 [00:08<00:46,  2.66it/s, loss=0.0750]
Ep  18 [train]:  15%|█▌        | 22/145 [00:08<00:50,  2.45it/s, loss=0.0750]
Ep  18 [train]:  15%|█▌        | 22/145 [00:09<00:50,  2.45it/s, loss=0.0735]
Ep  18 [train]:  16%|█▌        | 23/145 [00:09<00:44,  2.72it/s, loss=0.0735]
Ep  18 [train]:  16%|█▌        | 23/145 [00:09<00:44,  2.72it/s, loss=0.0812]
Ep  18 [train]:  17%|█▋        | 24/145 [00:09<00:53,  2.26it/s, loss=0.0812]
Ep  18 [train]:  17%|█▋        | 24/145 [00:10<00:53,  2.26it/s, loss=0.0698]
Ep  18 [train]:  17%|█▋        | 25/145 [00:10<00:42,  2.80it/s, loss=0.0698]
Ep  18 [train]:  17%|█▋        | 25/145 [00:10<00:42,  2.80it/s, loss=0.0806]
Ep  18 [train]:  18%|█▊        | 26/145 [00:10<00:54,  2.17it/s, loss=0.0806]
Ep  18 [train]:  18%|█▊        | 26/145 [00:10<00:54,  2.17it/s, loss=0.0831]
Ep  18 [train]:  19%|█▊        | 27/145 [00:10<00:44,  2.68it/s, loss=0.0831]
Ep  18 [train]:  19%|█▊        | 27/145 [00:11<00:44,  2.68it/s, loss=0.0746]
Ep  18 [train]:  19%|█▉        | 28/145 [00:11<00:54,  2.13it/s, loss=0.0746]
Ep  18 [train]:  19%|█▉        | 28/145 [00:11<00:54,  2.13it/s, loss=0.0720]
Ep  18 [train]:  20%|██        | 29/145 [00:11<00:42,  2.71it/s, loss=0.0720]
Ep  18 [train]:  20%|██        | 29/145 [00:12<00:42,  2.71it/s, loss=0.0800]
Ep  18 [train]:  21%|██        | 30/145 [00:12<00:52,  2.18it/s, loss=0.0800]
Ep  18 [train]:  21%|██        | 30/145 [00:12<00:52,  2.18it/s, loss=0.0668]
Ep  18 [train]:  21%|██▏       | 31/145 [00:12<00:41,  2.77it/s, loss=0.0668]
Ep  18 [train]:  21%|██▏       | 31/145 [00:13<00:41,  2.77it/s, loss=0.0769]
Ep  18 [train]:  22%|██▏       | 32/145 [00:13<00:52,  2.15it/s, loss=0.0769]
Ep  18 [train]:  22%|██▏       | 32/145 [00:13<00:52,  2.15it/s, loss=0.0745]
Ep  18 [train]:  23%|██▎       | 33/145 [00:13<00:40,  2.74it/s, loss=0.0745]
Ep  18 [train]:  23%|██▎       | 33/145 [00:14<00:40,  2.74it/s, loss=0.0733]
Ep  18 [train]:  23%|██▎       | 34/145 [00:14<00:56,  1.97it/s, loss=0.0733]
Ep  18 [train]:  23%|██▎       | 34/145 [00:14<00:56,  1.97it/s, loss=0.0706]
Ep  18 [train]:  24%|██▍       | 35/145 [00:14<00:43,  2.55it/s, loss=0.0706]
Ep  18 [train]:  24%|██▍       | 35/145 [00:15<00:43,  2.55it/s, loss=0.0753]
Ep  18 [train]:  25%|██▍       | 36/145 [00:15<00:55,  1.98it/s, loss=0.0753]
Ep  18 [train]:  25%|██▍       | 36/145 [00:15<00:55,  1.98it/s, loss=0.0717]
Ep  18 [train]:  26%|██▌       | 37/145 [00:15<00:43,  2.49it/s, loss=0.0717]
Ep  18 [train]:  26%|██▌       | 37/145 [00:16<00:43,  2.49it/s, loss=0.0651]
Ep  18 [train]:  26%|██▌       | 38/145 [00:16<00:54,  1.95it/s, loss=0.0651]
Ep  18 [train]:  26%|██▌       | 38/145 [00:16<00:54,  1.95it/s, loss=0.0807]
Ep  18 [train]:  27%|██▋       | 39/145 [00:16<00:43,  2.42it/s, loss=0.0807]
Ep  18 [train]:  27%|██▋       | 39/145 [00:16<00:43,  2.42it/s, loss=0.0711]
Ep  18 [train]:  28%|██▊       | 40/145 [00:16<00:53,  1.95it/s, loss=0.0711]
Ep  18 [train]:  28%|██▊       | 40/145 [00:17<00:53,  1.95it/s, loss=0.0751]
Ep  18 [train]:  28%|██▊       | 41/145 [00:17<00:41,  2.49it/s, loss=0.0751]
Ep  18 [train]:  28%|██▊       | 41/145 [00:17<00:41,  2.49it/s, loss=0.0688]
Ep  18 [train]:  29%|██▉       | 42/145 [00:17<00:53,  1.94it/s, loss=0.0688]
Ep  18 [train]:  29%|██▉       | 42/145 [00:18<00:53,  1.94it/s, loss=0.0654]
Ep  18 [train]:  30%|██▉       | 43/145 [00:18<00:42,  2.42it/s, loss=0.0654]
Ep  18 [train]:  30%|██▉       | 43/145 [00:18<00:42,  2.42it/s, loss=0.0705]
Ep  18 [train]:  30%|███       | 44/145 [00:18<00:54,  1.86it/s, loss=0.0705]
Ep  18 [train]:  30%|███       | 44/145 [00:19<00:54,  1.86it/s, loss=0.0687]
Ep  18 [train]:  31%|███       | 45/145 [00:19<00:43,  2.31it/s, loss=0.0687]
Ep  18 [train]:  31%|███       | 45/145 [00:19<00:43,  2.31it/s, loss=0.0752]
Ep  18 [train]:  32%|███▏      | 46/145 [00:19<00:51,  1.93it/s, loss=0.0752]
Ep  18 [train]:  32%|███▏      | 46/145 [00:19<00:51,  1.93it/s, loss=0.0733]
Ep  18 [train]:  32%|███▏      | 47/145 [00:19<00:41,  2.38it/s, loss=0.0733]
Ep  18 [train]:  32%|███▏      | 47/145 [00:20<00:41,  2.38it/s, loss=0.0763]
Ep  18 [train]:  33%|███▎      | 48/145 [00:20<00:48,  1.99it/s, loss=0.0763]
Ep  18 [train]:  33%|███▎      | 48/145 [00:20<00:48,  1.99it/s, loss=0.0718]
Ep  18 [train]:  34%|███▍      | 49/145 [00:20<00:38,  2.51it/s, loss=0.0718]
Ep  18 [train]:  34%|███▍      | 49/145 [00:21<00:38,  2.51it/s, loss=0.0749]
Ep  18 [train]:  34%|███▍      | 50/145 [00:21<00:47,  2.01it/s, loss=0.0749]
Ep  18 [train]:  34%|███▍      | 50/145 [00:21<00:47,  2.01it/s, loss=0.0786]
Ep  18 [train]:  35%|███▌      | 51/145 [00:21<00:36,  2.55it/s, loss=0.0786]
Ep  18 [train]:  35%|███▌      | 51/145 [00:22<00:36,  2.55it/s, loss=0.0709]
Ep  18 [train]:  36%|███▌      | 52/145 [00:22<00:43,  2.16it/s, loss=0.0709]
Ep  18 [train]:  36%|███▌      | 52/145 [00:22<00:43,  2.16it/s, loss=0.0668]
Ep  18 [train]:  37%|███▋      | 53/145 [00:22<00:33,  2.76it/s, loss=0.0668]
Ep  18 [train]:  37%|███▋      | 53/145 [00:23<00:33,  2.76it/s, loss=0.0740]
Ep  18 [train]:  37%|███▋      | 54/145 [00:23<00:43,  2.09it/s, loss=0.0740]
Ep  18 [train]:  37%|███▋      | 54/145 [00:23<00:43,  2.09it/s, loss=0.0686]
Ep  18 [train]:  38%|███▊      | 55/145 [00:23<00:33,  2.66it/s, loss=0.0686]
Ep  18 [train]:  38%|███▊      | 55/145 [00:24<00:33,  2.66it/s, loss=0.0745]
Ep  18 [train]:  39%|███▊      | 56/145 [00:24<00:44,  2.02it/s, loss=0.0745]
Ep  18 [train]:  39%|███▊      | 56/145 [00:24<00:44,  2.02it/s, loss=0.0712]
Ep  18 [train]:  39%|███▉      | 57/145 [00:24<00:35,  2.51it/s, loss=0.0712]
Ep  18 [train]:  39%|███▉      | 57/145 [00:24<00:35,  2.51it/s, loss=0.0729]
Ep  18 [train]:  40%|████      | 58/145 [00:24<00:41,  2.10it/s, loss=0.0729]
Ep  18 [train]:  40%|████      | 58/145 [00:25<00:41,  2.10it/s, loss=0.0709]
Ep  18 [train]:  41%|████      | 59/145 [00:25<00:32,  2.63it/s, loss=0.0709]
Ep  18 [train]:  41%|████      | 59/145 [00:25<00:32,  2.63it/s, loss=0.0751]
Ep  18 [train]:  41%|████▏     | 60/145 [00:25<00:43,  1.97it/s, loss=0.0751]
Ep  18 [train]:  41%|████▏     | 60/145 [00:26<00:43,  1.97it/s, loss=0.0740]
Ep  18 [train]:  42%|████▏     | 61/145 [00:26<00:33,  2.50it/s, loss=0.0740]
Ep  18 [train]:  42%|████▏     | 61/145 [00:26<00:33,  2.50it/s, loss=0.0774]
Ep  18 [train]:  43%|████▎     | 62/145 [00:26<00:42,  1.98it/s, loss=0.0774]
Ep  18 [train]:  43%|████▎     | 62/145 [00:26<00:42,  1.98it/s, loss=0.0697]
Ep  18 [train]:  43%|████▎     | 63/145 [00:26<00:33,  2.47it/s, loss=0.0697]
Ep  18 [train]:  43%|████▎     | 63/145 [00:27<00:33,  2.47it/s, loss=0.0769]
Ep  18 [train]:  44%|████▍     | 64/145 [00:27<00:41,  1.94it/s, loss=0.0769]
Ep  18 [train]:  44%|████▍     | 64/145 [00:27<00:41,  1.94it/s, loss=0.0732]
Ep  18 [train]:  45%|████▍     | 65/145 [00:27<00:32,  2.48it/s, loss=0.0732]
Ep  18 [train]:  45%|████▍     | 65/145 [00:28<00:32,  2.48it/s, loss=0.0704]
Ep  18 [train]:  46%|████▌     | 66/145 [00:28<00:40,  1.96it/s, loss=0.0704]
Ep  18 [train]:  46%|████▌     | 66/145 [00:28<00:40,  1.96it/s, loss=0.0754]
Ep  18 [train]:  46%|████▌     | 67/145 [00:28<00:31,  2.46it/s, loss=0.0754]
Ep  18 [train]:  46%|████▌     | 67/145 [00:29<00:31,  2.46it/s, loss=0.0695]
Ep  18 [train]:  47%|████▋     | 68/145 [00:29<00:37,  2.04it/s, loss=0.0695]
Ep  18 [train]:  47%|████▋     | 68/145 [00:29<00:37,  2.04it/s, loss=0.0758]
Ep  18 [train]:  48%|████▊     | 69/145 [00:29<00:29,  2.57it/s, loss=0.0758]
Ep  18 [train]:  48%|████▊     | 69/145 [00:30<00:29,  2.57it/s, loss=0.0707]
Ep  18 [train]:  48%|████▊     | 70/145 [00:30<00:34,  2.15it/s, loss=0.0707]
Ep  18 [train]:  48%|████▊     | 70/145 [00:30<00:34,  2.15it/s, loss=0.0735]
Ep  18 [train]:  49%|████▉     | 71/145 [00:30<00:27,  2.69it/s, loss=0.0735]
Ep  18 [train]:  49%|████▉     | 71/145 [00:31<00:27,  2.69it/s, loss=0.0722]
Ep  18 [train]:  50%|████▉     | 72/145 [00:31<00:33,  2.18it/s, loss=0.0722]
Ep  18 [train]:  50%|████▉     | 72/145 [00:31<00:33,  2.18it/s, loss=0.0740]
Ep  18 [train]:  50%|█████     | 73/145 [00:31<00:26,  2.75it/s, loss=0.0740]
Ep  18 [train]:  50%|█████     | 73/145 [00:31<00:26,  2.75it/s, loss=0.0692]
Ep  18 [train]:  51%|█████     | 74/145 [00:31<00:30,  2.30it/s, loss=0.0692]
Ep  18 [train]:  51%|█████     | 74/145 [00:31<00:30,  2.30it/s, loss=0.0876]
Ep  18 [train]:  52%|█████▏    | 75/145 [00:31<00:23,  2.95it/s, loss=0.0876]
Ep  18 [train]:  52%|█████▏    | 75/145 [00:32<00:23,  2.95it/s, loss=0.0690]
Ep  18 [train]:  52%|█████▏    | 76/145 [00:32<00:28,  2.40it/s, loss=0.0690]
Ep  18 [train]:  52%|█████▏    | 76/145 [00:32<00:28,  2.40it/s, loss=0.0740]
Ep  18 [train]:  53%|█████▎    | 77/145 [00:32<00:22,  3.00it/s, loss=0.0740]
Ep  18 [train]:  53%|█████▎    | 77/145 [00:33<00:22,  3.00it/s, loss=0.0724]
Ep  18 [train]:  54%|█████▍    | 78/145 [00:33<00:27,  2.41it/s, loss=0.0724]
Ep  18 [train]:  54%|█████▍    | 78/145 [00:33<00:27,  2.41it/s, loss=0.0702]
Ep  18 [train]:  54%|█████▍    | 79/145 [00:33<00:22,  3.00it/s, loss=0.0702]
Ep  18 [train]:  54%|█████▍    | 79/145 [00:34<00:22,  3.00it/s, loss=0.0720]
Ep  18 [train]:  55%|█████▌    | 80/145 [00:34<00:27,  2.34it/s, loss=0.0720]
Ep  18 [train]:  55%|█████▌    | 80/145 [00:34<00:27,  2.34it/s, loss=0.0661]
Ep  18 [train]:  56%|█████▌    | 81/145 [00:34<00:21,  2.94it/s, loss=0.0661]
Ep  18 [train]:  56%|█████▌    | 81/145 [00:34<00:21,  2.94it/s, loss=0.0711]
Ep  18 [train]:  57%|█████▋    | 82/145 [00:34<00:27,  2.31it/s, loss=0.0711]
Ep  18 [train]:  57%|█████▋    | 82/145 [00:35<00:27,  2.31it/s, loss=0.0663]
Ep  18 [train]:  57%|█████▋    | 83/145 [00:35<00:21,  2.85it/s, loss=0.0663]
Ep  18 [train]:  57%|█████▋    | 83/145 [00:35<00:21,  2.85it/s, loss=0.0805]
Ep  18 [train]:  58%|█████▊    | 84/145 [00:35<00:26,  2.31it/s, loss=0.0805]
Ep  18 [train]:  58%|█████▊    | 84/145 [00:35<00:26,  2.31it/s, loss=0.0662]
Ep  18 [train]:  59%|█████▊    | 85/145 [00:35<00:20,  2.88it/s, loss=0.0662]
Ep  18 [train]:  59%|█████▊    | 85/145 [00:36<00:20,  2.88it/s, loss=0.0750]
Ep  18 [train]:  59%|█████▉    | 86/145 [00:36<00:26,  2.26it/s, loss=0.0750]
Ep  18 [train]:  59%|█████▉    | 86/145 [00:36<00:26,  2.26it/s, loss=0.0670]
Ep  18 [train]:  60%|██████    | 87/145 [00:36<00:20,  2.81it/s, loss=0.0670]
Ep  18 [train]:  60%|██████    | 87/145 [00:37<00:20,  2.81it/s, loss=0.0730]
Ep  18 [train]:  61%|██████    | 88/145 [00:37<00:26,  2.14it/s, loss=0.0730]
Ep  18 [train]:  61%|██████    | 88/145 [00:37<00:26,  2.14it/s, loss=0.0764]
Ep  18 [train]:  61%|██████▏   | 89/145 [00:37<00:20,  2.75it/s, loss=0.0764]
Ep  18 [train]:  61%|██████▏   | 89/145 [00:38<00:20,  2.75it/s, loss=0.0775]
Ep  18 [train]:  62%|██████▏   | 90/145 [00:38<00:24,  2.23it/s, loss=0.0775]
Ep  18 [train]:  62%|██████▏   | 90/145 [00:38<00:24,  2.23it/s, loss=0.0696]
Ep  18 [train]:  63%|██████▎   | 91/145 [00:38<00:18,  2.87it/s, loss=0.0696]
Ep  18 [train]:  63%|██████▎   | 91/145 [00:38<00:18,  2.87it/s, loss=0.0720]
Ep  18 [train]:  63%|██████▎   | 92/145 [00:38<00:22,  2.34it/s, loss=0.0720]
Ep  18 [train]:  63%|██████▎   | 92/145 [00:38<00:22,  2.34it/s, loss=0.0840]
Ep  18 [train]:  64%|██████▍   | 93/145 [00:38<00:17,  2.95it/s, loss=0.0840]
Ep  18 [train]:  64%|██████▍   | 93/145 [00:39<00:17,  2.95it/s, loss=0.0825]
Ep  18 [train]:  65%|██████▍   | 94/145 [00:39<00:21,  2.40it/s, loss=0.0825]
Ep  18 [train]:  65%|██████▍   | 94/145 [00:39<00:21,  2.40it/s, loss=0.0720]
Ep  18 [train]:  66%|██████▌   | 95/145 [00:39<00:16,  3.03it/s, loss=0.0720]
Ep  18 [train]:  66%|██████▌   | 95/145 [00:40<00:16,  3.03it/s, loss=0.0791]
Ep  18 [train]:  66%|██████▌   | 96/145 [00:40<00:21,  2.28it/s, loss=0.0791]
Ep  18 [train]:  66%|██████▌   | 96/145 [00:40<00:21,  2.28it/s, loss=0.0709]
Ep  18 [train]:  67%|██████▋   | 97/145 [00:40<00:16,  2.93it/s, loss=0.0709]
Ep  18 [train]:  67%|██████▋   | 97/145 [00:41<00:16,  2.93it/s, loss=0.0763]
Ep  18 [train]:  68%|██████▊   | 98/145 [00:41<00:20,  2.31it/s, loss=0.0763]
Ep  18 [train]:  68%|██████▊   | 98/145 [00:41<00:20,  2.31it/s, loss=0.0754]
Ep  18 [train]:  68%|██████▊   | 99/145 [00:41<00:16,  2.86it/s, loss=0.0754]
Ep  18 [train]:  68%|██████▊   | 99/145 [00:42<00:16,  2.86it/s, loss=0.0679]
Ep  18 [train]:  69%|██████▉   | 100/145 [00:42<00:21,  2.12it/s, loss=0.0679]
Ep  18 [train]:  69%|██████▉   | 100/145 [00:42<00:21,  2.12it/s, loss=0.0863]
Ep  18 [train]:  70%|██████▉   | 101/145 [00:42<00:16,  2.64it/s, loss=0.0863]
Ep  18 [train]:  70%|██████▉   | 101/145 [00:42<00:16,  2.64it/s, loss=0.0714]
Ep  18 [train]:  70%|███████   | 102/145 [00:42<00:20,  2.12it/s, loss=0.0714]
Ep  18 [train]:  70%|███████   | 102/145 [00:43<00:20,  2.12it/s, loss=0.0709]
Ep  18 [train]:  71%|███████   | 103/145 [00:43<00:15,  2.66it/s, loss=0.0709]
Ep  18 [train]:  71%|███████   | 103/145 [00:43<00:15,  2.66it/s, loss=0.0737]
Ep  18 [train]:  72%|███████▏  | 104/145 [00:43<00:19,  2.10it/s, loss=0.0737]
Ep  18 [train]:  72%|███████▏  | 104/145 [00:43<00:19,  2.10it/s, loss=0.0752]
Ep  18 [train]:  72%|███████▏  | 105/145 [00:43<00:15,  2.62it/s, loss=0.0752]
Ep  18 [train]:  72%|███████▏  | 105/145 [00:44<00:15,  2.62it/s, loss=0.0736]
Ep  18 [train]:  73%|███████▎  | 106/145 [00:44<00:19,  2.05it/s, loss=0.0736]
Ep  18 [train]:  73%|███████▎  | 106/145 [00:44<00:19,  2.05it/s, loss=0.0883]
Ep  18 [train]:  74%|███████▍  | 107/145 [00:44<00:14,  2.63it/s, loss=0.0883]
Ep  18 [train]:  74%|███████▍  | 107/145 [00:45<00:14,  2.63it/s, loss=0.0735]
Ep  18 [train]:  74%|███████▍  | 108/145 [00:45<00:18,  2.03it/s, loss=0.0735]
Ep  18 [train]:  74%|███████▍  | 108/145 [00:45<00:18,  2.03it/s, loss=0.0729]
Ep  18 [train]:  75%|███████▌  | 109/145 [00:45<00:14,  2.51it/s, loss=0.0729]
Ep  18 [train]:  75%|███████▌  | 109/145 [00:46<00:14,  2.51it/s, loss=0.0737]
Ep  18 [train]:  76%|███████▌  | 110/145 [00:46<00:17,  2.02it/s, loss=0.0737]
Ep  18 [train]:  76%|███████▌  | 110/145 [00:46<00:17,  2.02it/s, loss=0.0713]
Ep  18 [train]:  77%|███████▋  | 111/145 [00:46<00:13,  2.57it/s, loss=0.0713]
Ep  18 [train]:  77%|███████▋  | 111/145 [00:47<00:13,  2.57it/s, loss=0.0733]
Ep  18 [train]:  77%|███████▋  | 112/145 [00:47<00:16,  2.05it/s, loss=0.0733]
Ep  18 [train]:  77%|███████▋  | 112/145 [00:47<00:16,  2.05it/s, loss=0.0776]
Ep  18 [train]:  78%|███████▊  | 113/145 [00:47<00:12,  2.60it/s, loss=0.0776]
Ep  18 [train]:  78%|███████▊  | 113/145 [00:48<00:12,  2.60it/s, loss=0.0800]
Ep  18 [train]:  79%|███████▊  | 114/145 [00:48<00:15,  1.95it/s, loss=0.0800]
Ep  18 [train]:  79%|███████▊  | 114/145 [00:48<00:15,  1.95it/s, loss=0.0754]
Ep  18 [train]:  79%|███████▉  | 115/145 [00:48<00:12,  2.47it/s, loss=0.0754]
Ep  18 [train]:  79%|███████▉  | 115/145 [00:49<00:12,  2.47it/s, loss=0.0695]
Ep  18 [train]:  80%|████████  | 116/145 [00:49<00:14,  1.95it/s, loss=0.0695]
Ep  18 [train]:  80%|████████  | 116/145 [00:49<00:14,  1.95it/s, loss=0.0815]
Ep  18 [train]:  81%|████████  | 117/145 [00:49<00:11,  2.46it/s, loss=0.0815]
Ep  18 [train]:  81%|████████  | 117/145 [00:50<00:11,  2.46it/s, loss=0.0751]
Ep  18 [train]:  81%|████████▏ | 118/145 [00:50<00:13,  2.04it/s, loss=0.0751]
Ep  18 [train]:  81%|████████▏ | 118/145 [00:50<00:13,  2.04it/s, loss=0.0778]
Ep  18 [train]:  82%|████████▏ | 119/145 [00:50<00:10,  2.59it/s, loss=0.0778]
Ep  18 [train]:  82%|████████▏ | 119/145 [00:50<00:10,  2.59it/s, loss=0.0778]
Ep  18 [train]:  83%|████████▎ | 120/145 [00:50<00:12,  1.98it/s, loss=0.0778]
Ep  18 [train]:  83%|████████▎ | 120/145 [00:51<00:12,  1.98it/s, loss=0.0768]
Ep  18 [train]:  83%|████████▎ | 121/145 [00:51<00:09,  2.53it/s, loss=0.0768]
Ep  18 [train]:  83%|████████▎ | 121/145 [00:51<00:09,  2.53it/s, loss=0.0737]
Ep  18 [train]:  84%|████████▍ | 122/145 [00:51<00:11,  2.04it/s, loss=0.0737]
Ep  18 [train]:  84%|████████▍ | 122/145 [00:51<00:11,  2.04it/s, loss=0.0712]
Ep  18 [train]:  85%|████████▍ | 123/145 [00:51<00:08,  2.56it/s, loss=0.0712]
Ep  18 [train]:  85%|████████▍ | 123/145 [00:52<00:08,  2.56it/s, loss=0.0708]
Ep  18 [train]:  86%|████████▌ | 124/145 [00:52<00:09,  2.10it/s, loss=0.0708]
Ep  18 [train]:  86%|████████▌ | 124/145 [00:52<00:09,  2.10it/s, loss=0.0776]
Ep  18 [train]:  86%|████████▌ | 125/145 [00:52<00:07,  2.67it/s, loss=0.0776]
Ep  18 [train]:  86%|████████▌ | 125/145 [00:53<00:07,  2.67it/s, loss=0.0720]
Ep  18 [train]:  87%|████████▋ | 126/145 [00:53<00:09,  2.08it/s, loss=0.0720]
Ep  18 [train]:  87%|████████▋ | 126/145 [00:53<00:09,  2.08it/s, loss=0.0768]
Ep  18 [train]:  88%|████████▊ | 127/145 [00:53<00:06,  2.66it/s, loss=0.0768]
Ep  18 [train]:  88%|████████▊ | 127/145 [00:54<00:06,  2.66it/s, loss=0.0848]
Ep  18 [train]:  88%|████████▊ | 128/145 [00:54<00:08,  2.11it/s, loss=0.0848]
Ep  18 [train]:  88%|████████▊ | 128/145 [00:54<00:08,  2.11it/s, loss=0.0723]
Ep  18 [train]:  89%|████████▉ | 129/145 [00:54<00:06,  2.62it/s, loss=0.0723]
Ep  18 [train]:  89%|████████▉ | 129/145 [00:55<00:06,  2.62it/s, loss=0.0732]
Ep  18 [train]:  90%|████████▉ | 130/145 [00:55<00:07,  2.09it/s, loss=0.0732]
Ep  18 [train]:  90%|████████▉ | 130/145 [00:55<00:07,  2.09it/s, loss=0.0742]
Ep  18 [train]:  90%|█████████ | 131/145 [00:55<00:05,  2.60it/s, loss=0.0742]
Ep  18 [train]:  90%|█████████ | 131/145 [00:56<00:05,  2.60it/s, loss=0.0714]
Ep  18 [train]:  91%|█████████ | 132/145 [00:56<00:06,  2.04it/s, loss=0.0714]
Ep  18 [train]:  91%|█████████ | 132/145 [00:56<00:06,  2.04it/s, loss=0.0667]
Ep  18 [train]:  92%|█████████▏| 133/145 [00:56<00:04,  2.57it/s, loss=0.0667]
Ep  18 [train]:  92%|█████████▏| 133/145 [00:57<00:04,  2.57it/s, loss=0.0765]
Ep  18 [train]:  92%|█████████▏| 134/145 [00:57<00:05,  2.03it/s, loss=0.0765]
Ep  18 [train]:  92%|█████████▏| 134/145 [00:57<00:05,  2.03it/s, loss=0.0708]
Ep  18 [train]:  93%|█████████▎| 135/145 [00:57<00:03,  2.52it/s, loss=0.0708]
Ep  18 [train]:  93%|█████████▎| 135/145 [00:57<00:03,  2.52it/s, loss=0.0844]
Ep  18 [train]:  94%|█████████▍| 136/145 [00:57<00:04,  2.05it/s, loss=0.0844]
Ep  18 [train]:  94%|█████████▍| 136/145 [00:58<00:04,  2.05it/s, loss=0.0787]
Ep  18 [train]:  94%|█████████▍| 137/145 [00:58<00:03,  2.61it/s, loss=0.0787]
Ep  18 [train]:  94%|█████████▍| 137/145 [00:58<00:03,  2.61it/s, loss=0.0729]
Ep  18 [train]:  95%|█████████▌| 138/145 [00:58<00:03,  2.02it/s, loss=0.0729]
Ep  18 [train]:  95%|█████████▌| 138/145 [00:58<00:03,  2.02it/s, loss=0.0802]
Ep  18 [train]:  96%|█████████▌| 139/145 [00:58<00:02,  2.61it/s, loss=0.0802]
Ep  18 [train]:  96%|█████████▌| 139/145 [00:59<00:02,  2.61it/s, loss=0.0786]
Ep  18 [train]:  97%|█████████▋| 140/145 [00:59<00:02,  2.10it/s, loss=0.0786]
Ep  18 [train]:  97%|█████████▋| 140/145 [00:59<00:02,  2.10it/s, loss=0.0742]
Ep  18 [train]:  97%|█████████▋| 141/145 [00:59<00:01,  2.65it/s, loss=0.0742]
Ep  18 [train]:  97%|█████████▋| 141/145 [01:00<00:01,  2.65it/s, loss=0.0729]
Ep  18 [train]:  98%|█████████▊| 142/145 [01:00<00:01,  2.14it/s, loss=0.0729]
Ep  18 [train]:  98%|█████████▊| 142/145 [01:00<00:01,  2.14it/s, loss=0.0771]
Ep  18 [train]:  99%|█████████▊| 143/145 [01:00<00:00,  2.69it/s, loss=0.0771]
Ep  18 [train]:  99%|█████████▊| 143/145 [01:01<00:00,  2.69it/s, loss=0.0737]
Ep  18 [train]:  99%|█████████▉| 144/145 [01:01<00:00,  2.10it/s, loss=0.0737]
Ep  18 [train]:  99%|█████████▉| 144/145 [01:01<00:00,  2.10it/s, loss=0.0685]
Ep  18 [train]: 100%|██████████| 145/145 [01:01<00:00,  2.66it/s, loss=0.0685]
                                                                              
  Ep  18 [train]  loss=0.0742  rmse_c=0.2381  mae_c=0.2154  r2_c=0.024  rmse_h=0.3028  mae_h=0.2249  r2_h=0.476  sup=0.322

Ep  18 [val  ]:   0%|          | 0/39 [00:00<?, ?it/s]
Ep  18 [val  ]:   0%|          | 0/39 [00:01<?, ?it/s, loss=0.0942]
Ep  18 [val  ]:   3%|▎         | 1/39 [00:01<00:38,  1.01s/it, loss=0.0942]
Ep  18 [val  ]:   3%|▎         | 1/39 [00:01<00:38,  1.01s/it, loss=0.0897]
Ep  18 [val  ]:   3%|▎         | 1/39 [00:01<00:38,  1.01s/it, loss=0.0745]
Ep  18 [val  ]:   8%|▊         | 3/39 [00:01<00:20,  1.72it/s, loss=0.0745]
Ep  18 [val  ]:   8%|▊         | 3/39 [00:01<00:20,  1.72it/s, loss=0.0692]
Ep  18 [val  ]:   8%|▊         | 3/39 [00:02<00:20,  1.72it/s, loss=0.0735]
Ep  18 [val  ]:  13%|█▎        | 5/39 [00:02<00:17,  1.99it/s, loss=0.0735]
Ep  18 [val  ]:  13%|█▎        | 5/39 [00:02<00:17,  1.99it/s, loss=0.0756]
Ep  18 [val  ]:  13%|█▎        | 5/39 [00:03<00:17,  1.99it/s, loss=0.0709]
Ep  18 [val  ]:  18%|█▊        | 7/39 [00:03<00:14,  2.14it/s, loss=0.0709]
Ep  18 [val  ]:  18%|█▊        | 7/39 [00:03<00:14,  2.14it/s, loss=0.0701]
Ep  18 [val  ]:  18%|█▊        | 7/39 [00:04<00:14,  2.14it/s, loss=0.0683]
Ep  18 [val  ]:  23%|██▎       | 9/39 [00:04<00:13,  2.17it/s, loss=0.0683]
Ep  18 [val  ]:  23%|██▎       | 9/39 [00:04<00:13,  2.17it/s, loss=0.0672]
Ep  18 [val  ]:  26%|██▌       | 10/39 [00:04<00:11,  2.55it/s, loss=0.0672]
Ep  18 [val  ]:  26%|██▌       | 10/39 [00:05<00:11,  2.55it/s, loss=0.0685]
Ep  18 [val  ]:  28%|██▊       | 11/39 [00:05<00:14,  1.96it/s, loss=0.0685]
Ep  18 [val  ]:  28%|██▊       | 11/39 [00:05<00:14,  1.96it/s, loss=0.0736]
Ep  18 [val  ]:  28%|██▊       | 11/39 [00:06<00:14,  1.96it/s, loss=0.0764]
Ep  18 [val  ]:  33%|███▎      | 13/39 [00:06<00:12,  2.07it/s, loss=0.0764]
Ep  18 [val  ]:  33%|███▎      | 13/39 [00:06<00:12,  2.07it/s, loss=0.0855]
Ep  18 [val  ]:  33%|███▎      | 13/39 [00:07<00:12,  2.07it/s, loss=0.0933]
Ep  18 [val  ]:  38%|███▊      | 15/39 [00:07<00:11,  2.18it/s, loss=0.0933]
Ep  18 [val  ]:  38%|███▊      | 15/39 [00:07<00:11,  2.18it/s, loss=0.0905]
Ep  18 [val  ]:  38%|███▊      | 15/39 [00:08<00:11,  2.18it/s, loss=0.0918]
Ep  18 [val  ]:  44%|████▎     | 17/39 [00:08<00:09,  2.22it/s, loss=0.0918]
Ep  18 [val  ]:  44%|████▎     | 17/39 [00:08<00:09,  2.22it/s, loss=0.0815]
Ep  18 [val  ]:  44%|████▎     | 17/39 [00:09<00:09,  2.22it/s, loss=0.0762]
Ep  18 [val  ]:  49%|████▊     | 19/39 [00:09<00:09,  2.20it/s, loss=0.0762]
Ep  18 [val  ]:  49%|████▊     | 19/39 [00:09<00:09,  2.20it/s, loss=0.0645]
Ep  18 [val  ]:  49%|████▊     | 19/39 [00:09<00:09,  2.20it/s, loss=0.0576]
Ep  18 [val  ]:  54%|█████▍    | 21/39 [00:09<00:08,  2.17it/s, loss=0.0576]
Ep  18 [val  ]:  54%|█████▍    | 21/39 [00:10<00:08,  2.17it/s, loss=0.0644]
Ep  18 [val  ]:  54%|█████▍    | 21/39 [00:10<00:08,  2.17it/s, loss=0.0621]
Ep  18 [val  ]:  59%|█████▉    | 23/39 [00:10<00:07,  2.12it/s, loss=0.0621]
Ep  18 [val  ]:  59%|█████▉    | 23/39 [00:11<00:07,  2.12it/s, loss=0.0626]
Ep  18 [val  ]:  59%|█████▉    | 23/39 [00:11<00:07,  2.12it/s, loss=0.0635]
Ep  18 [val  ]:  64%|██████▍   | 25/39 [00:11<00:06,  2.19it/s, loss=0.0635]
Ep  18 [val  ]:  64%|██████▍   | 25/39 [00:11<00:06,  2.19it/s, loss=0.0707]
Ep  18 [val  ]:  64%|██████▍   | 25/39 [00:12<00:06,  2.19it/s, loss=0.0775]
Ep  18 [val  ]:  69%|██████▉   | 27/39 [00:12<00:05,  2.23it/s, loss=0.0775]
Ep  18 [val  ]:  69%|██████▉   | 27/39 [00:12<00:05,  2.23it/s, loss=0.1178]
Ep  18 [val  ]:  69%|██████▉   | 27/39 [00:13<00:05,  2.23it/s, loss=0.0917]
Ep  18 [val  ]:  74%|███████▍  | 29/39 [00:13<00:04,  2.22it/s, loss=0.0917]
Ep  18 [val  ]:  74%|███████▍  | 29/39 [00:13<00:04,  2.22it/s, loss=0.0819]
Ep  18 [val  ]:  74%|███████▍  | 29/39 [00:14<00:04,  2.22it/s, loss=0.0753]
Ep  18 [val  ]:  79%|███████▉  | 31/39 [00:14<00:03,  2.21it/s, loss=0.0753]
Ep  18 [val  ]:  79%|███████▉  | 31/39 [00:14<00:03,  2.21it/s, loss=0.0699]
Ep  18 [val  ]:  79%|███████▉  | 31/39 [00:15<00:03,  2.21it/s, loss=0.0714]
Ep  18 [val  ]:  85%|████████▍ | 33/39 [00:15<00:02,  2.25it/s, loss=0.0714]
Ep  18 [val  ]:  85%|████████▍ | 33/39 [00:15<00:02,  2.25it/s, loss=0.0709]
Ep  18 [val  ]:  87%|████████▋ | 34/39 [00:15<00:02,  2.47it/s, loss=0.0709]
Ep  18 [val  ]:  87%|████████▋ | 34/39 [00:16<00:02,  2.47it/s, loss=0.0751]
Ep  18 [val  ]:  90%|████████▉ | 35/39 [00:16<00:01,  2.26it/s, loss=0.0751]
Ep  18 [val  ]:  90%|████████▉ | 35/39 [00:16<00:01,  2.26it/s, loss=0.0696]
Ep  18 [val  ]:  92%|█████████▏| 36/39 [00:16<00:01,  2.40it/s, loss=0.0696]
Ep  18 [val  ]:  92%|█████████▏| 36/39 [00:16<00:01,  2.40it/s, loss=0.0695]
Ep  18 [val  ]:  95%|█████████▍| 37/39 [00:16<00:00,  2.43it/s, loss=0.0695]
Ep  18 [val  ]:  95%|█████████▍| 37/39 [00:17<00:00,  2.43it/s, loss=0.0597]
Ep  18 [val  ]:  97%|█████████▋| 38/39 [00:17<00:00,  2.40it/s, loss=0.0597]
Ep  18 [val  ]:  97%|█████████▋| 38/39 [00:17<00:00,  2.40it/s, loss=0.0727]
                                                                            
  Ep  18 [val  ]  loss=0.0754  rmse_c=0.2434  mae_c=0.2192  r2_c=0.027  rmse_h=0.3013  mae_h=0.2235  r2_h=0.435  sup=0.308
  [new best] combined_val_rmse=0.2723

Ep  19 [train]:   0%|          | 0/145 [00:00<?, ?it/s]
Ep  19 [train]:   0%|          | 0/145 [00:01<?, ?it/s, loss=0.0690]
Ep  19 [train]:   1%|          | 1/145 [00:01<02:36,  1.09s/it, loss=0.0690]
Ep  19 [train]:   1%|          | 1/145 [00:01<02:36,  1.09s/it, loss=0.0746]
Ep  19 [train]:   1%|▏         | 2/145 [00:01<01:25,  1.68it/s, loss=0.0746]
Ep  19 [train]:   1%|▏         | 2/145 [00:01<01:25,  1.68it/s, loss=0.0707]
Ep  19 [train]:   2%|▏         | 3/145 [00:01<01:12,  1.95it/s, loss=0.0707]
Ep  19 [train]:   2%|▏         | 3/145 [00:02<01:12,  1.95it/s, loss=0.0718]
Ep  19 [train]:   3%|▎         | 4/145 [00:02<01:23,  1.70it/s, loss=0.0718]
Ep  19 [train]:   3%|▎         | 4/145 [00:02<01:23,  1.70it/s, loss=0.0746]
Ep  19 [train]:   3%|▎         | 5/145 [00:02<00:59,  2.34it/s, loss=0.0746]
Ep  19 [train]:   3%|▎         | 5/145 [00:03<00:59,  2.34it/s, loss=0.0741]
Ep  19 [train]:   4%|▍         | 6/145 [00:03<01:09,  1.99it/s, loss=0.0741]
Ep  19 [train]:   4%|▍         | 6/145 [00:03<01:09,  1.99it/s, loss=0.0679]
Ep  19 [train]:   5%|▍         | 7/145 [00:03<00:54,  2.51it/s, loss=0.0679]
Ep  19 [train]:   5%|▍         | 7/145 [00:04<00:54,  2.51it/s, loss=0.0743]
Ep  19 [train]:   6%|▌         | 8/145 [00:04<01:06,  2.07it/s, loss=0.0743]
Ep  19 [train]:   6%|▌         | 8/145 [00:04<01:06,  2.07it/s, loss=0.0698]
Ep  19 [train]:   6%|▌         | 9/145 [00:04<00:51,  2.62it/s, loss=0.0698]
Ep  19 [train]:   6%|▌         | 9/145 [00:04<00:51,  2.62it/s, loss=0.0713]
Ep  19 [train]:   7%|▋         | 10/145 [00:04<01:01,  2.20it/s, loss=0.0713]
Ep  19 [train]:   7%|▋         | 10/145 [00:05<01:01,  2.20it/s, loss=0.0730]
Ep  19 [train]:   8%|▊         | 11/145 [00:05<00:47,  2.81it/s, loss=0.0730]
Ep  19 [train]:   8%|▊         | 11/145 [00:05<00:47,  2.81it/s, loss=0.0757]
Ep  19 [train]:   8%|▊         | 12/145 [00:05<00:56,  2.35it/s, loss=0.0757]
Ep  19 [train]:   8%|▊         | 12/145 [00:05<00:56,  2.35it/s, loss=0.0784]
Ep  19 [train]:   9%|▉         | 13/145 [00:05<00:44,  2.98it/s, loss=0.0784]
Ep  19 [train]:   9%|▉         | 13/145 [00:06<00:44,  2.98it/s, loss=0.0735]
Ep  19 [train]:  10%|▉         | 14/145 [00:06<00:54,  2.38it/s, loss=0.0735]
Ep  19 [train]:  10%|▉         | 14/145 [00:06<00:54,  2.38it/s, loss=0.0737]
Ep  19 [train]:  10%|█         | 15/145 [00:06<00:42,  3.02it/s, loss=0.0737]
Ep  19 [train]:  10%|█         | 15/145 [00:07<00:42,  3.02it/s, loss=0.0735]
Ep  19 [train]:  11%|█         | 16/145 [00:07<00:53,  2.39it/s, loss=0.0735]
Ep  19 [train]:  11%|█         | 16/145 [00:07<00:53,  2.39it/s, loss=0.0708]
Ep  19 [train]:  12%|█▏        | 17/145 [00:07<00:41,  3.05it/s, loss=0.0708]
Ep  19 [train]:  12%|█▏        | 17/145 [00:07<00:41,  3.05it/s, loss=0.0733]
Ep  19 [train]:  12%|█▏        | 18/145 [00:07<00:53,  2.35it/s, loss=0.0733]
Ep  19 [train]:  12%|█▏        | 18/145 [00:07<00:53,  2.35it/s, loss=0.0702]
Ep  19 [train]:  13%|█▎        | 19/145 [00:07<00:42,  2.99it/s, loss=0.0702]
Ep  19 [train]:  13%|█▎        | 19/145 [00:08<00:42,  2.99it/s, loss=0.0708]
Ep  19 [train]:  14%|█▍        | 20/145 [00:08<00:53,  2.34it/s, loss=0.0708]
Ep  19 [train]:  14%|█▍        | 20/145 [00:08<00:53,  2.34it/s, loss=0.0714]
Ep  19 [train]:  14%|█▍        | 21/145 [00:08<00:43,  2.87it/s, loss=0.0714]
Ep  19 [train]:  14%|█▍        | 21/145 [00:09<00:43,  2.87it/s, loss=0.0696]
Ep  19 [train]:  15%|█▌        | 22/145 [00:09<00:50,  2.42it/s, loss=0.0696]
Ep  19 [train]:  15%|█▌        | 22/145 [00:09<00:50,  2.42it/s, loss=0.0876]
Ep  19 [train]:  16%|█▌        | 23/145 [00:09<00:40,  3.04it/s, loss=0.0876]
Ep  19 [train]:  16%|█▌        | 23/145 [00:10<00:40,  3.04it/s, loss=0.0719]
Ep  19 [train]:  17%|█▋        | 24/145 [00:10<00:51,  2.36it/s, loss=0.0719]
Ep  19 [train]:  17%|█▋        | 24/145 [00:10<00:51,  2.36it/s, loss=0.0681]
Ep  19 [train]:  17%|█▋        | 25/145 [00:10<00:41,  2.90it/s, loss=0.0681]
Ep  19 [train]:  17%|█▋        | 25/145 [00:11<00:41,  2.90it/s, loss=0.0766]
Ep  19 [train]:  18%|█▊        | 26/145 [00:11<00:55,  2.13it/s, loss=0.0766]
Ep  19 [train]:  18%|█▊        | 26/145 [00:11<00:55,  2.13it/s, loss=0.0765]
Ep  19 [train]:  19%|█▊        | 27/145 [00:11<00:44,  2.67it/s, loss=0.0765]
Ep  19 [train]:  19%|█▊        | 27/145 [00:11<00:44,  2.67it/s, loss=0.0784]
Ep  19 [train]:  19%|█▉        | 28/145 [00:11<00:56,  2.08it/s, loss=0.0784]
Ep  19 [train]:  19%|█▉        | 28/145 [00:12<00:56,  2.08it/s, loss=0.0853]
Ep  19 [train]:  20%|██        | 29/145 [00:12<00:44,  2.61it/s, loss=0.0853]
Ep  19 [train]:  20%|██        | 29/145 [00:12<00:44,  2.61it/s, loss=0.0830]
Ep  19 [train]:  21%|██        | 30/145 [00:12<00:57,  2.00it/s, loss=0.0830]
Ep  19 [train]:  21%|██        | 30/145 [00:12<00:57,  2.00it/s, loss=0.0840]
Ep  19 [train]:  21%|██▏       | 31/145 [00:12<00:44,  2.57it/s, loss=0.0840]
Ep  19 [train]:  21%|██▏       | 31/145 [00:13<00:44,  2.57it/s, loss=0.0846]
Ep  19 [train]:  22%|██▏       | 32/145 [00:13<00:55,  2.05it/s, loss=0.0846]
Ep  19 [train]:  22%|██▏       | 32/145 [00:13<00:55,  2.05it/s, loss=0.0701]
Ep  19 [train]:  23%|██▎       | 33/145 [00:13<00:43,  2.56it/s, loss=0.0701]
Ep  19 [train]:  23%|██▎       | 33/145 [00:14<00:43,  2.56it/s, loss=0.0704]
Ep  19 [train]:  23%|██▎       | 34/145 [00:14<00:51,  2.17it/s, loss=0.0704]
Ep  19 [train]:  23%|██▎       | 34/145 [00:14<00:51,  2.17it/s, loss=0.0829]
Ep  19 [train]:  24%|██▍       | 35/145 [00:14<00:39,  2.78it/s, loss=0.0829]
Ep  19 [train]:  24%|██▍       | 35/145 [00:15<00:39,  2.78it/s, loss=0.0685]
Ep  19 [train]:  25%|██▍       | 36/145 [00:15<00:52,  2.09it/s, loss=0.0685]
Ep  19 [train]:  25%|██▍       | 36/145 [00:15<00:52,  2.09it/s, loss=0.0764]
Ep  19 [train]:  26%|██▌       | 37/145 [00:15<00:42,  2.57it/s, loss=0.0764]
Ep  19 [train]:  26%|██▌       | 37/145 [00:16<00:42,  2.57it/s, loss=0.0637]
Ep  19 [train]:  26%|██▌       | 38/145 [00:16<00:54,  1.97it/s, loss=0.0637]
Ep  19 [train]:  26%|██▌       | 38/145 [00:16<00:54,  1.97it/s, loss=0.0709]
Ep  19 [train]:  27%|██▋       | 39/145 [00:16<00:44,  2.38it/s, loss=0.0709]
Ep  19 [train]:  27%|██▋       | 39/145 [00:17<00:44,  2.38it/s, loss=0.0791]
Ep  19 [train]:  28%|██▊       | 40/145 [00:17<00:54,  1.94it/s, loss=0.0791]
Ep  19 [train]:  28%|██▊       | 40/145 [00:17<00:54,  1.94it/s, loss=0.0747]
Ep  19 [train]:  28%|██▊       | 41/145 [00:17<00:43,  2.40it/s, loss=0.0747]
Ep  19 [train]:  28%|██▊       | 41/145 [00:18<00:43,  2.40it/s, loss=0.0673]
Ep  19 [train]:  29%|██▉       | 42/145 [00:18<00:53,  1.91it/s, loss=0.0673]
Ep  19 [train]:  29%|██▉       | 42/145 [00:18<00:53,  1.91it/s, loss=0.0706]
Ep  19 [train]:  30%|██▉       | 43/145 [00:18<00:42,  2.41it/s, loss=0.0706]
Ep  19 [train]:  30%|██▉       | 43/145 [00:19<00:42,  2.41it/s, loss=0.0774]
Ep  19 [train]:  30%|███       | 44/145 [00:19<00:52,  1.94it/s, loss=0.0774]
Ep  19 [train]:  30%|███       | 44/145 [00:19<00:52,  1.94it/s, loss=0.0836]
Ep  19 [train]:  31%|███       | 45/145 [00:19<00:40,  2.46it/s, loss=0.0836]
Ep  19 [train]:  31%|███       | 45/145 [00:20<00:40,  2.46it/s, loss=0.0778]
Ep  19 [train]:  32%|███▏      | 46/145 [00:20<00:50,  1.97it/s, loss=0.0778]
Ep  19 [train]:  32%|███▏      | 46/145 [00:20<00:50,  1.97it/s, loss=0.0688]
Ep  19 [train]:  32%|███▏      | 47/145 [00:20<00:39,  2.46it/s, loss=0.0688]
Ep  19 [train]:  32%|███▏      | 47/145 [00:20<00:39,  2.46it/s, loss=0.0721]
Ep  19 [train]:  33%|███▎      | 48/145 [00:20<00:48,  2.00it/s, loss=0.0721]
Ep  19 [train]:  33%|███▎      | 48/145 [00:21<00:48,  2.00it/s, loss=0.0742]
Ep  19 [train]:  34%|███▍      | 49/145 [00:21<00:37,  2.58it/s, loss=0.0742]
Ep  19 [train]:  34%|███▍      | 49/145 [00:21<00:37,  2.58it/s, loss=0.0726]
Ep  19 [train]:  34%|███▍      | 50/145 [00:21<00:44,  2.15it/s, loss=0.0726]
Ep  19 [train]:  34%|███▍      | 50/145 [00:21<00:44,  2.15it/s, loss=0.0686]
Ep  19 [train]:  35%|███▌      | 51/145 [00:21<00:34,  2.72it/s, loss=0.0686]
Ep  19 [train]:  35%|███▌      | 51/145 [00:22<00:34,  2.72it/s, loss=0.0790]
Ep  19 [train]:  36%|███▌      | 52/145 [00:22<00:45,  2.06it/s, loss=0.0790]
Ep  19 [train]:  36%|███▌      | 52/145 [00:22<00:45,  2.06it/s, loss=0.0818]
Ep  19 [train]:  37%|███▋      | 53/145 [00:22<00:34,  2.67it/s, loss=0.0818]
Ep  19 [train]:  37%|███▋      | 53/145 [00:23<00:34,  2.67it/s, loss=0.0767]
Ep  19 [train]:  37%|███▋      | 54/145 [00:23<00:44,  2.06it/s, loss=0.0767]
Ep  19 [train]:  37%|███▋      | 54/145 [00:23<00:44,  2.06it/s, loss=0.0751]
Ep  19 [train]:  38%|███▊      | 55/145 [00:23<00:33,  2.67it/s, loss=0.0751]
Ep  19 [train]:  38%|███▊      | 55/145 [00:24<00:33,  2.67it/s, loss=0.0667]
Ep  19 [train]:  39%|███▊      | 56/145 [00:24<00:42,  2.09it/s, loss=0.0667]
Ep  19 [train]:  39%|███▊      | 56/145 [00:24<00:42,  2.09it/s, loss=0.0721]
Ep  19 [train]:  39%|███▉      | 57/145 [00:24<00:32,  2.70it/s, loss=0.0721]
Ep  19 [train]:  39%|███▉      | 57/145 [00:25<00:32,  2.70it/s, loss=0.0704]
Ep  19 [train]:  40%|████      | 58/145 [00:25<00:42,  2.05it/s, loss=0.0704]
Ep  19 [train]:  40%|████      | 58/145 [00:25<00:42,  2.05it/s, loss=0.0741]
Ep  19 [train]:  41%|████      | 59/145 [00:25<00:32,  2.65it/s, loss=0.0741]
Ep  19 [train]:  41%|████      | 59/145 [00:26<00:32,  2.65it/s, loss=0.0686]
Ep  19 [train]:  41%|████▏     | 60/145 [00:26<00:41,  2.06it/s, loss=0.0686]
Ep  19 [train]:  41%|████▏     | 60/145 [00:26<00:41,  2.06it/s, loss=0.0693]
Ep  19 [train]:  42%|████▏     | 61/145 [00:26<00:31,  2.64it/s, loss=0.0693]
Ep  19 [train]:  42%|████▏     | 61/145 [00:26<00:31,  2.64it/s, loss=0.0754]
Ep  19 [train]:  43%|████▎     | 62/145 [00:26<00:39,  2.09it/s, loss=0.0754]
Ep  19 [train]:  43%|████▎     | 62/145 [00:27<00:39,  2.09it/s, loss=0.0704]
Ep  19 [train]:  43%|████▎     | 63/145 [00:27<00:31,  2.62it/s, loss=0.0704]
Ep  19 [train]:  43%|████▎     | 63/145 [00:27<00:31,  2.62it/s, loss=0.0692]
Ep  19 [train]:  44%|████▍     | 64/145 [00:27<00:37,  2.16it/s, loss=0.0692]
Ep  19 [train]:  44%|████▍     | 64/145 [00:27<00:37,  2.16it/s, loss=0.0797]
Ep  19 [train]:  45%|████▍     | 65/145 [00:27<00:29,  2.72it/s, loss=0.0797]
Ep  19 [train]:  45%|████▍     | 65/145 [00:28<00:29,  2.72it/s, loss=0.0817]
Ep  19 [train]:  46%|████▌     | 66/145 [00:28<00:37,  2.11it/s, loss=0.0817]
Ep  19 [train]:  46%|████▌     | 66/145 [00:28<00:37,  2.11it/s, loss=0.0707]
Ep  19 [train]:  46%|████▌     | 67/145 [00:28<00:29,  2.62it/s, loss=0.0707]
Ep  19 [train]:  46%|████▌     | 67/145 [00:29<00:29,  2.62it/s, loss=0.0806]
Ep  19 [train]:  47%|████▋     | 68/145 [00:29<00:36,  2.09it/s, loss=0.0806]
Ep  19 [train]:  47%|████▋     | 68/145 [00:29<00:36,  2.09it/s, loss=0.0747]
Ep  19 [train]:  48%|████▊     | 69/145 [00:29<00:28,  2.68it/s, loss=0.0747]
Ep  19 [train]:  48%|████▊     | 69/145 [00:30<00:28,  2.68it/s, loss=0.0691]
Ep  19 [train]:  48%|████▊     | 70/145 [00:30<00:35,  2.11it/s, loss=0.0691]
Ep  19 [train]:  48%|████▊     | 70/145 [00:30<00:35,  2.11it/s, loss=0.0812]
Ep  19 [train]:  49%|████▉     | 71/145 [00:30<00:27,  2.69it/s, loss=0.0812]
Ep  19 [train]:  49%|████▉     | 71/145 [00:31<00:27,  2.69it/s, loss=0.0806]
Ep  19 [train]:  50%|████▉     | 72/145 [00:31<00:33,  2.15it/s, loss=0.0806]
Ep  19 [train]:  50%|████▉     | 72/145 [00:31<00:33,  2.15it/s, loss=0.0807]
Ep  19 [train]:  50%|█████     | 73/145 [00:31<00:25,  2.80it/s, loss=0.0807]
Ep  19 [train]:  50%|█████     | 73/145 [00:31<00:25,  2.80it/s, loss=0.0749]
Ep  19 [train]:  51%|█████     | 74/145 [00:31<00:31,  2.23it/s, loss=0.0749]
Ep  19 [train]:  51%|█████     | 74/145 [00:31<00:31,  2.23it/s, loss=0.0740]
Ep  19 [train]:  52%|█████▏    | 75/145 [00:31<00:24,  2.86it/s, loss=0.0740]
Ep  19 [train]:  52%|█████▏    | 75/145 [00:32<00:24,  2.86it/s, loss=0.0779]
Ep  19 [train]:  52%|█████▏    | 76/145 [00:32<00:30,  2.27it/s, loss=0.0779]
Ep  19 [train]:  52%|█████▏    | 76/145 [00:32<00:30,  2.27it/s, loss=0.0684]
Ep  19 [train]:  53%|█████▎    | 77/145 [00:32<00:23,  2.89it/s, loss=0.0684]
Ep  19 [train]:  53%|█████▎    | 77/145 [00:33<00:23,  2.89it/s, loss=0.0723]
Ep  19 [train]:  54%|█████▍    | 78/145 [00:33<00:28,  2.38it/s, loss=0.0723]
Ep  19 [train]:  54%|█████▍    | 78/145 [00:33<00:28,  2.38it/s, loss=0.0758]
Ep  19 [train]:  54%|█████▍    | 79/145 [00:33<00:22,  3.00it/s, loss=0.0758]
Ep  19 [train]:  54%|█████▍    | 79/145 [00:34<00:22,  3.00it/s, loss=0.0746]
Ep  19 [train]:  55%|█████▌    | 80/145 [00:34<00:27,  2.38it/s, loss=0.0746]
Ep  19 [train]:  55%|█████▌    | 80/145 [00:34<00:27,  2.38it/s, loss=0.0759]
Ep  19 [train]:  56%|█████▌    | 81/145 [00:34<00:21,  2.99it/s, loss=0.0759]
Ep  19 [train]:  56%|█████▌    | 81/145 [00:34<00:21,  2.99it/s, loss=0.0771]
Ep  19 [train]:  57%|█████▋    | 82/145 [00:34<00:27,  2.30it/s, loss=0.0771]
Ep  19 [train]:  57%|█████▋    | 82/145 [00:35<00:27,  2.30it/s, loss=0.0743]
Ep  19 [train]:  57%|█████▋    | 83/145 [00:35<00:21,  2.83it/s, loss=0.0743]
Ep  19 [train]:  57%|█████▋    | 83/145 [00:35<00:21,  2.83it/s, loss=0.0720]
Ep  19 [train]:  58%|█████▊    | 84/145 [00:35<00:27,  2.19it/s, loss=0.0720]
Ep  19 [train]:  58%|█████▊    | 84/145 [00:35<00:27,  2.19it/s, loss=0.0726]
Ep  19 [train]:  59%|█████▊    | 85/145 [00:35<00:21,  2.77it/s, loss=0.0726]
Ep  19 [train]:  59%|█████▊    | 85/145 [00:36<00:21,  2.77it/s, loss=0.0759]
Ep  19 [train]:  59%|█████▉    | 86/145 [00:36<00:26,  2.23it/s, loss=0.0759]
Ep  19 [train]:  59%|█████▉    | 86/145 [00:36<00:26,  2.23it/s, loss=0.0854]
Ep  19 [train]:  60%|██████    | 87/145 [00:36<00:20,  2.82it/s, loss=0.0854]
Ep  19 [train]:  60%|██████    | 87/145 [00:37<00:20,  2.82it/s, loss=0.0726]
Ep  19 [train]:  61%|██████    | 88/145 [00:37<00:24,  2.28it/s, loss=0.0726]
Ep  19 [train]:  61%|██████    | 88/145 [00:37<00:24,  2.28it/s, loss=0.0796]
Ep  19 [train]:  61%|██████▏   | 89/145 [00:37<00:19,  2.90it/s, loss=0.0796]
Ep  19 [train]:  61%|██████▏   | 89/145 [00:38<00:19,  2.90it/s, loss=0.0709]
Ep  19 [train]:  62%|██████▏   | 90/145 [00:38<00:25,  2.19it/s, loss=0.0709]
Ep  19 [train]:  62%|██████▏   | 90/145 [00:38<00:25,  2.19it/s, loss=0.0763]
Ep  19 [train]:  63%|██████▎   | 91/145 [00:38<00:19,  2.78it/s, loss=0.0763]
Ep  19 [train]:  63%|██████▎   | 91/145 [00:38<00:19,  2.78it/s, loss=0.0716]
Ep  19 [train]:  63%|██████▎   | 92/145 [00:38<00:22,  2.31it/s, loss=0.0716]
Ep  19 [train]:  63%|██████▎   | 92/145 [00:39<00:22,  2.31it/s, loss=0.0691]
Ep  19 [train]:  64%|██████▍   | 93/145 [00:39<00:17,  2.92it/s, loss=0.0691]
Ep  19 [train]:  64%|██████▍   | 93/145 [00:39<00:17,  2.92it/s, loss=0.0747]
Ep  19 [train]:  65%|██████▍   | 94/145 [00:39<00:21,  2.39it/s, loss=0.0747]
Ep  19 [train]:  65%|██████▍   | 94/145 [00:39<00:21,  2.39it/s, loss=0.0814]
Ep  19 [train]:  66%|██████▌   | 95/145 [00:39<00:16,  3.01it/s, loss=0.0814]
Ep  19 [train]:  66%|██████▌   | 95/145 [00:40<00:16,  3.01it/s, loss=0.0722]
Ep  19 [train]:  66%|██████▌   | 96/145 [00:40<00:20,  2.43it/s, loss=0.0722]
Ep  19 [train]:  66%|██████▌   | 96/145 [00:40<00:20,  2.43it/s, loss=0.0795]
Ep  19 [train]:  67%|██████▋   | 97/145 [00:40<00:15,  3.06it/s, loss=0.0795]
Ep  19 [train]:  67%|██████▋   | 97/145 [00:41<00:15,  3.06it/s, loss=0.0727]
Ep  19 [train]:  68%|██████▊   | 98/145 [00:41<00:18,  2.50it/s, loss=0.0727]
Ep  19 [train]:  68%|██████▊   | 98/145 [00:41<00:18,  2.50it/s, loss=0.0739]
Ep  19 [train]:  68%|██████▊   | 99/145 [00:41<00:14,  3.09it/s, loss=0.0739]
Ep  19 [train]:  68%|██████▊   | 99/145 [00:41<00:14,  3.09it/s, loss=0.0773]
Ep  19 [train]:  69%|██████▉   | 100/145 [00:41<00:18,  2.42it/s, loss=0.0773]
Ep  19 [train]:  69%|██████▉   | 100/145 [00:41<00:18,  2.42it/s, loss=0.0773]
Ep  19 [train]:  70%|██████▉   | 101/145 [00:41<00:14,  2.96it/s, loss=0.0773]
Ep  19 [train]:  70%|██████▉   | 101/145 [00:42<00:14,  2.96it/s, loss=0.0710]
Ep  19 [train]:  70%|███████   | 102/145 [00:42<00:19,  2.25it/s, loss=0.0710]
Ep  19 [train]:  70%|███████   | 102/145 [00:42<00:19,  2.25it/s, loss=0.0735]
Ep  19 [train]:  71%|███████   | 103/145 [00:42<00:14,  2.84it/s, loss=0.0735]
Ep  19 [train]:  71%|███████   | 103/145 [00:43<00:14,  2.84it/s, loss=0.0698]
Ep  19 [train]:  72%|███████▏  | 104/145 [00:43<00:19,  2.10it/s, loss=0.0698]
Ep  19 [train]:  72%|███████▏  | 104/145 [00:43<00:19,  2.10it/s, loss=0.0696]
Ep  19 [train]:  72%|███████▏  | 105/145 [00:43<00:15,  2.64it/s, loss=0.0696]
Ep  19 [train]:  72%|███████▏  | 105/145 [00:44<00:15,  2.64it/s, loss=0.0702]
Ep  19 [train]:  73%|███████▎  | 106/145 [00:44<00:20,  1.89it/s, loss=0.0702]
Ep  19 [train]:  73%|███████▎  | 106/145 [00:44<00:20,  1.89it/s, loss=0.0688]
Ep  19 [train]:  74%|███████▍  | 107/145 [00:44<00:15,  2.39it/s, loss=0.0688]
Ep  19 [train]:  74%|███████▍  | 107/145 [00:45<00:15,  2.39it/s, loss=0.0747]
Ep  19 [train]:  74%|███████▍  | 108/145 [00:45<00:19,  1.94it/s, loss=0.0747]
Ep  19 [train]:  74%|███████▍  | 108/145 [00:45<00:19,  1.94it/s, loss=0.0708]
Ep  19 [train]:  75%|███████▌  | 109/145 [00:45<00:14,  2.49it/s, loss=0.0708]
Ep  19 [train]:  75%|███████▌  | 109/145 [00:46<00:14,  2.49it/s, loss=0.0704]
Ep  19 [train]:  76%|███████▌  | 110/145 [00:46<00:18,  1.93it/s, loss=0.0704]
Ep  19 [train]:  76%|███████▌  | 110/145 [00:46<00:18,  1.93it/s, loss=0.0804]
Ep  19 [train]:  77%|███████▋  | 111/145 [00:46<00:13,  2.45it/s, loss=0.0804]
Ep  19 [train]:  77%|███████▋  | 111/145 [00:47<00:13,  2.45it/s, loss=0.0761]
Ep  19 [train]:  77%|███████▋  | 112/145 [00:47<00:16,  1.98it/s, loss=0.0761]
Ep  19 [train]:  77%|███████▋  | 112/145 [00:47<00:16,  1.98it/s, loss=0.0712]
Ep  19 [train]:  78%|███████▊  | 113/145 [00:47<00:12,  2.53it/s, loss=0.0712]
Ep  19 [train]:  78%|███████▊  | 113/145 [00:48<00:12,  2.53it/s, loss=0.0679]
Ep  19 [train]:  79%|███████▊  | 114/145 [00:48<00:15,  1.96it/s, loss=0.0679]
Ep  19 [train]:  79%|███████▊  | 114/145 [00:48<00:15,  1.96it/s, loss=0.0692]
Ep  19 [train]:  79%|███████▉  | 115/145 [00:48<00:12,  2.45it/s, loss=0.0692]
Ep  19 [train]:  79%|███████▉  | 115/145 [00:49<00:12,  2.45it/s, loss=0.0673]
Ep  19 [train]:  80%|████████  | 116/145 [00:49<00:14,  2.03it/s, loss=0.0673]
Ep  19 [train]:  80%|████████  | 116/145 [00:49<00:14,  2.03it/s, loss=0.0720]
Ep  19 [train]:  81%|████████  | 117/145 [00:49<00:11,  2.51it/s, loss=0.0720]
Ep  19 [train]:  81%|████████  | 117/145 [00:49<00:11,  2.51it/s, loss=0.0704]
Ep  19 [train]:  81%|████████▏ | 118/145 [00:49<00:13,  2.05it/s, loss=0.0704]
Ep  19 [train]:  81%|████████▏ | 118/145 [00:50<00:13,  2.05it/s, loss=0.0665]
Ep  19 [train]:  82%|████████▏ | 119/145 [00:50<00:09,  2.62it/s, loss=0.0665]
Ep  19 [train]:  82%|████████▏ | 119/145 [00:50<00:09,  2.62it/s, loss=0.0698]
Ep  19 [train]:  83%|████████▎ | 120/145 [00:50<00:12,  2.03it/s, loss=0.0698]
Ep  19 [train]:  83%|████████▎ | 120/145 [00:50<00:12,  2.03it/s, loss=0.0724]
Ep  19 [train]:  83%|████████▎ | 121/145 [00:50<00:09,  2.61it/s, loss=0.0724]
Ep  19 [train]:  83%|████████▎ | 121/145 [00:51<00:09,  2.61it/s, loss=0.0704]
Ep  19 [train]:  84%|████████▍ | 122/145 [00:51<00:11,  2.02it/s, loss=0.0704]
Ep  19 [train]:  84%|████████▍ | 122/145 [00:51<00:11,  2.02it/s, loss=0.0708]
Ep  19 [train]:  85%|████████▍ | 123/145 [00:51<00:08,  2.53it/s, loss=0.0708]
Ep  19 [train]:  85%|████████▍ | 123/145 [00:52<00:08,  2.53it/s, loss=0.0696]
Ep  19 [train]:  86%|████████▌ | 124/145 [00:52<00:10,  1.98it/s, loss=0.0696]
Ep  19 [train]:  86%|████████▌ | 124/145 [00:52<00:10,  1.98it/s, loss=0.0718]
Ep  19 [train]:  86%|████████▌ | 125/145 [00:52<00:07,  2.57it/s, loss=0.0718]
Ep  19 [train]:  86%|████████▌ | 125/145 [00:53<00:07,  2.57it/s, loss=0.0734]
Ep  19 [train]:  87%|████████▋ | 126/145 [00:53<00:09,  1.95it/s, loss=0.0734]
Ep  19 [train]:  87%|████████▋ | 126/145 [00:53<00:09,  1.95it/s, loss=0.0746]
Ep  19 [train]:  88%|████████▊ | 127/145 [00:53<00:07,  2.40it/s, loss=0.0746]
Ep  19 [train]:  88%|████████▊ | 127/145 [00:54<00:07,  2.40it/s, loss=0.0728]
Ep  19 [train]:  88%|████████▊ | 128/145 [00:54<00:08,  2.03it/s, loss=0.0728]
Ep  19 [train]:  88%|████████▊ | 128/145 [00:54<00:08,  2.03it/s, loss=0.0692]
Ep  19 [train]:  89%|████████▉ | 129/145 [00:54<00:06,  2.54it/s, loss=0.0692]
Ep  19 [train]:  89%|████████▉ | 129/145 [00:55<00:06,  2.54it/s, loss=0.0746]
Ep  19 [train]:  90%|████████▉ | 130/145 [00:55<00:07,  2.03it/s, loss=0.0746]
Ep  19 [train]:  90%|████████▉ | 130/145 [00:55<00:07,  2.03it/s, loss=0.0683]
Ep  19 [train]:  90%|█████████ | 131/145 [00:55<00:05,  2.61it/s, loss=0.0683]
Ep  19 [train]:  90%|█████████ | 131/145 [00:56<00:05,  2.61it/s, loss=0.0681]
Ep  19 [train]:  91%|█████████ | 132/145 [00:56<00:06,  2.06it/s, loss=0.0681]
Ep  19 [train]:  91%|█████████ | 132/145 [00:56<00:06,  2.06it/s, loss=0.0744]
Ep  19 [train]:  92%|█████████▏| 133/145 [00:56<00:04,  2.46it/s, loss=0.0744]
Ep  19 [train]:  92%|█████████▏| 133/145 [00:57<00:04,  2.46it/s, loss=0.0707]
Ep  19 [train]:  92%|█████████▏| 134/145 [00:57<00:05,  2.09it/s, loss=0.0707]
Ep  19 [train]:  92%|█████████▏| 134/145 [00:57<00:05,  2.09it/s, loss=0.0706]
Ep  19 [train]:  93%|█████████▎| 135/145 [00:57<00:03,  2.55it/s, loss=0.0706]
Ep  19 [train]:  93%|█████████▎| 135/145 [00:57<00:03,  2.55it/s, loss=0.0814]
Ep  19 [train]:  94%|█████████▍| 136/145 [00:57<00:04,  2.09it/s, loss=0.0814]
Ep  19 [train]:  94%|█████████▍| 136/145 [00:58<00:04,  2.09it/s, loss=0.0732]
Ep  19 [train]:  94%|█████████▍| 137/145 [00:58<00:03,  2.61it/s, loss=0.0732]
Ep  19 [train]:  94%|█████████▍| 137/145 [00:58<00:03,  2.61it/s, loss=0.0699]
Ep  19 [train]:  95%|█████████▌| 138/145 [00:58<00:03,  2.07it/s, loss=0.0699]
Ep  19 [train]:  95%|█████████▌| 138/145 [00:58<00:03,  2.07it/s, loss=0.0712]
Ep  19 [train]:  96%|█████████▌| 139/145 [00:58<00:02,  2.55it/s, loss=0.0712]
Ep  19 [train]:  96%|█████████▌| 139/145 [00:59<00:02,  2.55it/s, loss=0.0731]
Ep  19 [train]:  97%|█████████▋| 140/145 [00:59<00:02,  1.94it/s, loss=0.0731]
Ep  19 [train]:  97%|█████████▋| 140/145 [00:59<00:02,  1.94it/s, loss=0.0698]
Ep  19 [train]:  97%|█████████▋| 141/145 [00:59<00:01,  2.46it/s, loss=0.0698]
Ep  19 [train]:  97%|█████████▋| 141/145 [01:00<00:01,  2.46it/s, loss=0.0652]
Ep  19 [train]:  98%|█████████▊| 142/145 [01:00<00:01,  2.07it/s, loss=0.0652]
Ep  19 [train]:  98%|█████████▊| 142/145 [01:00<00:01,  2.07it/s, loss=0.0779]
Ep  19 [train]:  99%|█████████▊| 143/145 [01:00<00:00,  2.60it/s, loss=0.0779]
Ep  19 [train]:  99%|█████████▊| 143/145 [01:01<00:00,  2.60it/s, loss=0.0690]
Ep  19 [train]:  99%|█████████▉| 144/145 [01:01<00:00,  2.16it/s, loss=0.0690]
Ep  19 [train]:  99%|█████████▉| 144/145 [01:01<00:00,  2.16it/s, loss=0.0699]
Ep  19 [train]: 100%|██████████| 145/145 [01:01<00:00,  2.75it/s, loss=0.0699]
                                                                              
  Ep  19 [train]  loss=0.0736  rmse_c=0.2378  mae_c=0.2152  r2_c=0.024  rmse_h=0.3013  mae_h=0.2234  r2_h=0.478  sup=0.323

Ep  19 [val  ]:   0%|          | 0/39 [00:00<?, ?it/s]
Ep  19 [val  ]:   0%|          | 0/39 [00:01<?, ?it/s, loss=0.0936]
Ep  19 [val  ]:   3%|▎         | 1/39 [00:01<00:38,  1.00s/it, loss=0.0936]
Ep  19 [val  ]:   3%|▎         | 1/39 [00:01<00:38,  1.00s/it, loss=0.0906]
Ep  19 [val  ]:   3%|▎         | 1/39 [00:01<00:38,  1.00s/it, loss=0.0745]
Ep  19 [val  ]:   8%|▊         | 3/39 [00:01<00:20,  1.78it/s, loss=0.0745]
Ep  19 [val  ]:   8%|▊         | 3/39 [00:01<00:20,  1.78it/s, loss=0.0679]
Ep  19 [val  ]:  10%|█         | 4/39 [00:01<00:14,  2.40it/s, loss=0.0679]
Ep  19 [val  ]:  10%|█         | 4/39 [00:02<00:14,  2.40it/s, loss=0.0726]
Ep  19 [val  ]:  13%|█▎        | 5/39 [00:02<00:17,  1.96it/s, loss=0.0726]
Ep  19 [val  ]:  13%|█▎        | 5/39 [00:02<00:17,  1.96it/s, loss=0.0750]
Ep  19 [val  ]:  15%|█▌        | 6/39 [00:02<00:12,  2.54it/s, loss=0.0750]
Ep  19 [val  ]:  15%|█▌        | 6/39 [00:03<00:12,  2.54it/s, loss=0.0718]
Ep  19 [val  ]:  18%|█▊        | 7/39 [00:03<00:15,  2.06it/s, loss=0.0718]
Ep  19 [val  ]:  18%|█▊        | 7/39 [00:03<00:15,  2.06it/s, loss=0.0706]
Ep  19 [val  ]:  21%|██        | 8/39 [00:03<00:12,  2.55it/s, loss=0.0706]
Ep  19 [val  ]:  21%|██        | 8/39 [00:04<00:12,  2.55it/s, loss=0.0684]
Ep  19 [val  ]:  23%|██▎       | 9/39 [00:04<00:15,  1.95it/s, loss=0.0684]
Ep  19 [val  ]:  23%|██▎       | 9/39 [00:04<00:15,  1.95it/s, loss=0.0669]
Ep  19 [val  ]:  26%|██▌       | 10/39 [00:04<00:11,  2.54it/s, loss=0.0669]
Ep  19 [val  ]:  26%|██▌       | 10/39 [00:05<00:11,  2.54it/s, loss=0.0680]
Ep  19 [val  ]:  28%|██▊       | 11/39 [00:05<00:14,  1.94it/s, loss=0.0680]
Ep  19 [val  ]:  28%|██▊       | 11/39 [00:05<00:14,  1.94it/s, loss=0.0731]
Ep  19 [val  ]:  28%|██▊       | 11/39 [00:06<00:14,  1.94it/s, loss=0.0764]
Ep  19 [val  ]:  33%|███▎      | 13/39 [00:06<00:12,  2.01it/s, loss=0.0764]
Ep  19 [val  ]:  33%|███▎      | 13/39 [00:06<00:12,  2.01it/s, loss=0.0848]
Ep  19 [val  ]:  33%|███▎      | 13/39 [00:07<00:12,  2.01it/s, loss=0.0939]
Ep  19 [val  ]:  38%|███▊      | 15/39 [00:07<00:11,  2.06it/s, loss=0.0939]
Ep  19 [val  ]:  38%|███▊      | 15/39 [00:07<00:11,  2.06it/s, loss=0.0914]
Ep  19 [val  ]:  38%|███▊      | 15/39 [00:08<00:11,  2.06it/s, loss=0.0938]
Ep  19 [val  ]:  44%|████▎     | 17/39 [00:08<00:10,  2.13it/s, loss=0.0938]
Ep  19 [val  ]:  44%|████▎     | 17/39 [00:08<00:10,  2.13it/s, loss=0.0829]
Ep  19 [val  ]:  44%|████▎     | 17/39 [00:09<00:10,  2.13it/s, loss=0.0786]
Ep  19 [val  ]:  49%|████▊     | 19/39 [00:09<00:09,  2.13it/s, loss=0.0786]
Ep  19 [val  ]:  49%|████▊     | 19/39 [00:09<00:09,  2.13it/s, loss=0.0643]
Ep  19 [val  ]:  49%|████▊     | 19/39 [00:09<00:09,  2.13it/s, loss=0.0580]
Ep  19 [val  ]:  54%|█████▍    | 21/39 [00:09<00:08,  2.23it/s, loss=0.0580]
Ep  19 [val  ]:  54%|█████▍    | 21/39 [00:09<00:08,  2.23it/s, loss=0.0648]
Ep  19 [val  ]:  54%|█████▍    | 21/39 [00:10<00:08,  2.23it/s, loss=0.0613]
Ep  19 [val  ]:  59%|█████▉    | 23/39 [00:10<00:07,  2.24it/s, loss=0.0613]
Ep  19 [val  ]:  59%|█████▉    | 23/39 [00:10<00:07,  2.24it/s, loss=0.0624]
Ep  19 [val  ]:  59%|█████▉    | 23/39 [00:11<00:07,  2.24it/s, loss=0.0637]
Ep  19 [val  ]:  64%|██████▍   | 25/39 [00:11<00:06,  2.25it/s, loss=0.0637]
Ep  19 [val  ]:  64%|██████▍   | 25/39 [00:11<00:06,  2.25it/s, loss=0.0692]
Ep  19 [val  ]:  64%|██████▍   | 25/39 [00:12<00:06,  2.25it/s, loss=0.0784]
Ep  19 [val  ]:  69%|██████▉   | 27/39 [00:12<00:05,  2.21it/s, loss=0.0784]
Ep  19 [val  ]:  69%|██████▉   | 27/39 [00:12<00:05,  2.21it/s, loss=0.1199]
Ep  19 [val  ]:  69%|██████▉   | 27/39 [00:13<00:05,  2.21it/s, loss=0.0926]
Ep  19 [val  ]:  74%|███████▍  | 29/39 [00:13<00:04,  2.16it/s, loss=0.0926]
Ep  19 [val  ]:  74%|███████▍  | 29/39 [00:13<00:04,  2.16it/s, loss=0.0842]
Ep  19 [val  ]:  74%|███████▍  | 29/39 [00:14<00:04,  2.16it/s, loss=0.0811]
Ep  19 [val  ]:  79%|███████▉  | 31/39 [00:14<00:03,  2.18it/s, loss=0.0811]
Ep  19 [val  ]:  79%|███████▉  | 31/39 [00:14<00:03,  2.18it/s, loss=0.0718]
Ep  19 [val  ]:  79%|███████▉  | 31/39 [00:15<00:03,  2.18it/s, loss=0.0724]
Ep  19 [val  ]:  85%|████████▍ | 33/39 [00:15<00:02,  2.20it/s, loss=0.0724]
Ep  19 [val  ]:  85%|████████▍ | 33/39 [00:15<00:02,  2.20it/s, loss=0.0709]
Ep  19 [val  ]:  87%|████████▋ | 34/39 [00:15<00:01,  2.55it/s, loss=0.0709]
Ep  19 [val  ]:  87%|████████▋ | 34/39 [00:16<00:01,  2.55it/s, loss=0.0757]
Ep  19 [val  ]:  90%|████████▉ | 35/39 [00:16<00:01,  2.12it/s, loss=0.0757]
Ep  19 [val  ]:  90%|████████▉ | 35/39 [00:16<00:01,  2.12it/s, loss=0.0703]
Ep  19 [val  ]:  90%|████████▉ | 35/39 [00:17<00:01,  2.12it/s, loss=0.0701]
Ep  19 [val  ]:  95%|█████████▍| 37/39 [00:17<00:00,  2.27it/s, loss=0.0701]
Ep  19 [val  ]:  95%|█████████▍| 37/39 [00:17<00:00,  2.27it/s, loss=0.0618]
Ep  19 [val  ]:  95%|█████████▍| 37/39 [00:17<00:00,  2.27it/s, loss=0.0719]
                                                                            
  Ep  19 [val  ]  loss=0.0759  rmse_c=0.2433  mae_c=0.2184  r2_c=0.027  rmse_h=0.3032  mae_h=0.2229  r2_h=0.427  sup=0.308

Ep  20 [train]:   0%|          | 0/145 [00:00<?, ?it/s]
Ep  20 [train]:   0%|          | 0/145 [00:01<?, ?it/s, loss=0.0769]
Ep  20 [train]:   1%|          | 1/145 [00:01<02:38,  1.10s/it, loss=0.0769]
Ep  20 [train]:   1%|          | 1/145 [00:01<02:38,  1.10s/it, loss=0.0757]
Ep  20 [train]:   1%|▏         | 2/145 [00:01<01:15,  1.88it/s, loss=0.0757]
Ep  20 [train]:   1%|▏         | 2/145 [00:01<01:15,  1.88it/s, loss=0.0701]
Ep  20 [train]:   2%|▏         | 3/145 [00:01<01:18,  1.82it/s, loss=0.0701]
Ep  20 [train]:   2%|▏         | 3/145 [00:01<01:18,  1.82it/s, loss=0.0721]
Ep  20 [train]:   3%|▎         | 4/145 [00:01<00:54,  2.57it/s, loss=0.0721]
Ep  20 [train]:   3%|▎         | 4/145 [00:02<00:54,  2.57it/s, loss=0.0728]
Ep  20 [train]:   3%|▎         | 5/145 [00:02<01:06,  2.12it/s, loss=0.0728]
Ep  20 [train]:   3%|▎         | 5/145 [00:02<01:06,  2.12it/s, loss=0.0721]
Ep  20 [train]:   4%|▍         | 6/145 [00:02<00:49,  2.80it/s, loss=0.0721]
Ep  20 [train]:   4%|▍         | 6/145 [00:03<00:49,  2.80it/s, loss=0.0751]
Ep  20 [train]:   5%|▍         | 7/145 [00:03<00:58,  2.37it/s, loss=0.0751]
Ep  20 [train]:   5%|▍         | 7/145 [00:03<00:58,  2.37it/s, loss=0.0732]
Ep  20 [train]:   6%|▌         | 8/145 [00:03<00:44,  3.08it/s, loss=0.0732]
Ep  20 [train]:   6%|▌         | 8/145 [00:03<00:44,  3.08it/s, loss=0.0784]
Ep  20 [train]:   6%|▌         | 9/145 [00:03<00:56,  2.41it/s, loss=0.0784]
Ep  20 [train]:   6%|▌         | 9/145 [00:04<00:56,  2.41it/s, loss=0.0719]
Ep  20 [train]:   7%|▋         | 10/145 [00:04<00:44,  3.03it/s, loss=0.0719]
Ep  20 [train]:   7%|▋         | 10/145 [00:04<00:44,  3.03it/s, loss=0.0767]
Ep  20 [train]:   8%|▊         | 11/145 [00:04<00:54,  2.47it/s, loss=0.0767]
Ep  20 [train]:   8%|▊         | 11/145 [00:04<00:54,  2.47it/s, loss=0.0753]
Ep  20 [train]:   8%|▊         | 12/145 [00:04<00:48,  2.72it/s, loss=0.0753]
Ep  20 [train]:   8%|▊         | 12/145 [00:05<00:48,  2.72it/s, loss=0.0712]
Ep  20 [train]:   9%|▉         | 13/145 [00:05<00:52,  2.52it/s, loss=0.0712]
Ep  20 [train]:   9%|▉         | 13/145 [00:05<00:52,  2.52it/s, loss=0.0715]
Ep  20 [train]:  10%|▉         | 14/145 [00:05<00:58,  2.25it/s, loss=0.0715]
Ep  20 [train]:  10%|▉         | 14/145 [00:06<00:58,  2.25it/s, loss=0.0792]
Ep  20 [train]:  10%|█         | 15/145 [00:06<00:46,  2.79it/s, loss=0.0792]
Ep  20 [train]:  10%|█         | 15/145 [00:07<00:46,  2.79it/s, loss=0.0752]
Ep  20 [train]:  11%|█         | 16/145 [00:07<01:05,  1.97it/s, loss=0.0752]
Ep  20 [train]:  11%|█         | 16/145 [00:07<01:05,  1.97it/s, loss=0.0698]
Ep  20 [train]:  12%|█▏        | 17/145 [00:07<00:50,  2.51it/s, loss=0.0698]
Ep  20 [train]:  12%|█▏        | 17/145 [00:08<00:50,  2.51it/s, loss=0.0780]
Ep  20 [train]:  12%|█▏        | 18/145 [00:08<01:15,  1.68it/s, loss=0.0780]
Ep  20 [train]:  12%|█▏        | 18/145 [00:08<01:15,  1.68it/s, loss=0.0786]
Ep  20 [train]:  13%|█▎        | 19/145 [00:08<00:57,  2.19it/s, loss=0.0786]
Ep  20 [train]:  13%|█▎        | 19/145 [00:09<00:57,  2.19it/s, loss=0.0701]
Ep  20 [train]:  14%|█▍        | 20/145 [00:09<01:20,  1.56it/s, loss=0.0701]
Ep  20 [train]:  14%|█▍        | 20/145 [00:09<01:20,  1.56it/s, loss=0.0717]
Ep  20 [train]:  14%|█▍        | 21/145 [00:09<01:00,  2.05it/s, loss=0.0717]
Ep  20 [train]:  14%|█▍        | 21/145 [00:10<01:00,  2.05it/s, loss=0.0685]
Ep  20 [train]:  15%|█▌        | 22/145 [00:10<01:14,  1.64it/s, loss=0.0685]
Ep  20 [train]:  15%|█▌        | 22/145 [00:10<01:14,  1.64it/s, loss=0.0710]
Ep  20 [train]:  16%|█▌        | 23/145 [00:10<00:58,  2.10it/s, loss=0.0710]
Ep  20 [train]:  16%|█▌        | 23/145 [00:11<00:58,  2.10it/s, loss=0.0663]
Ep  20 [train]:  17%|█▋        | 24/145 [00:11<01:14,  1.63it/s, loss=0.0663]
Ep  20 [train]:  17%|█▋        | 24/145 [00:11<01:14,  1.63it/s, loss=0.0718]
Ep  20 [train]:  17%|█▋        | 25/145 [00:11<00:56,  2.12it/s, loss=0.0718]
Ep  20 [train]:  17%|█▋        | 25/145 [00:12<00:56,  2.12it/s, loss=0.0744]
Ep  20 [train]:  18%|█▊        | 26/145 [00:12<01:06,  1.80it/s, loss=0.0744]
Ep  20 [train]:  18%|█▊        | 26/145 [00:12<01:06,  1.80it/s, loss=0.0697]
Ep  20 [train]:  19%|█▊        | 27/145 [00:12<00:52,  2.27it/s, loss=0.0697]
Ep  20 [train]:  19%|█▊        | 27/145 [00:13<00:52,  2.27it/s, loss=0.0658]
Ep  20 [train]:  19%|█▉        | 28/145 [00:13<01:08,  1.71it/s, loss=0.0658]
Ep  20 [train]:  19%|█▉        | 28/145 [00:13<01:08,  1.71it/s, loss=0.0660]
Ep  20 [train]:  20%|██        | 29/145 [00:13<00:52,  2.19it/s, loss=0.0660]
Ep  20 [train]:  20%|██        | 29/145 [00:14<00:52,  2.19it/s, loss=0.0695]
Ep  20 [train]:  21%|██        | 30/145 [00:14<01:04,  1.78it/s, loss=0.0695]
Ep  20 [train]:  21%|██        | 30/145 [00:14<01:04,  1.78it/s, loss=0.0880]
Ep  20 [train]:  21%|██▏       | 31/145 [00:14<00:49,  2.29it/s, loss=0.0880]
Ep  20 [train]:  21%|██▏       | 31/145 [00:15<00:49,  2.29it/s, loss=0.0720]
Ep  20 [train]:  22%|██▏       | 32/145 [00:15<00:59,  1.91it/s, loss=0.0720]
Ep  20 [train]:  22%|██▏       | 32/145 [00:15<00:59,  1.91it/s, loss=0.0753]
Ep  20 [train]:  23%|██▎       | 33/145 [00:15<00:45,  2.46it/s, loss=0.0753]
Ep  20 [train]:  23%|██▎       | 33/145 [00:16<00:45,  2.46it/s, loss=0.0725]
Ep  20 [train]:  23%|██▎       | 34/145 [00:16<00:55,  2.01it/s, loss=0.0725]
Ep  20 [train]:  23%|██▎       | 34/145 [00:16<00:55,  2.01it/s, loss=0.0712]
Ep  20 [train]:  24%|██▍       | 35/145 [00:16<00:43,  2.51it/s, loss=0.0712]
Ep  20 [train]:  24%|██▍       | 35/145 [00:17<00:43,  2.51it/s, loss=0.0693]
Ep  20 [train]:  25%|██▍       | 36/145 [00:17<00:59,  1.85it/s, loss=0.0693]
Ep  20 [train]:  25%|██▍       | 36/145 [00:17<00:59,  1.85it/s, loss=0.0738]
Ep  20 [train]:  26%|██▌       | 37/145 [00:17<00:47,  2.28it/s, loss=0.0738]
Ep  20 [train]:  26%|██▌       | 37/145 [00:17<00:47,  2.28it/s, loss=0.0740]
Ep  20 [train]:  26%|██▌       | 38/145 [00:17<00:50,  2.12it/s, loss=0.0740]
Ep  20 [train]:  26%|██▌       | 38/145 [00:18<00:50,  2.12it/s, loss=0.0771]
Ep  20 [train]:  27%|██▋       | 39/145 [00:18<00:41,  2.58it/s, loss=0.0771]
Ep  20 [train]:  27%|██▋       | 39/145 [00:19<00:41,  2.58it/s, loss=0.0721]
Ep  20 [train]:  28%|██▊       | 40/145 [00:19<01:00,  1.74it/s, loss=0.0721]
Ep  20 [train]:  28%|██▊       | 40/145 [00:19<01:00,  1.74it/s, loss=0.0699]
Ep  20 [train]:  28%|██▊       | 41/145 [00:19<00:45,  2.28it/s, loss=0.0699]
Ep  20 [train]:  28%|██▊       | 41/145 [00:20<00:45,  2.28it/s, loss=0.0746]
Ep  20 [train]:  29%|██▉       | 42/145 [00:20<00:53,  1.93it/s, loss=0.0746]
Ep  20 [train]:  29%|██▉       | 42/145 [00:20<00:53,  1.93it/s, loss=0.0800]
Ep  20 [train]:  30%|██▉       | 43/145 [00:20<00:42,  2.43it/s, loss=0.0800]
Ep  20 [train]:  30%|██▉       | 43/145 [00:21<00:42,  2.43it/s, loss=0.0707]
Ep  20 [train]:  30%|███       | 44/145 [00:21<00:53,  1.87it/s, loss=0.0707]
Ep  20 [train]:  30%|███       | 44/145 [00:21<00:53,  1.87it/s, loss=0.0679]
Ep  20 [train]:  31%|███       | 45/145 [00:21<00:41,  2.41it/s, loss=0.0679]
Ep  20 [train]:  31%|███       | 45/145 [00:21<00:41,  2.41it/s, loss=0.0865]
Ep  20 [train]:  32%|███▏      | 46/145 [00:21<00:50,  1.97it/s, loss=0.0865]
Ep  20 [train]:  32%|███▏      | 46/145 [00:22<00:50,  1.97it/s, loss=0.0673]
Ep  20 [train]:  32%|███▏      | 47/145 [00:22<00:39,  2.49it/s, loss=0.0673]
Ep  20 [train]:  32%|███▏      | 47/145 [00:22<00:39,  2.49it/s, loss=0.0721]
Ep  20 [train]:  33%|███▎      | 48/145 [00:22<00:48,  2.01it/s, loss=0.0721]
Ep  20 [train]:  33%|███▎      | 48/145 [00:22<00:48,  2.01it/s, loss=0.0728]
Ep  20 [train]:  34%|███▍      | 49/145 [00:22<00:37,  2.58it/s, loss=0.0728]
Ep  20 [train]:  34%|███▍      | 49/145 [00:23<00:37,  2.58it/s, loss=0.0743]
Ep  20 [train]:  34%|███▍      | 50/145 [00:23<00:48,  1.94it/s, loss=0.0743]
Ep  20 [train]:  34%|███▍      | 50/145 [00:23<00:48,  1.94it/s, loss=0.0684]
Ep  20 [train]:  35%|███▌      | 51/145 [00:23<00:37,  2.52it/s, loss=0.0684]
Ep  20 [train]:  35%|███▌      | 51/145 [00:24<00:37,  2.52it/s, loss=0.0729]
Ep  20 [train]:  36%|███▌      | 52/145 [00:24<00:48,  1.94it/s, loss=0.0729]
Ep  20 [train]:  36%|███▌      | 52/145 [00:24<00:48,  1.94it/s, loss=0.0739]
Ep  20 [train]:  37%|███▋      | 53/145 [00:24<00:37,  2.48it/s, loss=0.0739]
Ep  20 [train]:  37%|███▋      | 53/145 [00:25<00:37,  2.48it/s, loss=0.0695]
Ep  20 [train]:  37%|███▋      | 54/145 [00:25<00:44,  2.07it/s, loss=0.0695]
Ep  20 [train]:  37%|███▋      | 54/145 [00:25<00:44,  2.07it/s, loss=0.0867]
Ep  20 [train]:  38%|███▊      | 55/145 [00:25<00:34,  2.63it/s, loss=0.0867]
Ep  20 [train]:  38%|███▊      | 55/145 [00:26<00:34,  2.63it/s, loss=0.0792]
Ep  20 [train]:  39%|███▊      | 56/145 [00:26<00:41,  2.15it/s, loss=0.0792]
Ep  20 [train]:  39%|███▊      | 56/145 [00:26<00:41,  2.15it/s, loss=0.0732]
Ep  20 [train]:  39%|███▉      | 57/145 [00:26<00:32,  2.73it/s, loss=0.0732]
Ep  20 [train]:  39%|███▉      | 57/145 [00:27<00:32,  2.73it/s, loss=0.0785]
Ep  20 [train]:  40%|████      | 58/145 [00:27<00:41,  2.10it/s, loss=0.0785]
Ep  20 [train]:  40%|████      | 58/145 [00:27<00:41,  2.10it/s, loss=0.0749]
Ep  20 [train]:  41%|████      | 59/145 [00:27<00:32,  2.68it/s, loss=0.0749]
Ep  20 [train]:  41%|████      | 59/145 [00:27<00:32,  2.68it/s, loss=0.0717]
Ep  20 [train]:  41%|████▏     | 60/145 [00:27<00:41,  2.05it/s, loss=0.0717]
Ep  20 [train]:  41%|████▏     | 60/145 [00:28<00:41,  2.05it/s, loss=0.0732]
Ep  20 [train]:  42%|████▏     | 61/145 [00:28<00:33,  2.53it/s, loss=0.0732]
Ep  20 [train]:  42%|████▏     | 61/145 [00:28<00:33,  2.53it/s, loss=0.0685]
Ep  20 [train]:  43%|████▎     | 62/145 [00:28<00:40,  2.06it/s, loss=0.0685]
Ep  20 [train]:  43%|████▎     | 62/145 [00:29<00:40,  2.06it/s, loss=0.0761]
Ep  20 [train]:  43%|████▎     | 63/145 [00:29<00:32,  2.56it/s, loss=0.0761]
Ep  20 [train]:  43%|████▎     | 63/145 [00:29<00:32,  2.56it/s, loss=0.0750]
Ep  20 [train]:  44%|████▍     | 64/145 [00:29<00:37,  2.13it/s, loss=0.0750]
Ep  20 [train]:  44%|████▍     | 64/145 [00:29<00:37,  2.13it/s, loss=0.0713]
Ep  20 [train]:  45%|████▍     | 65/145 [00:29<00:29,  2.68it/s, loss=0.0713]
Ep  20 [train]:  45%|████▍     | 65/145 [00:30<00:29,  2.68it/s, loss=0.0640]
Ep  20 [train]:  46%|████▌     | 66/145 [00:30<00:38,  2.06it/s, loss=0.0640]
Ep  20 [train]:  46%|████▌     | 66/145 [00:30<00:38,  2.06it/s, loss=0.0714]
Ep  20 [train]:  46%|████▌     | 67/145 [00:30<00:29,  2.61it/s, loss=0.0714]
Ep  20 [train]:  46%|████▌     | 67/145 [00:31<00:29,  2.61it/s, loss=0.0746]
Ep  20 [train]:  47%|████▋     | 68/145 [00:31<00:38,  2.02it/s, loss=0.0746]
Ep  20 [train]:  47%|████▋     | 68/145 [00:31<00:38,  2.02it/s, loss=0.0792]
Ep  20 [train]:  48%|████▊     | 69/145 [00:31<00:30,  2.50it/s, loss=0.0792]
Ep  20 [train]:  48%|████▊     | 69/145 [00:32<00:30,  2.50it/s, loss=0.0724]
Ep  20 [train]:  48%|████▊     | 70/145 [00:32<00:37,  2.01it/s, loss=0.0724]
Ep  20 [train]:  48%|████▊     | 70/145 [00:32<00:37,  2.01it/s, loss=0.0742]
Ep  20 [train]:  49%|████▉     | 71/145 [00:32<00:29,  2.54it/s, loss=0.0742]
Ep  20 [train]:  49%|████▉     | 71/145 [00:33<00:29,  2.54it/s, loss=0.0702]
Ep  20 [train]:  50%|████▉     | 72/145 [00:33<00:35,  2.04it/s, loss=0.0702]
Ep  20 [train]:  50%|████▉     | 72/145 [00:33<00:35,  2.04it/s, loss=0.0732]
Ep  20 [train]:  50%|█████     | 73/145 [00:33<00:28,  2.55it/s, loss=0.0732]
Ep  20 [train]:  50%|█████     | 73/145 [00:33<00:28,  2.55it/s, loss=0.0730]
Ep  20 [train]:  51%|█████     | 74/145 [00:33<00:31,  2.26it/s, loss=0.0730]
Ep  20 [train]:  51%|█████     | 74/145 [00:34<00:31,  2.26it/s, loss=0.0682]
Ep  20 [train]:  52%|█████▏    | 75/145 [00:34<00:24,  2.86it/s, loss=0.0682]
Ep  20 [train]:  52%|█████▏    | 75/145 [00:34<00:24,  2.86it/s, loss=0.0779]
Ep  20 [train]:  52%|█████▏    | 76/145 [00:34<00:28,  2.39it/s, loss=0.0779]
Ep  20 [train]:  52%|█████▏    | 76/145 [00:34<00:28,  2.39it/s, loss=0.0762]
Ep  20 [train]:  53%|█████▎    | 77/145 [00:34<00:22,  3.02it/s, loss=0.0762]
Ep  20 [train]:  53%|█████▎    | 77/145 [00:35<00:22,  3.02it/s, loss=0.0756]
Ep  20 [train]:  54%|█████▍    | 78/145 [00:35<00:27,  2.46it/s, loss=0.0756]
Ep  20 [train]:  54%|█████▍    | 78/145 [00:35<00:27,  2.46it/s, loss=0.0754]
Ep  20 [train]:  54%|█████▍    | 79/145 [00:35<00:21,  3.12it/s, loss=0.0754]
Ep  20 [train]:  54%|█████▍    | 79/145 [00:36<00:21,  3.12it/s, loss=0.0737]
Ep  20 [train]:  55%|█████▌    | 80/145 [00:36<00:25,  2.51it/s, loss=0.0737]
Ep  20 [train]:  55%|█████▌    | 80/145 [00:36<00:25,  2.51it/s, loss=0.0714]
Ep  20 [train]:  56%|█████▌    | 81/145 [00:36<00:20,  3.18it/s, loss=0.0714]
Ep  20 [train]:  56%|█████▌    | 81/145 [00:36<00:20,  3.18it/s, loss=0.0739]
Ep  20 [train]:  57%|█████▋    | 82/145 [00:36<00:24,  2.58it/s, loss=0.0739]
Ep  20 [train]:  57%|█████▋    | 82/145 [00:36<00:24,  2.58it/s, loss=0.0677]
Ep  20 [train]:  57%|█████▋    | 83/145 [00:36<00:19,  3.11it/s, loss=0.0677]
Ep  20 [train]:  57%|█████▋    | 83/145 [00:37<00:19,  3.11it/s, loss=0.0662]
Ep  20 [train]:  58%|█████▊    | 84/145 [00:37<00:23,  2.60it/s, loss=0.0662]
Ep  20 [train]:  58%|█████▊    | 84/145 [00:37<00:23,  2.60it/s, loss=0.0761]
Ep  20 [train]:  59%|█████▊    | 85/145 [00:37<00:18,  3.24it/s, loss=0.0761]
Ep  20 [train]:  59%|█████▊    | 85/145 [00:38<00:18,  3.24it/s, loss=0.0764]
Ep  20 [train]:  59%|█████▉    | 86/145 [00:38<00:23,  2.55it/s, loss=0.0764]
Ep  20 [train]:  59%|█████▉    | 86/145 [00:38<00:23,  2.55it/s, loss=0.0717]
Ep  20 [train]:  60%|██████    | 87/145 [00:38<00:18,  3.18it/s, loss=0.0717]
Ep  20 [train]:  60%|██████    | 87/145 [00:38<00:18,  3.18it/s, loss=0.0656]
Ep  20 [train]:  61%|██████    | 88/145 [00:38<00:22,  2.50it/s, loss=0.0656]
Ep  20 [train]:  61%|██████    | 88/145 [00:39<00:22,  2.50it/s, loss=0.0704]
Ep  20 [train]:  61%|██████▏   | 89/145 [00:39<00:17,  3.15it/s, loss=0.0704]
Ep  20 [train]:  61%|██████▏   | 89/145 [00:39<00:17,  3.15it/s, loss=0.0765]
Ep  20 [train]:  62%|██████▏   | 90/145 [00:39<00:22,  2.42it/s, loss=0.0765]
Ep  20 [train]:  62%|██████▏   | 90/145 [00:39<00:22,  2.42it/s, loss=0.0702]
Ep  20 [train]:  63%|██████▎   | 91/145 [00:39<00:17,  3.07it/s, loss=0.0702]
Ep  20 [train]:  63%|██████▎   | 91/145 [00:40<00:17,  3.07it/s, loss=0.0759]
Ep  20 [train]:  63%|██████▎   | 92/145 [00:40<00:22,  2.38it/s, loss=0.0759]
Ep  20 [train]:  63%|██████▎   | 92/145 [00:40<00:22,  2.38it/s, loss=0.0679]
Ep  20 [train]:  64%|██████▍   | 93/145 [00:40<00:17,  3.00it/s, loss=0.0679]
Ep  20 [train]:  64%|██████▍   | 93/145 [00:41<00:17,  3.00it/s, loss=0.0720]
Ep  20 [train]:  65%|██████▍   | 94/145 [00:41<00:20,  2.44it/s, loss=0.0720]
Ep  20 [train]:  65%|██████▍   | 94/145 [00:41<00:20,  2.44it/s, loss=0.0721]
Ep  20 [train]:  66%|██████▌   | 95/145 [00:41<00:16,  3.09it/s, loss=0.0721]
Ep  20 [train]:  66%|██████▌   | 95/145 [00:41<00:16,  3.09it/s, loss=0.0806]
Ep  20 [train]:  66%|██████▌   | 96/145 [00:41<00:21,  2.29it/s, loss=0.0806]
Ep  20 [train]:  66%|██████▌   | 96/145 [00:42<00:21,  2.29it/s, loss=0.0688]
Ep  20 [train]:  67%|██████▋   | 97/145 [00:42<00:16,  2.90it/s, loss=0.0688]
Ep  20 [train]:  67%|██████▋   | 97/145 [00:42<00:16,  2.90it/s, loss=0.0782]
Ep  20 [train]:  68%|██████▊   | 98/145 [00:42<00:20,  2.28it/s, loss=0.0782]
Ep  20 [train]:  68%|██████▊   | 98/145 [00:42<00:20,  2.28it/s, loss=0.0758]
Ep  20 [train]:  68%|██████▊   | 99/145 [00:42<00:15,  2.91it/s, loss=0.0758]
Ep  20 [train]:  68%|██████▊   | 99/145 [00:43<00:15,  2.91it/s, loss=0.0755]
Ep  20 [train]:  69%|██████▉   | 100/145 [00:43<00:18,  2.39it/s, loss=0.0755]
Ep  20 [train]:  69%|██████▉   | 100/145 [00:43<00:18,  2.39it/s, loss=0.0793]
Ep  20 [train]:  70%|██████▉   | 101/145 [00:43<00:14,  3.05it/s, loss=0.0793]
Ep  20 [train]:  70%|██████▉   | 101/145 [00:44<00:14,  3.05it/s, loss=0.0739]
Ep  20 [train]:  70%|███████   | 102/145 [00:44<00:17,  2.49it/s, loss=0.0739]
Ep  20 [train]:  70%|███████   | 102/145 [00:44<00:17,  2.49it/s, loss=0.0729]
Ep  20 [train]:  71%|███████   | 103/145 [00:44<00:13,  3.14it/s, loss=0.0729]
Ep  20 [train]:  71%|███████   | 103/145 [00:44<00:13,  3.14it/s, loss=0.0804]
Ep  20 [train]:  72%|███████▏  | 104/145 [00:44<00:16,  2.50it/s, loss=0.0804]
Ep  20 [train]:  72%|███████▏  | 104/145 [00:45<00:16,  2.50it/s, loss=0.0809]
Ep  20 [train]:  72%|███████▏  | 105/145 [00:45<00:13,  3.07it/s, loss=0.0809]
Ep  20 [train]:  72%|███████▏  | 105/145 [00:45<00:13,  3.07it/s, loss=0.0726]
Ep  20 [train]:  73%|███████▎  | 106/145 [00:45<00:16,  2.35it/s, loss=0.0726]
Ep  20 [train]:  73%|███████▎  | 106/145 [00:45<00:16,  2.35it/s, loss=0.0734]
Ep  20 [train]:  74%|███████▍  | 107/145 [00:45<00:13,  2.75it/s, loss=0.0734]
Ep  20 [train]:  74%|███████▍  | 107/145 [00:46<00:13,  2.75it/s, loss=0.0846]
Ep  20 [train]:  74%|███████▍  | 108/145 [00:46<00:16,  2.27it/s, loss=0.0846]
Ep  20 [train]:  74%|███████▍  | 108/145 [00:46<00:16,  2.27it/s, loss=0.0697]
Ep  20 [train]:  75%|███████▌  | 109/145 [00:46<00:12,  2.79it/s, loss=0.0697]
Ep  20 [train]:  75%|███████▌  | 109/145 [00:47<00:12,  2.79it/s, loss=0.0733]
Ep  20 [train]:  76%|███████▌  | 110/145 [00:47<00:15,  2.26it/s, loss=0.0733]
Ep  20 [train]:  76%|███████▌  | 110/145 [00:47<00:15,  2.26it/s, loss=0.0646]
Ep  20 [train]:  77%|███████▋  | 111/145 [00:47<00:11,  2.87it/s, loss=0.0646]
Ep  20 [train]:  77%|███████▋  | 111/145 [00:48<00:11,  2.87it/s, loss=0.0685]
Ep  20 [train]:  77%|███████▋  | 112/145 [00:48<00:15,  2.15it/s, loss=0.0685]
Ep  20 [train]:  77%|███████▋  | 112/145 [00:48<00:15,  2.15it/s, loss=0.0740]
Ep  20 [train]:  78%|███████▊  | 113/145 [00:48<00:12,  2.54it/s, loss=0.0740]
Ep  20 [train]:  78%|███████▊  | 113/145 [00:49<00:12,  2.54it/s, loss=0.0713]
Ep  20 [train]:  79%|███████▊  | 114/145 [00:49<00:15,  2.06it/s, loss=0.0713]
Ep  20 [train]:  79%|███████▊  | 114/145 [00:49<00:15,  2.06it/s, loss=0.0750]
Ep  20 [train]:  79%|███████▉  | 115/145 [00:49<00:11,  2.55it/s, loss=0.0750]
Ep  20 [train]:  79%|███████▉  | 115/145 [00:49<00:11,  2.55it/s, loss=0.0717]
Ep  20 [train]:  80%|████████  | 116/145 [00:49<00:13,  2.09it/s, loss=0.0717]
Ep  20 [train]:  80%|████████  | 116/145 [00:50<00:13,  2.09it/s, loss=0.0642]
Ep  20 [train]:  81%|████████  | 117/145 [00:50<00:10,  2.67it/s, loss=0.0642]
Ep  20 [train]:  81%|████████  | 117/145 [00:50<00:10,  2.67it/s, loss=0.0748]
Ep  20 [train]:  81%|████████▏ | 118/145 [00:50<00:12,  2.09it/s, loss=0.0748]
Ep  20 [train]:  81%|████████▏ | 118/145 [00:50<00:12,  2.09it/s, loss=0.0693]
Ep  20 [train]:  82%|████████▏ | 119/145 [00:50<00:09,  2.64it/s, loss=0.0693]
Ep  20 [train]:  82%|████████▏ | 119/145 [00:51<00:09,  2.64it/s, loss=0.0772]
Ep  20 [train]:  83%|████████▎ | 120/145 [00:51<00:12,  2.08it/s, loss=0.0772]
Ep  20 [train]:  83%|████████▎ | 120/145 [00:51<00:12,  2.08it/s, loss=0.0750]
Ep  20 [train]:  83%|████████▎ | 121/145 [00:51<00:09,  2.61it/s, loss=0.0750]
Ep  20 [train]:  83%|████████▎ | 121/145 [00:52<00:09,  2.61it/s, loss=0.0790]
Ep  20 [train]:  84%|████████▍ | 122/145 [00:52<00:10,  2.11it/s, loss=0.0790]
Ep  20 [train]:  84%|████████▍ | 122/145 [00:52<00:10,  2.11it/s, loss=0.0682]
Ep  20 [train]:  85%|████████▍ | 123/145 [00:52<00:08,  2.70it/s, loss=0.0682]
Ep  20 [train]:  85%|████████▍ | 123/145 [00:53<00:08,  2.70it/s, loss=0.0706]
Ep  20 [train]:  86%|████████▌ | 124/145 [00:53<00:09,  2.11it/s, loss=0.0706]
Ep  20 [train]:  86%|████████▌ | 124/145 [00:53<00:09,  2.11it/s, loss=0.0703]
Ep  20 [train]:  86%|████████▌ | 125/145 [00:53<00:07,  2.70it/s, loss=0.0703]
Ep  20 [train]:  86%|████████▌ | 125/145 [00:54<00:07,  2.70it/s, loss=0.0750]
Ep  20 [train]:  87%|████████▋ | 126/145 [00:54<00:09,  2.07it/s, loss=0.0750]
Ep  20 [train]:  87%|████████▋ | 126/145 [00:54<00:09,  2.07it/s, loss=0.0729]
Ep  20 [train]:  88%|████████▊ | 127/145 [00:54<00:06,  2.59it/s, loss=0.0729]
Ep  20 [train]:  88%|████████▊ | 127/145 [00:55<00:06,  2.59it/s, loss=0.0708]
Ep  20 [train]:  88%|████████▊ | 128/145 [00:55<00:08,  2.04it/s, loss=0.0708]
Ep  20 [train]:  88%|████████▊ | 128/145 [00:55<00:08,  2.04it/s, loss=0.0717]
Ep  20 [train]:  89%|████████▉ | 129/145 [00:55<00:06,  2.55it/s, loss=0.0717]
Ep  20 [train]:  89%|████████▉ | 129/145 [00:56<00:06,  2.55it/s, loss=0.0795]
Ep  20 [train]:  90%|████████▉ | 130/145 [00:56<00:07,  2.08it/s, loss=0.0795]
Ep  20 [train]:  90%|████████▉ | 130/145 [00:56<00:07,  2.08it/s, loss=0.0756]
Ep  20 [train]:  90%|█████████ | 131/145 [00:56<00:05,  2.58it/s, loss=0.0756]
Ep  20 [train]:  90%|█████████ | 131/145 [00:56<00:05,  2.58it/s, loss=0.0699]
Ep  20 [train]:  91%|█████████ | 132/145 [00:56<00:06,  2.11it/s, loss=0.0699]
Ep  20 [train]:  91%|█████████ | 132/145 [00:57<00:06,  2.11it/s, loss=0.0660]
Ep  20 [train]:  92%|█████████▏| 133/145 [00:57<00:04,  2.61it/s, loss=0.0660]
Ep  20 [train]:  92%|█████████▏| 133/145 [00:57<00:04,  2.61it/s, loss=0.0730]
Ep  20 [train]:  92%|█████████▏| 134/145 [00:57<00:05,  2.09it/s, loss=0.0730]
Ep  20 [train]:  92%|█████████▏| 134/145 [00:57<00:05,  2.09it/s, loss=0.0687]
Ep  20 [train]:  93%|█████████▎| 135/145 [00:57<00:03,  2.65it/s, loss=0.0687]
Ep  20 [train]:  93%|█████████▎| 135/145 [00:58<00:03,  2.65it/s, loss=0.0684]
Ep  20 [train]:  94%|█████████▍| 136/145 [00:58<00:04,  2.07it/s, loss=0.0684]
Ep  20 [train]:  94%|█████████▍| 136/145 [00:58<00:04,  2.07it/s, loss=0.0691]
Ep  20 [train]:  94%|█████████▍| 137/145 [00:58<00:03,  2.65it/s, loss=0.0691]
Ep  20 [train]:  94%|█████████▍| 137/145 [00:59<00:03,  2.65it/s, loss=0.0729]
Ep  20 [train]:  95%|█████████▌| 138/145 [00:59<00:03,  2.12it/s, loss=0.0729]
Ep  20 [train]:  95%|█████████▌| 138/145 [00:59<00:03,  2.12it/s, loss=0.0714]
Ep  20 [train]:  96%|█████████▌| 139/145 [00:59<00:02,  2.63it/s, loss=0.0714]
Ep  20 [train]:  96%|█████████▌| 139/145 [01:00<00:02,  2.63it/s, loss=0.0732]
Ep  20 [train]:  97%|█████████▋| 140/145 [01:00<00:02,  2.07it/s, loss=0.0732]
Ep  20 [train]:  97%|█████████▋| 140/145 [01:00<00:02,  2.07it/s, loss=0.0776]
Ep  20 [train]:  97%|█████████▋| 141/145 [01:00<00:01,  2.64it/s, loss=0.0776]
Ep  20 [train]:  97%|█████████▋| 141/145 [01:01<00:01,  2.64it/s, loss=0.0715]
Ep  20 [train]:  98%|█████████▊| 142/145 [01:01<00:01,  1.97it/s, loss=0.0715]
Ep  20 [train]:  98%|█████████▊| 142/145 [01:01<00:01,  1.97it/s, loss=0.0778]
Ep  20 [train]:  99%|█████████▊| 143/145 [01:01<00:00,  2.54it/s, loss=0.0778]
Ep  20 [train]:  99%|█████████▊| 143/145 [01:02<00:00,  2.54it/s, loss=0.0703]
Ep  20 [train]:  99%|█████████▉| 144/145 [01:02<00:00,  2.05it/s, loss=0.0703]
Ep  20 [train]:  99%|█████████▉| 144/145 [01:02<00:00,  2.05it/s, loss=0.0708]
Ep  20 [train]: 100%|██████████| 145/145 [01:02<00:00,  2.62it/s, loss=0.0708]
                                                                              
  Ep  20 [train]  loss=0.0731  rmse_c=0.2390  mae_c=0.2159  r2_c=0.024  rmse_h=0.2992  mae_h=0.2215  r2_h=0.484  sup=0.327

Ep  20 [val  ]:   0%|          | 0/39 [00:00<?, ?it/s]
Ep  20 [val  ]:   0%|          | 0/39 [00:01<?, ?it/s, loss=0.0931]
Ep  20 [val  ]:   3%|▎         | 1/39 [00:01<00:44,  1.17s/it, loss=0.0931]
Ep  20 [val  ]:   3%|▎         | 1/39 [00:01<00:44,  1.17s/it, loss=0.0890]
Ep  20 [val  ]:   3%|▎         | 1/39 [00:02<00:44,  1.17s/it, loss=0.0738]
Ep  20 [val  ]:   8%|▊         | 3/39 [00:02<00:23,  1.52it/s, loss=0.0738]
Ep  20 [val  ]:   8%|▊         | 3/39 [00:02<00:23,  1.52it/s, loss=0.0682]
Ep  20 [val  ]:   8%|▊         | 3/39 [00:03<00:23,  1.52it/s, loss=0.0736]
Ep  20 [val  ]:  13%|█▎        | 5/39 [00:03<00:19,  1.76it/s, loss=0.0736]
Ep  20 [val  ]:  13%|█▎        | 5/39 [00:03<00:19,  1.76it/s, loss=0.0775]
Ep  20 [val  ]:  13%|█▎        | 5/39 [00:03<00:19,  1.76it/s, loss=0.0716]
Ep  20 [val  ]:  18%|█▊        | 7/39 [00:03<00:16,  1.95it/s, loss=0.0716]
Ep  20 [val  ]:  18%|█▊        | 7/39 [00:04<00:16,  1.95it/s, loss=0.0711]
Ep  20 [val  ]:  18%|█▊        | 7/39 [00:04<00:16,  1.95it/s, loss=0.0681]
Ep  20 [val  ]:  23%|██▎       | 9/39 [00:04<00:14,  2.01it/s, loss=0.0681]
Ep  20 [val  ]:  23%|██▎       | 9/39 [00:04<00:14,  2.01it/s, loss=0.0675]
Ep  20 [val  ]:  23%|██▎       | 9/39 [00:05<00:14,  2.01it/s, loss=0.0686]
Ep  20 [val  ]:  28%|██▊       | 11/39 [00:05<00:13,  2.09it/s, loss=0.0686]
Ep  20 [val  ]:  28%|██▊       | 11/39 [00:05<00:13,  2.09it/s, loss=0.0740]
Ep  20 [val  ]:  28%|██▊       | 11/39 [00:06<00:13,  2.09it/s, loss=0.0778]
Ep  20 [val  ]:  33%|███▎      | 13/39 [00:06<00:12,  2.15it/s, loss=0.0778]
Ep  20 [val  ]:  33%|███▎      | 13/39 [00:06<00:12,  2.15it/s, loss=0.0858]
Ep  20 [val  ]:  33%|███▎      | 13/39 [00:07<00:12,  2.15it/s, loss=0.0925]
Ep  20 [val  ]:  38%|███▊      | 15/39 [00:07<00:11,  2.13it/s, loss=0.0925]
Ep  20 [val  ]:  38%|███▊      | 15/39 [00:07<00:11,  2.13it/s, loss=0.0899]
Ep  20 [val  ]:  38%|███▊      | 15/39 [00:08<00:11,  2.13it/s, loss=0.0899]
Ep  20 [val  ]:  44%|████▎     | 17/39 [00:08<00:10,  2.18it/s, loss=0.0899]
Ep  20 [val  ]:  44%|████▎     | 17/39 [00:08<00:10,  2.18it/s, loss=0.0797]
Ep  20 [val  ]:  44%|████▎     | 17/39 [00:09<00:10,  2.18it/s, loss=0.0730]
Ep  20 [val  ]:  49%|████▊     | 19/39 [00:09<00:09,  2.17it/s, loss=0.0730]
Ep  20 [val  ]:  49%|████▊     | 19/39 [00:09<00:09,  2.17it/s, loss=0.0644]
Ep  20 [val  ]:  49%|████▊     | 19/39 [00:10<00:09,  2.17it/s, loss=0.0579]
Ep  20 [val  ]:  54%|█████▍    | 21/39 [00:10<00:08,  2.12it/s, loss=0.0579]
Ep  20 [val  ]:  54%|█████▍    | 21/39 [00:10<00:08,  2.12it/s, loss=0.0649]
Ep  20 [val  ]:  54%|█████▍    | 21/39 [00:11<00:08,  2.12it/s, loss=0.0619]
Ep  20 [val  ]:  59%|█████▉    | 23/39 [00:11<00:07,  2.12it/s, loss=0.0619]
Ep  20 [val  ]:  59%|█████▉    | 23/39 [00:11<00:07,  2.12it/s, loss=0.0634]
Ep  20 [val  ]:  59%|█████▉    | 23/39 [00:12<00:07,  2.12it/s, loss=0.0648]
Ep  20 [val  ]:  64%|██████▍   | 25/39 [00:12<00:06,  2.15it/s, loss=0.0648]
Ep  20 [val  ]:  64%|██████▍   | 25/39 [00:12<00:06,  2.15it/s, loss=0.0694]
Ep  20 [val  ]:  64%|██████▍   | 25/39 [00:13<00:06,  2.15it/s, loss=0.0771]
Ep  20 [val  ]:  69%|██████▉   | 27/39 [00:13<00:05,  2.18it/s, loss=0.0771]
Ep  20 [val  ]:  69%|██████▉   | 27/39 [00:13<00:05,  2.18it/s, loss=0.1180]
Ep  20 [val  ]:  69%|██████▉   | 27/39 [00:14<00:05,  2.18it/s, loss=0.0920]
Ep  20 [val  ]:  74%|███████▍  | 29/39 [00:14<00:04,  2.09it/s, loss=0.0920]
Ep  20 [val  ]:  74%|███████▍  | 29/39 [00:14<00:04,  2.09it/s, loss=0.0844]
Ep  20 [val  ]:  74%|███████▍  | 29/39 [00:15<00:04,  2.09it/s, loss=0.0820]
Ep  20 [val  ]:  79%|███████▉  | 31/39 [00:15<00:03,  2.10it/s, loss=0.0820]
Ep  20 [val  ]:  79%|███████▉  | 31/39 [00:15<00:03,  2.10it/s, loss=0.0728]
Ep  20 [val  ]:  79%|███████▉  | 31/39 [00:16<00:03,  2.10it/s, loss=0.0779]
Ep  20 [val  ]:  85%|████████▍ | 33/39 [00:16<00:02,  2.04it/s, loss=0.0779]
Ep  20 [val  ]:  85%|████████▍ | 33/39 [00:16<00:02,  2.04it/s, loss=0.0720]
Ep  20 [val  ]:  85%|████████▍ | 33/39 [00:17<00:02,  2.04it/s, loss=0.0774]
Ep  20 [val  ]:  90%|████████▉ | 35/39 [00:17<00:01,  2.08it/s, loss=0.0774]
Ep  20 [val  ]:  90%|████████▉ | 35/39 [00:17<00:01,  2.08it/s, loss=0.0713]
Ep  20 [val  ]:  90%|████████▉ | 35/39 [00:17<00:01,  2.08it/s, loss=0.0726]
Ep  20 [val  ]:  95%|█████████▍| 37/39 [00:17<00:00,  2.21it/s, loss=0.0726]
Ep  20 [val  ]:  95%|█████████▍| 37/39 [00:17<00:00,  2.21it/s, loss=0.0637]
Ep  20 [val  ]:  95%|█████████▍| 37/39 [00:17<00:00,  2.21it/s, loss=0.0692]
                                                                            
  Ep  20 [val  ]  loss=0.0759  rmse_c=0.2433  mae_c=0.2194  r2_c=0.027  rmse_h=0.3040  mae_h=0.2294  r2_h=0.424  sup=0.308

Ep  21 [train]:   0%|          | 0/145 [00:00<?, ?it/s]
Ep  21 [train]:   0%|          | 0/145 [00:00<?, ?it/s, loss=0.0669]
Ep  21 [train]:   1%|          | 1/145 [00:00<02:22,  1.01it/s, loss=0.0669]
Ep  21 [train]:   1%|          | 1/145 [00:01<02:22,  1.01it/s, loss=0.0714]
Ep  21 [train]:   1%|▏         | 2/145 [00:01<01:09,  2.06it/s, loss=0.0714]
Ep  21 [train]:   1%|▏         | 2/145 [00:01<01:09,  2.06it/s, loss=0.0753]
Ep  21 [train]:   2%|▏         | 3/145 [00:01<01:15,  1.88it/s, loss=0.0753]
Ep  21 [train]:   2%|▏         | 3/145 [00:01<01:15,  1.88it/s, loss=0.0698]
Ep  21 [train]:   3%|▎         | 4/145 [00:01<00:53,  2.66it/s, loss=0.0698]
Ep  21 [train]:   3%|▎         | 4/145 [00:02<00:53,  2.66it/s, loss=0.0747]
Ep  21 [train]:   3%|▎         | 5/145 [00:02<01:00,  2.30it/s, loss=0.0747]
Ep  21 [train]:   3%|▎         | 5/145 [00:02<01:00,  2.30it/s, loss=0.0730]
Ep  21 [train]:   4%|▍         | 6/145 [00:02<00:46,  3.02it/s, loss=0.0730]
Ep  21 [train]:   4%|▍         | 6/145 [00:03<00:46,  3.02it/s, loss=0.0717]
Ep  21 [train]:   5%|▍         | 7/145 [00:03<00:56,  2.43it/s, loss=0.0717]
Ep  21 [train]:   5%|▍         | 7/145 [00:03<00:56,  2.43it/s, loss=0.0699]
Ep  21 [train]:   6%|▌         | 8/145 [00:03<00:44,  3.07it/s, loss=0.0699]
Ep  21 [train]:   6%|▌         | 8/145 [00:03<00:44,  3.07it/s, loss=0.0694]
Ep  21 [train]:   6%|▌         | 9/145 [00:03<00:55,  2.45it/s, loss=0.0694]
Ep  21 [train]:   6%|▌         | 9/145 [00:03<00:55,  2.45it/s, loss=0.0778]
Ep  21 [train]:   7%|▋         | 10/145 [00:03<00:44,  3.00it/s, loss=0.0778]
Ep  21 [train]:   7%|▋         | 10/145 [00:04<00:44,  3.00it/s, loss=0.0715]
Ep  21 [train]:   8%|▊         | 11/145 [00:04<00:54,  2.46it/s, loss=0.0715]
Ep  21 [train]:   8%|▊         | 11/145 [00:04<00:54,  2.46it/s, loss=0.0706]
Ep  21 [train]:   8%|▊         | 12/145 [00:04<00:51,  2.60it/s, loss=0.0706]
Ep  21 [train]:   8%|▊         | 12/145 [00:05<00:51,  2.60it/s, loss=0.0916]
Ep  21 [train]:   9%|▉         | 13/145 [00:05<00:49,  2.66it/s, loss=0.0916]
Ep  21 [train]:   9%|▉         | 13/145 [00:05<00:49,  2.66it/s, loss=0.0687]
Ep  21 [train]:  10%|▉         | 14/145 [00:05<00:55,  2.35it/s, loss=0.0687]
Ep  21 [train]:  10%|▉         | 14/145 [00:05<00:55,  2.35it/s, loss=0.0721]
Ep  21 [train]:  10%|█         | 15/145 [00:05<00:46,  2.78it/s, loss=0.0721]
Ep  21 [train]:  10%|█         | 15/145 [00:06<00:46,  2.78it/s, loss=0.0712]
Ep  21 [train]:  11%|█         | 16/145 [00:06<00:57,  2.24it/s, loss=0.0712]
Ep  21 [train]:  11%|█         | 16/145 [00:06<00:57,  2.24it/s, loss=0.0693]
Ep  21 [train]:  12%|█▏        | 17/145 [00:06<00:44,  2.86it/s, loss=0.0693]
Ep  21 [train]:  12%|█▏        | 17/145 [00:07<00:44,  2.86it/s, loss=0.0699]
Ep  21 [train]:  12%|█▏        | 18/145 [00:07<01:03,  2.00it/s, loss=0.0699]
Ep  21 [train]:  12%|█▏        | 18/145 [00:07<01:03,  2.00it/s, loss=0.0732]
Ep  21 [train]:  13%|█▎        | 19/145 [00:07<00:50,  2.49it/s, loss=0.0732]
Ep  21 [train]:  13%|█▎        | 19/145 [00:08<00:50,  2.49it/s, loss=0.0789]
Ep  21 [train]:  14%|█▍        | 20/145 [00:08<01:03,  1.98it/s, loss=0.0789]
Ep  21 [train]:  14%|█▍        | 20/145 [00:08<01:03,  1.98it/s, loss=0.0723]
Ep  21 [train]:  14%|█▍        | 21/145 [00:08<00:49,  2.50it/s, loss=0.0723]
Ep  21 [train]:  14%|█▍        | 21/145 [00:09<00:49,  2.50it/s, loss=0.0696]
Ep  21 [train]:  15%|█▌        | 22/145 [00:09<01:00,  2.04it/s, loss=0.0696]
Ep  21 [train]:  15%|█▌        | 22/145 [00:09<01:00,  2.04it/s, loss=0.0808]
Ep  21 [train]:  16%|█▌        | 23/145 [00:09<00:46,  2.61it/s, loss=0.0808]
Ep  21 [train]:  16%|█▌        | 23/145 [00:10<00:46,  2.61it/s, loss=0.0758]
Ep  21 [train]:  17%|█▋        | 24/145 [00:10<00:59,  2.03it/s, loss=0.0758]
Ep  21 [train]:  17%|█▋        | 24/145 [00:10<00:59,  2.03it/s, loss=0.0769]
Ep  21 [train]:  17%|█▋        | 25/145 [00:10<00:46,  2.57it/s, loss=0.0769]
Ep  21 [train]:  17%|█▋        | 25/145 [00:11<00:46,  2.57it/s, loss=0.0765]
Ep  21 [train]:  18%|█▊        | 26/145 [00:11<00:58,  2.04it/s, loss=0.0765]
Ep  21 [train]:  18%|█▊        | 26/145 [00:11<00:58,  2.04it/s, loss=0.0648]
Ep  21 [train]:  19%|█▊        | 27/145 [00:11<00:44,  2.62it/s, loss=0.0648]
Ep  21 [train]:  19%|█▊        | 27/145 [00:12<00:44,  2.62it/s, loss=0.0686]
Ep  21 [train]:  19%|█▉        | 28/145 [00:12<00:58,  2.02it/s, loss=0.0686]
Ep  21 [train]:  19%|█▉        | 28/145 [00:12<00:58,  2.02it/s, loss=0.0704]
Ep  21 [train]:  20%|██        | 29/145 [00:12<00:45,  2.57it/s, loss=0.0704]
Ep  21 [train]:  20%|██        | 29/145 [00:12<00:45,  2.57it/s, loss=0.0804]
Ep  21 [train]:  21%|██        | 30/145 [00:12<00:55,  2.07it/s, loss=0.0804]
Ep  21 [train]:  21%|██        | 30/145 [00:13<00:55,  2.07it/s, loss=0.0734]
Ep  21 [train]:  21%|██▏       | 31/145 [00:13<00:42,  2.65it/s, loss=0.0734]
Ep  21 [train]:  21%|██▏       | 31/145 [00:13<00:42,  2.65it/s, loss=0.0662]
Ep  21 [train]:  22%|██▏       | 32/145 [00:13<00:53,  2.10it/s, loss=0.0662]
Ep  21 [train]:  22%|██▏       | 32/145 [00:13<00:53,  2.10it/s, loss=0.0773]
Ep  21 [train]:  23%|██▎       | 33/145 [00:13<00:42,  2.63it/s, loss=0.0773]
Ep  21 [train]:  23%|██▎       | 33/145 [00:14<00:42,  2.63it/s, loss=0.0762]
Ep  21 [train]:  23%|██▎       | 34/145 [00:14<00:56,  1.98it/s, loss=0.0762]
Ep  21 [train]:  23%|██▎       | 34/145 [00:14<00:56,  1.98it/s, loss=0.0721]
Ep  21 [train]:  24%|██▍       | 35/145 [00:14<00:43,  2.55it/s, loss=0.0721]
Ep  21 [train]:  24%|██▍       | 35/145 [00:15<00:43,  2.55it/s, loss=0.0753]
Ep  21 [train]:  25%|██▍       | 36/145 [00:15<00:53,  2.02it/s, loss=0.0753]
Ep  21 [train]:  25%|██▍       | 36/145 [00:15<00:53,  2.02it/s, loss=0.0735]
Ep  21 [train]:  26%|██▌       | 37/145 [00:15<00:41,  2.61it/s, loss=0.0735]
Ep  21 [train]:  26%|██▌       | 37/145 [00:16<00:41,  2.61it/s, loss=0.0769]
Ep  21 [train]:  26%|██▌       | 38/145 [00:16<00:54,  1.95it/s, loss=0.0769]
Ep  21 [train]:  26%|██▌       | 38/145 [00:16<00:54,  1.95it/s, loss=0.0745]
Ep  21 [train]:  27%|██▋       | 39/145 [00:16<00:43,  2.44it/s, loss=0.0745]
Ep  21 [train]:  27%|██▋       | 39/145 [00:17<00:43,  2.44it/s, loss=0.0693]
Ep  21 [train]:  28%|██▊       | 40/145 [00:17<00:52,  2.00it/s, loss=0.0693]
Ep  21 [train]:  28%|██▊       | 40/145 [00:17<00:52,  2.00it/s, loss=0.0717]
Ep  21 [train]:  28%|██▊       | 41/145 [00:17<00:41,  2.51it/s, loss=0.0717]
Ep  21 [train]:  28%|██▊       | 41/145 [00:18<00:41,  2.51it/s, loss=0.0692]
Ep  21 [train]:  29%|██▉       | 42/145 [00:18<00:51,  2.02it/s, loss=0.0692]
Ep  21 [train]:  29%|██▉       | 42/145 [00:18<00:51,  2.02it/s, loss=0.0739]
Ep  21 [train]:  30%|██▉       | 43/145 [00:18<00:39,  2.56it/s, loss=0.0739]
Ep  21 [train]:  30%|██▉       | 43/145 [00:19<00:39,  2.56it/s, loss=0.0743]
Ep  21 [train]:  30%|███       | 44/145 [00:19<00:47,  2.11it/s, loss=0.0743]
Ep  21 [train]:  30%|███       | 44/145 [00:19<00:47,  2.11it/s, loss=0.0745]
Ep  21 [train]:  31%|███       | 45/145 [00:19<00:37,  2.69it/s, loss=0.0745]
Ep  21 [train]:  31%|███       | 45/145 [00:19<00:37,  2.69it/s, loss=0.0768]
Ep  21 [train]:  32%|███▏      | 46/145 [00:19<00:47,  2.07it/s, loss=0.0768]
Ep  21 [train]:  32%|███▏      | 46/145 [00:20<00:47,  2.07it/s, loss=0.0710]
Ep  21 [train]:  32%|███▏      | 47/145 [00:20<00:38,  2.58it/s, loss=0.0710]
Ep  21 [train]:  32%|███▏      | 47/145 [00:20<00:38,  2.58it/s, loss=0.0754]
Ep  21 [train]:  33%|███▎      | 48/145 [00:20<00:51,  1.88it/s, loss=0.0754]
Ep  21 [train]:  33%|███▎      | 48/145 [00:21<00:51,  1.88it/s, loss=0.0663]
Ep  21 [train]:  34%|███▍      | 49/145 [00:21<00:39,  2.44it/s, loss=0.0663]
Ep  21 [train]:  34%|███▍      | 49/145 [00:21<00:39,  2.44it/s, loss=0.0677]
Ep  21 [train]:  34%|███▍      | 50/145 [00:21<00:52,  1.81it/s, loss=0.0677]
Ep  21 [train]:  34%|███▍      | 50/145 [00:22<00:52,  1.81it/s, loss=0.0710]
Ep  21 [train]:  35%|███▌      | 51/145 [00:22<00:40,  2.34it/s, loss=0.0710]
Ep  21 [train]:  35%|███▌      | 51/145 [00:22<00:40,  2.34it/s, loss=0.0685]
Ep  21 [train]:  36%|███▌      | 52/145 [00:22<00:48,  1.92it/s, loss=0.0685]
Ep  21 [train]:  36%|███▌      | 52/145 [00:22<00:48,  1.92it/s, loss=0.0773]
Ep  21 [train]:  37%|███▋      | 53/145 [00:22<00:37,  2.45it/s, loss=0.0773]
Ep  21 [train]:  37%|███▋      | 53/145 [00:23<00:37,  2.45it/s, loss=0.0704]
Ep  21 [train]:  37%|███▋      | 54/145 [00:23<00:47,  1.93it/s, loss=0.0704]
Ep  21 [train]:  37%|███▋      | 54/145 [00:23<00:47,  1.93it/s, loss=0.0669]
Ep  21 [train]:  38%|███▊      | 55/145 [00:23<00:36,  2.45it/s, loss=0.0669]
Ep  21 [train]:  38%|███▊      | 55/145 [00:24<00:36,  2.45it/s, loss=0.0695]
Ep  21 [train]:  39%|███▊      | 56/145 [00:24<00:46,  1.90it/s, loss=0.0695]
Ep  21 [train]:  39%|███▊      | 56/145 [00:24<00:46,  1.90it/s, loss=0.0706]
Ep  21 [train]:  39%|███▉      | 57/145 [00:24<00:36,  2.38it/s, loss=0.0706]
Ep  21 [train]:  39%|███▉      | 57/145 [00:25<00:36,  2.38it/s, loss=0.0753]
Ep  21 [train]:  40%|████      | 58/145 [00:25<00:46,  1.89it/s, loss=0.0753]
Ep  21 [train]:  40%|████      | 58/145 [00:25<00:46,  1.89it/s, loss=0.0749]
Ep  21 [train]:  41%|████      | 59/145 [00:25<00:35,  2.42it/s, loss=0.0749]
Ep  21 [train]:  41%|████      | 59/145 [00:26<00:35,  2.42it/s, loss=0.0745]
Ep  21 [train]:  41%|████▏     | 60/145 [00:26<00:44,  1.91it/s, loss=0.0745]
Ep  21 [train]:  41%|████▏     | 60/145 [00:26<00:44,  1.91it/s, loss=0.0708]
Ep  21 [train]:  42%|████▏     | 61/145 [00:26<00:34,  2.46it/s, loss=0.0708]
Ep  21 [train]:  42%|████▏     | 61/145 [00:27<00:34,  2.46it/s, loss=0.0856]
Ep  21 [train]:  43%|████▎     | 62/145 [00:27<00:41,  1.98it/s, loss=0.0856]
Ep  21 [train]:  43%|████▎     | 62/145 [00:27<00:41,  1.98it/s, loss=0.0778]
Ep  21 [train]:  43%|████▎     | 63/145 [00:27<00:32,  2.54it/s, loss=0.0778]
Ep  21 [train]:  43%|████▎     | 63/145 [00:28<00:32,  2.54it/s, loss=0.0657]
Ep  21 [train]:  44%|████▍     | 64/145 [00:28<00:37,  2.18it/s, loss=0.0657]
Ep  21 [train]:  44%|████▍     | 64/145 [00:28<00:37,  2.18it/s, loss=0.0746]
Ep  21 [train]:  45%|████▍     | 65/145 [00:28<00:29,  2.74it/s, loss=0.0746]
Ep  21 [train]:  45%|████▍     | 65/145 [00:29<00:29,  2.74it/s, loss=0.0684]
Ep  21 [train]:  46%|████▌     | 66/145 [00:29<00:36,  2.15it/s, loss=0.0684]
Ep  21 [train]:  46%|████▌     | 66/145 [00:29<00:36,  2.15it/s, loss=0.0716]
Ep  21 [train]:  46%|████▌     | 67/145 [00:29<00:28,  2.72it/s, loss=0.0716]
Ep  21 [train]:  46%|████▌     | 67/145 [00:29<00:28,  2.72it/s, loss=0.0678]
Ep  21 [train]:  47%|████▋     | 68/145 [00:29<00:36,  2.13it/s, loss=0.0678]
Ep  21 [train]:  47%|████▋     | 68/145 [00:30<00:36,  2.13it/s, loss=0.0742]
Ep  21 [train]:  48%|████▊     | 69/145 [00:30<00:28,  2.69it/s, loss=0.0742]
Ep  21 [train]:  48%|████▊     | 69/145 [00:30<00:28,  2.69it/s, loss=0.0701]
Ep  21 [train]:  48%|████▊     | 70/145 [00:30<00:35,  2.09it/s, loss=0.0701]
Ep  21 [train]:  48%|████▊     | 70/145 [00:30<00:35,  2.09it/s, loss=0.0724]
Ep  21 [train]:  49%|████▉     | 71/145 [00:30<00:28,  2.59it/s, loss=0.0724]
Ep  21 [train]:  49%|████▉     | 71/145 [00:31<00:28,  2.59it/s, loss=0.0732]
Ep  21 [train]:  50%|████▉     | 72/145 [00:31<00:33,  2.17it/s, loss=0.0732]
Ep  21 [train]:  50%|████▉     | 72/145 [00:31<00:33,  2.17it/s, loss=0.0737]
Ep  21 [train]:  50%|█████     | 73/145 [00:31<00:26,  2.71it/s, loss=0.0737]
Ep  21 [train]:  50%|█████     | 73/145 [00:32<00:26,  2.71it/s, loss=0.0717]
Ep  21 [train]:  51%|█████     | 74/145 [00:32<00:33,  2.12it/s, loss=0.0717]
Ep  21 [train]:  51%|█████     | 74/145 [00:32<00:33,  2.12it/s, loss=0.0684]
Ep  21 [train]:  52%|█████▏    | 75/145 [00:32<00:26,  2.67it/s, loss=0.0684]
Ep  21 [train]:  52%|█████▏    | 75/145 [00:33<00:26,  2.67it/s, loss=0.0729]
Ep  21 [train]:  52%|█████▏    | 76/145 [00:33<00:31,  2.18it/s, loss=0.0729]
Ep  21 [train]:  52%|█████▏    | 76/145 [00:33<00:31,  2.18it/s, loss=0.0695]
Ep  21 [train]:  53%|█████▎    | 77/145 [00:33<00:24,  2.81it/s, loss=0.0695]
Ep  21 [train]:  53%|█████▎    | 77/145 [00:34<00:24,  2.81it/s, loss=0.0693]
Ep  21 [train]:  54%|█████▍    | 78/145 [00:34<00:30,  2.19it/s, loss=0.0693]
Ep  21 [train]:  54%|█████▍    | 78/145 [00:34<00:30,  2.19it/s, loss=0.0745]
Ep  21 [train]:  54%|█████▍    | 79/145 [00:34<00:23,  2.81it/s, loss=0.0745]
Ep  21 [train]:  54%|█████▍    | 79/145 [00:34<00:23,  2.81it/s, loss=0.0721]
Ep  21 [train]:  55%|█████▌    | 80/145 [00:34<00:29,  2.20it/s, loss=0.0721]
Ep  21 [train]:  55%|█████▌    | 80/145 [00:34<00:29,  2.20it/s, loss=0.0733]
Ep  21 [train]:  56%|█████▌    | 81/145 [00:34<00:22,  2.83it/s, loss=0.0733]
Ep  21 [train]:  56%|█████▌    | 81/145 [00:35<00:22,  2.83it/s, loss=0.0676]
Ep  21 [train]:  57%|█████▋    | 82/145 [00:35<00:28,  2.19it/s, loss=0.0676]
Ep  21 [train]:  57%|█████▋    | 82/145 [00:35<00:28,  2.19it/s, loss=0.0719]
Ep  21 [train]:  57%|█████▋    | 83/145 [00:35<00:22,  2.80it/s, loss=0.0719]
Ep  21 [train]:  57%|█████▋    | 83/145 [00:36<00:22,  2.80it/s, loss=0.0659]
Ep  21 [train]:  58%|█████▊    | 84/145 [00:36<00:25,  2.37it/s, loss=0.0659]
Ep  21 [train]:  58%|█████▊    | 84/145 [00:36<00:25,  2.37it/s, loss=0.0829]
Ep  21 [train]:  59%|█████▊    | 85/145 [00:36<00:19,  3.01it/s, loss=0.0829]
Ep  21 [train]:  59%|█████▊    | 85/145 [00:37<00:19,  3.01it/s, loss=0.0668]
Ep  21 [train]:  59%|█████▉    | 86/145 [00:37<00:24,  2.39it/s, loss=0.0668]
Ep  21 [train]:  59%|█████▉    | 86/145 [00:37<00:24,  2.39it/s, loss=0.0770]
Ep  21 [train]:  60%|██████    | 87/145 [00:37<00:19,  3.02it/s, loss=0.0770]
Ep  21 [train]:  60%|██████    | 87/145 [00:37<00:19,  3.02it/s, loss=0.0753]
Ep  21 [train]:  61%|██████    | 88/145 [00:37<00:23,  2.47it/s, loss=0.0753]
Ep  21 [train]:  61%|██████    | 88/145 [00:37<00:23,  2.47it/s, loss=0.0704]
Ep  21 [train]:  61%|██████▏   | 89/145 [00:37<00:17,  3.14it/s, loss=0.0704]
Ep  21 [train]:  61%|██████▏   | 89/145 [00:38<00:17,  3.14it/s, loss=0.0735]
Ep  21 [train]:  62%|██████▏   | 90/145 [00:38<00:21,  2.50it/s, loss=0.0735]
Ep  21 [train]:  62%|██████▏   | 90/145 [00:38<00:21,  2.50it/s, loss=0.0788]
Ep  21 [train]:  63%|██████▎   | 91/145 [00:38<00:17,  3.15it/s, loss=0.0788]
Ep  21 [train]:  63%|██████▎   | 91/145 [00:39<00:17,  3.15it/s, loss=0.0681]
Ep  21 [train]:  63%|██████▎   | 92/145 [00:39<00:20,  2.55it/s, loss=0.0681]
Ep  21 [train]:  63%|██████▎   | 92/145 [00:39<00:20,  2.55it/s, loss=0.0763]
Ep  21 [train]:  64%|██████▍   | 93/145 [00:39<00:16,  3.21it/s, loss=0.0763]
Ep  21 [train]:  64%|██████▍   | 93/145 [00:39<00:16,  3.21it/s, loss=0.0691]
Ep  21 [train]:  65%|██████▍   | 94/145 [00:39<00:20,  2.55it/s, loss=0.0691]
Ep  21 [train]:  65%|██████▍   | 94/145 [00:40<00:20,  2.55it/s, loss=0.0811]
Ep  21 [train]:  66%|██████▌   | 95/145 [00:40<00:15,  3.13it/s, loss=0.0811]
Ep  21 [train]:  66%|██████▌   | 95/145 [00:40<00:15,  3.13it/s, loss=0.0753]
Ep  21 [train]:  66%|██████▌   | 96/145 [00:40<00:19,  2.50it/s, loss=0.0753]
Ep  21 [train]:  66%|██████▌   | 96/145 [00:40<00:19,  2.50it/s, loss=0.0699]
Ep  21 [train]:  67%|██████▋   | 97/145 [00:40<00:15,  3.13it/s, loss=0.0699]
Ep  21 [train]:  67%|██████▋   | 97/145 [00:41<00:15,  3.13it/s, loss=0.0731]
Ep  21 [train]:  68%|██████▊   | 98/145 [00:41<00:19,  2.45it/s, loss=0.0731]
Ep  21 [train]:  68%|██████▊   | 98/145 [00:41<00:19,  2.45it/s, loss=0.0753]
Ep  21 [train]:  68%|██████▊   | 99/145 [00:41<00:15,  3.05it/s, loss=0.0753]
Ep  21 [train]:  68%|██████▊   | 99/145 [00:42<00:15,  3.05it/s, loss=0.0726]
Ep  21 [train]:  69%|██████▉   | 100/145 [00:42<00:19,  2.32it/s, loss=0.0726]
Ep  21 [train]:  69%|██████▉   | 100/145 [00:42<00:19,  2.32it/s, loss=0.0691]
Ep  21 [train]:  70%|██████▉   | 101/145 [00:42<00:15,  2.90it/s, loss=0.0691]
Ep  21 [train]:  70%|██████▉   | 101/145 [00:42<00:15,  2.90it/s, loss=0.0670]
Ep  21 [train]:  70%|███████   | 102/145 [00:42<00:18,  2.35it/s, loss=0.0670]
Ep  21 [train]:  70%|███████   | 102/145 [00:43<00:18,  2.35it/s, loss=0.0723]
Ep  21 [train]:  71%|███████   | 103/145 [00:43<00:14,  2.96it/s, loss=0.0723]
Ep  21 [train]:  71%|███████   | 103/145 [00:43<00:14,  2.96it/s, loss=0.0841]
Ep  21 [train]:  72%|███████▏  | 104/145 [00:43<00:17,  2.38it/s, loss=0.0841]
Ep  21 [train]:  72%|███████▏  | 104/145 [00:43<00:17,  2.38it/s, loss=0.0719]
Ep  21 [train]:  72%|███████▏  | 105/145 [00:43<00:13,  2.96it/s, loss=0.0719]
Ep  21 [train]:  72%|███████▏  | 105/145 [00:44<00:13,  2.96it/s, loss=0.0675]
Ep  21 [train]:  73%|███████▎  | 106/145 [00:44<00:16,  2.30it/s, loss=0.0675]
Ep  21 [train]:  73%|███████▎  | 106/145 [00:44<00:16,  2.30it/s, loss=0.0737]
Ep  21 [train]:  74%|███████▍  | 107/145 [00:44<00:13,  2.92it/s, loss=0.0737]
Ep  21 [train]:  74%|███████▍  | 107/145 [00:45<00:13,  2.92it/s, loss=0.0757]
Ep  21 [train]:  74%|███████▍  | 108/145 [00:45<00:15,  2.36it/s, loss=0.0757]
Ep  21 [train]:  74%|███████▍  | 108/145 [00:45<00:15,  2.36it/s, loss=0.0731]
Ep  21 [train]:  75%|███████▌  | 109/145 [00:45<00:12,  2.94it/s, loss=0.0731]
Ep  21 [train]:  75%|███████▌  | 109/145 [00:46<00:12,  2.94it/s, loss=0.0730]
Ep  21 [train]:  76%|███████▌  | 110/145 [00:46<00:15,  2.25it/s, loss=0.0730]
Ep  21 [train]:  76%|███████▌  | 110/145 [00:46<00:15,  2.25it/s, loss=0.0688]
Ep  21 [train]:  77%|███████▋  | 111/145 [00:46<00:11,  2.84it/s, loss=0.0688]
Ep  21 [train]:  77%|███████▋  | 111/145 [00:46<00:11,  2.84it/s, loss=0.0741]
Ep  21 [train]:  77%|███████▋  | 112/145 [00:46<00:14,  2.30it/s, loss=0.0741]
Ep  21 [train]:  77%|███████▋  | 112/145 [00:47<00:14,  2.30it/s, loss=0.0677]
Ep  21 [train]:  78%|███████▊  | 113/145 [00:47<00:11,  2.89it/s, loss=0.0677]
Ep  21 [train]:  78%|███████▊  | 113/145 [00:47<00:11,  2.89it/s, loss=0.0775]
Ep  21 [train]:  79%|███████▊  | 114/145 [00:47<00:14,  2.18it/s, loss=0.0775]
Ep  21 [train]:  79%|███████▊  | 114/145 [00:47<00:14,  2.18it/s, loss=0.0776]
Ep  21 [train]:  79%|███████▉  | 115/145 [00:47<00:10,  2.78it/s, loss=0.0776]
Ep  21 [train]:  79%|███████▉  | 115/145 [00:48<00:10,  2.78it/s, loss=0.0731]
Ep  21 [train]:  80%|████████  | 116/145 [00:48<00:13,  2.13it/s, loss=0.0731]
Ep  21 [train]:  80%|████████  | 116/145 [00:48<00:13,  2.13it/s, loss=0.0671]
Ep  21 [train]:  81%|████████  | 117/145 [00:48<00:10,  2.71it/s, loss=0.0671]
Ep  21 [train]:  81%|████████  | 117/145 [00:49<00:10,  2.71it/s, loss=0.0743]
Ep  21 [train]:  81%|████████▏ | 118/145 [00:49<00:13,  2.07it/s, loss=0.0743]
Ep  21 [train]:  81%|████████▏ | 118/145 [00:49<00:13,  2.07it/s, loss=0.0726]
Ep  21 [train]:  82%|████████▏ | 119/145 [00:49<00:09,  2.64it/s, loss=0.0726]
Ep  21 [train]:  82%|████████▏ | 119/145 [00:50<00:09,  2.64it/s, loss=0.0786]
Ep  21 [train]:  83%|████████▎ | 120/145 [00:50<00:12,  2.03it/s, loss=0.0786]
Ep  21 [train]:  83%|████████▎ | 120/145 [00:50<00:12,  2.03it/s, loss=0.0824]
Ep  21 [train]:  83%|████████▎ | 121/145 [00:50<00:09,  2.56it/s, loss=0.0824]
Ep  21 [train]:  83%|████████▎ | 121/145 [00:51<00:09,  2.56it/s, loss=0.0741]
Ep  21 [train]:  84%|████████▍ | 122/145 [00:51<00:11,  2.02it/s, loss=0.0741]
Ep  21 [train]:  84%|████████▍ | 122/145 [00:51<00:11,  2.02it/s, loss=0.0743]
Ep  21 [train]:  85%|████████▍ | 123/145 [00:51<00:08,  2.53it/s, loss=0.0743]
Ep  21 [train]:  85%|████████▍ | 123/145 [00:52<00:08,  2.53it/s, loss=0.0793]
Ep  21 [train]:  86%|████████▌ | 124/145 [00:52<00:10,  2.04it/s, loss=0.0793]
Ep  21 [train]:  86%|████████▌ | 124/145 [00:52<00:10,  2.04it/s, loss=0.0664]
Ep  21 [train]:  86%|████████▌ | 125/145 [00:52<00:07,  2.58it/s, loss=0.0664]
Ep  21 [train]:  86%|████████▌ | 125/145 [00:53<00:07,  2.58it/s, loss=0.0812]
Ep  21 [train]:  87%|████████▋ | 126/145 [00:53<00:09,  2.03it/s, loss=0.0812]
Ep  21 [train]:  87%|████████▋ | 126/145 [00:53<00:09,  2.03it/s, loss=0.0802]
Ep  21 [train]:  88%|████████▊ | 127/145 [00:53<00:07,  2.53it/s, loss=0.0802]
Ep  21 [train]:  88%|████████▊ | 127/145 [00:53<00:07,  2.53it/s, loss=0.0656]
Ep  21 [train]:  88%|████████▊ | 128/145 [00:53<00:08,  2.09it/s, loss=0.0656]
Ep  21 [train]:  88%|████████▊ | 128/145 [00:53<00:08,  2.09it/s, loss=0.0742]
Ep  21 [train]:  89%|████████▉ | 129/145 [00:53<00:05,  2.67it/s, loss=0.0742]
Ep  21 [train]:  89%|████████▉ | 129/145 [00:54<00:05,  2.67it/s, loss=0.0778]
Ep  21 [train]:  90%|████████▉ | 130/145 [00:54<00:07,  2.04it/s, loss=0.0778]
Ep  21 [train]:  90%|████████▉ | 130/145 [00:54<00:07,  2.04it/s, loss=0.0665]
Ep  21 [train]:  90%|█████████ | 131/145 [00:54<00:05,  2.54it/s, loss=0.0665]
Ep  21 [train]:  90%|█████████ | 131/145 [00:55<00:05,  2.54it/s, loss=0.0740]
Ep  21 [train]:  91%|█████████ | 132/145 [00:55<00:06,  1.96it/s, loss=0.0740]
Ep  21 [train]:  91%|█████████ | 132/145 [00:55<00:06,  1.96it/s, loss=0.0729]
Ep  21 [train]:  92%|█████████▏| 133/145 [00:55<00:04,  2.53it/s, loss=0.0729]
Ep  21 [train]:  92%|█████████▏| 133/145 [00:56<00:04,  2.53it/s, loss=0.0708]
Ep  21 [train]:  92%|█████████▏| 134/145 [00:56<00:05,  2.03it/s, loss=0.0708]
Ep  21 [train]:  92%|█████████▏| 134/145 [00:56<00:05,  2.03it/s, loss=0.0793]
Ep  21 [train]:  93%|█████████▎| 135/145 [00:56<00:03,  2.59it/s, loss=0.0793]
Ep  21 [train]:  93%|█████████▎| 135/145 [00:57<00:03,  2.59it/s, loss=0.0679]
Ep  21 [train]:  94%|█████████▍| 136/145 [00:57<00:04,  1.98it/s, loss=0.0679]
Ep  21 [train]:  94%|█████████▍| 136/145 [00:57<00:04,  1.98it/s, loss=0.0748]
Ep  21 [train]:  94%|█████████▍| 137/145 [00:57<00:03,  2.48it/s, loss=0.0748]
Ep  21 [train]:  94%|█████████▍| 137/145 [00:58<00:03,  2.48it/s, loss=0.0677]
Ep  21 [train]:  95%|█████████▌| 138/145 [00:58<00:03,  1.95it/s, loss=0.0677]
Ep  21 [train]:  95%|█████████▌| 138/145 [00:58<00:03,  1.95it/s, loss=0.0695]
Ep  21 [train]:  96%|█████████▌| 139/145 [00:58<00:02,  2.48it/s, loss=0.0695]
Ep  21 [train]:  96%|█████████▌| 139/145 [00:59<00:02,  2.48it/s, loss=0.0723]
Ep  21 [train]:  97%|█████████▋| 140/145 [00:59<00:02,  2.04it/s, loss=0.0723]
Ep  21 [train]:  97%|█████████▋| 140/145 [00:59<00:02,  2.04it/s, loss=0.0728]
Ep  21 [train]:  97%|█████████▋| 141/145 [00:59<00:01,  2.59it/s, loss=0.0728]
Ep  21 [train]:  97%|█████████▋| 141/145 [01:00<00:01,  2.59it/s, loss=0.0785]
Ep  21 [train]:  98%|█████████▊| 142/145 [01:00<00:01,  2.01it/s, loss=0.0785]
Ep  21 [train]:  98%|█████████▊| 142/145 [01:00<00:01,  2.01it/s, loss=0.0692]
Ep  21 [train]:  99%|█████████▊| 143/145 [01:00<00:00,  2.52it/s, loss=0.0692]
Ep  21 [train]:  99%|█████████▊| 143/145 [01:00<00:00,  2.52it/s, loss=0.0715]
Ep  21 [train]:  99%|█████████▉| 144/145 [01:00<00:00,  2.06it/s, loss=0.0715]
Ep  21 [train]:  99%|█████████▉| 144/145 [01:01<00:00,  2.06it/s, loss=0.0752]
Ep  21 [train]: 100%|██████████| 145/145 [01:01<00:00,  2.62it/s, loss=0.0752]
                                                                              
  Ep  21 [train]  loss=0.0729  rmse_c=0.2376  mae_c=0.2153  r2_c=0.025  rmse_h=0.2996  mae_h=0.2216  r2_h=0.484  sup=0.327

Ep  21 [val  ]:   0%|          | 0/39 [00:00<?, ?it/s]
Ep  21 [val  ]:   0%|          | 0/39 [00:01<?, ?it/s, loss=0.0922]
Ep  21 [val  ]:   3%|▎         | 1/39 [00:01<00:38,  1.01s/it, loss=0.0922]
Ep  21 [val  ]:   3%|▎         | 1/39 [00:01<00:38,  1.01s/it, loss=0.0878]
Ep  21 [val  ]:   3%|▎         | 1/39 [00:01<00:38,  1.01s/it, loss=0.0732]
Ep  21 [val  ]:   8%|▊         | 3/39 [00:01<00:21,  1.66it/s, loss=0.0732]
Ep  21 [val  ]:   8%|▊         | 3/39 [00:01<00:21,  1.66it/s, loss=0.0700]
Ep  21 [val  ]:   8%|▊         | 3/39 [00:02<00:21,  1.66it/s, loss=0.0750]
Ep  21 [val  ]:  13%|█▎        | 5/39 [00:02<00:17,  1.96it/s, loss=0.0750]
Ep  21 [val  ]:  13%|█▎        | 5/39 [00:02<00:17,  1.96it/s, loss=0.0767]
Ep  21 [val  ]:  13%|█▎        | 5/39 [00:03<00:17,  1.96it/s, loss=0.0699]
Ep  21 [val  ]:  18%|█▊        | 7/39 [00:03<00:15,  2.02it/s, loss=0.0699]
Ep  21 [val  ]:  18%|█▊        | 7/39 [00:03<00:15,  2.02it/s, loss=0.0710]
Ep  21 [val  ]:  18%|█▊        | 7/39 [00:04<00:15,  2.02it/s, loss=0.0676]
Ep  21 [val  ]:  23%|██▎       | 9/39 [00:04<00:13,  2.15it/s, loss=0.0676]
Ep  21 [val  ]:  23%|██▎       | 9/39 [00:04<00:13,  2.15it/s, loss=0.0671]
Ep  21 [val  ]:  26%|██▌       | 10/39 [00:04<00:11,  2.52it/s, loss=0.0671]
Ep  21 [val  ]:  26%|██▌       | 10/39 [00:05<00:11,  2.52it/s, loss=0.0684]
Ep  21 [val  ]:  28%|██▊       | 11/39 [00:05<00:13,  2.12it/s, loss=0.0684]
Ep  21 [val  ]:  28%|██▊       | 11/39 [00:05<00:13,  2.12it/s, loss=0.0734]
Ep  21 [val  ]:  31%|███       | 12/39 [00:05<00:10,  2.49it/s, loss=0.0734]
Ep  21 [val  ]:  31%|███       | 12/39 [00:06<00:10,  2.49it/s, loss=0.0764]
Ep  21 [val  ]:  33%|███▎      | 13/39 [00:06<00:12,  2.08it/s, loss=0.0764]
Ep  21 [val  ]:  33%|███▎      | 13/39 [00:06<00:12,  2.08it/s, loss=0.0824]
Ep  21 [val  ]:  36%|███▌      | 14/39 [00:06<00:10,  2.47it/s, loss=0.0824]
Ep  21 [val  ]:  36%|███▌      | 14/39 [00:07<00:10,  2.47it/s, loss=0.0905]
Ep  21 [val  ]:  38%|███▊      | 15/39 [00:07<00:11,  2.06it/s, loss=0.0905]
Ep  21 [val  ]:  38%|███▊      | 15/39 [00:07<00:11,  2.06it/s, loss=0.0886]
Ep  21 [val  ]:  41%|████      | 16/39 [00:07<00:09,  2.35it/s, loss=0.0886]
Ep  21 [val  ]:  41%|████      | 16/39 [00:08<00:09,  2.35it/s, loss=0.0887]
Ep  21 [val  ]:  44%|████▎     | 17/39 [00:08<00:10,  2.09it/s, loss=0.0887]
Ep  21 [val  ]:  44%|████▎     | 17/39 [00:08<00:10,  2.09it/s, loss=0.0785]
Ep  21 [val  ]:  46%|████▌     | 18/39 [00:08<00:08,  2.38it/s, loss=0.0785]
Ep  21 [val  ]:  46%|████▌     | 18/39 [00:08<00:08,  2.38it/s, loss=0.0726]
Ep  21 [val  ]:  49%|████▊     | 19/39 [00:08<00:09,  2.11it/s, loss=0.0726]
Ep  21 [val  ]:  49%|████▊     | 19/39 [00:09<00:09,  2.11it/s, loss=0.0637]
Ep  21 [val  ]:  51%|█████▏    | 20/39 [00:09<00:07,  2.39it/s, loss=0.0637]
Ep  21 [val  ]:  51%|█████▏    | 20/39 [00:09<00:07,  2.39it/s, loss=0.0576]
Ep  21 [val  ]:  54%|█████▍    | 21/39 [00:09<00:08,  2.09it/s, loss=0.0576]
Ep  21 [val  ]:  54%|█████▍    | 21/39 [00:10<00:08,  2.09it/s, loss=0.0639]
Ep  21 [val  ]:  56%|█████▋    | 22/39 [00:10<00:07,  2.35it/s, loss=0.0639]
Ep  21 [val  ]:  56%|█████▋    | 22/39 [00:10<00:07,  2.35it/s, loss=0.0623]
Ep  21 [val  ]:  59%|█████▉    | 23/39 [00:10<00:07,  2.11it/s, loss=0.0623]
Ep  21 [val  ]:  59%|█████▉    | 23/39 [00:11<00:07,  2.11it/s, loss=0.0627]
Ep  21 [val  ]:  62%|██████▏   | 24/39 [00:11<00:06,  2.38it/s, loss=0.0627]
Ep  21 [val  ]:  62%|██████▏   | 24/39 [00:11<00:06,  2.38it/s, loss=0.0646]
Ep  21 [val  ]:  64%|██████▍   | 25/39 [00:11<00:06,  2.01it/s, loss=0.0646]
Ep  21 [val  ]:  64%|██████▍   | 25/39 [00:11<00:06,  2.01it/s, loss=0.0690]
Ep  21 [val  ]:  67%|██████▋   | 26/39 [00:11<00:05,  2.42it/s, loss=0.0690]
Ep  21 [val  ]:  67%|██████▋   | 26/39 [00:12<00:05,  2.42it/s, loss=0.0758]
Ep  21 [val  ]:  69%|██████▉   | 27/39 [00:12<00:05,  2.07it/s, loss=0.0758]
Ep  21 [val  ]:  69%|██████▉   | 27/39 [00:12<00:05,  2.07it/s, loss=0.1147]
Ep  21 [val  ]:  72%|███████▏  | 28/39 [00:12<00:04,  2.45it/s, loss=0.1147]
Ep  21 [val  ]:  72%|███████▏  | 28/39 [00:13<00:04,  2.45it/s, loss=0.0911]
Ep  21 [val  ]:  74%|███████▍  | 29/39 [00:13<00:04,  2.06it/s, loss=0.0911]
Ep  21 [val  ]:  74%|███████▍  | 29/39 [00:13<00:04,  2.06it/s, loss=0.0839]
Ep  21 [val  ]:  77%|███████▋  | 30/39 [00:13<00:03,  2.55it/s, loss=0.0839]
Ep  21 [val  ]:  77%|███████▋  | 30/39 [00:14<00:03,  2.55it/s, loss=0.0776]
Ep  21 [val  ]:  79%|███████▉  | 31/39 [00:14<00:04,  1.95it/s, loss=0.0776]
Ep  21 [val  ]:  79%|███████▉  | 31/39 [00:14<00:04,  1.95it/s, loss=0.0732]
Ep  21 [val  ]:  79%|███████▉  | 31/39 [00:15<00:04,  1.95it/s, loss=0.0724]
Ep  21 [val  ]:  85%|████████▍ | 33/39 [00:15<00:02,  2.04it/s, loss=0.0724]
Ep  21 [val  ]:  85%|████████▍ | 33/39 [00:15<00:02,  2.04it/s, loss=0.0710]
Ep  21 [val  ]:  85%|████████▍ | 33/39 [00:16<00:02,  2.04it/s, loss=0.0757]
Ep  21 [val  ]:  90%|████████▉ | 35/39 [00:16<00:01,  2.16it/s, loss=0.0757]
Ep  21 [val  ]:  90%|████████▉ | 35/39 [00:16<00:01,  2.16it/s, loss=0.0704]
Ep  21 [val  ]:  92%|█████████▏| 36/39 [00:16<00:01,  2.55it/s, loss=0.0704]
Ep  21 [val  ]:  92%|█████████▏| 36/39 [00:17<00:01,  2.55it/s, loss=0.0683]
Ep  21 [val  ]:  95%|█████████▍| 37/39 [00:17<00:00,  2.13it/s, loss=0.0683]
Ep  21 [val  ]:  95%|█████████▍| 37/39 [00:17<00:00,  2.13it/s, loss=0.0598]
Ep  21 [val  ]:  97%|█████████▋| 38/39 [00:17<00:00,  2.61it/s, loss=0.0598]
Ep  21 [val  ]:  97%|█████████▋| 38/39 [00:17<00:00,  2.61it/s, loss=0.0714]
                                                                            
  Ep  21 [val  ]  loss=0.0749  rmse_c=0.2434  mae_c=0.2203  r2_c=0.027  rmse_h=0.3000  mae_h=0.2253  r2_h=0.439  sup=0.308
  [new best] combined_val_rmse=0.2717

Ep  22 [train]:   0%|          | 0/145 [00:00<?, ?it/s]
Ep  22 [train]:   0%|          | 0/145 [00:00<?, ?it/s, loss=0.0832]
Ep  22 [train]:   1%|          | 1/145 [00:00<02:09,  1.11it/s, loss=0.0832]
Ep  22 [train]:   1%|          | 1/145 [00:01<02:09,  1.11it/s, loss=0.0683]
Ep  22 [train]:   1%|▏         | 2/145 [00:01<01:02,  2.29it/s, loss=0.0683]
Ep  22 [train]:   1%|▏         | 2/145 [00:01<01:02,  2.29it/s, loss=0.0707]
Ep  22 [train]:   2%|▏         | 3/145 [00:01<01:13,  1.94it/s, loss=0.0707]
Ep  22 [train]:   2%|▏         | 3/145 [00:01<01:13,  1.94it/s, loss=0.0735]
Ep  22 [train]:   3%|▎         | 4/145 [00:01<00:51,  2.73it/s, loss=0.0735]
Ep  22 [train]:   3%|▎         | 4/145 [00:02<00:51,  2.73it/s, loss=0.0709]
Ep  22 [train]:   3%|▎         | 5/145 [00:02<01:02,  2.24it/s, loss=0.0709]
Ep  22 [train]:   3%|▎         | 5/145 [00:02<01:02,  2.24it/s, loss=0.0767]
Ep  22 [train]:   4%|▍         | 6/145 [00:02<00:46,  2.99it/s, loss=0.0767]
Ep  22 [train]:   4%|▍         | 6/145 [00:03<00:46,  2.99it/s, loss=0.0873]
Ep  22 [train]:   5%|▍         | 7/145 [00:03<00:59,  2.31it/s, loss=0.0873]
Ep  22 [train]:   5%|▍         | 7/145 [00:03<00:59,  2.31it/s, loss=0.0710]
Ep  22 [train]:   6%|▌         | 8/145 [00:03<00:45,  2.99it/s, loss=0.0710]
Ep  22 [train]:   6%|▌         | 8/145 [00:03<00:45,  2.99it/s, loss=0.0686]
Ep  22 [train]:   6%|▌         | 9/145 [00:03<00:56,  2.42it/s, loss=0.0686]
Ep  22 [train]:   6%|▌         | 9/145 [00:03<00:56,  2.42it/s, loss=0.0729]
Ep  22 [train]:   7%|▋         | 10/145 [00:03<00:46,  2.93it/s, loss=0.0729]
Ep  22 [train]:   7%|▋         | 10/145 [00:04<00:46,  2.93it/s, loss=0.0718]
Ep  22 [train]:   8%|▊         | 11/145 [00:04<00:53,  2.51it/s, loss=0.0718]
Ep  22 [train]:   8%|▊         | 11/145 [00:04<00:53,  2.51it/s, loss=0.0699]
Ep  22 [train]:   8%|▊         | 12/145 [00:04<00:52,  2.56it/s, loss=0.0699]
Ep  22 [train]:   8%|▊         | 12/145 [00:05<00:52,  2.56it/s, loss=0.0735]
Ep  22 [train]:   9%|▉         | 13/145 [00:05<00:48,  2.75it/s, loss=0.0735]
Ep  22 [train]:   9%|▉         | 13/145 [00:05<00:48,  2.75it/s, loss=0.0702]
Ep  22 [train]:  10%|▉         | 14/145 [00:05<00:55,  2.35it/s, loss=0.0702]
Ep  22 [train]:  10%|▉         | 14/145 [00:05<00:55,  2.35it/s, loss=0.0681]
Ep  22 [train]:  10%|█         | 15/145 [00:05<00:46,  2.81it/s, loss=0.0681]
Ep  22 [train]:  10%|█         | 15/145 [00:06<00:46,  2.81it/s, loss=0.0654]
Ep  22 [train]:  11%|█         | 16/145 [00:06<00:58,  2.21it/s, loss=0.0654]
Ep  22 [train]:  11%|█         | 16/145 [00:06<00:58,  2.21it/s, loss=0.0721]
Ep  22 [train]:  12%|█▏        | 17/145 [00:06<00:46,  2.75it/s, loss=0.0721]
Ep  22 [train]:  12%|█▏        | 17/145 [00:07<00:46,  2.75it/s, loss=0.0719]
Ep  22 [train]:  12%|█▏        | 18/145 [00:07<00:58,  2.16it/s, loss=0.0719]
Ep  22 [train]:  12%|█▏        | 18/145 [00:07<00:58,  2.16it/s, loss=0.0773]
Ep  22 [train]:  13%|█▎        | 19/145 [00:07<00:46,  2.73it/s, loss=0.0773]
Ep  22 [train]:  13%|█▎        | 19/145 [00:08<00:46,  2.73it/s, loss=0.0718]
Ep  22 [train]:  14%|█▍        | 20/145 [00:08<01:01,  2.02it/s, loss=0.0718]
Ep  22 [train]:  14%|█▍        | 20/145 [00:08<01:01,  2.02it/s, loss=0.0659]
Ep  22 [train]:  14%|█▍        | 21/145 [00:08<00:49,  2.49it/s, loss=0.0659]
Ep  22 [train]:  14%|█▍        | 21/145 [00:09<00:49,  2.49it/s, loss=0.0679]
Ep  22 [train]:  15%|█▌        | 22/145 [00:09<01:00,  2.03it/s, loss=0.0679]
Ep  22 [train]:  15%|█▌        | 22/145 [00:09<01:00,  2.03it/s, loss=0.0690]
Ep  22 [train]:  16%|█▌        | 23/145 [00:09<00:47,  2.57it/s, loss=0.0690]
Ep  22 [train]:  16%|█▌        | 23/145 [00:10<00:47,  2.57it/s, loss=0.0736]
Ep  22 [train]:  17%|█▋        | 24/145 [00:10<00:58,  2.06it/s, loss=0.0736]
Ep  22 [train]:  17%|█▋        | 24/145 [00:10<00:58,  2.06it/s, loss=0.0758]
Ep  22 [train]:  17%|█▋        | 25/145 [00:10<00:46,  2.60it/s, loss=0.0758]
Ep  22 [train]:  17%|█▋        | 25/145 [00:11<00:46,  2.60it/s, loss=0.0743]
Ep  22 [train]:  18%|█▊        | 26/145 [00:11<00:58,  2.03it/s, loss=0.0743]
Ep  22 [train]:  18%|█▊        | 26/145 [00:11<00:58,  2.03it/s, loss=0.0703]
Ep  22 [train]:  19%|█▊        | 27/145 [00:11<00:45,  2.60it/s, loss=0.0703]
Ep  22 [train]:  19%|█▊        | 27/145 [00:11<00:45,  2.60it/s, loss=0.0783]
Ep  22 [train]:  19%|█▉        | 28/145 [00:11<00:56,  2.05it/s, loss=0.0783]
Ep  22 [train]:  19%|█▉        | 28/145 [00:12<00:56,  2.05it/s, loss=0.0738]
Ep  22 [train]:  20%|██        | 29/145 [00:12<00:45,  2.56it/s, loss=0.0738]
Ep  22 [train]:  20%|██        | 29/145 [00:12<00:45,  2.56it/s, loss=0.0657]
Ep  22 [train]:  21%|██        | 30/145 [00:12<00:54,  2.11it/s, loss=0.0657]
Ep  22 [train]:  21%|██        | 30/145 [00:12<00:54,  2.11it/s, loss=0.0690]
Ep  22 [train]:  21%|██▏       | 31/145 [00:12<00:42,  2.66it/s, loss=0.0690]
Ep  22 [train]:  21%|██▏       | 31/145 [00:13<00:42,  2.66it/s, loss=0.0700]
Ep  22 [train]:  22%|██▏       | 32/145 [00:13<00:55,  2.04it/s, loss=0.0700]
Ep  22 [train]:  22%|██▏       | 32/145 [00:13<00:55,  2.04it/s, loss=0.0662]
Ep  22 [train]:  23%|██▎       | 33/145 [00:13<00:44,  2.53it/s, loss=0.0662]
Ep  22 [train]:  23%|██▎       | 33/145 [00:14<00:44,  2.53it/s, loss=0.0698]
Ep  22 [train]:  23%|██▎       | 34/145 [00:14<00:52,  2.10it/s, loss=0.0698]
Ep  22 [train]:  23%|██▎       | 34/145 [00:14<00:52,  2.10it/s, loss=0.0789]
Ep  22 [train]:  24%|██▍       | 35/145 [00:14<00:40,  2.69it/s, loss=0.0789]
Ep  22 [train]:  24%|██▍       | 35/145 [00:15<00:40,  2.69it/s, loss=0.0687]
Ep  22 [train]:  25%|██▍       | 36/145 [00:15<00:53,  2.03it/s, loss=0.0687]
Ep  22 [train]:  25%|██▍       | 36/145 [00:15<00:53,  2.03it/s, loss=0.0730]
Ep  22 [train]:  26%|██▌       | 37/145 [00:15<00:42,  2.55it/s, loss=0.0730]
Ep  22 [train]:  26%|██▌       | 37/145 [00:16<00:42,  2.55it/s, loss=0.0704]
Ep  22 [train]:  26%|██▌       | 38/145 [00:16<00:50,  2.12it/s, loss=0.0704]
Ep  22 [train]:  26%|██▌       | 38/145 [00:16<00:50,  2.12it/s, loss=0.0783]
Ep  22 [train]:  27%|██▋       | 39/145 [00:16<00:39,  2.71it/s, loss=0.0783]
Ep  22 [train]:  27%|██▋       | 39/145 [00:17<00:39,  2.71it/s, loss=0.0792]
Ep  22 [train]:  28%|██▊       | 40/145 [00:17<00:49,  2.10it/s, loss=0.0792]
Ep  22 [train]:  28%|██▊       | 40/145 [00:17<00:49,  2.10it/s, loss=0.0706]
Ep  22 [train]:  28%|██▊       | 41/145 [00:17<00:39,  2.66it/s, loss=0.0706]
Ep  22 [train]:  28%|██▊       | 41/145 [00:17<00:39,  2.66it/s, loss=0.0681]
Ep  22 [train]:  29%|██▉       | 42/145 [00:17<00:48,  2.15it/s, loss=0.0681]
Ep  22 [train]:  29%|██▉       | 42/145 [00:18<00:48,  2.15it/s, loss=0.0753]
Ep  22 [train]:  30%|██▉       | 43/145 [00:18<00:37,  2.73it/s, loss=0.0753]
Ep  22 [train]:  30%|██▉       | 43/145 [00:18<00:37,  2.73it/s, loss=0.0730]
Ep  22 [train]:  30%|███       | 44/145 [00:18<00:47,  2.12it/s, loss=0.0730]
Ep  22 [train]:  30%|███       | 44/145 [00:18<00:47,  2.12it/s, loss=0.0713]
Ep  22 [train]:  31%|███       | 45/145 [00:18<00:38,  2.59it/s, loss=0.0713]
Ep  22 [train]:  31%|███       | 45/145 [00:19<00:38,  2.59it/s, loss=0.0785]
Ep  22 [train]:  32%|███▏      | 46/145 [00:19<00:45,  2.15it/s, loss=0.0785]
Ep  22 [train]:  32%|███▏      | 46/145 [00:19<00:45,  2.15it/s, loss=0.0715]
Ep  22 [train]:  32%|███▏      | 47/145 [00:19<00:36,  2.66it/s, loss=0.0715]
Ep  22 [train]:  32%|███▏      | 47/145 [00:20<00:36,  2.66it/s, loss=0.0754]
Ep  22 [train]:  33%|███▎      | 48/145 [00:20<00:45,  2.14it/s, loss=0.0754]
Ep  22 [train]:  33%|███▎      | 48/145 [00:20<00:45,  2.14it/s, loss=0.0718]
Ep  22 [train]:  34%|███▍      | 49/145 [00:20<00:35,  2.71it/s, loss=0.0718]
Ep  22 [train]:  34%|███▍      | 49/145 [00:21<00:35,  2.71it/s, loss=0.0696]
Ep  22 [train]:  34%|███▍      | 50/145 [00:21<00:43,  2.19it/s, loss=0.0696]
Ep  22 [train]:  34%|███▍      | 50/145 [00:21<00:43,  2.19it/s, loss=0.0723]
Ep  22 [train]:  35%|███▌      | 51/145 [00:21<00:33,  2.79it/s, loss=0.0723]
Ep  22 [train]:  35%|███▌      | 51/145 [00:22<00:33,  2.79it/s, loss=0.0802]
Ep  22 [train]:  36%|███▌      | 52/145 [00:22<00:44,  2.11it/s, loss=0.0802]
Ep  22 [train]:  36%|███▌      | 52/145 [00:22<00:44,  2.11it/s, loss=0.0692]
Ep  22 [train]:  37%|███▋      | 53/145 [00:22<00:35,  2.61it/s, loss=0.0692]
Ep  22 [train]:  37%|███▋      | 53/145 [00:23<00:35,  2.61it/s, loss=0.0704]
Ep  22 [train]:  37%|███▋      | 54/145 [00:23<00:48,  1.88it/s, loss=0.0704]
Ep  22 [train]:  37%|███▋      | 54/145 [00:23<00:48,  1.88it/s, loss=0.0717]
Ep  22 [train]:  38%|███▊      | 55/145 [00:23<00:37,  2.41it/s, loss=0.0717]
Ep  22 [train]:  38%|███▊      | 55/145 [00:24<00:37,  2.41it/s, loss=0.0754]
Ep  22 [train]:  39%|███▊      | 56/145 [00:24<00:46,  1.93it/s, loss=0.0754]
Ep  22 [train]:  39%|███▊      | 56/145 [00:24<00:46,  1.93it/s, loss=0.0668]
Ep  22 [train]:  39%|███▉      | 57/145 [00:24<00:36,  2.44it/s, loss=0.0668]
Ep  22 [train]:  39%|███▉      | 57/145 [00:24<00:36,  2.44it/s, loss=0.0678]
Ep  22 [train]:  40%|████      | 58/145 [00:24<00:42,  2.04it/s, loss=0.0678]
Ep  22 [train]:  40%|████      | 58/145 [00:25<00:42,  2.04it/s, loss=0.0800]
Ep  22 [train]:  41%|████      | 59/145 [00:25<00:33,  2.56it/s, loss=0.0800]
Ep  22 [train]:  41%|████      | 59/145 [00:25<00:33,  2.56it/s, loss=0.0778]
Ep  22 [train]:  41%|████▏     | 60/145 [00:25<00:44,  1.90it/s, loss=0.0778]
Ep  22 [train]:  41%|████▏     | 60/145 [00:26<00:44,  1.90it/s, loss=0.0765]
Ep  22 [train]:  42%|████▏     | 61/145 [00:26<00:34,  2.44it/s, loss=0.0765]
Ep  22 [train]:  42%|████▏     | 61/145 [00:26<00:34,  2.44it/s, loss=0.0759]
Ep  22 [train]:  43%|████▎     | 62/145 [00:26<00:42,  1.94it/s, loss=0.0759]
Ep  22 [train]:  43%|████▎     | 62/145 [00:26<00:42,  1.94it/s, loss=0.0726]
Ep  22 [train]:  43%|████▎     | 63/145 [00:26<00:33,  2.47it/s, loss=0.0726]
Ep  22 [train]:  43%|████▎     | 63/145 [00:27<00:33,  2.47it/s, loss=0.0646]
Ep  22 [train]:  44%|████▍     | 64/145 [00:27<00:40,  2.02it/s, loss=0.0646]
Ep  22 [train]:  44%|████▍     | 64/145 [00:27<00:40,  2.02it/s, loss=0.0804]
Ep  22 [train]:  45%|████▍     | 65/145 [00:27<00:30,  2.59it/s, loss=0.0804]
Ep  22 [train]:  45%|████▍     | 65/145 [00:28<00:30,  2.59it/s, loss=0.0784]
Ep  22 [train]:  46%|████▌     | 66/145 [00:28<00:37,  2.10it/s, loss=0.0784]
Ep  22 [train]:  46%|████▌     | 66/145 [00:28<00:37,  2.10it/s, loss=0.0714]
Ep  22 [train]:  46%|████▌     | 67/145 [00:28<00:29,  2.67it/s, loss=0.0714]
Ep  22 [train]:  46%|████▌     | 67/145 [00:29<00:29,  2.67it/s, loss=0.0730]
Ep  22 [train]:  47%|████▋     | 68/145 [00:29<00:39,  1.96it/s, loss=0.0730]
Ep  22 [train]:  47%|████▋     | 68/145 [00:29<00:39,  1.96it/s, loss=0.0836]
Ep  22 [train]:  48%|████▊     | 69/145 [00:29<00:30,  2.48it/s, loss=0.0836]
Ep  22 [train]:  48%|████▊     | 69/145 [00:30<00:30,  2.48it/s, loss=0.0793]
Ep  22 [train]:  48%|████▊     | 70/145 [00:30<00:36,  2.08it/s, loss=0.0793]
Ep  22 [train]:  48%|████▊     | 70/145 [00:30<00:36,  2.08it/s, loss=0.0912]
Ep  22 [train]:  49%|████▉     | 71/145 [00:30<00:28,  2.62it/s, loss=0.0912]
Ep  22 [train]:  49%|████▉     | 71/145 [00:31<00:28,  2.62it/s, loss=0.0778]
Ep  22 [train]:  50%|████▉     | 72/145 [00:31<00:34,  2.14it/s, loss=0.0778]
Ep  22 [train]:  50%|████▉     | 72/145 [00:31<00:34,  2.14it/s, loss=0.0743]
Ep  22 [train]:  50%|█████     | 73/145 [00:31<00:26,  2.72it/s, loss=0.0743]
Ep  22 [train]:  50%|█████     | 73/145 [00:31<00:26,  2.72it/s, loss=0.0739]
Ep  22 [train]:  51%|█████     | 74/145 [00:31<00:34,  2.07it/s, loss=0.0739]
Ep  22 [train]:  51%|█████     | 74/145 [00:32<00:34,  2.07it/s, loss=0.0756]
Ep  22 [train]:  52%|█████▏    | 75/145 [00:32<00:26,  2.65it/s, loss=0.0756]
Ep  22 [train]:  52%|█████▏    | 75/145 [00:32<00:26,  2.65it/s, loss=0.0707]
Ep  22 [train]:  52%|█████▏    | 76/145 [00:32<00:34,  2.02it/s, loss=0.0707]
Ep  22 [train]:  52%|█████▏    | 76/145 [00:32<00:34,  2.02it/s, loss=0.0759]
Ep  22 [train]:  53%|█████▎    | 77/145 [00:32<00:25,  2.62it/s, loss=0.0759]
Ep  22 [train]:  53%|█████▎    | 77/145 [00:33<00:25,  2.62it/s, loss=0.0704]
Ep  22 [train]:  54%|█████▍    | 78/145 [00:33<00:33,  2.00it/s, loss=0.0704]
Ep  22 [train]:  54%|█████▍    | 78/145 [00:33<00:33,  2.00it/s, loss=0.0720]
Ep  22 [train]:  54%|█████▍    | 79/145 [00:33<00:25,  2.58it/s, loss=0.0720]
Ep  22 [train]:  54%|█████▍    | 79/145 [00:34<00:25,  2.58it/s, loss=0.0665]
Ep  22 [train]:  55%|█████▌    | 80/145 [00:34<00:32,  1.97it/s, loss=0.0665]
Ep  22 [train]:  55%|█████▌    | 80/145 [00:34<00:32,  1.97it/s, loss=0.0671]
Ep  22 [train]:  56%|█████▌    | 81/145 [00:34<00:25,  2.53it/s, loss=0.0671]
Ep  22 [train]:  56%|█████▌    | 81/145 [00:35<00:25,  2.53it/s, loss=0.0695]
Ep  22 [train]:  57%|█████▋    | 82/145 [00:35<00:30,  2.06it/s, loss=0.0695]
Ep  22 [train]:  57%|█████▋    | 82/145 [00:35<00:30,  2.06it/s, loss=0.0685]
Ep  22 [train]:  57%|█████▋    | 83/145 [00:35<00:23,  2.62it/s, loss=0.0685]
Ep  22 [train]:  57%|█████▋    | 83/145 [00:36<00:23,  2.62it/s, loss=0.0790]
Ep  22 [train]:  58%|█████▊    | 84/145 [00:36<00:29,  2.09it/s, loss=0.0790]
Ep  22 [train]:  58%|█████▊    | 84/145 [00:36<00:29,  2.09it/s, loss=0.0771]
Ep  22 [train]:  59%|█████▊    | 85/145 [00:36<00:22,  2.70it/s, loss=0.0771]
Ep  22 [train]:  59%|█████▊    | 85/145 [00:37<00:22,  2.70it/s, loss=0.0800]
Ep  22 [train]:  59%|█████▉    | 86/145 [00:37<00:28,  2.06it/s, loss=0.0800]
Ep  22 [train]:  59%|█████▉    | 86/145 [00:37<00:28,  2.06it/s, loss=0.0756]
Ep  22 [train]:  60%|██████    | 87/145 [00:37<00:22,  2.55it/s, loss=0.0756]
Ep  22 [train]:  60%|██████    | 87/145 [00:38<00:22,  2.55it/s, loss=0.0710]
Ep  22 [train]:  61%|██████    | 88/145 [00:38<00:27,  2.11it/s, loss=0.0710]
Ep  22 [train]:  61%|██████    | 88/145 [00:38<00:27,  2.11it/s, loss=0.0777]
Ep  22 [train]:  61%|██████▏   | 89/145 [00:38<00:20,  2.72it/s, loss=0.0777]
Ep  22 [train]:  61%|██████▏   | 89/145 [00:38<00:20,  2.72it/s, loss=0.0685]
Ep  22 [train]:  62%|██████▏   | 90/145 [00:38<00:25,  2.13it/s, loss=0.0685]
Ep  22 [train]:  62%|██████▏   | 90/145 [00:38<00:25,  2.13it/s, loss=0.0733]
Ep  22 [train]:  63%|██████▎   | 91/145 [00:38<00:19,  2.71it/s, loss=0.0733]
Ep  22 [train]:  63%|██████▎   | 91/145 [00:39<00:19,  2.71it/s, loss=0.0699]
Ep  22 [train]:  63%|██████▎   | 92/145 [00:39<00:23,  2.28it/s, loss=0.0699]
Ep  22 [train]:  63%|██████▎   | 92/145 [00:39<00:23,  2.28it/s, loss=0.0713]
Ep  22 [train]:  64%|██████▍   | 93/145 [00:39<00:17,  2.90it/s, loss=0.0713]
Ep  22 [train]:  64%|██████▍   | 93/145 [00:40<00:17,  2.90it/s, loss=0.0748]
Ep  22 [train]:  65%|██████▍   | 94/145 [00:40<00:22,  2.32it/s, loss=0.0748]
Ep  22 [train]:  65%|██████▍   | 94/145 [00:40<00:22,  2.32it/s, loss=0.0841]
Ep  22 [train]:  66%|██████▌   | 95/145 [00:40<00:16,  2.95it/s, loss=0.0841]
Ep  22 [train]:  66%|██████▌   | 95/145 [00:41<00:16,  2.95it/s, loss=0.0712]
Ep  22 [train]:  66%|██████▌   | 96/145 [00:41<00:20,  2.39it/s, loss=0.0712]
Ep  22 [train]:  66%|██████▌   | 96/145 [00:41<00:20,  2.39it/s, loss=0.0687]
Ep  22 [train]:  67%|██████▋   | 97/145 [00:41<00:15,  3.01it/s, loss=0.0687]
Ep  22 [train]:  67%|██████▋   | 97/145 [00:41<00:15,  3.01it/s, loss=0.0746]
Ep  22 [train]:  68%|██████▊   | 98/145 [00:41<00:19,  2.37it/s, loss=0.0746]
Ep  22 [train]:  68%|██████▊   | 98/145 [00:41<00:19,  2.37it/s, loss=0.0734]
Ep  22 [train]:  68%|██████▊   | 99/145 [00:41<00:15,  2.96it/s, loss=0.0734]
Ep  22 [train]:  68%|██████▊   | 99/145 [00:42<00:15,  2.96it/s, loss=0.0705]
Ep  22 [train]:  69%|██████▉   | 100/145 [00:42<00:19,  2.33it/s, loss=0.0705]
Ep  22 [train]:  69%|██████▉   | 100/145 [00:42<00:19,  2.33it/s, loss=0.0726]
Ep  22 [train]:  70%|██████▉   | 101/145 [00:42<00:14,  2.96it/s, loss=0.0726]
Ep  22 [train]:  70%|██████▉   | 101/145 [00:43<00:14,  2.96it/s, loss=0.0770]
Ep  22 [train]:  70%|███████   | 102/145 [00:43<00:18,  2.33it/s, loss=0.0770]
Ep  22 [train]:  70%|███████   | 102/145 [00:43<00:18,  2.33it/s, loss=0.0726]
Ep  22 [train]:  71%|███████   | 103/145 [00:43<00:14,  2.96it/s, loss=0.0726]
Ep  22 [train]:  71%|███████   | 103/145 [00:44<00:14,  2.96it/s, loss=0.0684]
Ep  22 [train]:  72%|███████▏  | 104/145 [00:44<00:17,  2.33it/s, loss=0.0684]
Ep  22 [train]:  72%|███████▏  | 104/145 [00:44<00:17,  2.33it/s, loss=0.0784]
Ep  22 [train]:  72%|███████▏  | 105/145 [00:44<00:13,  2.91it/s, loss=0.0784]
Ep  22 [train]:  72%|███████▏  | 105/145 [00:44<00:13,  2.91it/s, loss=0.0748]
Ep  22 [train]:  73%|███████▎  | 106/145 [00:44<00:16,  2.40it/s, loss=0.0748]
Ep  22 [train]:  73%|███████▎  | 106/145 [00:45<00:16,  2.40it/s, loss=0.0661]
Ep  22 [train]:  74%|███████▍  | 107/145 [00:45<00:12,  2.93it/s, loss=0.0661]
Ep  22 [train]:  74%|███████▍  | 107/145 [00:45<00:12,  2.93it/s, loss=0.0725]
Ep  22 [train]:  74%|███████▍  | 108/145 [00:45<00:15,  2.33it/s, loss=0.0725]
Ep  22 [train]:  74%|███████▍  | 108/145 [00:45<00:15,  2.33it/s, loss=0.0688]
Ep  22 [train]:  75%|███████▌  | 109/145 [00:45<00:12,  2.97it/s, loss=0.0688]
Ep  22 [train]:  75%|███████▌  | 109/145 [00:46<00:12,  2.97it/s, loss=0.0813]
Ep  22 [train]:  76%|███████▌  | 110/145 [00:46<00:14,  2.43it/s, loss=0.0813]
Ep  22 [train]:  76%|███████▌  | 110/145 [00:46<00:14,  2.43it/s, loss=0.0853]
Ep  22 [train]:  77%|███████▋  | 111/145 [00:46<00:11,  2.96it/s, loss=0.0853]
Ep  22 [train]:  77%|███████▋  | 111/145 [00:47<00:11,  2.96it/s, loss=0.0763]
Ep  22 [train]:  77%|███████▋  | 112/145 [00:47<00:14,  2.26it/s, loss=0.0763]
Ep  22 [train]:  77%|███████▋  | 112/145 [00:47<00:14,  2.26it/s, loss=0.0663]
Ep  22 [train]:  78%|███████▊  | 113/145 [00:47<00:11,  2.88it/s, loss=0.0663]
Ep  22 [train]:  78%|███████▊  | 113/145 [00:48<00:11,  2.88it/s, loss=0.0665]
Ep  22 [train]:  79%|███████▊  | 114/145 [00:48<00:14,  2.09it/s, loss=0.0665]
Ep  22 [train]:  79%|███████▊  | 114/145 [00:48<00:14,  2.09it/s, loss=0.0676]
Ep  22 [train]:  79%|███████▉  | 115/145 [00:48<00:11,  2.68it/s, loss=0.0676]
Ep  22 [train]:  79%|███████▉  | 115/145 [00:48<00:11,  2.68it/s, loss=0.0671]
Ep  22 [train]:  80%|████████  | 116/145 [00:48<00:13,  2.14it/s, loss=0.0671]
Ep  22 [train]:  80%|████████  | 116/145 [00:49<00:13,  2.14it/s, loss=0.0715]
Ep  22 [train]:  81%|████████  | 117/145 [00:49<00:10,  2.74it/s, loss=0.0715]
Ep  22 [train]:  81%|████████  | 117/145 [00:49<00:10,  2.74it/s, loss=0.0686]
Ep  22 [train]:  81%|████████▏ | 118/145 [00:49<00:11,  2.28it/s, loss=0.0686]
Ep  22 [train]:  81%|████████▏ | 118/145 [00:49<00:11,  2.28it/s, loss=0.0743]
Ep  22 [train]:  82%|████████▏ | 119/145 [00:49<00:09,  2.88it/s, loss=0.0743]
Ep  22 [train]:  82%|████████▏ | 119/145 [00:50<00:09,  2.88it/s, loss=0.0765]
Ep  22 [train]:  83%|████████▎ | 120/145 [00:50<00:11,  2.16it/s, loss=0.0765]
Ep  22 [train]:  83%|████████▎ | 120/145 [00:50<00:11,  2.16it/s, loss=0.0719]
Ep  22 [train]:  83%|████████▎ | 121/145 [00:50<00:08,  2.76it/s, loss=0.0719]
Ep  22 [train]:  83%|████████▎ | 121/145 [00:51<00:08,  2.76it/s, loss=0.0699]
Ep  22 [train]:  84%|████████▍ | 122/145 [00:51<00:11,  2.08it/s, loss=0.0699]
Ep  22 [train]:  84%|████████▍ | 122/145 [00:51<00:11,  2.08it/s, loss=0.0687]
Ep  22 [train]:  85%|████████▍ | 123/145 [00:51<00:08,  2.60it/s, loss=0.0687]
Ep  22 [train]:  85%|████████▍ | 123/145 [00:52<00:08,  2.60it/s, loss=0.0769]
Ep  22 [train]:  86%|████████▌ | 124/145 [00:52<00:10,  2.01it/s, loss=0.0769]
Ep  22 [train]:  86%|████████▌ | 124/145 [00:52<00:10,  2.01it/s, loss=0.0717]
Ep  22 [train]:  86%|████████▌ | 125/145 [00:52<00:07,  2.56it/s, loss=0.0717]
Ep  22 [train]:  86%|████████▌ | 125/145 [00:53<00:07,  2.56it/s, loss=0.0701]
Ep  22 [train]:  87%|████████▋ | 126/145 [00:53<00:09,  2.00it/s, loss=0.0701]
Ep  22 [train]:  87%|████████▋ | 126/145 [00:53<00:09,  2.00it/s, loss=0.0724]
Ep  22 [train]:  88%|████████▊ | 127/145 [00:53<00:07,  2.53it/s, loss=0.0724]
Ep  22 [train]:  88%|████████▊ | 127/145 [00:54<00:07,  2.53it/s, loss=0.0747]
Ep  22 [train]:  88%|████████▊ | 128/145 [00:54<00:08,  2.01it/s, loss=0.0747]
Ep  22 [train]:  88%|████████▊ | 128/145 [00:54<00:08,  2.01it/s, loss=0.0722]
Ep  22 [train]:  89%|████████▉ | 129/145 [00:54<00:06,  2.61it/s, loss=0.0722]
Ep  22 [train]:  89%|████████▉ | 129/145 [00:55<00:06,  2.61it/s, loss=0.0704]
Ep  22 [train]:  90%|████████▉ | 130/145 [00:55<00:07,  1.91it/s, loss=0.0704]
Ep  22 [train]:  90%|████████▉ | 130/145 [00:55<00:07,  1.91it/s, loss=0.0690]
Ep  22 [train]:  90%|█████████ | 131/145 [00:55<00:05,  2.43it/s, loss=0.0690]
Ep  22 [train]:  90%|█████████ | 131/145 [00:56<00:05,  2.43it/s, loss=0.0728]
Ep  22 [train]:  91%|█████████ | 132/145 [00:56<00:06,  1.95it/s, loss=0.0728]
Ep  22 [train]:  91%|█████████ | 132/145 [00:56<00:06,  1.95it/s, loss=0.0758]
Ep  22 [train]:  92%|█████████▏| 133/145 [00:56<00:04,  2.47it/s, loss=0.0758]
Ep  22 [train]:  92%|█████████▏| 133/145 [00:56<00:04,  2.47it/s, loss=0.0715]
Ep  22 [train]:  92%|█████████▏| 134/145 [00:56<00:05,  1.94it/s, loss=0.0715]
Ep  22 [train]:  92%|█████████▏| 134/145 [00:57<00:05,  1.94it/s, loss=0.0736]
Ep  22 [train]:  93%|█████████▎| 135/145 [00:57<00:04,  2.47it/s, loss=0.0736]
Ep  22 [train]:  93%|█████████▎| 135/145 [00:57<00:04,  2.47it/s, loss=0.0728]
Ep  22 [train]:  94%|█████████▍| 136/145 [00:57<00:04,  1.83it/s, loss=0.0728]
Ep  22 [train]:  94%|█████████▍| 136/145 [00:58<00:04,  1.83it/s, loss=0.0666]
Ep  22 [train]:  94%|█████████▍| 137/145 [00:58<00:03,  2.37it/s, loss=0.0666]
Ep  22 [train]:  94%|█████████▍| 137/145 [00:58<00:03,  2.37it/s, loss=0.0707]
Ep  22 [train]:  95%|█████████▌| 138/145 [00:58<00:03,  1.95it/s, loss=0.0707]
Ep  22 [train]:  95%|█████████▌| 138/145 [00:58<00:03,  1.95it/s, loss=0.0826]
Ep  22 [train]:  96%|█████████▌| 139/145 [00:58<00:02,  2.50it/s, loss=0.0826]
Ep  22 [train]:  96%|█████████▌| 139/145 [00:59<00:02,  2.50it/s, loss=0.0739]
Ep  22 [train]:  97%|█████████▋| 140/145 [00:59<00:02,  1.94it/s, loss=0.0739]
Ep  22 [train]:  97%|█████████▋| 140/145 [00:59<00:02,  1.94it/s, loss=0.0751]
Ep  22 [train]:  97%|█████████▋| 141/145 [00:59<00:01,  2.40it/s, loss=0.0751]
Ep  22 [train]:  97%|█████████▋| 141/145 [01:00<00:01,  2.40it/s, loss=0.0706]
Ep  22 [train]:  98%|█████████▊| 142/145 [01:00<00:01,  1.97it/s, loss=0.0706]
Ep  22 [train]:  98%|█████████▊| 142/145 [01:00<00:01,  1.97it/s, loss=0.0746]
Ep  22 [train]:  99%|█████████▊| 143/145 [01:00<00:00,  2.47it/s, loss=0.0746]
Ep  22 [train]:  99%|█████████▊| 143/145 [01:01<00:00,  2.47it/s, loss=0.0756]
Ep  22 [train]:  99%|█████████▉| 144/145 [01:01<00:00,  1.99it/s, loss=0.0756]
Ep  22 [train]:  99%|█████████▉| 144/145 [01:01<00:00,  1.99it/s, loss=0.0733]
Ep  22 [train]: 100%|██████████| 145/145 [01:01<00:00,  2.56it/s, loss=0.0733]
                                                                              
  Ep  22 [train]  loss=0.0730  rmse_c=0.2378  mae_c=0.2151  r2_c=0.023  rmse_h=0.2992  mae_h=0.2214  r2_h=0.488  sup=0.324

Ep  22 [val  ]:   0%|          | 0/39 [00:00<?, ?it/s]
Ep  22 [val  ]:   0%|          | 0/39 [00:01<?, ?it/s, loss=0.0954]
Ep  22 [val  ]:   3%|▎         | 1/39 [00:01<00:44,  1.16s/it, loss=0.0954]
Ep  22 [val  ]:   3%|▎         | 1/39 [00:01<00:44,  1.16s/it, loss=0.0890]
Ep  22 [val  ]:   3%|▎         | 1/39 [00:01<00:44,  1.16s/it, loss=0.0741]
Ep  22 [val  ]:   8%|▊         | 3/39 [00:01<00:20,  1.79it/s, loss=0.0741]
Ep  22 [val  ]:   8%|▊         | 3/39 [00:01<00:20,  1.79it/s, loss=0.0703]
Ep  22 [val  ]:  10%|█         | 4/39 [00:01<00:14,  2.45it/s, loss=0.0703]
Ep  22 [val  ]:  10%|█         | 4/39 [00:02<00:14,  2.45it/s, loss=0.0717]
Ep  22 [val  ]:  13%|█▎        | 5/39 [00:02<00:20,  1.64it/s, loss=0.0717]
Ep  22 [val  ]:  13%|█▎        | 5/39 [00:03<00:20,  1.64it/s, loss=0.0728]
Ep  22 [val  ]:  13%|█▎        | 5/39 [00:03<00:20,  1.64it/s, loss=0.0695]
Ep  22 [val  ]:  18%|█▊        | 7/39 [00:03<00:17,  1.82it/s, loss=0.0695]
Ep  22 [val  ]:  18%|█▊        | 7/39 [00:04<00:17,  1.82it/s, loss=0.0688]
Ep  22 [val  ]:  18%|█▊        | 7/39 [00:04<00:17,  1.82it/s, loss=0.0662]
Ep  22 [val  ]:  23%|██▎       | 9/39 [00:04<00:14,  2.10it/s, loss=0.0662]
Ep  22 [val  ]:  23%|██▎       | 9/39 [00:04<00:14,  2.10it/s, loss=0.0648]
Ep  22 [val  ]:  23%|██▎       | 9/39 [00:05<00:14,  2.10it/s, loss=0.0664]
Ep  22 [val  ]:  28%|██▊       | 11/39 [00:05<00:12,  2.16it/s, loss=0.0664]
Ep  22 [val  ]:  28%|██▊       | 11/39 [00:05<00:12,  2.16it/s, loss=0.0711]
Ep  22 [val  ]:  28%|██▊       | 11/39 [00:06<00:12,  2.16it/s, loss=0.0752]
Ep  22 [val  ]:  33%|███▎      | 13/39 [00:06<00:12,  2.14it/s, loss=0.0752]
Ep  22 [val  ]:  33%|███▎      | 13/39 [00:06<00:12,  2.14it/s, loss=0.0804]
Ep  22 [val  ]:  33%|███▎      | 13/39 [00:07<00:12,  2.14it/s, loss=0.0912]
Ep  22 [val  ]:  38%|███▊      | 15/39 [00:07<00:10,  2.28it/s, loss=0.0912]
Ep  22 [val  ]:  38%|███▊      | 15/39 [00:07<00:10,  2.28it/s, loss=0.0892]
Ep  22 [val  ]:  38%|███▊      | 15/39 [00:07<00:10,  2.28it/s, loss=0.0898]
Ep  22 [val  ]:  44%|████▎     | 17/39 [00:07<00:08,  2.47it/s, loss=0.0898]
Ep  22 [val  ]:  44%|████▎     | 17/39 [00:08<00:08,  2.47it/s, loss=0.0803]
Ep  22 [val  ]:  46%|████▌     | 18/39 [00:08<00:07,  2.75it/s, loss=0.0803]
Ep  22 [val  ]:  46%|████▌     | 18/39 [00:08<00:07,  2.75it/s, loss=0.0752]
Ep  22 [val  ]:  49%|████▊     | 19/39 [00:08<00:08,  2.47it/s, loss=0.0752]
Ep  22 [val  ]:  49%|████▊     | 19/39 [00:09<00:08,  2.47it/s, loss=0.0640]
Ep  22 [val  ]:  51%|█████▏    | 20/39 [00:09<00:07,  2.60it/s, loss=0.0640]
Ep  22 [val  ]:  51%|█████▏    | 20/39 [00:09<00:07,  2.60it/s, loss=0.0569]
Ep  22 [val  ]:  54%|█████▍    | 21/39 [00:09<00:08,  2.25it/s, loss=0.0569]
Ep  22 [val  ]:  54%|█████▍    | 21/39 [00:09<00:08,  2.25it/s, loss=0.0636]
Ep  22 [val  ]:  56%|█████▋    | 22/39 [00:09<00:06,  2.55it/s, loss=0.0636]
Ep  22 [val  ]:  56%|█████▋    | 22/39 [00:10<00:06,  2.55it/s, loss=0.0594]
Ep  22 [val  ]:  59%|█████▉    | 23/39 [00:10<00:06,  2.35it/s, loss=0.0594]
Ep  22 [val  ]:  59%|█████▉    | 23/39 [00:10<00:06,  2.35it/s, loss=0.0614]
Ep  22 [val  ]:  62%|██████▏   | 24/39 [00:10<00:05,  2.53it/s, loss=0.0614]
Ep  22 [val  ]:  62%|██████▏   | 24/39 [00:11<00:05,  2.53it/s, loss=0.0633]
Ep  22 [val  ]:  64%|██████▍   | 25/39 [00:11<00:05,  2.46it/s, loss=0.0633]
Ep  22 [val  ]:  64%|██████▍   | 25/39 [00:11<00:05,  2.46it/s, loss=0.0686]
Ep  22 [val  ]:  67%|██████▋   | 26/39 [00:11<00:05,  2.41it/s, loss=0.0686]
Ep  22 [val  ]:  67%|██████▋   | 26/39 [00:11<00:05,  2.41it/s, loss=0.0771]
Ep  22 [val  ]:  69%|██████▉   | 27/39 [00:11<00:04,  2.68it/s, loss=0.0771]
Ep  22 [val  ]:  69%|██████▉   | 27/39 [00:12<00:04,  2.68it/s, loss=0.1184]
Ep  22 [val  ]:  72%|███████▏  | 28/39 [00:12<00:04,  2.23it/s, loss=0.1184]
Ep  22 [val  ]:  72%|███████▏  | 28/39 [00:12<00:04,  2.23it/s, loss=0.0908]
Ep  22 [val  ]:  74%|███████▍  | 29/39 [00:12<00:03,  2.75it/s, loss=0.0908]
Ep  22 [val  ]:  74%|███████▍  | 29/39 [00:13<00:03,  2.75it/s, loss=0.0800]
Ep  22 [val  ]:  77%|███████▋  | 30/39 [00:13<00:04,  2.24it/s, loss=0.0800]
Ep  22 [val  ]:  77%|███████▋  | 30/39 [00:13<00:04,  2.24it/s, loss=0.0757]
Ep  22 [val  ]:  77%|███████▋  | 30/39 [00:14<00:04,  2.24it/s, loss=0.0719]
Ep  22 [val  ]:  82%|████████▏ | 32/39 [00:14<00:03,  2.26it/s, loss=0.0719]
Ep  22 [val  ]:  82%|████████▏ | 32/39 [00:14<00:03,  2.26it/s, loss=0.0718]
Ep  22 [val  ]:  82%|████████▏ | 32/39 [00:15<00:03,  2.26it/s, loss=0.0703]
Ep  22 [val  ]:  87%|████████▋ | 34/39 [00:15<00:02,  2.26it/s, loss=0.0703]
Ep  22 [val  ]:  87%|████████▋ | 34/39 [00:15<00:02,  2.26it/s, loss=0.0747]
Ep  22 [val  ]:  87%|████████▋ | 34/39 [00:15<00:02,  2.26it/s, loss=0.0699]
Ep  22 [val  ]:  92%|█████████▏| 36/39 [00:15<00:01,  2.25it/s, loss=0.0699]
Ep  22 [val  ]:  92%|█████████▏| 36/39 [00:16<00:01,  2.25it/s, loss=0.0679]
Ep  22 [val  ]:  92%|█████████▏| 36/39 [00:16<00:01,  2.25it/s, loss=0.0588]
Ep  22 [val  ]:  97%|█████████▋| 38/39 [00:16<00:00,  2.23it/s, loss=0.0588]
Ep  22 [val  ]:  97%|█████████▋| 38/39 [00:16<00:00,  2.23it/s, loss=0.0731]
                                                                            
  Ep  22 [val  ]  loss=0.0743  rmse_c=0.2431  mae_c=0.2182  r2_c=0.029  rmse_h=0.2981  mae_h=0.2174  r2_h=0.446  sup=0.308
  [new best] combined_val_rmse=0.2706

Ep  23 [train]:   0%|          | 0/145 [00:00<?, ?it/s]
Ep  23 [train]:   0%|          | 0/145 [00:00<?, ?it/s, loss=0.0709]
Ep  23 [train]:   1%|          | 1/145 [00:00<02:21,  1.02it/s, loss=0.0709]
Ep  23 [train]:   1%|          | 1/145 [00:01<02:21,  1.02it/s, loss=0.0739]
Ep  23 [train]:   1%|▏         | 2/145 [00:01<01:11,  2.01it/s, loss=0.0739]
Ep  23 [train]:   1%|▏         | 2/145 [00:01<01:11,  2.01it/s, loss=0.0746]
Ep  23 [train]:   2%|▏         | 3/145 [00:01<01:14,  1.90it/s, loss=0.0746]
Ep  23 [train]:   2%|▏         | 3/145 [00:01<01:14,  1.90it/s, loss=0.0720]
Ep  23 [train]:   3%|▎         | 4/145 [00:01<00:53,  2.66it/s, loss=0.0720]
Ep  23 [train]:   3%|▎         | 4/145 [00:02<00:53,  2.66it/s, loss=0.0690]
Ep  23 [train]:   3%|▎         | 5/145 [00:02<01:04,  2.19it/s, loss=0.0690]
Ep  23 [train]:   3%|▎         | 5/145 [00:02<01:04,  2.19it/s, loss=0.0703]
Ep  23 [train]:   4%|▍         | 6/145 [00:02<00:49,  2.81it/s, loss=0.0703]
Ep  23 [train]:   4%|▍         | 6/145 [00:03<00:49,  2.81it/s, loss=0.0710]
Ep  23 [train]:   5%|▍         | 7/145 [00:03<00:59,  2.33it/s, loss=0.0710]
Ep  23 [train]:   5%|▍         | 7/145 [00:03<00:59,  2.33it/s, loss=0.0728]
Ep  23 [train]:   6%|▌         | 8/145 [00:03<00:46,  2.92it/s, loss=0.0728]
Ep  23 [train]:   6%|▌         | 8/145 [00:03<00:46,  2.92it/s, loss=0.0714]
Ep  23 [train]:   6%|▌         | 9/145 [00:03<00:53,  2.53it/s, loss=0.0714]
Ep  23 [train]:   6%|▌         | 9/145 [00:03<00:53,  2.53it/s, loss=0.0681]
Ep  23 [train]:   7%|▋         | 10/145 [00:03<00:42,  3.16it/s, loss=0.0681]
Ep  23 [train]:   7%|▋         | 10/145 [00:04<00:42,  3.16it/s, loss=0.0659]
Ep  23 [train]:   8%|▊         | 11/145 [00:04<00:52,  2.53it/s, loss=0.0659]
Ep  23 [train]:   8%|▊         | 11/145 [00:04<00:52,  2.53it/s, loss=0.0797]
Ep  23 [train]:   8%|▊         | 12/145 [00:04<00:45,  2.95it/s, loss=0.0797]
Ep  23 [train]:   8%|▊         | 12/145 [00:05<00:45,  2.95it/s, loss=0.0809]
Ep  23 [train]:   9%|▉         | 13/145 [00:05<00:50,  2.64it/s, loss=0.0809]
Ep  23 [train]:   9%|▉         | 13/145 [00:05<00:50,  2.64it/s, loss=0.0684]
Ep  23 [train]:  10%|▉         | 14/145 [00:05<00:49,  2.65it/s, loss=0.0684]
Ep  23 [train]:  10%|▉         | 14/145 [00:05<00:49,  2.65it/s, loss=0.0704]
Ep  23 [train]:  10%|█         | 15/145 [00:05<00:46,  2.78it/s, loss=0.0704]
Ep  23 [train]:  10%|█         | 15/145 [00:06<00:46,  2.78it/s, loss=0.0679]
Ep  23 [train]:  11%|█         | 16/145 [00:06<00:55,  2.31it/s, loss=0.0679]
Ep  23 [train]:  11%|█         | 16/145 [00:06<00:55,  2.31it/s, loss=0.0726]
Ep  23 [train]:  12%|█▏        | 17/145 [00:06<00:43,  2.91it/s, loss=0.0726]
Ep  23 [train]:  12%|█▏        | 17/145 [00:07<00:43,  2.91it/s, loss=0.0773]
Ep  23 [train]:  12%|█▏        | 18/145 [00:07<00:59,  2.13it/s, loss=0.0773]
Ep  23 [train]:  12%|█▏        | 18/145 [00:07<00:59,  2.13it/s, loss=0.0710]
Ep  23 [train]:  13%|█▎        | 19/145 [00:07<00:47,  2.65it/s, loss=0.0710]
Ep  23 [train]:  13%|█▎        | 19/145 [00:08<00:47,  2.65it/s, loss=0.0707]
Ep  23 [train]:  14%|█▍        | 20/145 [00:08<01:01,  2.05it/s, loss=0.0707]
Ep  23 [train]:  14%|█▍        | 20/145 [00:08<01:01,  2.05it/s, loss=0.0776]
Ep  23 [train]:  14%|█▍        | 21/145 [00:08<00:48,  2.55it/s, loss=0.0776]
Ep  23 [train]:  14%|█▍        | 21/145 [00:09<00:48,  2.55it/s, loss=0.0823]
Ep  23 [train]:  15%|█▌        | 22/145 [00:09<00:58,  2.09it/s, loss=0.0823]
Ep  23 [train]:  15%|█▌        | 22/145 [00:09<00:58,  2.09it/s, loss=0.0701]
Ep  23 [train]:  16%|█▌        | 23/145 [00:09<00:46,  2.64it/s, loss=0.0701]
Ep  23 [train]:  16%|█▌        | 23/145 [00:10<00:46,  2.64it/s, loss=0.0719]
Ep  23 [train]:  17%|█▋        | 24/145 [00:10<00:59,  2.05it/s, loss=0.0719]
Ep  23 [train]:  17%|█▋        | 24/145 [00:10<00:59,  2.05it/s, loss=0.0700]
Ep  23 [train]:  17%|█▋        | 25/145 [00:10<00:46,  2.60it/s, loss=0.0700]
Ep  23 [train]:  17%|█▋        | 25/145 [00:10<00:46,  2.60it/s, loss=0.0668]
Ep  23 [train]:  18%|█▊        | 26/145 [00:10<00:59,  2.01it/s, loss=0.0668]
Ep  23 [train]:  18%|█▊        | 26/145 [00:11<00:59,  2.01it/s, loss=0.0789]
Ep  23 [train]:  19%|█▊        | 27/145 [00:11<00:46,  2.54it/s, loss=0.0789]
Ep  23 [train]:  19%|█▊        | 27/145 [00:11<00:46,  2.54it/s, loss=0.0754]
Ep  23 [train]:  19%|█▉        | 28/145 [00:11<00:56,  2.06it/s, loss=0.0754]
Ep  23 [train]:  19%|█▉        | 28/145 [00:12<00:56,  2.06it/s, loss=0.0795]
Ep  23 [train]:  20%|██        | 29/145 [00:12<00:45,  2.57it/s, loss=0.0795]
Ep  23 [train]:  20%|██        | 29/145 [00:12<00:45,  2.57it/s, loss=0.0731]
Ep  23 [train]:  21%|██        | 30/145 [00:12<00:56,  2.02it/s, loss=0.0731]
Ep  23 [train]:  21%|██        | 30/145 [00:12<00:56,  2.02it/s, loss=0.0698]
Ep  23 [train]:  21%|██▏       | 31/145 [00:12<00:43,  2.59it/s, loss=0.0698]
Ep  23 [train]:  21%|██▏       | 31/145 [00:13<00:43,  2.59it/s, loss=0.0803]
Ep  23 [train]:  22%|██▏       | 32/145 [00:13<00:57,  1.97it/s, loss=0.0803]
Ep  23 [train]:  22%|██▏       | 32/145 [00:13<00:57,  1.97it/s, loss=0.0735]
Ep  23 [train]:  23%|██▎       | 33/145 [00:13<00:45,  2.48it/s, loss=0.0735]
Ep  23 [train]:  23%|██▎       | 33/145 [00:14<00:45,  2.48it/s, loss=0.0778]
Ep  23 [train]:  23%|██▎       | 34/145 [00:14<00:55,  2.02it/s, loss=0.0778]
Ep  23 [train]:  23%|██▎       | 34/145 [00:14<00:55,  2.02it/s, loss=0.0714]
Ep  23 [train]:  24%|██▍       | 35/145 [00:14<00:42,  2.56it/s, loss=0.0714]
Ep  23 [train]:  24%|██▍       | 35/145 [00:15<00:42,  2.56it/s, loss=0.0748]
Ep  23 [train]:  25%|██▍       | 36/145 [00:15<00:54,  2.00it/s, loss=0.0748]
Ep  23 [train]:  25%|██▍       | 36/145 [00:15<00:54,  2.00it/s, loss=0.0646]
Ep  23 [train]:  26%|██▌       | 37/145 [00:15<00:42,  2.52it/s, loss=0.0646]
Ep  23 [train]:  26%|██▌       | 37/145 [00:16<00:42,  2.52it/s, loss=0.0706]
Ep  23 [train]:  26%|██▌       | 38/145 [00:16<00:51,  2.08it/s, loss=0.0706]
Ep  23 [train]:  26%|██▌       | 38/145 [00:16<00:51,  2.08it/s, loss=0.0818]
Ep  23 [train]:  27%|██▋       | 39/145 [00:16<00:40,  2.63it/s, loss=0.0818]
Ep  23 [train]:  27%|██▋       | 39/145 [00:17<00:40,  2.63it/s, loss=0.0750]
Ep  23 [train]:  28%|██▊       | 40/145 [00:17<00:51,  2.04it/s, loss=0.0750]
Ep  23 [train]:  28%|██▊       | 40/145 [00:17<00:51,  2.04it/s, loss=0.0701]
Ep  23 [train]:  28%|██▊       | 41/145 [00:17<00:40,  2.56it/s, loss=0.0701]
Ep  23 [train]:  28%|██▊       | 41/145 [00:18<00:40,  2.56it/s, loss=0.0671]
Ep  23 [train]:  29%|██▉       | 42/145 [00:18<00:51,  1.98it/s, loss=0.0671]
Ep  23 [train]:  29%|██▉       | 42/145 [00:18<00:51,  1.98it/s, loss=0.0750]
Ep  23 [train]:  30%|██▉       | 43/145 [00:18<00:40,  2.52it/s, loss=0.0750]
Ep  23 [train]:  30%|██▉       | 43/145 [00:18<00:40,  2.52it/s, loss=0.0705]
Ep  23 [train]:  30%|███       | 44/145 [00:18<00:47,  2.12it/s, loss=0.0705]
Ep  23 [train]:  30%|███       | 44/145 [00:19<00:47,  2.12it/s, loss=0.0750]
Ep  23 [train]:  31%|███       | 45/145 [00:19<00:37,  2.70it/s, loss=0.0750]
Ep  23 [train]:  31%|███       | 45/145 [00:19<00:37,  2.70it/s, loss=0.0667]
Ep  23 [train]:  32%|███▏      | 46/145 [00:19<00:46,  2.12it/s, loss=0.0667]
Ep  23 [train]:  32%|███▏      | 46/145 [00:19<00:46,  2.12it/s, loss=0.0735]
Ep  23 [train]:  32%|███▏      | 47/145 [00:19<00:36,  2.71it/s, loss=0.0735]
Ep  23 [train]:  32%|███▏      | 47/145 [00:20<00:36,  2.71it/s, loss=0.0735]
Ep  23 [train]:  33%|███▎      | 48/145 [00:20<00:44,  2.16it/s, loss=0.0735]
Ep  23 [train]:  33%|███▎      | 48/145 [00:20<00:44,  2.16it/s, loss=0.0730]
Ep  23 [train]:  34%|███▍      | 49/145 [00:20<00:34,  2.75it/s, loss=0.0730]
Ep  23 [train]:  34%|███▍      | 49/145 [00:21<00:34,  2.75it/s, loss=0.0672]
Ep  23 [train]:  34%|███▍      | 50/145 [00:21<00:42,  2.22it/s, loss=0.0672]
Ep  23 [train]:  34%|███▍      | 50/145 [00:21<00:42,  2.22it/s, loss=0.0726]
Ep  23 [train]:  35%|███▌      | 51/145 [00:21<00:33,  2.84it/s, loss=0.0726]
Ep  23 [train]:  35%|███▌      | 51/145 [00:22<00:33,  2.84it/s, loss=0.0750]
Ep  23 [train]:  36%|███▌      | 52/145 [00:22<00:44,  2.10it/s, loss=0.0750]
Ep  23 [train]:  36%|███▌      | 52/145 [00:22<00:44,  2.10it/s, loss=0.0778]
Ep  23 [train]:  37%|███▋      | 53/145 [00:22<00:34,  2.64it/s, loss=0.0778]
Ep  23 [train]:  37%|███▋      | 53/145 [00:23<00:34,  2.64it/s, loss=0.0654]
Ep  23 [train]:  37%|███▋      | 54/145 [00:23<00:47,  1.92it/s, loss=0.0654]
Ep  23 [train]:  37%|███▋      | 54/145 [00:23<00:47,  1.92it/s, loss=0.0770]
Ep  23 [train]:  38%|███▊      | 55/145 [00:23<00:36,  2.45it/s, loss=0.0770]
Ep  23 [train]:  38%|███▊      | 55/145 [00:24<00:36,  2.45it/s, loss=0.0717]
Ep  23 [train]:  39%|███▊      | 56/145 [00:24<00:48,  1.85it/s, loss=0.0717]
Ep  23 [train]:  39%|███▊      | 56/145 [00:24<00:48,  1.85it/s, loss=0.0727]
Ep  23 [train]:  39%|███▉      | 57/145 [00:24<00:37,  2.35it/s, loss=0.0727]
Ep  23 [train]:  39%|███▉      | 57/145 [00:25<00:37,  2.35it/s, loss=0.0674]
Ep  23 [train]:  40%|████      | 58/145 [00:25<00:45,  1.90it/s, loss=0.0674]
Ep  23 [train]:  40%|████      | 58/145 [00:25<00:45,  1.90it/s, loss=0.0726]
Ep  23 [train]:  41%|████      | 59/145 [00:25<00:34,  2.46it/s, loss=0.0726]
Ep  23 [train]:  41%|████      | 59/145 [00:26<00:34,  2.46it/s, loss=0.0700]
Ep  23 [train]:  41%|████▏     | 60/145 [00:26<00:46,  1.82it/s, loss=0.0700]
Ep  23 [train]:  41%|████▏     | 60/145 [00:26<00:46,  1.82it/s, loss=0.0765]
Ep  23 [train]:  42%|████▏     | 61/145 [00:26<00:36,  2.31it/s, loss=0.0765]
Ep  23 [train]:  42%|████▏     | 61/145 [00:26<00:36,  2.31it/s, loss=0.0727]
Ep  23 [train]:  43%|████▎     | 62/145 [00:26<00:41,  1.98it/s, loss=0.0727]
Ep  23 [train]:  43%|████▎     | 62/145 [00:27<00:41,  1.98it/s, loss=0.0737]
Ep  23 [train]:  43%|████▎     | 63/145 [00:27<00:32,  2.51it/s, loss=0.0737]
Ep  23 [train]:  43%|████▎     | 63/145 [00:27<00:32,  2.51it/s, loss=0.0693]
Ep  23 [train]:  44%|████▍     | 64/145 [00:27<00:39,  2.04it/s, loss=0.0693]
Ep  23 [train]:  44%|████▍     | 64/145 [00:27<00:39,  2.04it/s, loss=0.0715]
Ep  23 [train]:  45%|████▍     | 65/145 [00:27<00:30,  2.60it/s, loss=0.0715]
Ep  23 [train]:  45%|████▍     | 65/145 [00:28<00:30,  2.60it/s, loss=0.0718]
Ep  23 [train]:  46%|████▌     | 66/145 [00:28<00:37,  2.12it/s, loss=0.0718]
Ep  23 [train]:  46%|████▌     | 66/145 [00:28<00:37,  2.12it/s, loss=0.0771]
Ep  23 [train]:  46%|████▌     | 67/145 [00:28<00:29,  2.67it/s, loss=0.0771]
Ep  23 [train]:  46%|████▌     | 67/145 [00:29<00:29,  2.67it/s, loss=0.0720]
Ep  23 [train]:  47%|████▋     | 68/145 [00:29<00:36,  2.14it/s, loss=0.0720]
Ep  23 [train]:  47%|████▋     | 68/145 [00:29<00:36,  2.14it/s, loss=0.0701]
Ep  23 [train]:  48%|████▊     | 69/145 [00:29<00:27,  2.74it/s, loss=0.0701]
Ep  23 [train]:  48%|████▊     | 69/145 [00:30<00:27,  2.74it/s, loss=0.0750]
Ep  23 [train]:  48%|████▊     | 70/145 [00:30<00:35,  2.09it/s, loss=0.0750]
Ep  23 [train]:  48%|████▊     | 70/145 [00:30<00:35,  2.09it/s, loss=0.0753]
Ep  23 [train]:  49%|████▉     | 71/145 [00:30<00:27,  2.66it/s, loss=0.0753]
Ep  23 [train]:  49%|████▉     | 71/145 [00:31<00:27,  2.66it/s, loss=0.0731]
Ep  23 [train]:  50%|████▉     | 72/145 [00:31<00:36,  2.01it/s, loss=0.0731]
Ep  23 [train]:  50%|████▉     | 72/145 [00:31<00:36,  2.01it/s, loss=0.0690]
Ep  23 [train]:  50%|█████     | 73/145 [00:31<00:27,  2.58it/s, loss=0.0690]
Ep  23 [train]:  50%|█████     | 73/145 [00:32<00:27,  2.58it/s, loss=0.0779]
Ep  23 [train]:  51%|█████     | 74/145 [00:32<00:35,  2.03it/s, loss=0.0779]
Ep  23 [train]:  51%|█████     | 74/145 [00:32<00:35,  2.03it/s, loss=0.0845]
Ep  23 [train]:  52%|█████▏    | 75/145 [00:32<00:27,  2.54it/s, loss=0.0845]
Ep  23 [train]:  52%|█████▏    | 75/145 [00:32<00:27,  2.54it/s, loss=0.0820]
Ep  23 [train]:  52%|█████▏    | 76/145 [00:32<00:33,  2.08it/s, loss=0.0820]
Ep  23 [train]:  52%|█████▏    | 76/145 [00:33<00:33,  2.08it/s, loss=0.0684]
Ep  23 [train]:  53%|█████▎    | 77/145 [00:33<00:25,  2.62it/s, loss=0.0684]
Ep  23 [train]:  53%|█████▎    | 77/145 [00:33<00:25,  2.62it/s, loss=0.0674]
Ep  23 [train]:  54%|█████▍    | 78/145 [00:33<00:32,  2.05it/s, loss=0.0674]
Ep  23 [train]:  54%|█████▍    | 78/145 [00:33<00:32,  2.05it/s, loss=0.0862]
Ep  23 [train]:  54%|█████▍    | 79/145 [00:33<00:25,  2.63it/s, loss=0.0862]
Ep  23 [train]:  54%|█████▍    | 79/145 [00:34<00:25,  2.63it/s, loss=0.0676]
Ep  23 [train]:  55%|█████▌    | 80/145 [00:34<00:31,  2.08it/s, loss=0.0676]
Ep  23 [train]:  55%|█████▌    | 80/145 [00:34<00:31,  2.08it/s, loss=0.0714]
Ep  23 [train]:  56%|█████▌    | 81/145 [00:34<00:24,  2.66it/s, loss=0.0714]
Ep  23 [train]:  56%|█████▌    | 81/145 [00:35<00:24,  2.66it/s, loss=0.0756]
Ep  23 [train]:  57%|█████▋    | 82/145 [00:35<00:30,  2.05it/s, loss=0.0756]
Ep  23 [train]:  57%|█████▋    | 82/145 [00:35<00:30,  2.05it/s, loss=0.0776]
Ep  23 [train]:  57%|█████▋    | 83/145 [00:35<00:23,  2.62it/s, loss=0.0776]
Ep  23 [train]:  57%|█████▋    | 83/145 [00:36<00:23,  2.62it/s, loss=0.0758]
Ep  23 [train]:  58%|█████▊    | 84/145 [00:36<00:29,  2.07it/s, loss=0.0758]
Ep  23 [train]:  58%|█████▊    | 84/145 [00:36<00:29,  2.07it/s, loss=0.0768]
Ep  23 [train]:  59%|█████▊    | 85/145 [00:36<00:22,  2.65it/s, loss=0.0768]
Ep  23 [train]:  59%|█████▊    | 85/145 [00:37<00:22,  2.65it/s, loss=0.0674]
Ep  23 [train]:  59%|█████▉    | 86/145 [00:37<00:28,  2.04it/s, loss=0.0674]
Ep  23 [train]:  59%|█████▉    | 86/145 [00:37<00:28,  2.04it/s, loss=0.0724]
Ep  23 [train]:  60%|██████    | 87/145 [00:37<00:22,  2.63it/s, loss=0.0724]
Ep  23 [train]:  60%|██████    | 87/145 [00:38<00:22,  2.63it/s, loss=0.0678]
Ep  23 [train]:  61%|██████    | 88/145 [00:38<00:26,  2.13it/s, loss=0.0678]
Ep  23 [train]:  61%|██████    | 88/145 [00:38<00:26,  2.13it/s, loss=0.0673]
Ep  23 [train]:  61%|██████▏   | 89/145 [00:38<00:20,  2.74it/s, loss=0.0673]
Ep  23 [train]:  61%|██████▏   | 89/145 [00:38<00:20,  2.74it/s, loss=0.0732]
Ep  23 [train]:  62%|██████▏   | 90/145 [00:38<00:23,  2.31it/s, loss=0.0732]
Ep  23 [train]:  62%|██████▏   | 90/145 [00:38<00:23,  2.31it/s, loss=0.0712]
Ep  23 [train]:  63%|██████▎   | 91/145 [00:38<00:18,  2.90it/s, loss=0.0712]
Ep  23 [train]:  63%|██████▎   | 91/145 [00:39<00:18,  2.90it/s, loss=0.0704]
Ep  23 [train]:  63%|██████▎   | 92/145 [00:39<00:21,  2.41it/s, loss=0.0704]
Ep  23 [train]:  63%|██████▎   | 92/145 [00:39<00:21,  2.41it/s, loss=0.0757]
Ep  23 [train]:  64%|██████▍   | 93/145 [00:39<00:16,  3.07it/s, loss=0.0757]
Ep  23 [train]:  64%|██████▍   | 93/145 [00:40<00:16,  3.07it/s, loss=0.0707]
Ep  23 [train]:  65%|██████▍   | 94/145 [00:40<00:20,  2.47it/s, loss=0.0707]
Ep  23 [train]:  65%|██████▍   | 94/145 [00:40<00:20,  2.47it/s, loss=0.0706]
Ep  23 [train]:  66%|██████▌   | 95/145 [00:40<00:15,  3.13it/s, loss=0.0706]
Ep  23 [train]:  66%|██████▌   | 95/145 [00:40<00:15,  3.13it/s, loss=0.0686]
Ep  23 [train]:  66%|██████▌   | 96/145 [00:40<00:19,  2.56it/s, loss=0.0686]
Ep  23 [train]:  66%|██████▌   | 96/145 [00:41<00:19,  2.56it/s, loss=0.0731]
Ep  23 [train]:  67%|██████▋   | 97/145 [00:41<00:15,  3.19it/s, loss=0.0731]
Ep  23 [train]:  67%|██████▋   | 97/145 [00:41<00:15,  3.19it/s, loss=0.0677]
Ep  23 [train]:  68%|██████▊   | 98/145 [00:41<00:17,  2.63it/s, loss=0.0677]
Ep  23 [train]:  68%|██████▊   | 98/145 [00:41<00:17,  2.63it/s, loss=0.0724]
Ep  23 [train]:  68%|██████▊   | 99/145 [00:41<00:14,  3.27it/s, loss=0.0724]
Ep  23 [train]:  68%|██████▊   | 99/145 [00:42<00:14,  3.27it/s, loss=0.0690]
Ep  23 [train]:  69%|██████▉   | 100/145 [00:42<00:18,  2.50it/s, loss=0.0690]
Ep  23 [train]:  69%|██████▉   | 100/145 [00:42<00:18,  2.50it/s, loss=0.0655]
Ep  23 [train]:  70%|██████▉   | 101/145 [00:42<00:14,  3.07it/s, loss=0.0655]
Ep  23 [train]:  70%|██████▉   | 101/145 [00:43<00:14,  3.07it/s, loss=0.0695]
Ep  23 [train]:  70%|███████   | 102/145 [00:43<00:16,  2.55it/s, loss=0.0695]
Ep  23 [train]:  70%|███████   | 102/145 [00:43<00:16,  2.55it/s, loss=0.0693]
Ep  23 [train]:  71%|███████   | 103/145 [00:43<00:13,  3.14it/s, loss=0.0693]
Ep  23 [train]:  71%|███████   | 103/145 [00:43<00:13,  3.14it/s, loss=0.0704]
Ep  23 [train]:  72%|███████▏  | 104/145 [00:43<00:16,  2.45it/s, loss=0.0704]
Ep  23 [train]:  72%|███████▏  | 104/145 [00:43<00:16,  2.45it/s, loss=0.0702]
Ep  23 [train]:  72%|███████▏  | 105/145 [00:43<00:13,  3.07it/s, loss=0.0702]
Ep  23 [train]:  72%|███████▏  | 105/145 [00:44<00:13,  3.07it/s, loss=0.0731]
Ep  23 [train]:  73%|███████▎  | 106/145 [00:44<00:15,  2.46it/s, loss=0.0731]
Ep  23 [train]:  73%|███████▎  | 106/145 [00:44<00:15,  2.46it/s, loss=0.0746]
Ep  23 [train]:  74%|███████▍  | 107/145 [00:44<00:12,  3.07it/s, loss=0.0746]
Ep  23 [train]:  74%|███████▍  | 107/145 [00:45<00:12,  3.07it/s, loss=0.0714]
Ep  23 [train]:  74%|███████▍  | 108/145 [00:45<00:15,  2.43it/s, loss=0.0714]
Ep  23 [train]:  74%|███████▍  | 108/145 [00:45<00:15,  2.43it/s, loss=0.0678]
Ep  23 [train]:  75%|███████▌  | 109/145 [00:45<00:11,  3.04it/s, loss=0.0678]
Ep  23 [train]:  75%|███████▌  | 109/145 [00:46<00:11,  3.04it/s, loss=0.0781]
Ep  23 [train]:  76%|███████▌  | 110/145 [00:46<00:14,  2.34it/s, loss=0.0781]
Ep  23 [train]:  76%|███████▌  | 110/145 [00:46<00:14,  2.34it/s, loss=0.0740]
Ep  23 [train]:  77%|███████▋  | 111/145 [00:46<00:11,  2.98it/s, loss=0.0740]
Ep  23 [train]:  77%|███████▋  | 111/145 [00:46<00:11,  2.98it/s, loss=0.0714]
Ep  23 [train]:  77%|███████▋  | 112/145 [00:46<00:13,  2.41it/s, loss=0.0714]
Ep  23 [train]:  77%|███████▋  | 112/145 [00:46<00:13,  2.41it/s, loss=0.0701]
Ep  23 [train]:  78%|███████▊  | 113/145 [00:46<00:10,  2.94it/s, loss=0.0701]
Ep  23 [train]:  78%|███████▊  | 113/145 [00:47<00:10,  2.94it/s, loss=0.0665]
Ep  23 [train]:  79%|███████▊  | 114/145 [00:47<00:12,  2.53it/s, loss=0.0665]
Ep  23 [train]:  79%|███████▊  | 114/145 [00:47<00:12,  2.53it/s, loss=0.0787]
Ep  23 [train]:  79%|███████▉  | 115/145 [00:47<00:09,  3.17it/s, loss=0.0787]
Ep  23 [train]:  79%|███████▉  | 115/145 [00:48<00:09,  3.17it/s, loss=0.0811]
Ep  23 [train]:  80%|████████  | 116/145 [00:48<00:11,  2.53it/s, loss=0.0811]
Ep  23 [train]:  80%|████████  | 116/145 [00:48<00:11,  2.53it/s, loss=0.0752]
Ep  23 [train]:  81%|████████  | 117/145 [00:48<00:08,  3.18it/s, loss=0.0752]
Ep  23 [train]:  81%|████████  | 117/145 [00:48<00:08,  3.18it/s, loss=0.0682]
Ep  23 [train]:  81%|████████▏ | 118/145 [00:48<00:10,  2.49it/s, loss=0.0682]
Ep  23 [train]:  81%|████████▏ | 118/145 [00:49<00:10,  2.49it/s, loss=0.0709]
Ep  23 [train]:  82%|████████▏ | 119/145 [00:49<00:08,  3.07it/s, loss=0.0709]
Ep  23 [train]:  82%|████████▏ | 119/145 [00:49<00:08,  3.07it/s, loss=0.0743]
Ep  23 [train]:  83%|████████▎ | 120/145 [00:49<00:10,  2.36it/s, loss=0.0743]
Ep  23 [train]:  83%|████████▎ | 120/145 [00:49<00:10,  2.36it/s, loss=0.0732]
Ep  23 [train]:  83%|████████▎ | 121/145 [00:49<00:08,  2.89it/s, loss=0.0732]
Ep  23 [train]:  83%|████████▎ | 121/145 [00:50<00:08,  2.89it/s, loss=0.0708]
Ep  23 [train]:  84%|████████▍ | 122/145 [00:50<00:10,  2.12it/s, loss=0.0708]
Ep  23 [train]:  84%|████████▍ | 122/145 [00:50<00:10,  2.12it/s, loss=0.0741]
Ep  23 [train]:  85%|████████▍ | 123/145 [00:50<00:08,  2.68it/s, loss=0.0741]
Ep  23 [train]:  85%|████████▍ | 123/145 [00:51<00:08,  2.68it/s, loss=0.0651]
Ep  23 [train]:  86%|████████▌ | 124/145 [00:51<00:10,  2.05it/s, loss=0.0651]
Ep  23 [train]:  86%|████████▌ | 124/145 [00:51<00:10,  2.05it/s, loss=0.0764]
Ep  23 [train]:  86%|████████▌ | 125/145 [00:51<00:07,  2.61it/s, loss=0.0764]
Ep  23 [train]:  86%|████████▌ | 125/145 [00:52<00:07,  2.61it/s, loss=0.0775]
Ep  23 [train]:  87%|████████▋ | 126/145 [00:52<00:09,  2.04it/s, loss=0.0775]
Ep  23 [train]:  87%|████████▋ | 126/145 [00:52<00:09,  2.04it/s, loss=0.0687]
Ep  23 [train]:  88%|████████▊ | 127/145 [00:52<00:06,  2.60it/s, loss=0.0687]
Ep  23 [train]:  88%|████████▊ | 127/145 [00:53<00:06,  2.60it/s, loss=0.0690]
Ep  23 [train]:  88%|████████▊ | 128/145 [00:53<00:08,  1.95it/s, loss=0.0690]
Ep  23 [train]:  88%|████████▊ | 128/145 [00:53<00:08,  1.95it/s, loss=0.0751]
Ep  23 [train]:  89%|████████▉ | 129/145 [00:53<00:06,  2.45it/s, loss=0.0751]
Ep  23 [train]:  89%|████████▉ | 129/145 [00:54<00:06,  2.45it/s, loss=0.0778]
Ep  23 [train]:  90%|████████▉ | 130/145 [00:54<00:07,  2.01it/s, loss=0.0778]
Ep  23 [train]:  90%|████████▉ | 130/145 [00:54<00:07,  2.01it/s, loss=0.0698]
Ep  23 [train]:  90%|█████████ | 131/145 [00:54<00:05,  2.50it/s, loss=0.0698]
Ep  23 [train]:  90%|█████████ | 131/145 [00:55<00:05,  2.50it/s, loss=0.0679]
Ep  23 [train]:  91%|█████████ | 132/145 [00:55<00:06,  1.94it/s, loss=0.0679]
Ep  23 [train]:  91%|█████████ | 132/145 [00:55<00:06,  1.94it/s, loss=0.0683]
Ep  23 [train]:  92%|█████████▏| 133/145 [00:55<00:04,  2.50it/s, loss=0.0683]
Ep  23 [train]:  92%|█████████▏| 133/145 [00:56<00:04,  2.50it/s, loss=0.0663]
Ep  23 [train]:  92%|█████████▏| 134/145 [00:56<00:05,  1.94it/s, loss=0.0663]
Ep  23 [train]:  92%|█████████▏| 134/145 [00:56<00:05,  1.94it/s, loss=0.0702]
Ep  23 [train]:  93%|█████████▎| 135/145 [00:56<00:03,  2.50it/s, loss=0.0702]
Ep  23 [train]:  93%|█████████▎| 135/145 [00:57<00:03,  2.50it/s, loss=0.0789]
Ep  23 [train]:  94%|█████████▍| 136/145 [00:57<00:04,  1.85it/s, loss=0.0789]
Ep  23 [train]:  94%|█████████▍| 136/145 [00:57<00:04,  1.85it/s, loss=0.0661]
Ep  23 [train]:  94%|█████████▍| 137/145 [00:57<00:03,  2.35it/s, loss=0.0661]
Ep  23 [train]:  94%|█████████▍| 137/145 [00:58<00:03,  2.35it/s, loss=0.0797]
Ep  23 [train]:  95%|█████████▌| 138/145 [00:58<00:03,  1.92it/s, loss=0.0797]
Ep  23 [train]:  95%|█████████▌| 138/145 [00:58<00:03,  1.92it/s, loss=0.0788]
Ep  23 [train]:  96%|█████████▌| 139/145 [00:58<00:02,  2.50it/s, loss=0.0788]
Ep  23 [train]:  96%|█████████▌| 139/145 [00:58<00:02,  2.50it/s, loss=0.0752]
Ep  23 [train]:  97%|█████████▋| 140/145 [00:58<00:02,  2.01it/s, loss=0.0752]
Ep  23 [train]:  97%|█████████▋| 140/145 [00:59<00:02,  2.01it/s, loss=0.0721]
Ep  23 [train]:  97%|█████████▋| 141/145 [00:59<00:01,  2.55it/s, loss=0.0721]
Ep  23 [train]:  97%|█████████▋| 141/145 [00:59<00:01,  2.55it/s, loss=0.0705]
Ep  23 [train]:  98%|█████████▊| 142/145 [00:59<00:01,  2.06it/s, loss=0.0705]
Ep  23 [train]:  98%|█████████▊| 142/145 [00:59<00:01,  2.06it/s, loss=0.0743]
Ep  23 [train]:  99%|█████████▊| 143/145 [00:59<00:00,  2.65it/s, loss=0.0743]
Ep  23 [train]:  99%|█████████▊| 143/145 [01:00<00:00,  2.65it/s, loss=0.0703]
Ep  23 [train]:  99%|█████████▉| 144/145 [01:00<00:00,  2.08it/s, loss=0.0703]
Ep  23 [train]:  99%|█████████▉| 144/145 [01:00<00:00,  2.08it/s, loss=0.0730]
Ep  23 [train]: 100%|██████████| 145/145 [01:00<00:00,  2.65it/s, loss=0.0730]
                                                                              
  Ep  23 [train]  loss=0.0726  rmse_c=0.2384  mae_c=0.2157  r2_c=0.027  rmse_h=0.2978  mae_h=0.2201  r2_h=0.485  sup=0.326

Ep  23 [val  ]:   0%|          | 0/39 [00:00<?, ?it/s]
Ep  23 [val  ]:   0%|          | 0/39 [00:00<?, ?it/s, loss=0.0917]
Ep  23 [val  ]:   3%|▎         | 1/39 [00:00<00:36,  1.04it/s, loss=0.0917]
Ep  23 [val  ]:   3%|▎         | 1/39 [00:01<00:36,  1.04it/s, loss=0.0879]
Ep  23 [val  ]:   5%|▌         | 2/39 [00:01<00:17,  2.14it/s, loss=0.0879]
Ep  23 [val  ]:   5%|▌         | 2/39 [00:01<00:17,  2.14it/s, loss=0.0731]
Ep  23 [val  ]:   8%|▊         | 3/39 [00:01<00:19,  1.89it/s, loss=0.0731]
Ep  23 [val  ]:   8%|▊         | 3/39 [00:01<00:19,  1.89it/s, loss=0.0674]
Ep  23 [val  ]:  10%|█         | 4/39 [00:01<00:15,  2.27it/s, loss=0.0674]
Ep  23 [val  ]:  10%|█         | 4/39 [00:02<00:15,  2.27it/s, loss=0.0733]
Ep  23 [val  ]:  13%|█▎        | 5/39 [00:02<00:14,  2.34it/s, loss=0.0733]
Ep  23 [val  ]:  13%|█▎        | 5/39 [00:02<00:14,  2.34it/s, loss=0.0757]
Ep  23 [val  ]:  15%|█▌        | 6/39 [00:02<00:14,  2.27it/s, loss=0.0757]
Ep  23 [val  ]:  15%|█▌        | 6/39 [00:03<00:14,  2.27it/s, loss=0.0698]
Ep  23 [val  ]:  18%|█▊        | 7/39 [00:03<00:12,  2.66it/s, loss=0.0698]
Ep  23 [val  ]:  18%|█▊        | 7/39 [00:03<00:12,  2.66it/s, loss=0.0690]
Ep  23 [val  ]:  21%|██        | 8/39 [00:03<00:13,  2.23it/s, loss=0.0690]
Ep  23 [val  ]:  21%|██        | 8/39 [00:03<00:13,  2.23it/s, loss=0.0671]
Ep  23 [val  ]:  23%|██▎       | 9/39 [00:03<00:10,  2.94it/s, loss=0.0671]
Ep  23 [val  ]:  23%|██▎       | 9/39 [00:04<00:10,  2.94it/s, loss=0.0660]
Ep  23 [val  ]:  26%|██▌       | 10/39 [00:04<00:14,  2.00it/s, loss=0.0660]
Ep  23 [val  ]:  26%|██▌       | 10/39 [00:04<00:14,  2.00it/s, loss=0.0681]
Ep  23 [val  ]:  26%|██▌       | 10/39 [00:05<00:14,  2.00it/s, loss=0.0730]
Ep  23 [val  ]:  31%|███       | 12/39 [00:05<00:11,  2.27it/s, loss=0.0730]
Ep  23 [val  ]:  31%|███       | 12/39 [00:05<00:11,  2.27it/s, loss=0.0751]
Ep  23 [val  ]:  31%|███       | 12/39 [00:06<00:11,  2.27it/s, loss=0.0825]
Ep  23 [val  ]:  36%|███▌      | 14/39 [00:06<00:10,  2.30it/s, loss=0.0825]
Ep  23 [val  ]:  36%|███▌      | 14/39 [00:06<00:10,  2.30it/s, loss=0.0897]
Ep  23 [val  ]:  36%|███▌      | 14/39 [00:07<00:10,  2.30it/s, loss=0.0883]
Ep  23 [val  ]:  41%|████      | 16/39 [00:07<00:10,  2.26it/s, loss=0.0883]
Ep  23 [val  ]:  41%|████      | 16/39 [00:07<00:10,  2.26it/s, loss=0.0919]
Ep  23 [val  ]:  41%|████      | 16/39 [00:08<00:10,  2.26it/s, loss=0.0781]
Ep  23 [val  ]:  46%|████▌     | 18/39 [00:08<00:09,  2.30it/s, loss=0.0781]
Ep  23 [val  ]:  46%|████▌     | 18/39 [00:08<00:09,  2.30it/s, loss=0.0734]
Ep  23 [val  ]:  46%|████▌     | 18/39 [00:08<00:09,  2.30it/s, loss=0.0626]
Ep  23 [val  ]:  51%|█████▏    | 20/39 [00:08<00:08,  2.27it/s, loss=0.0626]
Ep  23 [val  ]:  51%|█████▏    | 20/39 [00:08<00:08,  2.27it/s, loss=0.0562]
Ep  23 [val  ]:  51%|█████▏    | 20/39 [00:09<00:08,  2.27it/s, loss=0.0636]
Ep  23 [val  ]:  56%|█████▋    | 22/39 [00:09<00:07,  2.24it/s, loss=0.0636]
Ep  23 [val  ]:  56%|█████▋    | 22/39 [00:09<00:07,  2.24it/s, loss=0.0601]
Ep  23 [val  ]:  56%|█████▋    | 22/39 [00:10<00:07,  2.24it/s, loss=0.0609]
Ep  23 [val  ]:  62%|██████▏   | 24/39 [00:10<00:06,  2.28it/s, loss=0.0609]
Ep  23 [val  ]:  62%|██████▏   | 24/39 [00:10<00:06,  2.28it/s, loss=0.0624]
Ep  23 [val  ]:  62%|██████▏   | 24/39 [00:11<00:06,  2.28it/s, loss=0.0685]
Ep  23 [val  ]:  67%|██████▋   | 26/39 [00:11<00:05,  2.24it/s, loss=0.0685]
Ep  23 [val  ]:  67%|██████▋   | 26/39 [00:11<00:05,  2.24it/s, loss=0.0760]
Ep  23 [val  ]:  67%|██████▋   | 26/39 [00:12<00:05,  2.24it/s, loss=0.1175]
Ep  23 [val  ]:  72%|███████▏  | 28/39 [00:12<00:04,  2.21it/s, loss=0.1175]
Ep  23 [val  ]:  72%|███████▏  | 28/39 [00:12<00:04,  2.21it/s, loss=0.0909]
Ep  23 [val  ]:  72%|███████▏  | 28/39 [00:13<00:04,  2.21it/s, loss=0.0831]
Ep  23 [val  ]:  77%|███████▋  | 30/39 [00:13<00:03,  2.32it/s, loss=0.0831]
Ep  23 [val  ]:  77%|███████▋  | 30/39 [00:13<00:03,  2.32it/s, loss=0.0818]
Ep  23 [val  ]:  77%|███████▋  | 30/39 [00:14<00:03,  2.32it/s, loss=0.0746]
Ep  23 [val  ]:  82%|████████▏ | 32/39 [00:14<00:03,  2.27it/s, loss=0.0746]
Ep  23 [val  ]:  82%|████████▏ | 32/39 [00:14<00:03,  2.27it/s, loss=0.0734]
Ep  23 [val  ]:  82%|████████▏ | 32/39 [00:15<00:03,  2.27it/s, loss=0.0760]
Ep  23 [val  ]:  87%|████████▋ | 34/39 [00:15<00:02,  2.23it/s, loss=0.0760]
Ep  23 [val  ]:  87%|████████▋ | 34/39 [00:15<00:02,  2.23it/s, loss=0.0741]
Ep  23 [val  ]:  87%|████████▋ | 34/39 [00:15<00:02,  2.23it/s, loss=0.0714]
Ep  23 [val  ]:  92%|█████████▏| 36/39 [00:15<00:01,  2.29it/s, loss=0.0714]
Ep  23 [val  ]:  92%|█████████▏| 36/39 [00:16<00:01,  2.29it/s, loss=0.0724]
Ep  23 [val  ]:  92%|█████████▏| 36/39 [00:16<00:01,  2.29it/s, loss=0.0663]
Ep  23 [val  ]:  97%|█████████▋| 38/39 [00:16<00:00,  2.34it/s, loss=0.0663]
Ep  23 [val  ]:  97%|█████████▋| 38/39 [00:16<00:00,  2.34it/s, loss=0.0716]
                                                                            
  Ep  23 [val  ]  loss=0.0750  rmse_c=0.2432  mae_c=0.2178  r2_c=0.028  rmse_h=0.3004  mae_h=0.2256  r2_h=0.438  sup=0.308

Ep  24 [train]:   0%|          | 0/145 [00:00<?, ?it/s]
Ep  24 [train]:   0%|          | 0/145 [00:01<?, ?it/s, loss=0.0696]
Ep  24 [train]:   1%|          | 1/145 [00:01<02:31,  1.05s/it, loss=0.0696]
Ep  24 [train]:   1%|          | 1/145 [00:01<02:31,  1.05s/it, loss=0.0690]
Ep  24 [train]:   1%|▏         | 2/145 [00:01<01:13,  1.95it/s, loss=0.0690]
Ep  24 [train]:   1%|▏         | 2/145 [00:01<01:13,  1.95it/s, loss=0.0679]
Ep  24 [train]:   2%|▏         | 3/145 [00:01<01:14,  1.90it/s, loss=0.0679]
Ep  24 [train]:   2%|▏         | 3/145 [00:01<01:14,  1.90it/s, loss=0.0676]
Ep  24 [train]:   3%|▎         | 4/145 [00:01<00:51,  2.71it/s, loss=0.0676]
Ep  24 [train]:   3%|▎         | 4/145 [00:02<00:51,  2.71it/s, loss=0.0707]
Ep  24 [train]:   3%|▎         | 5/145 [00:02<01:03,  2.19it/s, loss=0.0707]
Ep  24 [train]:   3%|▎         | 5/145 [00:02<01:03,  2.19it/s, loss=0.0824]
Ep  24 [train]:   4%|▍         | 6/145 [00:02<00:47,  2.90it/s, loss=0.0824]
Ep  24 [train]:   4%|▍         | 6/145 [00:03<00:47,  2.90it/s, loss=0.0720]
Ep  24 [train]:   5%|▍         | 7/145 [00:03<01:01,  2.24it/s, loss=0.0720]
Ep  24 [train]:   5%|▍         | 7/145 [00:03<01:01,  2.24it/s, loss=0.0711]
Ep  24 [train]:   6%|▌         | 8/145 [00:03<00:47,  2.88it/s, loss=0.0711]
Ep  24 [train]:   6%|▌         | 8/145 [00:03<00:47,  2.88it/s, loss=0.0682]
Ep  24 [train]:   6%|▌         | 9/145 [00:03<00:57,  2.37it/s, loss=0.0682]
Ep  24 [train]:   6%|▌         | 9/145 [00:04<00:57,  2.37it/s, loss=0.0677]
Ep  24 [train]:   7%|▋         | 10/145 [00:04<00:44,  3.03it/s, loss=0.0677]
Ep  24 [train]:   7%|▋         | 10/145 [00:04<00:44,  3.03it/s, loss=0.0774]
Ep  24 [train]:   8%|▊         | 11/145 [00:04<00:54,  2.44it/s, loss=0.0774]
Ep  24 [train]:   8%|▊         | 11/145 [00:04<00:54,  2.44it/s, loss=0.0690]
Ep  24 [train]:   8%|▊         | 12/145 [00:04<00:42,  3.10it/s, loss=0.0690]
Ep  24 [train]:   8%|▊         | 12/145 [00:05<00:42,  3.10it/s, loss=0.0643]
Ep  24 [train]:   9%|▉         | 13/145 [00:05<00:53,  2.47it/s, loss=0.0643]
Ep  24 [train]:   9%|▉         | 13/145 [00:05<00:53,  2.47it/s, loss=0.0703]
Ep  24 [train]:  10%|▉         | 14/145 [00:05<00:42,  3.06it/s, loss=0.0703]
Ep  24 [train]:  10%|▉         | 14/145 [00:06<00:42,  3.06it/s, loss=0.0671]
Ep  24 [train]:  10%|█         | 15/145 [00:06<00:52,  2.48it/s, loss=0.0671]
Ep  24 [train]:  10%|█         | 15/145 [00:06<00:52,  2.48it/s, loss=0.0657]
Ep  24 [train]:  11%|█         | 16/145 [00:06<00:45,  2.84it/s, loss=0.0657]
Ep  24 [train]:  11%|█         | 16/145 [00:06<00:45,  2.84it/s, loss=0.0785]
Ep  24 [train]:  12%|█▏        | 17/145 [00:06<00:50,  2.53it/s, loss=0.0785]
Ep  24 [train]:  12%|█▏        | 17/145 [00:07<00:50,  2.53it/s, loss=0.0735]
Ep  24 [train]:  12%|█▏        | 18/145 [00:07<00:53,  2.39it/s, loss=0.0735]
Ep  24 [train]:  12%|█▏        | 18/145 [00:07<00:53,  2.39it/s, loss=0.0682]
Ep  24 [train]:  13%|█▎        | 19/145 [00:07<00:45,  2.80it/s, loss=0.0682]
Ep  24 [train]:  13%|█▎        | 19/145 [00:08<00:45,  2.80it/s, loss=0.0752]
Ep  24 [train]:  14%|█▍        | 20/145 [00:08<00:56,  2.20it/s, loss=0.0752]
Ep  24 [train]:  14%|█▍        | 20/145 [00:08<00:56,  2.20it/s, loss=0.0716]
Ep  24 [train]:  14%|█▍        | 21/145 [00:08<00:45,  2.74it/s, loss=0.0716]
Ep  24 [train]:  14%|█▍        | 21/145 [00:09<00:45,  2.74it/s, loss=0.0652]
Ep  24 [train]:  15%|█▌        | 22/145 [00:09<01:02,  1.97it/s, loss=0.0652]
Ep  24 [train]:  15%|█▌        | 22/145 [00:09<01:02,  1.97it/s, loss=0.0721]
Ep  24 [train]:  16%|█▌        | 23/145 [00:09<00:48,  2.52it/s, loss=0.0721]
Ep  24 [train]:  16%|█▌        | 23/145 [00:10<00:48,  2.52it/s, loss=0.0790]
Ep  24 [train]:  17%|█▋        | 24/145 [00:10<01:03,  1.91it/s, loss=0.0790]
Ep  24 [train]:  17%|█▋        | 24/145 [00:10<01:03,  1.91it/s, loss=0.0677]
Ep  24 [train]:  17%|█▋        | 25/145 [00:10<00:49,  2.44it/s, loss=0.0677]
Ep  24 [train]:  17%|█▋        | 25/145 [00:11<00:49,  2.44it/s, loss=0.0670]
Ep  24 [train]:  18%|█▊        | 26/145 [00:11<01:03,  1.88it/s, loss=0.0670]
Ep  24 [train]:  18%|█▊        | 26/145 [00:11<01:03,  1.88it/s, loss=0.0704]
Ep  24 [train]:  19%|█▊        | 27/145 [00:11<00:48,  2.43it/s, loss=0.0704]
Ep  24 [train]:  19%|█▊        | 27/145 [00:12<00:48,  2.43it/s, loss=0.0775]
Ep  24 [train]:  19%|█▉        | 28/145 [00:12<00:59,  1.98it/s, loss=0.0775]
Ep  24 [train]:  19%|█▉        | 28/145 [00:12<00:59,  1.98it/s, loss=0.0739]
Ep  24 [train]:  20%|██        | 29/145 [00:12<00:45,  2.54it/s, loss=0.0739]
Ep  24 [train]:  20%|██        | 29/145 [00:12<00:45,  2.54it/s, loss=0.0675]
Ep  24 [train]:  21%|██        | 30/145 [00:12<00:58,  1.96it/s, loss=0.0675]
Ep  24 [train]:  21%|██        | 30/145 [00:13<00:58,  1.96it/s, loss=0.0839]
Ep  24 [train]:  21%|██▏       | 31/145 [00:13<00:45,  2.51it/s, loss=0.0839]
Ep  24 [train]:  21%|██▏       | 31/145 [00:13<00:45,  2.51it/s, loss=0.0739]
Ep  24 [train]:  22%|██▏       | 32/145 [00:13<00:55,  2.02it/s, loss=0.0739]
Ep  24 [train]:  22%|██▏       | 32/145 [00:13<00:55,  2.02it/s, loss=0.0704]
Ep  24 [train]:  23%|██▎       | 33/145 [00:13<00:44,  2.54it/s, loss=0.0704]
Ep  24 [train]:  23%|██▎       | 33/145 [00:14<00:44,  2.54it/s, loss=0.0693]
Ep  24 [train]:  23%|██▎       | 34/145 [00:14<00:55,  2.01it/s, loss=0.0693]
Ep  24 [train]:  23%|██▎       | 34/145 [00:14<00:55,  2.01it/s, loss=0.0760]
Ep  24 [train]:  24%|██▍       | 35/145 [00:14<00:42,  2.57it/s, loss=0.0760]
Ep  24 [train]:  24%|██▍       | 35/145 [00:15<00:42,  2.57it/s, loss=0.0651]
Ep  24 [train]:  25%|██▍       | 36/145 [00:15<00:53,  2.04it/s, loss=0.0651]
Ep  24 [train]:  25%|██▍       | 36/145 [00:15<00:53,  2.04it/s, loss=0.0718]
Ep  24 [train]:  26%|██▌       | 37/145 [00:15<00:41,  2.61it/s, loss=0.0718]
Ep  24 [train]:  26%|██▌       | 37/145 [00:16<00:41,  2.61it/s, loss=0.0696]
Ep  24 [train]:  26%|██▌       | 38/145 [00:16<00:51,  2.07it/s, loss=0.0696]
Ep  24 [train]:  26%|██▌       | 38/145 [00:16<00:51,  2.07it/s, loss=0.0693]
Ep  24 [train]:  27%|██▋       | 39/145 [00:16<00:40,  2.63it/s, loss=0.0693]
Ep  24 [train]:  27%|██▋       | 39/145 [00:17<00:40,  2.63it/s, loss=0.0715]
Ep  24 [train]:  28%|██▊       | 40/145 [00:17<00:52,  2.02it/s, loss=0.0715]
Ep  24 [train]:  28%|██▊       | 40/145 [00:17<00:52,  2.02it/s, loss=0.0698]
Ep  24 [train]:  28%|██▊       | 41/145 [00:17<00:40,  2.57it/s, loss=0.0698]
Ep  24 [train]:  28%|██▊       | 41/145 [00:18<00:40,  2.57it/s, loss=0.0786]
Ep  24 [train]:  29%|██▉       | 42/145 [00:18<00:50,  2.04it/s, loss=0.0786]
Ep  24 [train]:  29%|██▉       | 42/145 [00:18<00:50,  2.04it/s, loss=0.0705]
Ep  24 [train]:  30%|██▉       | 43/145 [00:18<00:39,  2.60it/s, loss=0.0705]
Ep  24 [train]:  30%|██▉       | 43/145 [00:19<00:39,  2.60it/s, loss=0.0710]
Ep  24 [train]:  30%|███       | 44/145 [00:19<00:48,  2.06it/s, loss=0.0710]
Ep  24 [train]:  30%|███       | 44/145 [00:19<00:48,  2.06it/s, loss=0.0752]
Ep  24 [train]:  31%|███       | 45/145 [00:19<00:38,  2.60it/s, loss=0.0752]
Ep  24 [train]:  31%|███       | 45/145 [00:19<00:38,  2.60it/s, loss=0.0694]
Ep  24 [train]:  32%|███▏      | 46/145 [00:19<00:46,  2.11it/s, loss=0.0694]
Ep  24 [train]:  32%|███▏      | 46/145 [00:19<00:46,  2.11it/s, loss=0.0676]
Ep  24 [train]:  32%|███▏      | 47/145 [00:19<00:36,  2.65it/s, loss=0.0676]
Ep  24 [train]:  32%|███▏      | 47/145 [00:20<00:36,  2.65it/s, loss=0.0728]
Ep  24 [train]:  33%|███▎      | 48/145 [00:20<00:47,  2.04it/s, loss=0.0728]
Ep  24 [train]:  33%|███▎      | 48/145 [00:20<00:47,  2.04it/s, loss=0.0667]
Ep  24 [train]:  34%|███▍      | 49/145 [00:20<00:36,  2.60it/s, loss=0.0667]
Ep  24 [train]:  34%|███▍      | 49/145 [00:21<00:36,  2.60it/s, loss=0.0668]
Ep  24 [train]:  34%|███▍      | 50/145 [00:21<00:49,  1.93it/s, loss=0.0668]
Ep  24 [train]:  34%|███▍      | 50/145 [00:21<00:49,  1.93it/s, loss=0.0742]
Ep  24 [train]:  35%|███▌      | 51/145 [00:21<00:37,  2.48it/s, loss=0.0742]
Ep  24 [train]:  35%|███▌      | 51/145 [00:22<00:37,  2.48it/s, loss=0.0703]
Ep  24 [train]:  36%|███▌      | 52/145 [00:22<00:46,  1.99it/s, loss=0.0703]
Ep  24 [train]:  36%|███▌      | 52/145 [00:22<00:46,  1.99it/s, loss=0.0681]
Ep  24 [train]:  37%|███▋      | 53/145 [00:22<00:36,  2.53it/s, loss=0.0681]
Ep  24 [train]:  37%|███▋      | 53/145 [00:23<00:36,  2.53it/s, loss=0.0710]
Ep  24 [train]:  37%|███▋      | 54/145 [00:23<00:47,  1.92it/s, loss=0.0710]
Ep  24 [train]:  37%|███▋      | 54/145 [00:23<00:47,  1.92it/s, loss=0.0717]
Ep  24 [train]:  38%|███▊      | 55/145 [00:23<00:37,  2.43it/s, loss=0.0717]
Ep  24 [train]:  38%|███▊      | 55/145 [00:24<00:37,  2.43it/s, loss=0.0768]
Ep  24 [train]:  39%|███▊      | 56/145 [00:24<00:43,  2.03it/s, loss=0.0768]
Ep  24 [train]:  39%|███▊      | 56/145 [00:24<00:43,  2.03it/s, loss=0.0670]
Ep  24 [train]:  39%|███▉      | 57/145 [00:24<00:33,  2.62it/s, loss=0.0670]
Ep  24 [train]:  39%|███▉      | 57/145 [00:25<00:33,  2.62it/s, loss=0.0737]
Ep  24 [train]:  40%|████      | 58/145 [00:25<00:41,  2.11it/s, loss=0.0737]
Ep  24 [train]:  40%|████      | 58/145 [00:25<00:41,  2.11it/s, loss=0.0702]
Ep  24 [train]:  41%|████      | 59/145 [00:25<00:31,  2.71it/s, loss=0.0702]
Ep  24 [train]:  41%|████      | 59/145 [00:26<00:31,  2.71it/s, loss=0.0876]
Ep  24 [train]:  41%|████▏     | 60/145 [00:26<00:43,  1.97it/s, loss=0.0876]
Ep  24 [train]:  41%|████▏     | 60/145 [00:26<00:43,  1.97it/s, loss=0.0658]
Ep  24 [train]:  42%|████▏     | 61/145 [00:26<00:32,  2.55it/s, loss=0.0658]
Ep  24 [train]:  42%|████▏     | 61/145 [00:26<00:32,  2.55it/s, loss=0.0692]
Ep  24 [train]:  43%|████▎     | 62/145 [00:26<00:40,  2.03it/s, loss=0.0692]
Ep  24 [train]:  43%|████▎     | 62/145 [00:27<00:40,  2.03it/s, loss=0.0704]
Ep  24 [train]:  43%|████▎     | 63/145 [00:27<00:31,  2.61it/s, loss=0.0704]
Ep  24 [train]:  43%|████▎     | 63/145 [00:27<00:31,  2.61it/s, loss=0.0715]
Ep  24 [train]:  44%|████▍     | 64/145 [00:27<00:41,  1.94it/s, loss=0.0715]
Ep  24 [train]:  44%|████▍     | 64/145 [00:28<00:41,  1.94it/s, loss=0.0681]
Ep  24 [train]:  45%|████▍     | 65/145 [00:28<00:31,  2.50it/s, loss=0.0681]
Ep  24 [train]:  45%|████▍     | 65/145 [00:28<00:31,  2.50it/s, loss=0.0741]
Ep  24 [train]:  46%|████▌     | 66/145 [00:28<00:41,  1.90it/s, loss=0.0741]
Ep  24 [train]:  46%|████▌     | 66/145 [00:29<00:41,  1.90it/s, loss=0.0734]
Ep  24 [train]:  46%|████▌     | 67/145 [00:29<00:32,  2.42it/s, loss=0.0734]
Ep  24 [train]:  46%|████▌     | 67/145 [00:29<00:32,  2.42it/s, loss=0.0660]
Ep  24 [train]:  47%|████▋     | 68/145 [00:29<00:38,  1.99it/s, loss=0.0660]
Ep  24 [train]:  47%|████▋     | 68/145 [00:29<00:38,  1.99it/s, loss=0.0720]
Ep  24 [train]:  48%|████▊     | 69/145 [00:29<00:29,  2.55it/s, loss=0.0720]
Ep  24 [train]:  48%|████▊     | 69/145 [00:30<00:29,  2.55it/s, loss=0.0672]
Ep  24 [train]:  48%|████▊     | 70/145 [00:30<00:37,  2.01it/s, loss=0.0672]
Ep  24 [train]:  48%|████▊     | 70/145 [00:30<00:37,  2.01it/s, loss=0.0736]
Ep  24 [train]:  49%|████▉     | 71/145 [00:30<00:29,  2.54it/s, loss=0.0736]
Ep  24 [train]:  49%|████▉     | 71/145 [00:31<00:29,  2.54it/s, loss=0.0678]
Ep  24 [train]:  50%|████▉     | 72/145 [00:31<00:35,  2.06it/s, loss=0.0678]
Ep  24 [train]:  50%|████▉     | 72/145 [00:31<00:35,  2.06it/s, loss=0.0699]
Ep  24 [train]:  50%|█████     | 73/145 [00:31<00:27,  2.58it/s, loss=0.0699]
Ep  24 [train]:  50%|█████     | 73/145 [00:32<00:27,  2.58it/s, loss=0.0641]
Ep  24 [train]:  51%|█████     | 74/145 [00:32<00:37,  1.90it/s, loss=0.0641]
Ep  24 [train]:  51%|█████     | 74/145 [00:32<00:37,  1.90it/s, loss=0.0665]
Ep  24 [train]:  52%|█████▏    | 75/145 [00:32<00:30,  2.33it/s, loss=0.0665]
Ep  24 [train]:  52%|█████▏    | 75/145 [00:33<00:30,  2.33it/s, loss=0.0771]
Ep  24 [train]:  52%|█████▏    | 76/145 [00:33<00:36,  1.90it/s, loss=0.0771]
Ep  24 [train]:  52%|█████▏    | 76/145 [00:33<00:36,  1.90it/s, loss=0.0679]
Ep  24 [train]:  53%|█████▎    | 77/145 [00:33<00:27,  2.45it/s, loss=0.0679]
Ep  24 [train]:  53%|█████▎    | 77/145 [00:34<00:27,  2.45it/s, loss=0.0716]
Ep  24 [train]:  54%|█████▍    | 78/145 [00:34<00:34,  1.94it/s, loss=0.0716]
Ep  24 [train]:  54%|█████▍    | 78/145 [00:34<00:34,  1.94it/s, loss=0.0676]
Ep  24 [train]:  54%|█████▍    | 79/145 [00:34<00:26,  2.48it/s, loss=0.0676]
Ep  24 [train]:  54%|█████▍    | 79/145 [00:35<00:26,  2.48it/s, loss=0.0836]
Ep  24 [train]:  55%|█████▌    | 80/145 [00:35<00:30,  2.13it/s, loss=0.0836]
Ep  24 [train]:  55%|█████▌    | 80/145 [00:35<00:30,  2.13it/s, loss=0.0671]
Ep  24 [train]:  56%|█████▌    | 81/145 [00:35<00:23,  2.71it/s, loss=0.0671]
Ep  24 [train]:  56%|█████▌    | 81/145 [00:35<00:23,  2.71it/s, loss=0.0731]
Ep  24 [train]:  57%|█████▋    | 82/145 [00:35<00:28,  2.25it/s, loss=0.0731]
Ep  24 [train]:  57%|█████▋    | 82/145 [00:36<00:28,  2.25it/s, loss=0.0717]
Ep  24 [train]:  57%|█████▋    | 83/145 [00:36<00:21,  2.83it/s, loss=0.0717]
Ep  24 [train]:  57%|█████▋    | 83/145 [00:36<00:21,  2.83it/s, loss=0.0706]
Ep  24 [train]:  58%|█████▊    | 84/145 [00:36<00:28,  2.16it/s, loss=0.0706]
Ep  24 [train]:  58%|█████▊    | 84/145 [00:36<00:28,  2.16it/s, loss=0.0682]
Ep  24 [train]:  59%|█████▊    | 85/145 [00:36<00:21,  2.73it/s, loss=0.0682]
Ep  24 [train]:  59%|█████▊    | 85/145 [00:37<00:21,  2.73it/s, loss=0.0687]
Ep  24 [train]:  59%|█████▉    | 86/145 [00:37<00:27,  2.11it/s, loss=0.0687]
Ep  24 [train]:  59%|█████▉    | 86/145 [00:37<00:27,  2.11it/s, loss=0.0679]
Ep  24 [train]:  60%|██████    | 87/145 [00:37<00:21,  2.69it/s, loss=0.0679]
Ep  24 [train]:  60%|██████    | 87/145 [00:38<00:21,  2.69it/s, loss=0.0710]
Ep  24 [train]:  61%|██████    | 88/145 [00:38<00:27,  2.08it/s, loss=0.0710]
Ep  24 [train]:  61%|██████    | 88/145 [00:38<00:27,  2.08it/s, loss=0.0680]
Ep  24 [train]:  61%|██████▏   | 89/145 [00:38<00:21,  2.62it/s, loss=0.0680]
Ep  24 [train]:  61%|██████▏   | 89/145 [00:39<00:21,  2.62it/s, loss=0.0687]
Ep  24 [train]:  62%|██████▏   | 90/145 [00:39<00:25,  2.15it/s, loss=0.0687]
Ep  24 [train]:  62%|██████▏   | 90/145 [00:39<00:25,  2.15it/s, loss=0.0729]
Ep  24 [train]:  63%|██████▎   | 91/145 [00:39<00:19,  2.70it/s, loss=0.0729]
Ep  24 [train]:  63%|██████▎   | 91/145 [00:40<00:19,  2.70it/s, loss=0.0750]
Ep  24 [train]:  63%|██████▎   | 92/145 [00:40<00:24,  2.17it/s, loss=0.0750]
Ep  24 [train]:  63%|██████▎   | 92/145 [00:40<00:24,  2.17it/s, loss=0.0719]
Ep  24 [train]:  64%|██████▍   | 93/145 [00:40<00:18,  2.79it/s, loss=0.0719]
Ep  24 [train]:  64%|██████▍   | 93/145 [00:40<00:18,  2.79it/s, loss=0.0752]
Ep  24 [train]:  65%|██████▍   | 94/145 [00:40<00:23,  2.16it/s, loss=0.0752]
Ep  24 [train]:  65%|██████▍   | 94/145 [00:41<00:23,  2.16it/s, loss=0.0798]
Ep  24 [train]:  66%|██████▌   | 95/145 [00:41<00:18,  2.76it/s, loss=0.0798]
Ep  24 [train]:  66%|██████▌   | 95/145 [00:41<00:18,  2.76it/s, loss=0.0679]
Ep  24 [train]:  66%|██████▌   | 96/145 [00:41<00:23,  2.09it/s, loss=0.0679]
Ep  24 [train]:  66%|██████▌   | 96/145 [00:41<00:23,  2.09it/s, loss=0.0768]
Ep  24 [train]:  67%|██████▋   | 97/145 [00:41<00:18,  2.63it/s, loss=0.0768]
Ep  24 [train]:  67%|██████▋   | 97/145 [00:42<00:18,  2.63it/s, loss=0.0712]
Ep  24 [train]:  68%|██████▊   | 98/145 [00:42<00:20,  2.28it/s, loss=0.0712]
Ep  24 [train]:  68%|██████▊   | 98/145 [00:42<00:20,  2.28it/s, loss=0.0686]
Ep  24 [train]:  68%|██████▊   | 99/145 [00:42<00:15,  2.91it/s, loss=0.0686]
Ep  24 [train]:  68%|██████▊   | 99/145 [00:43<00:15,  2.91it/s, loss=0.0751]
Ep  24 [train]:  69%|██████▉   | 100/145 [00:43<00:18,  2.45it/s, loss=0.0751]
Ep  24 [train]:  69%|██████▉   | 100/145 [00:43<00:18,  2.45it/s, loss=0.0806]
Ep  24 [train]:  70%|██████▉   | 101/145 [00:43<00:14,  3.12it/s, loss=0.0806]
Ep  24 [train]:  70%|██████▉   | 101/145 [00:43<00:14,  3.12it/s, loss=0.0676]
Ep  24 [train]:  70%|███████   | 102/145 [00:43<00:17,  2.47it/s, loss=0.0676]
Ep  24 [train]:  70%|███████   | 102/145 [00:44<00:17,  2.47it/s, loss=0.0795]
Ep  24 [train]:  71%|███████   | 103/145 [00:44<00:13,  3.12it/s, loss=0.0795]
Ep  24 [train]:  71%|███████   | 103/145 [00:44<00:13,  3.12it/s, loss=0.0656]
Ep  24 [train]:  72%|███████▏  | 104/145 [00:44<00:16,  2.44it/s, loss=0.0656]
Ep  24 [train]:  72%|███████▏  | 104/145 [00:44<00:16,  2.44it/s, loss=0.0649]
Ep  24 [train]:  72%|███████▏  | 105/145 [00:44<00:13,  3.04it/s, loss=0.0649]
Ep  24 [train]:  72%|███████▏  | 105/145 [00:45<00:13,  3.04it/s, loss=0.0639]
Ep  24 [train]:  73%|███████▎  | 106/145 [00:45<00:16,  2.36it/s, loss=0.0639]
Ep  24 [train]:  73%|███████▎  | 106/145 [00:45<00:16,  2.36it/s, loss=0.0734]
Ep  24 [train]:  74%|███████▍  | 107/145 [00:45<00:12,  2.96it/s, loss=0.0734]
Ep  24 [train]:  74%|███████▍  | 107/145 [00:46<00:12,  2.96it/s, loss=0.0714]
Ep  24 [train]:  74%|███████▍  | 108/145 [00:46<00:16,  2.27it/s, loss=0.0714]
Ep  24 [train]:  74%|███████▍  | 108/145 [00:46<00:16,  2.27it/s, loss=0.0835]
Ep  24 [train]:  75%|███████▌  | 109/145 [00:46<00:12,  2.83it/s, loss=0.0835]
Ep  24 [train]:  75%|███████▌  | 109/145 [00:47<00:12,  2.83it/s, loss=0.0715]
Ep  24 [train]:  76%|███████▌  | 110/145 [00:47<00:15,  2.21it/s, loss=0.0715]
Ep  24 [train]:  76%|███████▌  | 110/145 [00:47<00:15,  2.21it/s, loss=0.0712]
Ep  24 [train]:  77%|███████▋  | 111/145 [00:47<00:12,  2.82it/s, loss=0.0712]
Ep  24 [train]:  77%|███████▋  | 111/145 [00:47<00:12,  2.82it/s, loss=0.0683]
Ep  24 [train]:  77%|███████▋  | 112/145 [00:47<00:14,  2.22it/s, loss=0.0683]
Ep  24 [train]:  77%|███████▋  | 112/145 [00:48<00:14,  2.22it/s, loss=0.0720]
Ep  24 [train]:  78%|███████▊  | 113/145 [00:48<00:11,  2.79it/s, loss=0.0720]
Ep  24 [train]:  78%|███████▊  | 113/145 [00:48<00:11,  2.79it/s, loss=0.0648]
Ep  24 [train]:  79%|███████▊  | 114/145 [00:48<00:14,  2.19it/s, loss=0.0648]
Ep  24 [train]:  79%|███████▊  | 114/145 [00:48<00:14,  2.19it/s, loss=0.0699]
Ep  24 [train]:  79%|███████▉  | 115/145 [00:48<00:11,  2.71it/s, loss=0.0699]
Ep  24 [train]:  79%|███████▉  | 115/145 [00:49<00:11,  2.71it/s, loss=0.0738]
Ep  24 [train]:  80%|████████  | 116/145 [00:49<00:12,  2.24it/s, loss=0.0738]
Ep  24 [train]:  80%|████████  | 116/145 [00:49<00:12,  2.24it/s, loss=0.0815]
Ep  24 [train]:  81%|████████  | 117/145 [00:49<00:09,  2.85it/s, loss=0.0815]
Ep  24 [train]:  81%|████████  | 117/145 [00:50<00:09,  2.85it/s, loss=0.0757]
Ep  24 [train]:  81%|████████▏ | 118/145 [00:50<00:12,  2.22it/s, loss=0.0757]
Ep  24 [train]:  81%|████████▏ | 118/145 [00:50<00:12,  2.22it/s, loss=0.0698]
Ep  24 [train]:  82%|████████▏ | 119/145 [00:50<00:09,  2.79it/s, loss=0.0698]
Ep  24 [train]:  82%|████████▏ | 119/145 [00:51<00:09,  2.79it/s, loss=0.0677]
Ep  24 [train]:  83%|████████▎ | 120/145 [00:51<00:11,  2.21it/s, loss=0.0677]
Ep  24 [train]:  83%|████████▎ | 120/145 [00:51<00:11,  2.21it/s, loss=0.0656]
Ep  24 [train]:  83%|████████▎ | 121/145 [00:51<00:08,  2.81it/s, loss=0.0656]
Ep  24 [train]:  83%|████████▎ | 121/145 [00:51<00:08,  2.81it/s, loss=0.0672]
Ep  24 [train]:  84%|████████▍ | 122/145 [00:51<00:10,  2.27it/s, loss=0.0672]
Ep  24 [train]:  84%|████████▍ | 122/145 [00:52<00:10,  2.27it/s, loss=0.0750]
Ep  24 [train]:  85%|████████▍ | 123/145 [00:52<00:07,  2.88it/s, loss=0.0750]
Ep  24 [train]:  85%|████████▍ | 123/145 [00:52<00:07,  2.88it/s, loss=0.0659]
Ep  24 [train]:  86%|████████▌ | 124/145 [00:52<00:09,  2.32it/s, loss=0.0659]
Ep  24 [train]:  86%|████████▌ | 124/145 [00:52<00:09,  2.32it/s, loss=0.0785]
Ep  24 [train]:  86%|████████▌ | 125/145 [00:52<00:06,  2.93it/s, loss=0.0785]
Ep  24 [train]:  86%|████████▌ | 125/145 [00:53<00:06,  2.93it/s, loss=0.0707]
Ep  24 [train]:  87%|████████▋ | 126/145 [00:53<00:07,  2.40it/s, loss=0.0707]
Ep  24 [train]:  87%|████████▋ | 126/145 [00:53<00:07,  2.40it/s, loss=0.0686]
Ep  24 [train]:  88%|████████▊ | 127/145 [00:53<00:05,  3.06it/s, loss=0.0686]
Ep  24 [train]:  88%|████████▊ | 127/145 [00:54<00:05,  3.06it/s, loss=0.0696]
Ep  24 [train]:  88%|████████▊ | 128/145 [00:54<00:07,  2.33it/s, loss=0.0696]
Ep  24 [train]:  88%|████████▊ | 128/145 [00:54<00:07,  2.33it/s, loss=0.0647]
Ep  24 [train]:  89%|████████▉ | 129/145 [00:54<00:05,  2.93it/s, loss=0.0647]
Ep  24 [train]:  89%|████████▉ | 129/145 [00:55<00:05,  2.93it/s, loss=0.0702]
Ep  24 [train]:  90%|████████▉ | 130/145 [00:55<00:07,  2.12it/s, loss=0.0702]
Ep  24 [train]:  90%|████████▉ | 130/145 [00:55<00:07,  2.12it/s, loss=0.0671]
Ep  24 [train]:  90%|█████████ | 131/145 [00:55<00:05,  2.71it/s, loss=0.0671]
Ep  24 [train]:  90%|█████████ | 131/145 [00:56<00:05,  2.71it/s, loss=0.0738]
Ep  24 [train]:  91%|█████████ | 132/145 [00:56<00:06,  1.96it/s, loss=0.0738]
Ep  24 [train]:  91%|█████████ | 132/145 [00:56<00:06,  1.96it/s, loss=0.0691]
Ep  24 [train]:  92%|█████████▏| 133/145 [00:56<00:04,  2.51it/s, loss=0.0691]
Ep  24 [train]:  92%|█████████▏| 133/145 [00:56<00:04,  2.51it/s, loss=0.0683]
Ep  24 [train]:  92%|█████████▏| 134/145 [00:56<00:05,  1.99it/s, loss=0.0683]
Ep  24 [train]:  92%|█████████▏| 134/145 [00:57<00:05,  1.99it/s, loss=0.0756]
Ep  24 [train]:  93%|█████████▎| 135/145 [00:57<00:03,  2.50it/s, loss=0.0756]
Ep  24 [train]:  93%|█████████▎| 135/145 [00:57<00:03,  2.50it/s, loss=0.0714]
Ep  24 [train]:  94%|█████████▍| 136/145 [00:57<00:04,  1.99it/s, loss=0.0714]
Ep  24 [train]:  94%|█████████▍| 136/145 [00:57<00:04,  1.99it/s, loss=0.0676]
Ep  24 [train]:  94%|█████████▍| 137/145 [00:57<00:03,  2.53it/s, loss=0.0676]
Ep  24 [train]:  94%|█████████▍| 137/145 [00:58<00:03,  2.53it/s, loss=0.0687]
Ep  24 [train]:  95%|█████████▌| 138/145 [00:58<00:03,  2.04it/s, loss=0.0687]
Ep  24 [train]:  95%|█████████▌| 138/145 [00:58<00:03,  2.04it/s, loss=0.0767]
Ep  24 [train]:  96%|█████████▌| 139/145 [00:58<00:02,  2.61it/s, loss=0.0767]
Ep  24 [train]:  96%|█████████▌| 139/145 [00:59<00:02,  2.61it/s, loss=0.0726]
Ep  24 [train]:  97%|█████████▋| 140/145 [00:59<00:02,  1.95it/s, loss=0.0726]
Ep  24 [train]:  97%|█████████▋| 140/145 [00:59<00:02,  1.95it/s, loss=0.0815]
Ep  24 [train]:  97%|█████████▋| 141/145 [00:59<00:01,  2.45it/s, loss=0.0815]
Ep  24 [train]:  97%|█████████▋| 141/145 [01:00<00:01,  2.45it/s, loss=0.0687]
Ep  24 [train]:  98%|█████████▊| 142/145 [01:00<00:01,  1.82it/s, loss=0.0687]
Ep  24 [train]:  98%|█████████▊| 142/145 [01:00<00:01,  1.82it/s, loss=0.0691]
Ep  24 [train]:  99%|█████████▊| 143/145 [01:00<00:00,  2.34it/s, loss=0.0691]
Ep  24 [train]:  99%|█████████▊| 143/145 [01:01<00:00,  2.34it/s, loss=0.0732]
Ep  24 [train]:  99%|█████████▉| 144/145 [01:01<00:00,  1.98it/s, loss=0.0732]
Ep  24 [train]:  99%|█████████▉| 144/145 [01:01<00:00,  1.98it/s, loss=0.0763]
Ep  24 [train]: 100%|██████████| 145/145 [01:01<00:00,  2.54it/s, loss=0.0763]
                                                                              
  Ep  24 [train]  loss=0.0713  rmse_c=0.2375  mae_c=0.2151  r2_c=0.027  rmse_h=0.2936  mae_h=0.2163  r2_h=0.499  sup=0.327

Ep  24 [val  ]:   0%|          | 0/39 [00:00<?, ?it/s]
Ep  24 [val  ]:   0%|          | 0/39 [00:00<?, ?it/s, loss=0.0923]
Ep  24 [val  ]:   3%|▎         | 1/39 [00:00<00:31,  1.21it/s, loss=0.0923]
Ep  24 [val  ]:   3%|▎         | 1/39 [00:01<00:31,  1.21it/s, loss=0.0865]
Ep  24 [val  ]:   5%|▌         | 2/39 [00:01<00:17,  2.12it/s, loss=0.0865]
Ep  24 [val  ]:   5%|▌         | 2/39 [00:01<00:17,  2.12it/s, loss=0.0725]
Ep  24 [val  ]:   8%|▊         | 3/39 [00:01<00:17,  2.10it/s, loss=0.0725]
Ep  24 [val  ]:   8%|▊         | 3/39 [00:01<00:17,  2.10it/s, loss=0.0679]
Ep  24 [val  ]:  10%|█         | 4/39 [00:01<00:15,  2.28it/s, loss=0.0679]
Ep  24 [val  ]:  10%|█         | 4/39 [00:02<00:15,  2.28it/s, loss=0.0728]
Ep  24 [val  ]:  13%|█▎        | 5/39 [00:02<00:13,  2.52it/s, loss=0.0728]
Ep  24 [val  ]:  13%|█▎        | 5/39 [00:02<00:13,  2.52it/s, loss=0.0746]
Ep  24 [val  ]:  15%|█▌        | 6/39 [00:02<00:14,  2.27it/s, loss=0.0746]
Ep  24 [val  ]:  15%|█▌        | 6/39 [00:02<00:14,  2.27it/s, loss=0.0694]
Ep  24 [val  ]:  18%|█▊        | 7/39 [00:02<00:11,  2.81it/s, loss=0.0694]
Ep  24 [val  ]:  18%|█▊        | 7/39 [00:03<00:11,  2.81it/s, loss=0.0690]
Ep  24 [val  ]:  21%|██        | 8/39 [00:03<00:15,  2.04it/s, loss=0.0690]
Ep  24 [val  ]:  21%|██        | 8/39 [00:03<00:15,  2.04it/s, loss=0.0674]
Ep  24 [val  ]:  21%|██        | 8/39 [00:04<00:15,  2.04it/s, loss=0.0668]
Ep  24 [val  ]:  26%|██▌       | 10/39 [00:04<00:14,  2.05it/s, loss=0.0668]
Ep  24 [val  ]:  26%|██▌       | 10/39 [00:04<00:14,  2.05it/s, loss=0.0679]
Ep  24 [val  ]:  26%|██▌       | 10/39 [00:05<00:14,  2.05it/s, loss=0.0709]
Ep  24 [val  ]:  31%|███       | 12/39 [00:05<00:12,  2.19it/s, loss=0.0709]
Ep  24 [val  ]:  31%|███       | 12/39 [00:05<00:12,  2.19it/s, loss=0.0732]
Ep  24 [val  ]:  31%|███       | 12/39 [00:06<00:12,  2.19it/s, loss=0.0806]
Ep  24 [val  ]:  36%|███▌      | 14/39 [00:06<00:11,  2.21it/s, loss=0.0806]
Ep  24 [val  ]:  36%|███▌      | 14/39 [00:06<00:11,  2.21it/s, loss=0.0916]
Ep  24 [val  ]:  36%|███▌      | 14/39 [00:07<00:11,  2.21it/s, loss=0.0901]
Ep  24 [val  ]:  41%|████      | 16/39 [00:07<00:10,  2.20it/s, loss=0.0901]
Ep  24 [val  ]:  41%|████      | 16/39 [00:07<00:10,  2.20it/s, loss=0.0908]
Ep  24 [val  ]:  41%|████      | 16/39 [00:08<00:10,  2.20it/s, loss=0.0792]
Ep  24 [val  ]:  46%|████▌     | 18/39 [00:08<00:09,  2.21it/s, loss=0.0792]
Ep  24 [val  ]:  46%|████▌     | 18/39 [00:08<00:09,  2.21it/s, loss=0.0734]
Ep  24 [val  ]:  46%|████▌     | 18/39 [00:08<00:09,  2.21it/s, loss=0.0638]
Ep  24 [val  ]:  51%|█████▏    | 20/39 [00:08<00:08,  2.32it/s, loss=0.0638]
Ep  24 [val  ]:  51%|█████▏    | 20/39 [00:09<00:08,  2.32it/s, loss=0.0564]
Ep  24 [val  ]:  51%|█████▏    | 20/39 [00:09<00:08,  2.32it/s, loss=0.0637]
Ep  24 [val  ]:  56%|█████▋    | 22/39 [00:09<00:07,  2.33it/s, loss=0.0637]
Ep  24 [val  ]:  56%|█████▋    | 22/39 [00:09<00:07,  2.33it/s, loss=0.0596]
Ep  24 [val  ]:  56%|█████▋    | 22/39 [00:10<00:07,  2.33it/s, loss=0.0606]
Ep  24 [val  ]:  62%|██████▏   | 24/39 [00:10<00:06,  2.33it/s, loss=0.0606]
Ep  24 [val  ]:  62%|██████▏   | 24/39 [00:10<00:06,  2.33it/s, loss=0.0625]
Ep  24 [val  ]:  62%|██████▏   | 24/39 [00:11<00:06,  2.33it/s, loss=0.0688]
Ep  24 [val  ]:  67%|██████▋   | 26/39 [00:11<00:05,  2.38it/s, loss=0.0688]
Ep  24 [val  ]:  67%|██████▋   | 26/39 [00:11<00:05,  2.38it/s, loss=0.0759]
Ep  24 [val  ]:  67%|██████▋   | 26/39 [00:12<00:05,  2.38it/s, loss=0.1157]
Ep  24 [val  ]:  72%|███████▏  | 28/39 [00:12<00:04,  2.31it/s, loss=0.1157]
Ep  24 [val  ]:  72%|███████▏  | 28/39 [00:12<00:04,  2.31it/s, loss=0.0889]
Ep  24 [val  ]:  72%|███████▏  | 28/39 [00:13<00:04,  2.31it/s, loss=0.0812]
Ep  24 [val  ]:  77%|███████▋  | 30/39 [00:13<00:03,  2.37it/s, loss=0.0812]
Ep  24 [val  ]:  77%|███████▋  | 30/39 [00:13<00:03,  2.37it/s, loss=0.0768]
Ep  24 [val  ]:  77%|███████▋  | 30/39 [00:14<00:03,  2.37it/s, loss=0.0699]
Ep  24 [val  ]:  82%|████████▏ | 32/39 [00:14<00:02,  2.38it/s, loss=0.0699]
Ep  24 [val  ]:  82%|████████▏ | 32/39 [00:14<00:02,  2.38it/s, loss=0.0707]
Ep  24 [val  ]:  82%|████████▏ | 32/39 [00:14<00:02,  2.38it/s, loss=0.0712]
Ep  24 [val  ]:  87%|████████▋ | 34/39 [00:14<00:02,  2.31it/s, loss=0.0712]
Ep  24 [val  ]:  87%|████████▋ | 34/39 [00:15<00:02,  2.31it/s, loss=0.0750]
Ep  24 [val  ]:  87%|████████▋ | 34/39 [00:15<00:02,  2.31it/s, loss=0.0696]
Ep  24 [val  ]:  92%|█████████▏| 36/39 [00:15<00:01,  2.30it/s, loss=0.0696]
Ep  24 [val  ]:  92%|█████████▏| 36/39 [00:15<00:01,  2.30it/s, loss=0.0680]
Ep  24 [val  ]:  92%|█████████▏| 36/39 [00:16<00:01,  2.30it/s, loss=0.0601]
Ep  24 [val  ]:  97%|█████████▋| 38/39 [00:16<00:00,  2.32it/s, loss=0.0601]
Ep  24 [val  ]:  97%|█████████▋| 38/39 [00:16<00:00,  2.32it/s, loss=0.0714]
                                                                            
  Ep  24 [val  ]  loss=0.0740  rmse_c=0.2428  mae_c=0.2185  r2_c=0.031  rmse_h=0.2972  mae_h=0.2196  r2_h=0.449  sup=0.308
  [new best] combined_val_rmse=0.2700

Ep  25 [train]:   0%|          | 0/145 [00:00<?, ?it/s]
Ep  25 [train]:   0%|          | 0/145 [00:00<?, ?it/s, loss=0.0786]
Ep  25 [train]:   1%|          | 1/145 [00:00<02:12,  1.08it/s, loss=0.0786]
Ep  25 [train]:   1%|          | 1/145 [00:01<02:12,  1.08it/s, loss=0.0654]
Ep  25 [train]:   1%|▏         | 2/145 [00:01<01:06,  2.15it/s, loss=0.0654]
Ep  25 [train]:   1%|▏         | 2/145 [00:01<01:06,  2.15it/s, loss=0.0760]
Ep  25 [train]:   2%|▏         | 3/145 [00:01<01:12,  1.97it/s, loss=0.0760]
Ep  25 [train]:   2%|▏         | 3/145 [00:01<01:12,  1.97it/s, loss=0.0687]
Ep  25 [train]:   3%|▎         | 4/145 [00:01<00:50,  2.80it/s, loss=0.0687]
Ep  25 [train]:   3%|▎         | 4/145 [00:02<00:50,  2.80it/s, loss=0.0780]
Ep  25 [train]:   3%|▎         | 5/145 [00:02<01:00,  2.30it/s, loss=0.0780]
Ep  25 [train]:   3%|▎         | 5/145 [00:02<01:00,  2.30it/s, loss=0.0804]
Ep  25 [train]:   4%|▍         | 6/145 [00:02<00:45,  3.03it/s, loss=0.0804]
Ep  25 [train]:   4%|▍         | 6/145 [00:03<00:45,  3.03it/s, loss=0.0762]
Ep  25 [train]:   5%|▍         | 7/145 [00:03<00:57,  2.38it/s, loss=0.0762]
Ep  25 [train]:   5%|▍         | 7/145 [00:03<00:57,  2.38it/s, loss=0.0725]
Ep  25 [train]:   6%|▌         | 8/145 [00:03<00:44,  3.06it/s, loss=0.0725]
Ep  25 [train]:   6%|▌         | 8/145 [00:03<00:44,  3.06it/s, loss=0.0718]
Ep  25 [train]:   6%|▌         | 9/145 [00:03<01:00,  2.25it/s, loss=0.0718]
Ep  25 [train]:   6%|▌         | 9/145 [00:04<01:00,  2.25it/s, loss=0.0744]
Ep  25 [train]:   7%|▋         | 10/145 [00:04<00:47,  2.87it/s, loss=0.0744]
Ep  25 [train]:   7%|▋         | 10/145 [00:04<00:47,  2.87it/s, loss=0.0721]
Ep  25 [train]:   8%|▊         | 11/145 [00:04<00:54,  2.46it/s, loss=0.0721]
Ep  25 [train]:   8%|▊         | 11/145 [00:04<00:54,  2.46it/s, loss=0.0774]
Ep  25 [train]:   8%|▊         | 12/145 [00:04<00:42,  3.11it/s, loss=0.0774]
Ep  25 [train]:   8%|▊         | 12/145 [00:05<00:42,  3.11it/s, loss=0.0741]
Ep  25 [train]:   9%|▉         | 13/145 [00:05<00:53,  2.47it/s, loss=0.0741]
Ep  25 [train]:   9%|▉         | 13/145 [00:05<00:53,  2.47it/s, loss=0.0665]
Ep  25 [train]:  10%|▉         | 14/145 [00:05<00:41,  3.14it/s, loss=0.0665]
Ep  25 [train]:  10%|▉         | 14/145 [00:06<00:41,  3.14it/s, loss=0.0673]
Ep  25 [train]:  10%|█         | 15/145 [00:06<00:53,  2.44it/s, loss=0.0673]
Ep  25 [train]:  10%|█         | 15/145 [00:06<00:53,  2.44it/s, loss=0.0686]
Ep  25 [train]:  11%|█         | 16/145 [00:06<00:47,  2.72it/s, loss=0.0686]
Ep  25 [train]:  11%|█         | 16/145 [00:06<00:47,  2.72it/s, loss=0.0681]
Ep  25 [train]:  12%|█▏        | 17/145 [00:06<00:50,  2.54it/s, loss=0.0681]
Ep  25 [train]:  12%|█▏        | 17/145 [00:07<00:50,  2.54it/s, loss=0.0739]
Ep  25 [train]:  12%|█▏        | 18/145 [00:07<00:50,  2.52it/s, loss=0.0739]
Ep  25 [train]:  12%|█▏        | 18/145 [00:07<00:50,  2.52it/s, loss=0.0693]
Ep  25 [train]:  13%|█▎        | 19/145 [00:07<00:46,  2.73it/s, loss=0.0693]
Ep  25 [train]:  13%|█▎        | 19/145 [00:08<00:46,  2.73it/s, loss=0.0687]
Ep  25 [train]:  14%|█▍        | 20/145 [00:08<00:55,  2.25it/s, loss=0.0687]
Ep  25 [train]:  14%|█▍        | 20/145 [00:08<00:55,  2.25it/s, loss=0.0735]
Ep  25 [train]:  14%|█▍        | 21/145 [00:08<00:43,  2.86it/s, loss=0.0735]
Ep  25 [train]:  14%|█▍        | 21/145 [00:08<00:43,  2.86it/s, loss=0.0736]
Ep  25 [train]:  15%|█▌        | 22/145 [00:08<00:56,  2.16it/s, loss=0.0736]
Ep  25 [train]:  15%|█▌        | 22/145 [00:09<00:56,  2.16it/s, loss=0.0665]
Ep  25 [train]:  16%|█▌        | 23/145 [00:09<00:45,  2.70it/s, loss=0.0665]
Ep  25 [train]:  16%|█▌        | 23/145 [00:09<00:45,  2.70it/s, loss=0.0717]
Ep  25 [train]:  17%|█▋        | 24/145 [00:09<00:57,  2.11it/s, loss=0.0717]
Ep  25 [train]:  17%|█▋        | 24/145 [00:09<00:57,  2.11it/s, loss=0.0726]
Ep  25 [train]:  17%|█▋        | 25/145 [00:09<00:44,  2.69it/s, loss=0.0726]
Ep  25 [train]:  17%|█▋        | 25/145 [00:10<00:44,  2.69it/s, loss=0.0698]
Ep  25 [train]:  18%|█▊        | 26/145 [00:10<00:58,  2.03it/s, loss=0.0698]
Ep  25 [train]:  18%|█▊        | 26/145 [00:10<00:58,  2.03it/s, loss=0.0728]
Ep  25 [train]:  19%|█▊        | 27/145 [00:10<00:45,  2.58it/s, loss=0.0728]
Ep  25 [train]:  19%|█▊        | 27/145 [00:11<00:45,  2.58it/s, loss=0.0723]
Ep  25 [train]:  19%|█▉        | 28/145 [00:11<00:58,  2.01it/s, loss=0.0723]
Ep  25 [train]:  19%|█▉        | 28/145 [00:11<00:58,  2.01it/s, loss=0.0659]
Ep  25 [train]:  20%|██        | 29/145 [00:11<00:44,  2.60it/s, loss=0.0659]
Ep  25 [train]:  20%|██        | 29/145 [00:12<00:44,  2.60it/s, loss=0.0785]
Ep  25 [train]:  21%|██        | 30/145 [00:12<00:56,  2.02it/s, loss=0.0785]
Ep  25 [train]:  21%|██        | 30/145 [00:12<00:56,  2.02it/s, loss=0.0764]
Ep  25 [train]:  21%|██▏       | 31/145 [00:12<00:44,  2.57it/s, loss=0.0764]
Ep  25 [train]:  21%|██▏       | 31/145 [00:13<00:44,  2.57it/s, loss=0.0734]
Ep  25 [train]:  22%|██▏       | 32/145 [00:13<00:58,  1.92it/s, loss=0.0734]
Ep  25 [train]:  22%|██▏       | 32/145 [00:13<00:58,  1.92it/s, loss=0.0738]
Ep  25 [train]:  23%|██▎       | 33/145 [00:13<00:45,  2.46it/s, loss=0.0738]
Ep  25 [train]:  23%|██▎       | 33/145 [00:14<00:45,  2.46it/s, loss=0.0677]
Ep  25 [train]:  23%|██▎       | 34/145 [00:14<00:55,  2.01it/s, loss=0.0677]
Ep  25 [train]:  23%|██▎       | 34/145 [00:14<00:55,  2.01it/s, loss=0.0689]
Ep  25 [train]:  24%|██▍       | 35/145 [00:14<00:43,  2.53it/s, loss=0.0689]
Ep  25 [train]:  24%|██▍       | 35/145 [00:15<00:43,  2.53it/s, loss=0.0782]
Ep  25 [train]:  25%|██▍       | 36/145 [00:15<00:53,  2.03it/s, loss=0.0782]
Ep  25 [train]:  25%|██▍       | 36/145 [00:15<00:53,  2.03it/s, loss=0.0738]
Ep  25 [train]:  26%|██▌       | 37/145 [00:15<00:41,  2.59it/s, loss=0.0738]
Ep  25 [train]:  26%|██▌       | 37/145 [00:16<00:41,  2.59it/s, loss=0.0762]
Ep  25 [train]:  26%|██▌       | 38/145 [00:16<00:52,  2.02it/s, loss=0.0762]
Ep  25 [train]:  26%|██▌       | 38/145 [00:16<00:52,  2.02it/s, loss=0.0726]
Ep  25 [train]:  27%|██▋       | 39/145 [00:16<00:40,  2.60it/s, loss=0.0726]
Ep  25 [train]:  27%|██▋       | 39/145 [00:16<00:40,  2.60it/s, loss=0.0758]
Ep  25 [train]:  28%|██▊       | 40/145 [00:16<00:52,  2.00it/s, loss=0.0758]
Ep  25 [train]:  28%|██▊       | 40/145 [00:17<00:52,  2.00it/s, loss=0.0729]
Ep  25 [train]:  28%|██▊       | 41/145 [00:17<00:40,  2.54it/s, loss=0.0729]
Ep  25 [train]:  28%|██▊       | 41/145 [00:17<00:40,  2.54it/s, loss=0.0767]
Ep  25 [train]:  29%|██▉       | 42/145 [00:17<00:52,  1.96it/s, loss=0.0767]
Ep  25 [train]:  29%|██▉       | 42/145 [00:18<00:52,  1.96it/s, loss=0.0719]
Ep  25 [train]:  30%|██▉       | 43/145 [00:18<00:41,  2.47it/s, loss=0.0719]
Ep  25 [train]:  30%|██▉       | 43/145 [00:18<00:41,  2.47it/s, loss=0.0642]
Ep  25 [train]:  30%|███       | 44/145 [00:18<00:50,  2.01it/s, loss=0.0642]
Ep  25 [train]:  30%|███       | 44/145 [00:18<00:50,  2.01it/s, loss=0.0692]
Ep  25 [train]:  31%|███       | 45/145 [00:18<00:40,  2.44it/s, loss=0.0692]
Ep  25 [train]:  31%|███       | 45/145 [00:19<00:40,  2.44it/s, loss=0.0670]
Ep  25 [train]:  32%|███▏      | 46/145 [00:19<00:49,  2.00it/s, loss=0.0670]
Ep  25 [train]:  32%|███▏      | 46/145 [00:19<00:49,  2.00it/s, loss=0.0654]
Ep  25 [train]:  32%|███▏      | 47/145 [00:19<00:41,  2.38it/s, loss=0.0654]
Ep  25 [train]:  32%|███▏      | 47/145 [00:20<00:41,  2.38it/s, loss=0.0694]
Ep  25 [train]:  33%|███▎      | 48/145 [00:20<00:47,  2.06it/s, loss=0.0694]
Ep  25 [train]:  33%|███▎      | 48/145 [00:20<00:47,  2.06it/s, loss=0.0708]
Ep  25 [train]:  34%|███▍      | 49/145 [00:20<00:37,  2.56it/s, loss=0.0708]
Ep  25 [train]:  34%|███▍      | 49/145 [00:21<00:37,  2.56it/s, loss=0.0750]
Ep  25 [train]:  34%|███▍      | 50/145 [00:21<00:46,  2.03it/s, loss=0.0750]
Ep  25 [train]:  34%|███▍      | 50/145 [00:21<00:46,  2.03it/s, loss=0.0679]
Ep  25 [train]:  35%|███▌      | 51/145 [00:21<00:36,  2.58it/s, loss=0.0679]
Ep  25 [train]:  35%|███▌      | 51/145 [00:22<00:36,  2.58it/s, loss=0.0690]
Ep  25 [train]:  36%|███▌      | 52/145 [00:22<00:44,  2.08it/s, loss=0.0690]
Ep  25 [train]:  36%|███▌      | 52/145 [00:22<00:44,  2.08it/s, loss=0.0872]
Ep  25 [train]:  37%|███▋      | 53/145 [00:22<00:34,  2.67it/s, loss=0.0872]
Ep  25 [train]:  37%|███▋      | 53/145 [00:23<00:34,  2.67it/s, loss=0.0717]
Ep  25 [train]:  37%|███▋      | 54/145 [00:23<00:45,  2.00it/s, loss=0.0717]
Ep  25 [train]:  37%|███▋      | 54/145 [00:23<00:45,  2.00it/s, loss=0.0718]
Ep  25 [train]:  38%|███▊      | 55/145 [00:23<00:34,  2.57it/s, loss=0.0718]
Ep  25 [train]:  38%|███▊      | 55/145 [00:24<00:34,  2.57it/s, loss=0.0640]
Ep  25 [train]:  39%|███▊      | 56/145 [00:24<00:42,  2.09it/s, loss=0.0640]
Ep  25 [train]:  39%|███▊      | 56/145 [00:24<00:42,  2.09it/s, loss=0.0745]
Ep  25 [train]:  39%|███▉      | 57/145 [00:24<00:34,  2.57it/s, loss=0.0745]
Ep  25 [train]:  39%|███▉      | 57/145 [00:24<00:34,  2.57it/s, loss=0.0710]
Ep  25 [train]:  40%|████      | 58/145 [00:24<00:40,  2.15it/s, loss=0.0710]
Ep  25 [train]:  40%|████      | 58/145 [00:24<00:40,  2.15it/s, loss=0.0662]
Ep  25 [train]:  41%|████      | 59/145 [00:24<00:31,  2.72it/s, loss=0.0662]
Ep  25 [train]:  41%|████      | 59/145 [00:25<00:31,  2.72it/s, loss=0.0696]
Ep  25 [train]:  41%|████▏     | 60/145 [00:25<00:38,  2.21it/s, loss=0.0696]
Ep  25 [train]:  41%|████▏     | 60/145 [00:25<00:38,  2.21it/s, loss=0.0819]
Ep  25 [train]:  42%|████▏     | 61/145 [00:25<00:30,  2.75it/s, loss=0.0819]
Ep  25 [train]:  42%|████▏     | 61/145 [00:26<00:30,  2.75it/s, loss=0.0787]
Ep  25 [train]:  43%|████▎     | 62/145 [00:26<00:38,  2.18it/s, loss=0.0787]
Ep  25 [train]:  43%|████▎     | 62/145 [00:26<00:38,  2.18it/s, loss=0.0698]
Ep  25 [train]:  43%|████▎     | 63/145 [00:26<00:29,  2.74it/s, loss=0.0698]
Ep  25 [train]:  43%|████▎     | 63/145 [00:27<00:29,  2.74it/s, loss=0.0779]
Ep  25 [train]:  44%|████▍     | 64/145 [00:27<00:39,  2.03it/s, loss=0.0779]
Ep  25 [train]:  44%|████▍     | 64/145 [00:27<00:39,  2.03it/s, loss=0.0693]
Ep  25 [train]:  45%|████▍     | 65/145 [00:27<00:30,  2.59it/s, loss=0.0693]
Ep  25 [train]:  45%|████▍     | 65/145 [00:28<00:30,  2.59it/s, loss=0.0685]
Ep  25 [train]:  46%|████▌     | 66/145 [00:28<00:39,  1.99it/s, loss=0.0685]
Ep  25 [train]:  46%|████▌     | 66/145 [00:28<00:39,  1.99it/s, loss=0.0673]
Ep  25 [train]:  46%|████▌     | 67/145 [00:28<00:30,  2.54it/s, loss=0.0673]
Ep  25 [train]:  46%|████▌     | 67/145 [00:29<00:30,  2.54it/s, loss=0.0735]
Ep  25 [train]:  47%|████▋     | 68/145 [00:29<00:37,  2.07it/s, loss=0.0735]
Ep  25 [train]:  47%|████▋     | 68/145 [00:29<00:37,  2.07it/s, loss=0.0686]
Ep  25 [train]:  48%|████▊     | 69/145 [00:29<00:28,  2.64it/s, loss=0.0686]
Ep  25 [train]:  48%|████▊     | 69/145 [00:29<00:28,  2.64it/s, loss=0.0767]
Ep  25 [train]:  48%|████▊     | 70/145 [00:29<00:35,  2.11it/s, loss=0.0767]
Ep  25 [train]:  48%|████▊     | 70/145 [00:30<00:35,  2.11it/s, loss=0.0715]
Ep  25 [train]:  49%|████▉     | 71/145 [00:30<00:27,  2.65it/s, loss=0.0715]
Ep  25 [train]:  49%|████▉     | 71/145 [00:30<00:27,  2.65it/s, loss=0.0707]
Ep  25 [train]:  50%|████▉     | 72/145 [00:30<00:35,  2.07it/s, loss=0.0707]
Ep  25 [train]:  50%|████▉     | 72/145 [00:30<00:35,  2.07it/s, loss=0.0780]
Ep  25 [train]:  50%|█████     | 73/145 [00:30<00:27,  2.65it/s, loss=0.0780]
Ep  25 [train]:  50%|█████     | 73/145 [00:31<00:27,  2.65it/s, loss=0.0726]
Ep  25 [train]:  51%|█████     | 74/145 [00:31<00:34,  2.05it/s, loss=0.0726]
Ep  25 [train]:  51%|█████     | 74/145 [00:31<00:34,  2.05it/s, loss=0.0683]
Ep  25 [train]:  52%|█████▏    | 75/145 [00:31<00:26,  2.60it/s, loss=0.0683]
Ep  25 [train]:  52%|█████▏    | 75/145 [00:32<00:26,  2.60it/s, loss=0.0693]
Ep  25 [train]:  52%|█████▏    | 76/145 [00:32<00:33,  2.06it/s, loss=0.0693]
Ep  25 [train]:  52%|█████▏    | 76/145 [00:32<00:33,  2.06it/s, loss=0.0881]
Ep  25 [train]:  53%|█████▎    | 77/145 [00:32<00:26,  2.58it/s, loss=0.0881]
Ep  25 [train]:  53%|█████▎    | 77/145 [00:33<00:26,  2.58it/s, loss=0.0747]
Ep  25 [train]:  54%|█████▍    | 78/145 [00:33<00:33,  2.00it/s, loss=0.0747]
Ep  25 [train]:  54%|█████▍    | 78/145 [00:33<00:33,  2.00it/s, loss=0.0663]
Ep  25 [train]:  54%|█████▍    | 79/145 [00:33<00:26,  2.53it/s, loss=0.0663]
Ep  25 [train]:  54%|█████▍    | 79/145 [00:34<00:26,  2.53it/s, loss=0.0654]
Ep  25 [train]:  55%|█████▌    | 80/145 [00:34<00:32,  2.03it/s, loss=0.0654]
Ep  25 [train]:  55%|█████▌    | 80/145 [00:34<00:32,  2.03it/s, loss=0.0737]
Ep  25 [train]:  56%|█████▌    | 81/145 [00:34<00:24,  2.61it/s, loss=0.0737]
Ep  25 [train]:  56%|█████▌    | 81/145 [00:35<00:24,  2.61it/s, loss=0.0790]
Ep  25 [train]:  57%|█████▋    | 82/145 [00:35<00:29,  2.14it/s, loss=0.0790]
Ep  25 [train]:  57%|█████▋    | 82/145 [00:35<00:29,  2.14it/s, loss=0.0704]
Ep  25 [train]:  57%|█████▋    | 83/145 [00:35<00:22,  2.76it/s, loss=0.0704]
Ep  25 [train]:  57%|█████▋    | 83/145 [00:35<00:22,  2.76it/s, loss=0.0761]
Ep  25 [train]:  58%|█████▊    | 84/145 [00:35<00:27,  2.20it/s, loss=0.0761]
Ep  25 [train]:  58%|█████▊    | 84/145 [00:36<00:27,  2.20it/s, loss=0.0717]
Ep  25 [train]:  59%|█████▊    | 85/145 [00:36<00:21,  2.79it/s, loss=0.0717]
Ep  25 [train]:  59%|█████▊    | 85/145 [00:36<00:21,  2.79it/s, loss=0.0703]
Ep  25 [train]:  59%|█████▉    | 86/145 [00:36<00:28,  2.07it/s, loss=0.0703]
Ep  25 [train]:  59%|█████▉    | 86/145 [00:37<00:28,  2.07it/s, loss=0.0726]
Ep  25 [train]:  60%|██████    | 87/145 [00:37<00:22,  2.63it/s, loss=0.0726]
Ep  25 [train]:  60%|██████    | 87/145 [00:37<00:22,  2.63it/s, loss=0.0715]
Ep  25 [train]:  61%|██████    | 88/145 [00:37<00:27,  2.08it/s, loss=0.0715]
Ep  25 [train]:  61%|██████    | 88/145 [00:37<00:27,  2.08it/s, loss=0.0730]
Ep  25 [train]:  61%|██████▏   | 89/145 [00:37<00:20,  2.70it/s, loss=0.0730]
Ep  25 [train]:  61%|██████▏   | 89/145 [00:38<00:20,  2.70it/s, loss=0.0675]
Ep  25 [train]:  62%|██████▏   | 90/145 [00:38<00:26,  2.10it/s, loss=0.0675]
Ep  25 [train]:  62%|██████▏   | 90/145 [00:38<00:26,  2.10it/s, loss=0.0710]
Ep  25 [train]:  63%|██████▎   | 91/145 [00:38<00:20,  2.60it/s, loss=0.0710]
Ep  25 [train]:  63%|██████▎   | 91/145 [00:39<00:20,  2.60it/s, loss=0.0671]
Ep  25 [train]:  63%|██████▎   | 92/145 [00:39<00:25,  2.11it/s, loss=0.0671]
Ep  25 [train]:  63%|██████▎   | 92/145 [00:39<00:25,  2.11it/s, loss=0.0681]
Ep  25 [train]:  64%|██████▍   | 93/145 [00:39<00:19,  2.71it/s, loss=0.0681]
Ep  25 [train]:  64%|██████▍   | 93/145 [00:40<00:19,  2.71it/s, loss=0.0736]
Ep  25 [train]:  65%|██████▍   | 94/145 [00:40<00:24,  2.06it/s, loss=0.0736]
Ep  25 [train]:  65%|██████▍   | 94/145 [00:40<00:24,  2.06it/s, loss=0.0760]
Ep  25 [train]:  66%|██████▌   | 95/145 [00:40<00:18,  2.64it/s, loss=0.0760]
Ep  25 [train]:  66%|██████▌   | 95/145 [00:41<00:18,  2.64it/s, loss=0.0752]
Ep  25 [train]:  66%|██████▌   | 96/145 [00:41<00:23,  2.06it/s, loss=0.0752]
Ep  25 [train]:  66%|██████▌   | 96/145 [00:41<00:23,  2.06it/s, loss=0.0638]
Ep  25 [train]:  67%|██████▋   | 97/145 [00:41<00:18,  2.62it/s, loss=0.0638]
Ep  25 [train]:  67%|██████▋   | 97/145 [00:42<00:18,  2.62it/s, loss=0.0660]
Ep  25 [train]:  68%|██████▊   | 98/145 [00:42<00:23,  2.01it/s, loss=0.0660]
Ep  25 [train]:  68%|██████▊   | 98/145 [00:42<00:23,  2.01it/s, loss=0.0677]
Ep  25 [train]:  68%|██████▊   | 99/145 [00:42<00:18,  2.51it/s, loss=0.0677]
Ep  25 [train]:  68%|██████▊   | 99/145 [00:42<00:18,  2.51it/s, loss=0.0663]
Ep  25 [train]:  69%|██████▉   | 100/145 [00:42<00:21,  2.13it/s, loss=0.0663]
Ep  25 [train]:  69%|██████▉   | 100/145 [00:43<00:21,  2.13it/s, loss=0.0728]
Ep  25 [train]:  70%|██████▉   | 101/145 [00:43<00:16,  2.73it/s, loss=0.0728]
Ep  25 [train]:  70%|██████▉   | 101/145 [00:43<00:16,  2.73it/s, loss=0.0690]
Ep  25 [train]:  70%|███████   | 102/145 [00:43<00:18,  2.28it/s, loss=0.0690]
Ep  25 [train]:  70%|███████   | 102/145 [00:43<00:18,  2.28it/s, loss=0.0651]
Ep  25 [train]:  71%|███████   | 103/145 [00:43<00:14,  2.87it/s, loss=0.0651]
Ep  25 [train]:  71%|███████   | 103/145 [00:44<00:14,  2.87it/s, loss=0.0712]
Ep  25 [train]:  72%|███████▏  | 104/145 [00:44<00:17,  2.37it/s, loss=0.0712]
Ep  25 [train]:  72%|███████▏  | 104/145 [00:44<00:17,  2.37it/s, loss=0.0725]
Ep  25 [train]:  72%|███████▏  | 105/145 [00:44<00:13,  3.03it/s, loss=0.0725]
Ep  25 [train]:  72%|███████▏  | 105/145 [00:45<00:13,  3.03it/s, loss=0.0709]
Ep  25 [train]:  73%|███████▎  | 106/145 [00:45<00:16,  2.42it/s, loss=0.0709]
Ep  25 [train]:  73%|███████▎  | 106/145 [00:45<00:16,  2.42it/s, loss=0.0719]
Ep  25 [train]:  74%|███████▍  | 107/145 [00:45<00:12,  3.01it/s, loss=0.0719]
Ep  25 [train]:  74%|███████▍  | 107/145 [00:45<00:12,  3.01it/s, loss=0.0689]
Ep  25 [train]:  74%|███████▍  | 108/145 [00:45<00:15,  2.36it/s, loss=0.0689]
Ep  25 [train]:  74%|███████▍  | 108/145 [00:46<00:15,  2.36it/s, loss=0.0722]
Ep  25 [train]:  75%|███████▌  | 109/145 [00:46<00:12,  2.89it/s, loss=0.0722]
Ep  25 [train]:  75%|███████▌  | 109/145 [00:46<00:12,  2.89it/s, loss=0.0729]
Ep  25 [train]:  76%|███████▌  | 110/145 [00:46<00:15,  2.33it/s, loss=0.0729]
Ep  25 [train]:  76%|███████▌  | 110/145 [00:46<00:15,  2.33it/s, loss=0.0690]
Ep  25 [train]:  77%|███████▋  | 111/145 [00:46<00:11,  2.93it/s, loss=0.0690]
Ep  25 [train]:  77%|███████▋  | 111/145 [00:47<00:11,  2.93it/s, loss=0.0756]
Ep  25 [train]:  77%|███████▋  | 112/145 [00:47<00:14,  2.24it/s, loss=0.0756]
Ep  25 [train]:  77%|███████▋  | 112/145 [00:47<00:14,  2.24it/s, loss=0.0698]
Ep  25 [train]:  78%|███████▊  | 113/145 [00:47<00:11,  2.82it/s, loss=0.0698]
Ep  25 [train]:  78%|███████▊  | 113/145 [00:48<00:11,  2.82it/s, loss=0.0654]
Ep  25 [train]:  79%|███████▊  | 114/145 [00:48<00:14,  2.16it/s, loss=0.0654]
Ep  25 [train]:  79%|███████▊  | 114/145 [00:48<00:14,  2.16it/s, loss=0.0727]
Ep  25 [train]:  79%|███████▉  | 115/145 [00:48<00:10,  2.74it/s, loss=0.0727]
Ep  25 [train]:  79%|███████▉  | 115/145 [00:49<00:10,  2.74it/s, loss=0.0730]
Ep  25 [train]:  80%|████████  | 116/145 [00:49<00:12,  2.25it/s, loss=0.0730]
Ep  25 [train]:  80%|████████  | 116/145 [00:49<00:12,  2.25it/s, loss=0.0692]
Ep  25 [train]:  81%|████████  | 117/145 [00:49<00:10,  2.78it/s, loss=0.0692]
Ep  25 [train]:  81%|████████  | 117/145 [00:49<00:10,  2.78it/s, loss=0.0746]
Ep  25 [train]:  81%|████████▏ | 118/145 [00:49<00:11,  2.31it/s, loss=0.0746]
Ep  25 [train]:  81%|████████▏ | 118/145 [00:50<00:11,  2.31it/s, loss=0.0772]
Ep  25 [train]:  82%|████████▏ | 119/145 [00:50<00:09,  2.87it/s, loss=0.0772]
Ep  25 [train]:  82%|████████▏ | 119/145 [00:50<00:09,  2.87it/s, loss=0.0714]
Ep  25 [train]:  83%|████████▎ | 120/145 [00:50<00:10,  2.28it/s, loss=0.0714]
Ep  25 [train]:  83%|████████▎ | 120/145 [00:50<00:10,  2.28it/s, loss=0.0773]
Ep  25 [train]:  83%|████████▎ | 121/145 [00:50<00:08,  2.89it/s, loss=0.0773]
Ep  25 [train]:  83%|████████▎ | 121/145 [00:51<00:08,  2.89it/s, loss=0.0691]
Ep  25 [train]:  84%|████████▍ | 122/145 [00:51<00:10,  2.28it/s, loss=0.0691]
Ep  25 [train]:  84%|████████▍ | 122/145 [00:51<00:10,  2.28it/s, loss=0.0734]
Ep  25 [train]:  85%|████████▍ | 123/145 [00:51<00:07,  2.87it/s, loss=0.0734]
Ep  25 [train]:  85%|████████▍ | 123/145 [00:52<00:07,  2.87it/s, loss=0.0736]
Ep  25 [train]:  86%|████████▌ | 124/145 [00:52<00:08,  2.39it/s, loss=0.0736]
Ep  25 [train]:  86%|████████▌ | 124/145 [00:52<00:08,  2.39it/s, loss=0.0720]
Ep  25 [train]:  86%|████████▌ | 125/145 [00:52<00:06,  2.99it/s, loss=0.0720]
Ep  25 [train]:  86%|████████▌ | 125/145 [00:52<00:06,  2.99it/s, loss=0.0673]
Ep  25 [train]:  87%|████████▋ | 126/145 [00:52<00:07,  2.42it/s, loss=0.0673]
Ep  25 [train]:  87%|████████▋ | 126/145 [00:53<00:07,  2.42it/s, loss=0.0695]
Ep  25 [train]:  88%|████████▊ | 127/145 [00:53<00:05,  3.03it/s, loss=0.0695]
Ep  25 [train]:  88%|████████▊ | 127/145 [00:53<00:05,  3.03it/s, loss=0.0670]
Ep  25 [train]:  88%|████████▊ | 128/145 [00:53<00:06,  2.46it/s, loss=0.0670]
Ep  25 [train]:  88%|████████▊ | 128/145 [00:53<00:06,  2.46it/s, loss=0.0704]
Ep  25 [train]:  89%|████████▉ | 129/145 [00:53<00:05,  3.08it/s, loss=0.0704]
Ep  25 [train]:  89%|████████▉ | 129/145 [00:54<00:05,  3.08it/s, loss=0.0681]
Ep  25 [train]:  90%|████████▉ | 130/145 [00:54<00:06,  2.44it/s, loss=0.0681]
Ep  25 [train]:  90%|████████▉ | 130/145 [00:54<00:06,  2.44it/s, loss=0.0703]
Ep  25 [train]:  90%|█████████ | 131/145 [00:54<00:04,  3.04it/s, loss=0.0703]
Ep  25 [train]:  90%|█████████ | 131/145 [00:54<00:04,  3.04it/s, loss=0.0747]
Ep  25 [train]:  91%|█████████ | 132/145 [00:54<00:04,  2.66it/s, loss=0.0747]
Ep  25 [train]:  91%|█████████ | 132/145 [00:55<00:04,  2.66it/s, loss=0.0713]
Ep  25 [train]:  92%|█████████▏| 133/145 [00:55<00:03,  3.34it/s, loss=0.0713]
Ep  25 [train]:  92%|█████████▏| 133/145 [00:55<00:03,  3.34it/s, loss=0.0701]
Ep  25 [train]:  92%|█████████▏| 134/145 [00:55<00:04,  2.57it/s, loss=0.0701]
Ep  25 [train]:  92%|█████████▏| 134/145 [00:55<00:04,  2.57it/s, loss=0.0647]
Ep  25 [train]:  93%|█████████▎| 135/145 [00:55<00:03,  3.21it/s, loss=0.0647]
Ep  25 [train]:  93%|█████████▎| 135/145 [00:56<00:03,  3.21it/s, loss=0.0704]
Ep  25 [train]:  94%|█████████▍| 136/145 [00:56<00:03,  2.44it/s, loss=0.0704]
Ep  25 [train]:  94%|█████████▍| 136/145 [00:56<00:03,  2.44it/s, loss=0.0668]
Ep  25 [train]:  94%|█████████▍| 137/145 [00:56<00:02,  2.98it/s, loss=0.0668]
Ep  25 [train]:  94%|█████████▍| 137/145 [00:57<00:02,  2.98it/s, loss=0.0662]
Ep  25 [train]:  95%|█████████▌| 138/145 [00:57<00:03,  2.29it/s, loss=0.0662]
Ep  25 [train]:  95%|█████████▌| 138/145 [00:57<00:03,  2.29it/s, loss=0.0670]
Ep  25 [train]:  96%|█████████▌| 139/145 [00:57<00:02,  2.92it/s, loss=0.0670]
Ep  25 [train]:  96%|█████████▌| 139/145 [00:58<00:02,  2.92it/s, loss=0.0697]
Ep  25 [train]:  97%|█████████▋| 140/145 [00:58<00:02,  2.18it/s, loss=0.0697]
Ep  25 [train]:  97%|█████████▋| 140/145 [00:58<00:02,  2.18it/s, loss=0.0688]
Ep  25 [train]:  97%|█████████▋| 141/145 [00:58<00:01,  2.77it/s, loss=0.0688]
Ep  25 [train]:  97%|█████████▋| 141/145 [00:59<00:01,  2.77it/s, loss=0.0748]
Ep  25 [train]:  98%|█████████▊| 142/145 [00:59<00:01,  2.13it/s, loss=0.0748]
Ep  25 [train]:  98%|█████████▊| 142/145 [00:59<00:01,  2.13it/s, loss=0.0651]
Ep  25 [train]:  99%|█████████▊| 143/145 [00:59<00:00,  2.68it/s, loss=0.0651]
Ep  25 [train]:  99%|█████████▊| 143/145 [00:59<00:00,  2.68it/s, loss=0.0668]
Ep  25 [train]:  99%|█████████▉| 144/145 [00:59<00:00,  2.21it/s, loss=0.0668]
Ep  25 [train]:  99%|█████████▉| 144/145 [00:59<00:00,  2.21it/s, loss=0.0696]
Ep  25 [train]: 100%|██████████| 145/145 [00:59<00:00,  2.82it/s, loss=0.0696]
                                                                              
  Ep  25 [train]  loss=0.0715  rmse_c=0.2382  mae_c=0.2154  r2_c=0.028  rmse_h=0.2943  mae_h=0.2167  r2_h=0.499  sup=0.327

Ep  25 [val  ]:   0%|          | 0/39 [00:00<?, ?it/s]
Ep  25 [val  ]:   0%|          | 0/39 [00:00<?, ?it/s, loss=0.0918]
Ep  25 [val  ]:   3%|▎         | 1/39 [00:00<00:32,  1.16it/s, loss=0.0918]
Ep  25 [val  ]:   3%|▎         | 1/39 [00:01<00:32,  1.16it/s, loss=0.0872]
Ep  25 [val  ]:   5%|▌         | 2/39 [00:01<00:18,  2.05it/s, loss=0.0872]
Ep  25 [val  ]:   5%|▌         | 2/39 [00:01<00:18,  2.05it/s, loss=0.0728]
Ep  25 [val  ]:   8%|▊         | 3/39 [00:01<00:18,  1.99it/s, loss=0.0728]
Ep  25 [val  ]:   8%|▊         | 3/39 [00:01<00:18,  1.99it/s, loss=0.0687]
Ep  25 [val  ]:  10%|█         | 4/39 [00:01<00:15,  2.25it/s, loss=0.0687]
Ep  25 [val  ]:  10%|█         | 4/39 [00:02<00:15,  2.25it/s, loss=0.0737]
Ep  25 [val  ]:  13%|█▎        | 5/39 [00:02<00:14,  2.38it/s, loss=0.0737]
Ep  25 [val  ]:  13%|█▎        | 5/39 [00:02<00:14,  2.38it/s, loss=0.0734]
Ep  25 [val  ]:  15%|█▌        | 6/39 [00:02<00:14,  2.25it/s, loss=0.0734]
Ep  25 [val  ]:  15%|█▌        | 6/39 [00:03<00:14,  2.25it/s, loss=0.0704]
Ep  25 [val  ]:  18%|█▊        | 7/39 [00:03<00:11,  2.69it/s, loss=0.0704]
Ep  25 [val  ]:  18%|█▊        | 7/39 [00:03<00:11,  2.69it/s, loss=0.0687]
Ep  25 [val  ]:  21%|██        | 8/39 [00:03<00:14,  2.14it/s, loss=0.0687]
Ep  25 [val  ]:  21%|██        | 8/39 [00:03<00:14,  2.14it/s, loss=0.0656]
Ep  25 [val  ]:  21%|██        | 8/39 [00:04<00:14,  2.14it/s, loss=0.0653]
Ep  25 [val  ]:  26%|██▌       | 10/39 [00:04<00:13,  2.19it/s, loss=0.0653]
Ep  25 [val  ]:  26%|██▌       | 10/39 [00:04<00:13,  2.19it/s, loss=0.0659]
Ep  25 [val  ]:  26%|██▌       | 10/39 [00:05<00:13,  2.19it/s, loss=0.0706]
Ep  25 [val  ]:  31%|███       | 12/39 [00:05<00:12,  2.25it/s, loss=0.0706]
Ep  25 [val  ]:  31%|███       | 12/39 [00:05<00:12,  2.25it/s, loss=0.0752]
Ep  25 [val  ]:  31%|███       | 12/39 [00:06<00:12,  2.25it/s, loss=0.0808]
Ep  25 [val  ]:  36%|███▌      | 14/39 [00:06<00:11,  2.27it/s, loss=0.0808]
Ep  25 [val  ]:  36%|███▌      | 14/39 [00:06<00:11,  2.27it/s, loss=0.0893]
Ep  25 [val  ]:  36%|███▌      | 14/39 [00:07<00:11,  2.27it/s, loss=0.0882]
Ep  25 [val  ]:  41%|████      | 16/39 [00:07<00:10,  2.25it/s, loss=0.0882]
Ep  25 [val  ]:  41%|████      | 16/39 [00:07<00:10,  2.25it/s, loss=0.0902]
Ep  25 [val  ]:  41%|████      | 16/39 [00:08<00:10,  2.25it/s, loss=0.0790]
Ep  25 [val  ]:  46%|████▌     | 18/39 [00:08<00:09,  2.23it/s, loss=0.0790]
Ep  25 [val  ]:  46%|████▌     | 18/39 [00:08<00:09,  2.23it/s, loss=0.0737]
Ep  25 [val  ]:  46%|████▌     | 18/39 [00:09<00:09,  2.23it/s, loss=0.0635]
Ep  25 [val  ]:  51%|█████▏    | 20/39 [00:09<00:08,  2.20it/s, loss=0.0635]
Ep  25 [val  ]:  51%|█████▏    | 20/39 [00:09<00:08,  2.20it/s, loss=0.0572]
Ep  25 [val  ]:  51%|█████▏    | 20/39 [00:10<00:08,  2.20it/s, loss=0.0643]
Ep  25 [val  ]:  56%|█████▋    | 22/39 [00:10<00:07,  2.13it/s, loss=0.0643]
Ep  25 [val  ]:  56%|█████▋    | 22/39 [00:10<00:07,  2.13it/s, loss=0.0626]
Ep  25 [val  ]:  56%|█████▋    | 22/39 [00:10<00:07,  2.13it/s, loss=0.0604]
Ep  25 [val  ]:  62%|██████▏   | 24/39 [00:10<00:06,  2.20it/s, loss=0.0604]
Ep  25 [val  ]:  62%|██████▏   | 24/39 [00:11<00:06,  2.20it/s, loss=0.0637]
Ep  25 [val  ]:  62%|██████▏   | 24/39 [00:11<00:06,  2.20it/s, loss=0.0686]
Ep  25 [val  ]:  67%|██████▋   | 26/39 [00:11<00:05,  2.20it/s, loss=0.0686]
Ep  25 [val  ]:  67%|██████▋   | 26/39 [00:11<00:05,  2.20it/s, loss=0.0764]
Ep  25 [val  ]:  67%|██████▋   | 26/39 [00:12<00:05,  2.20it/s, loss=0.1176]
Ep  25 [val  ]:  72%|███████▏  | 28/39 [00:12<00:04,  2.27it/s, loss=0.1176]
Ep  25 [val  ]:  72%|███████▏  | 28/39 [00:12<00:04,  2.27it/s, loss=0.0898]
Ep  25 [val  ]:  72%|███████▏  | 28/39 [00:13<00:04,  2.27it/s, loss=0.0815]
Ep  25 [val  ]:  77%|███████▋  | 30/39 [00:13<00:03,  2.28it/s, loss=0.0815]
Ep  25 [val  ]:  77%|███████▋  | 30/39 [00:13<00:03,  2.28it/s, loss=0.0767]
Ep  25 [val  ]:  77%|███████▋  | 30/39 [00:14<00:03,  2.28it/s, loss=0.0708]
Ep  25 [val  ]:  82%|████████▏ | 32/39 [00:14<00:03,  2.23it/s, loss=0.0708]
Ep  25 [val  ]:  82%|████████▏ | 32/39 [00:14<00:03,  2.23it/s, loss=0.0705]
Ep  25 [val  ]:  82%|████████▏ | 32/39 [00:15<00:03,  2.23it/s, loss=0.0735]
Ep  25 [val  ]:  87%|████████▋ | 34/39 [00:15<00:02,  2.20it/s, loss=0.0735]
Ep  25 [val  ]:  87%|████████▋ | 34/39 [00:15<00:02,  2.20it/s, loss=0.0793]
Ep  25 [val  ]:  87%|████████▋ | 34/39 [00:16<00:02,  2.20it/s, loss=0.0725]
Ep  25 [val  ]:  92%|█████████▏| 36/39 [00:16<00:01,  2.23it/s, loss=0.0725]
Ep  25 [val  ]:  92%|█████████▏| 36/39 [00:16<00:01,  2.23it/s, loss=0.0705]
Ep  25 [val  ]:  92%|█████████▏| 36/39 [00:17<00:01,  2.23it/s, loss=0.0603]
Ep  25 [val  ]:  97%|█████████▋| 38/39 [00:17<00:00,  2.28it/s, loss=0.0603]
Ep  25 [val  ]:  97%|█████████▋| 38/39 [00:17<00:00,  2.28it/s, loss=0.0710]
                                                                            
  Ep  25 [val  ]  loss=0.0744  rmse_c=0.2431  mae_c=0.2194  r2_c=0.029  rmse_h=0.2990  mae_h=0.2188  r2_h=0.443  sup=0.308

Ep  26 [train]:   0%|          | 0/145 [00:00<?, ?it/s]
Ep  26 [train]:   0%|          | 0/145 [00:00<?, ?it/s, loss=0.0831]
Ep  26 [train]:   1%|          | 1/145 [00:00<02:10,  1.11it/s, loss=0.0831]
Ep  26 [train]:   1%|          | 1/145 [00:01<02:10,  1.11it/s, loss=0.0715]
Ep  26 [train]:   1%|▏         | 2/145 [00:01<01:05,  2.19it/s, loss=0.0715]
Ep  26 [train]:   1%|▏         | 2/145 [00:01<01:05,  2.19it/s, loss=0.0724]
Ep  26 [train]:   2%|▏         | 3/145 [00:01<01:10,  2.02it/s, loss=0.0724]
Ep  26 [train]:   2%|▏         | 3/145 [00:01<01:10,  2.02it/s, loss=0.0713]
Ep  26 [train]:   3%|▎         | 4/145 [00:01<00:50,  2.81it/s, loss=0.0713]
Ep  26 [train]:   3%|▎         | 4/145 [00:02<00:50,  2.81it/s, loss=0.0748]
Ep  26 [train]:   3%|▎         | 5/145 [00:02<01:01,  2.29it/s, loss=0.0748]
Ep  26 [train]:   3%|▎         | 5/145 [00:02<01:01,  2.29it/s, loss=0.0720]
Ep  26 [train]:   4%|▍         | 6/145 [00:02<00:46,  2.98it/s, loss=0.0720]
Ep  26 [train]:   4%|▍         | 6/145 [00:03<00:46,  2.98it/s, loss=0.0751]
Ep  26 [train]:   5%|▍         | 7/145 [00:03<00:55,  2.46it/s, loss=0.0751]
Ep  26 [train]:   5%|▍         | 7/145 [00:03<00:55,  2.46it/s, loss=0.0820]
Ep  26 [train]:   6%|▌         | 8/145 [00:03<00:43,  3.13it/s, loss=0.0820]
Ep  26 [train]:   6%|▌         | 8/145 [00:03<00:43,  3.13it/s, loss=0.0691]
Ep  26 [train]:   6%|▌         | 9/145 [00:03<00:53,  2.53it/s, loss=0.0691]
Ep  26 [train]:   6%|▌         | 9/145 [00:03<00:53,  2.53it/s, loss=0.0731]
Ep  26 [train]:   7%|▋         | 10/145 [00:03<00:43,  3.08it/s, loss=0.0731]
Ep  26 [train]:   7%|▋         | 10/145 [00:04<00:43,  3.08it/s, loss=0.0713]
Ep  26 [train]:   8%|▊         | 11/145 [00:04<00:51,  2.61it/s, loss=0.0713]
Ep  26 [train]:   8%|▊         | 11/145 [00:04<00:51,  2.61it/s, loss=0.0692]
Ep  26 [train]:   8%|▊         | 12/145 [00:04<00:53,  2.49it/s, loss=0.0692]
Ep  26 [train]:   8%|▊         | 12/145 [00:05<00:53,  2.49it/s, loss=0.0714]
Ep  26 [train]:   9%|▉         | 13/145 [00:05<00:52,  2.51it/s, loss=0.0714]
Ep  26 [train]:   9%|▉         | 13/145 [00:05<00:52,  2.51it/s, loss=0.0679]
Ep  26 [train]:  10%|▉         | 14/145 [00:05<00:57,  2.28it/s, loss=0.0679]
Ep  26 [train]:  10%|▉         | 14/145 [00:06<00:57,  2.28it/s, loss=0.0681]
Ep  26 [train]:  10%|█         | 15/145 [00:06<01:05,  1.97it/s, loss=0.0681]
Ep  26 [train]:  10%|█         | 15/145 [00:06<01:05,  1.97it/s, loss=0.0701]
Ep  26 [train]:  11%|█         | 16/145 [00:06<00:56,  2.30it/s, loss=0.0701]
Ep  26 [train]:  11%|█         | 16/145 [00:07<00:56,  2.30it/s, loss=0.0820]
Ep  26 [train]:  12%|█▏        | 17/145 [00:07<01:13,  1.74it/s, loss=0.0820]
Ep  26 [train]:  12%|█▏        | 17/145 [00:07<01:13,  1.74it/s, loss=0.0695]
Ep  26 [train]:  12%|█▏        | 18/145 [00:07<00:57,  2.22it/s, loss=0.0695]
Ep  26 [train]:  12%|█▏        | 18/145 [00:08<00:57,  2.22it/s, loss=0.0665]
Ep  26 [train]:  13%|█▎        | 19/145 [00:08<01:01,  2.05it/s, loss=0.0665]
Ep  26 [train]:  13%|█▎        | 19/145 [00:08<01:01,  2.05it/s, loss=0.0720]
Ep  26 [train]:  14%|█▍        | 20/145 [00:08<00:49,  2.51it/s, loss=0.0720]
Ep  26 [train]:  14%|█▍        | 20/145 [00:08<00:49,  2.51it/s, loss=0.0677]
Ep  26 [train]:  14%|█▍        | 21/145 [00:08<00:52,  2.38it/s, loss=0.0677]
Ep  26 [train]:  14%|█▍        | 21/145 [00:09<00:52,  2.38it/s, loss=0.0679]
Ep  26 [train]:  15%|█▌        | 22/145 [00:09<00:51,  2.41it/s, loss=0.0679]
Ep  26 [train]:  15%|█▌        | 22/145 [00:09<00:51,  2.41it/s, loss=0.0735]
Ep  26 [train]:  16%|█▌        | 23/145 [00:09<00:48,  2.52it/s, loss=0.0735]
Ep  26 [train]:  16%|█▌        | 23/145 [00:10<00:48,  2.52it/s, loss=0.0743]
Ep  26 [train]:  17%|█▋        | 24/145 [00:10<00:52,  2.30it/s, loss=0.0743]
Ep  26 [train]:  17%|█▋        | 24/145 [00:10<00:52,  2.30it/s, loss=0.0723]
Ep  26 [train]:  17%|█▋        | 25/145 [00:10<00:43,  2.74it/s, loss=0.0723]
Ep  26 [train]:  17%|█▋        | 25/145 [00:11<00:43,  2.74it/s, loss=0.0659]
Ep  26 [train]:  18%|█▊        | 26/145 [00:11<00:53,  2.21it/s, loss=0.0659]
Ep  26 [train]:  18%|█▊        | 26/145 [00:11<00:53,  2.21it/s, loss=0.0678]
Ep  26 [train]:  19%|█▊        | 27/145 [00:11<00:42,  2.79it/s, loss=0.0678]
Ep  26 [train]:  19%|█▊        | 27/145 [00:11<00:42,  2.79it/s, loss=0.0725]
Ep  26 [train]:  19%|█▉        | 28/145 [00:11<00:54,  2.14it/s, loss=0.0725]
Ep  26 [train]:  19%|█▉        | 28/145 [00:12<00:54,  2.14it/s, loss=0.0779]
Ep  26 [train]:  20%|██        | 29/145 [00:12<00:42,  2.72it/s, loss=0.0779]
Ep  26 [train]:  20%|██        | 29/145 [00:12<00:42,  2.72it/s, loss=0.0793]
Ep  26 [train]:  21%|██        | 30/145 [00:12<00:54,  2.12it/s, loss=0.0793]
Ep  26 [train]:  21%|██        | 30/145 [00:12<00:54,  2.12it/s, loss=0.0687]
Ep  26 [train]:  21%|██▏       | 31/145 [00:12<00:42,  2.70it/s, loss=0.0687]
Ep  26 [train]:  21%|██▏       | 31/145 [00:13<00:42,  2.70it/s, loss=0.0708]
Ep  26 [train]:  22%|██▏       | 32/145 [00:13<00:55,  2.05it/s, loss=0.0708]
Ep  26 [train]:  22%|██▏       | 32/145 [00:13<00:55,  2.05it/s, loss=0.0718]
Ep  26 [train]:  23%|██▎       | 33/145 [00:13<00:43,  2.59it/s, loss=0.0718]
Ep  26 [train]:  23%|██▎       | 33/145 [00:14<00:43,  2.59it/s, loss=0.0709]
Ep  26 [train]:  23%|██▎       | 34/145 [00:14<00:53,  2.08it/s, loss=0.0709]
Ep  26 [train]:  23%|██▎       | 34/145 [00:14<00:53,  2.08it/s, loss=0.0758]
Ep  26 [train]:  24%|██▍       | 35/145 [00:14<00:41,  2.64it/s, loss=0.0758]
Ep  26 [train]:  24%|██▍       | 35/145 [00:15<00:41,  2.64it/s, loss=0.0686]
Ep  26 [train]:  25%|██▍       | 36/145 [00:15<00:51,  2.11it/s, loss=0.0686]
Ep  26 [train]:  25%|██▍       | 36/145 [00:15<00:51,  2.11it/s, loss=0.0705]
Ep  26 [train]:  26%|██▌       | 37/145 [00:15<00:40,  2.67it/s, loss=0.0705]
Ep  26 [train]:  26%|██▌       | 37/145 [00:16<00:40,  2.67it/s, loss=0.0829]
Ep  26 [train]:  26%|██▌       | 38/145 [00:16<00:52,  2.02it/s, loss=0.0829]
Ep  26 [train]:  26%|██▌       | 38/145 [00:16<00:52,  2.02it/s, loss=0.0747]
Ep  26 [train]:  27%|██▋       | 39/145 [00:16<00:41,  2.53it/s, loss=0.0747]
Ep  26 [train]:  27%|██▋       | 39/145 [00:17<00:41,  2.53it/s, loss=0.0763]
Ep  26 [train]:  28%|██▊       | 40/145 [00:17<00:52,  1.99it/s, loss=0.0763]
Ep  26 [train]:  28%|██▊       | 40/145 [00:17<00:52,  1.99it/s, loss=0.0728]
Ep  26 [train]:  28%|██▊       | 41/145 [00:17<00:41,  2.53it/s, loss=0.0728]
Ep  26 [train]:  28%|██▊       | 41/145 [00:18<00:41,  2.53it/s, loss=0.0759]
Ep  26 [train]:  29%|██▉       | 42/145 [00:18<00:53,  1.92it/s, loss=0.0759]
Ep  26 [train]:  29%|██▉       | 42/145 [00:18<00:53,  1.92it/s, loss=0.0724]
Ep  26 [train]:  30%|██▉       | 43/145 [00:18<00:43,  2.37it/s, loss=0.0724]
Ep  26 [train]:  30%|██▉       | 43/145 [00:19<00:43,  2.37it/s, loss=0.0750]
Ep  26 [train]:  30%|███       | 44/145 [00:19<00:53,  1.90it/s, loss=0.0750]
Ep  26 [train]:  30%|███       | 44/145 [00:19<00:53,  1.90it/s, loss=0.0768]
Ep  26 [train]:  31%|███       | 45/145 [00:19<00:41,  2.42it/s, loss=0.0768]
Ep  26 [train]:  31%|███       | 45/145 [00:20<00:41,  2.42it/s, loss=0.0750]
Ep  26 [train]:  32%|███▏      | 46/145 [00:20<00:53,  1.86it/s, loss=0.0750]
Ep  26 [train]:  32%|███▏      | 46/145 [00:20<00:53,  1.86it/s, loss=0.0767]
Ep  26 [train]:  32%|███▏      | 47/145 [00:20<00:41,  2.39it/s, loss=0.0767]
Ep  26 [train]:  32%|███▏      | 47/145 [00:21<00:41,  2.39it/s, loss=0.0665]
Ep  26 [train]:  33%|███▎      | 48/145 [00:21<00:54,  1.79it/s, loss=0.0665]
Ep  26 [train]:  33%|███▎      | 48/145 [00:21<00:54,  1.79it/s, loss=0.0740]
Ep  26 [train]:  34%|███▍      | 49/145 [00:21<00:42,  2.25it/s, loss=0.0740]
Ep  26 [train]:  34%|███▍      | 49/145 [00:22<00:42,  2.25it/s, loss=0.0703]
Ep  26 [train]:  34%|███▍      | 50/145 [00:22<00:49,  1.92it/s, loss=0.0703]
Ep  26 [train]:  34%|███▍      | 50/145 [00:22<00:49,  1.92it/s, loss=0.0780]
Ep  26 [train]:  35%|███▌      | 51/145 [00:22<00:38,  2.46it/s, loss=0.0780]
Ep  26 [train]:  35%|███▌      | 51/145 [00:22<00:38,  2.46it/s, loss=0.0646]
Ep  26 [train]:  36%|███▌      | 52/145 [00:22<00:46,  2.00it/s, loss=0.0646]
Ep  26 [train]:  36%|███▌      | 52/145 [00:23<00:46,  2.00it/s, loss=0.0731]
Ep  26 [train]:  37%|███▋      | 53/145 [00:23<00:36,  2.53it/s, loss=0.0731]
Ep  26 [train]:  37%|███▋      | 53/145 [00:23<00:36,  2.53it/s, loss=0.0767]
Ep  26 [train]:  37%|███▋      | 54/145 [00:23<00:44,  2.03it/s, loss=0.0767]
Ep  26 [train]:  37%|███▋      | 54/145 [00:23<00:44,  2.03it/s, loss=0.0691]
Ep  26 [train]:  38%|███▊      | 55/145 [00:23<00:34,  2.58it/s, loss=0.0691]
Ep  26 [train]:  38%|███▊      | 55/145 [00:24<00:34,  2.58it/s, loss=0.0670]
Ep  26 [train]:  39%|███▊      | 56/145 [00:24<00:43,  2.03it/s, loss=0.0670]
Ep  26 [train]:  39%|███▊      | 56/145 [00:24<00:43,  2.03it/s, loss=0.0743]
Ep  26 [train]:  39%|███▉      | 57/145 [00:24<00:34,  2.54it/s, loss=0.0743]
Ep  26 [train]:  39%|███▉      | 57/145 [00:25<00:34,  2.54it/s, loss=0.0769]
Ep  26 [train]:  40%|████      | 58/145 [00:25<00:43,  2.01it/s, loss=0.0769]
Ep  26 [train]:  40%|████      | 58/145 [00:25<00:43,  2.01it/s, loss=0.0657]
Ep  26 [train]:  41%|████      | 59/145 [00:25<00:33,  2.58it/s, loss=0.0657]
Ep  26 [train]:  41%|████      | 59/145 [00:26<00:33,  2.58it/s, loss=0.0736]
Ep  26 [train]:  41%|████▏     | 60/145 [00:26<00:43,  1.94it/s, loss=0.0736]
Ep  26 [train]:  41%|████▏     | 60/145 [00:26<00:43,  1.94it/s, loss=0.0746]
Ep  26 [train]:  42%|████▏     | 61/145 [00:26<00:33,  2.52it/s, loss=0.0746]
Ep  26 [train]:  42%|████▏     | 61/145 [00:27<00:33,  2.52it/s, loss=0.0685]
Ep  26 [train]:  43%|████▎     | 62/145 [00:27<00:43,  1.92it/s, loss=0.0685]
Ep  26 [train]:  43%|████▎     | 62/145 [00:27<00:43,  1.92it/s, loss=0.0731]
Ep  26 [train]:  43%|████▎     | 63/145 [00:27<00:32,  2.49it/s, loss=0.0731]
Ep  26 [train]:  43%|████▎     | 63/145 [00:28<00:32,  2.49it/s, loss=0.0696]
Ep  26 [train]:  44%|████▍     | 64/145 [00:28<00:43,  1.85it/s, loss=0.0696]
Ep  26 [train]:  44%|████▍     | 64/145 [00:28<00:43,  1.85it/s, loss=0.0630]
Ep  26 [train]:  45%|████▍     | 65/145 [00:28<00:34,  2.34it/s, loss=0.0630]
Ep  26 [train]:  45%|████▍     | 65/145 [00:29<00:34,  2.34it/s, loss=0.0745]
Ep  26 [train]:  46%|████▌     | 66/145 [00:29<00:39,  2.01it/s, loss=0.0745]
Ep  26 [train]:  46%|████▌     | 66/145 [00:29<00:39,  2.01it/s, loss=0.0756]
Ep  26 [train]:  46%|████▌     | 67/145 [00:29<00:31,  2.50it/s, loss=0.0756]
Ep  26 [train]:  46%|████▌     | 67/145 [00:30<00:31,  2.50it/s, loss=0.0728]
Ep  26 [train]:  47%|████▋     | 68/145 [00:30<00:39,  1.96it/s, loss=0.0728]
Ep  26 [train]:  47%|████▋     | 68/145 [00:30<00:39,  1.96it/s, loss=0.0731]
Ep  26 [train]:  48%|████▊     | 69/145 [00:30<00:31,  2.44it/s, loss=0.0731]
Ep  26 [train]:  48%|████▊     | 69/145 [00:31<00:31,  2.44it/s, loss=0.0652]
Ep  26 [train]:  48%|████▊     | 70/145 [00:31<00:40,  1.87it/s, loss=0.0652]
Ep  26 [train]:  48%|████▊     | 70/145 [00:31<00:40,  1.87it/s, loss=0.0721]
Ep  26 [train]:  49%|████▉     | 71/145 [00:31<00:31,  2.38it/s, loss=0.0721]
Ep  26 [train]:  49%|████▉     | 71/145 [00:32<00:31,  2.38it/s, loss=0.0710]
Ep  26 [train]:  50%|████▉     | 72/145 [00:32<00:40,  1.82it/s, loss=0.0710]
Ep  26 [train]:  50%|████▉     | 72/145 [00:32<00:40,  1.82it/s, loss=0.0705]
Ep  26 [train]:  50%|█████     | 73/145 [00:32<00:31,  2.31it/s, loss=0.0705]
Ep  26 [train]:  50%|█████     | 73/145 [00:33<00:31,  2.31it/s, loss=0.0696]
Ep  26 [train]:  51%|█████     | 74/145 [00:33<00:37,  1.89it/s, loss=0.0696]
Ep  26 [train]:  51%|█████     | 74/145 [00:33<00:37,  1.89it/s, loss=0.0686]
Ep  26 [train]:  52%|█████▏    | 75/145 [00:33<00:29,  2.41it/s, loss=0.0686]
Ep  26 [train]:  52%|█████▏    | 75/145 [00:34<00:29,  2.41it/s, loss=0.0737]
Ep  26 [train]:  52%|█████▏    | 76/145 [00:34<00:35,  1.92it/s, loss=0.0737]
Ep  26 [train]:  52%|█████▏    | 76/145 [00:34<00:35,  1.92it/s, loss=0.0697]
Ep  26 [train]:  53%|█████▎    | 77/145 [00:34<00:28,  2.42it/s, loss=0.0697]
Ep  26 [train]:  53%|█████▎    | 77/145 [00:34<00:28,  2.42it/s, loss=0.0615]
Ep  26 [train]:  54%|█████▍    | 78/145 [00:34<00:34,  1.96it/s, loss=0.0615]
Ep  26 [train]:  54%|█████▍    | 78/145 [00:35<00:34,  1.96it/s, loss=0.0729]
Ep  26 [train]:  54%|█████▍    | 79/145 [00:35<00:26,  2.52it/s, loss=0.0729]
Ep  26 [train]:  54%|█████▍    | 79/145 [00:35<00:26,  2.52it/s, loss=0.0624]
Ep  26 [train]:  55%|█████▌    | 80/145 [00:35<00:33,  1.92it/s, loss=0.0624]
Ep  26 [train]:  55%|█████▌    | 80/145 [00:36<00:33,  1.92it/s, loss=0.0725]
Ep  26 [train]:  56%|█████▌    | 81/145 [00:36<00:25,  2.47it/s, loss=0.0725]
Ep  26 [train]:  56%|█████▌    | 81/145 [00:36<00:25,  2.47it/s, loss=0.0733]
Ep  26 [train]:  57%|█████▋    | 82/145 [00:36<00:33,  1.90it/s, loss=0.0733]
Ep  26 [train]:  57%|█████▋    | 82/145 [00:36<00:33,  1.90it/s, loss=0.0679]
Ep  26 [train]:  57%|█████▋    | 83/145 [00:36<00:26,  2.36it/s, loss=0.0679]
Ep  26 [train]:  57%|█████▋    | 83/145 [00:37<00:26,  2.36it/s, loss=0.0720]
Ep  26 [train]:  58%|█████▊    | 84/145 [00:37<00:31,  1.91it/s, loss=0.0720]
Ep  26 [train]:  58%|█████▊    | 84/145 [00:37<00:31,  1.91it/s, loss=0.0670]
Ep  26 [train]:  59%|█████▊    | 85/145 [00:37<00:24,  2.46it/s, loss=0.0670]
Ep  26 [train]:  59%|█████▊    | 85/145 [00:38<00:24,  2.46it/s, loss=0.0715]
Ep  26 [train]:  59%|█████▉    | 86/145 [00:38<00:31,  1.86it/s, loss=0.0715]
Ep  26 [train]:  59%|█████▉    | 86/145 [00:38<00:31,  1.86it/s, loss=0.0693]
Ep  26 [train]:  60%|██████    | 87/145 [00:38<00:24,  2.39it/s, loss=0.0693]
Ep  26 [train]:  60%|██████    | 87/145 [00:39<00:24,  2.39it/s, loss=0.0686]
Ep  26 [train]:  61%|██████    | 88/145 [00:39<00:31,  1.82it/s, loss=0.0686]
Ep  26 [train]:  61%|██████    | 88/145 [00:39<00:31,  1.82it/s, loss=0.0681]
Ep  26 [train]:  61%|██████▏   | 89/145 [00:39<00:24,  2.32it/s, loss=0.0681]
Ep  26 [train]:  61%|██████▏   | 89/145 [00:40<00:24,  2.32it/s, loss=0.0728]
Ep  26 [train]:  62%|██████▏   | 90/145 [00:40<00:29,  1.89it/s, loss=0.0728]
Ep  26 [train]:  62%|██████▏   | 90/145 [00:40<00:29,  1.89it/s, loss=0.0714]
Ep  26 [train]:  63%|██████▎   | 91/145 [00:40<00:21,  2.46it/s, loss=0.0714]
Ep  26 [train]:  63%|██████▎   | 91/145 [00:41<00:21,  2.46it/s, loss=0.0697]
Ep  26 [train]:  63%|██████▎   | 92/145 [00:41<00:25,  2.04it/s, loss=0.0697]
Ep  26 [train]:  63%|██████▎   | 92/145 [00:41<00:25,  2.04it/s, loss=0.0746]
Ep  26 [train]:  64%|██████▍   | 93/145 [00:41<00:19,  2.61it/s, loss=0.0746]
Ep  26 [train]:  64%|██████▍   | 93/145 [00:42<00:19,  2.61it/s, loss=0.0659]
Ep  26 [train]:  65%|██████▍   | 94/145 [00:42<00:24,  2.08it/s, loss=0.0659]
Ep  26 [train]:  65%|██████▍   | 94/145 [00:42<00:24,  2.08it/s, loss=0.0713]
Ep  26 [train]:  66%|██████▌   | 95/145 [00:42<00:19,  2.58it/s, loss=0.0713]
Ep  26 [train]:  66%|██████▌   | 95/145 [00:43<00:19,  2.58it/s, loss=0.0766]
Ep  26 [train]:  66%|██████▌   | 96/145 [00:43<00:23,  2.06it/s, loss=0.0766]
Ep  26 [train]:  66%|██████▌   | 96/145 [00:43<00:23,  2.06it/s, loss=0.0722]
Ep  26 [train]:  67%|██████▋   | 97/145 [00:43<00:18,  2.63it/s, loss=0.0722]
Ep  26 [train]:  67%|██████▋   | 97/145 [00:43<00:18,  2.63it/s, loss=0.0710]
Ep  26 [train]:  68%|██████▊   | 98/145 [00:43<00:22,  2.13it/s, loss=0.0710]
Ep  26 [train]:  68%|██████▊   | 98/145 [00:44<00:22,  2.13it/s, loss=0.0692]
Ep  26 [train]:  68%|██████▊   | 99/145 [00:44<00:16,  2.71it/s, loss=0.0692]
Ep  26 [train]:  68%|██████▊   | 99/145 [00:44<00:16,  2.71it/s, loss=0.0694]
Ep  26 [train]:  69%|██████▉   | 100/145 [00:44<00:22,  2.02it/s, loss=0.0694]
Ep  26 [train]:  69%|██████▉   | 100/145 [00:45<00:22,  2.02it/s, loss=0.0737]
Ep  26 [train]:  70%|██████▉   | 101/145 [00:45<00:17,  2.57it/s, loss=0.0737]
Ep  26 [train]:  70%|██████▉   | 101/145 [00:45<00:17,  2.57it/s, loss=0.0732]
Ep  26 [train]:  70%|███████   | 102/145 [00:45<00:21,  1.97it/s, loss=0.0732]
Ep  26 [train]:  70%|███████   | 102/145 [00:45<00:21,  1.97it/s, loss=0.0699]
Ep  26 [train]:  71%|███████   | 103/145 [00:45<00:16,  2.56it/s, loss=0.0699]
Ep  26 [train]:  71%|███████   | 103/145 [00:46<00:16,  2.56it/s, loss=0.0706]
Ep  26 [train]:  72%|███████▏  | 104/145 [00:46<00:20,  1.96it/s, loss=0.0706]
Ep  26 [train]:  72%|███████▏  | 104/145 [00:46<00:20,  1.96it/s, loss=0.0703]
Ep  26 [train]:  72%|███████▏  | 105/145 [00:46<00:16,  2.42it/s, loss=0.0703]
Ep  26 [train]:  72%|███████▏  | 105/145 [00:47<00:16,  2.42it/s, loss=0.0728]
Ep  26 [train]:  73%|███████▎  | 106/145 [00:47<00:18,  2.08it/s, loss=0.0728]
Ep  26 [train]:  73%|███████▎  | 106/145 [00:47<00:18,  2.08it/s, loss=0.0672]
Ep  26 [train]:  74%|███████▍  | 107/145 [00:47<00:14,  2.65it/s, loss=0.0672]
Ep  26 [train]:  74%|███████▍  | 107/145 [00:48<00:14,  2.65it/s, loss=0.0684]
Ep  26 [train]:  74%|███████▍  | 108/145 [00:48<00:16,  2.24it/s, loss=0.0684]
Ep  26 [train]:  74%|███████▍  | 108/145 [00:48<00:16,  2.24it/s, loss=0.0709]
Ep  26 [train]:  75%|███████▌  | 109/145 [00:48<00:12,  2.86it/s, loss=0.0709]
Ep  26 [train]:  75%|███████▌  | 109/145 [00:49<00:12,  2.86it/s, loss=0.0817]
Ep  26 [train]:  76%|███████▌  | 110/145 [00:49<00:15,  2.19it/s, loss=0.0817]
Ep  26 [train]:  76%|███████▌  | 110/145 [00:49<00:15,  2.19it/s, loss=0.0728]
Ep  26 [train]:  77%|███████▋  | 111/145 [00:49<00:12,  2.81it/s, loss=0.0728]
Ep  26 [train]:  77%|███████▋  | 111/145 [00:49<00:12,  2.81it/s, loss=0.0714]
Ep  26 [train]:  77%|███████▋  | 112/145 [00:49<00:15,  2.19it/s, loss=0.0714]
Ep  26 [train]:  77%|███████▋  | 112/145 [00:50<00:15,  2.19it/s, loss=0.0729]
Ep  26 [train]:  78%|███████▊  | 113/145 [00:50<00:11,  2.77it/s, loss=0.0729]
Ep  26 [train]:  78%|███████▊  | 113/145 [00:50<00:11,  2.77it/s, loss=0.0709]
Ep  26 [train]:  79%|███████▊  | 114/145 [00:50<00:14,  2.07it/s, loss=0.0709]
Ep  26 [train]:  79%|███████▊  | 114/145 [00:50<00:14,  2.07it/s, loss=0.0735]
Ep  26 [train]:  79%|███████▉  | 115/145 [00:50<00:11,  2.65it/s, loss=0.0735]
Ep  26 [train]:  79%|███████▉  | 115/145 [00:51<00:11,  2.65it/s, loss=0.0751]
Ep  26 [train]:  80%|████████  | 116/145 [00:51<00:13,  2.12it/s, loss=0.0751]
Ep  26 [train]:  80%|████████  | 116/145 [00:51<00:13,  2.12it/s, loss=0.0728]
Ep  26 [train]:  81%|████████  | 117/145 [00:51<00:10,  2.68it/s, loss=0.0728]
Ep  26 [train]:  81%|████████  | 117/145 [00:52<00:10,  2.68it/s, loss=0.0707]
Ep  26 [train]:  81%|████████▏ | 118/145 [00:52<00:12,  2.09it/s, loss=0.0707]
Ep  26 [train]:  81%|████████▏ | 118/145 [00:52<00:12,  2.09it/s, loss=0.0697]
Ep  26 [train]:  82%|████████▏ | 119/145 [00:52<00:09,  2.66it/s, loss=0.0697]
Ep  26 [train]:  82%|████████▏ | 119/145 [00:53<00:09,  2.66it/s, loss=0.0684]
Ep  26 [train]:  83%|████████▎ | 120/145 [00:53<00:11,  2.13it/s, loss=0.0684]
Ep  26 [train]:  83%|████████▎ | 120/145 [00:53<00:11,  2.13it/s, loss=0.0706]
Ep  26 [train]:  83%|████████▎ | 121/145 [00:53<00:08,  2.74it/s, loss=0.0706]
Ep  26 [train]:  83%|████████▎ | 121/145 [00:54<00:08,  2.74it/s, loss=0.0724]
Ep  26 [train]:  84%|████████▍ | 122/145 [00:54<00:10,  2.19it/s, loss=0.0724]
Ep  26 [train]:  84%|████████▍ | 122/145 [00:54<00:10,  2.19it/s, loss=0.0740]
Ep  26 [train]:  85%|████████▍ | 123/145 [00:54<00:08,  2.69it/s, loss=0.0740]
Ep  26 [train]:  85%|████████▍ | 123/145 [00:55<00:08,  2.69it/s, loss=0.0662]
Ep  26 [train]:  86%|████████▌ | 124/145 [00:55<00:09,  2.17it/s, loss=0.0662]
Ep  26 [train]:  86%|████████▌ | 124/145 [00:55<00:09,  2.17it/s, loss=0.0669]
Ep  26 [train]:  86%|████████▌ | 125/145 [00:55<00:07,  2.75it/s, loss=0.0669]
Ep  26 [train]:  86%|████████▌ | 125/145 [00:55<00:07,  2.75it/s, loss=0.0701]
Ep  26 [train]:  87%|████████▋ | 126/145 [00:55<00:08,  2.21it/s, loss=0.0701]
Ep  26 [train]:  87%|████████▋ | 126/145 [00:55<00:08,  2.21it/s, loss=0.0743]
Ep  26 [train]:  88%|████████▊ | 127/145 [00:55<00:06,  2.84it/s, loss=0.0743]
Ep  26 [train]:  88%|████████▊ | 127/145 [00:56<00:06,  2.84it/s, loss=0.0697]
Ep  26 [train]:  88%|████████▊ | 128/145 [00:56<00:07,  2.20it/s, loss=0.0697]
Ep  26 [train]:  88%|████████▊ | 128/145 [00:56<00:07,  2.20it/s, loss=0.0748]
Ep  26 [train]:  89%|████████▉ | 129/145 [00:56<00:05,  2.82it/s, loss=0.0748]
Ep  26 [train]:  89%|████████▉ | 129/145 [00:57<00:05,  2.82it/s, loss=0.0698]
Ep  26 [train]:  90%|████████▉ | 130/145 [00:57<00:06,  2.24it/s, loss=0.0698]
Ep  26 [train]:  90%|████████▉ | 130/145 [00:57<00:06,  2.24it/s, loss=0.0738]
Ep  26 [train]:  90%|█████████ | 131/145 [00:57<00:04,  2.85it/s, loss=0.0738]
Ep  26 [train]:  90%|█████████ | 131/145 [00:58<00:04,  2.85it/s, loss=0.0774]
Ep  26 [train]:  91%|█████████ | 132/145 [00:58<00:05,  2.22it/s, loss=0.0774]
Ep  26 [train]:  91%|█████████ | 132/145 [00:58<00:05,  2.22it/s, loss=0.0748]
Ep  26 [train]:  92%|█████████▏| 133/145 [00:58<00:04,  2.85it/s, loss=0.0748]
Ep  26 [train]:  92%|█████████▏| 133/145 [00:58<00:04,  2.85it/s, loss=0.0747]
Ep  26 [train]:  92%|█████████▏| 134/145 [00:58<00:04,  2.36it/s, loss=0.0747]
Ep  26 [train]:  92%|█████████▏| 134/145 [00:59<00:04,  2.36it/s, loss=0.0763]
Ep  26 [train]:  93%|█████████▎| 135/145 [00:59<00:03,  2.98it/s, loss=0.0763]
Ep  26 [train]:  93%|█████████▎| 135/145 [00:59<00:03,  2.98it/s, loss=0.0735]
Ep  26 [train]:  94%|█████████▍| 136/145 [00:59<00:03,  2.32it/s, loss=0.0735]
Ep  26 [train]:  94%|█████████▍| 136/145 [00:59<00:03,  2.32it/s, loss=0.0761]
Ep  26 [train]:  94%|█████████▍| 137/145 [00:59<00:02,  2.97it/s, loss=0.0761]
Ep  26 [train]:  94%|█████████▍| 137/145 [01:00<00:02,  2.97it/s, loss=0.0695]
Ep  26 [train]:  95%|█████████▌| 138/145 [01:00<00:02,  2.41it/s, loss=0.0695]
Ep  26 [train]:  95%|█████████▌| 138/145 [01:00<00:02,  2.41it/s, loss=0.0693]
Ep  26 [train]:  96%|█████████▌| 139/145 [01:00<00:01,  3.05it/s, loss=0.0693]
Ep  26 [train]:  96%|█████████▌| 139/145 [01:01<00:01,  3.05it/s, loss=0.0743]
Ep  26 [train]:  97%|█████████▋| 140/145 [01:01<00:02,  2.39it/s, loss=0.0743]
Ep  26 [train]:  97%|█████████▋| 140/145 [01:01<00:02,  2.39it/s, loss=0.0662]
Ep  26 [train]:  97%|█████████▋| 141/145 [01:01<00:01,  2.99it/s, loss=0.0662]
Ep  26 [train]:  97%|█████████▋| 141/145 [01:01<00:01,  2.99it/s, loss=0.0676]
Ep  26 [train]:  98%|█████████▊| 142/145 [01:01<00:01,  2.37it/s, loss=0.0676]
Ep  26 [train]:  98%|█████████▊| 142/145 [01:02<00:01,  2.37it/s, loss=0.0750]
Ep  26 [train]:  99%|█████████▊| 143/145 [01:02<00:00,  2.96it/s, loss=0.0750]
Ep  26 [train]:  99%|█████████▊| 143/145 [01:02<00:00,  2.96it/s, loss=0.0740]
Ep  26 [train]:  99%|█████████▉| 144/145 [01:02<00:00,  2.21it/s, loss=0.0740]
Ep  26 [train]:  99%|█████████▉| 144/145 [01:02<00:00,  2.21it/s, loss=0.0651]
Ep  26 [train]: 100%|██████████| 145/145 [01:02<00:00,  2.79it/s, loss=0.0651]
                                                                              
  Ep  26 [train]  loss=0.0718  rmse_c=0.2366  mae_c=0.2144  r2_c=0.027  rmse_h=0.2963  mae_h=0.2193  r2_h=0.492  sup=0.328

Ep  26 [val  ]:   0%|          | 0/39 [00:00<?, ?it/s]
Ep  26 [val  ]:   0%|          | 0/39 [00:00<?, ?it/s, loss=0.0917]
Ep  26 [val  ]:   3%|▎         | 1/39 [00:00<00:34,  1.10it/s, loss=0.0917]
Ep  26 [val  ]:   3%|▎         | 1/39 [00:01<00:34,  1.10it/s, loss=0.0863]
Ep  26 [val  ]:   5%|▌         | 2/39 [00:01<00:18,  1.97it/s, loss=0.0863]
Ep  26 [val  ]:   5%|▌         | 2/39 [00:01<00:18,  1.97it/s, loss=0.0720]
Ep  26 [val  ]:   8%|▊         | 3/39 [00:01<00:18,  1.93it/s, loss=0.0720]
Ep  26 [val  ]:   8%|▊         | 3/39 [00:02<00:18,  1.93it/s, loss=0.0670]
Ep  26 [val  ]:  10%|█         | 4/39 [00:02<00:15,  2.24it/s, loss=0.0670]
Ep  26 [val  ]:  10%|█         | 4/39 [00:02<00:15,  2.24it/s, loss=0.0727]
Ep  26 [val  ]:  13%|█▎        | 5/39 [00:02<00:14,  2.30it/s, loss=0.0727]
Ep  26 [val  ]:  13%|█▎        | 5/39 [00:02<00:14,  2.30it/s, loss=0.0745]
Ep  26 [val  ]:  15%|█▌        | 6/39 [00:02<00:14,  2.31it/s, loss=0.0745]
Ep  26 [val  ]:  15%|█▌        | 6/39 [00:03<00:14,  2.31it/s, loss=0.0688]
Ep  26 [val  ]:  18%|█▊        | 7/39 [00:03<00:12,  2.55it/s, loss=0.0688]
Ep  26 [val  ]:  18%|█▊        | 7/39 [00:03<00:12,  2.55it/s, loss=0.0684]
Ep  26 [val  ]:  21%|██        | 8/39 [00:03<00:14,  2.13it/s, loss=0.0684]
Ep  26 [val  ]:  21%|██        | 8/39 [00:03<00:14,  2.13it/s, loss=0.0660]
Ep  26 [val  ]:  21%|██        | 8/39 [00:04<00:14,  2.13it/s, loss=0.0646]
Ep  26 [val  ]:  26%|██▌       | 10/39 [00:04<00:13,  2.16it/s, loss=0.0646]
Ep  26 [val  ]:  26%|██▌       | 10/39 [00:04<00:13,  2.16it/s, loss=0.0663]
Ep  26 [val  ]:  26%|██▌       | 10/39 [00:05<00:13,  2.16it/s, loss=0.0722]
Ep  26 [val  ]:  31%|███       | 12/39 [00:05<00:12,  2.23it/s, loss=0.0722]
Ep  26 [val  ]:  31%|███       | 12/39 [00:05<00:12,  2.23it/s, loss=0.0745]
Ep  26 [val  ]:  31%|███       | 12/39 [00:06<00:12,  2.23it/s, loss=0.0815]
Ep  26 [val  ]:  36%|███▌      | 14/39 [00:06<00:11,  2.22it/s, loss=0.0815]
Ep  26 [val  ]:  36%|███▌      | 14/39 [00:06<00:11,  2.22it/s, loss=0.0900]
Ep  26 [val  ]:  36%|███▌      | 14/39 [00:07<00:11,  2.22it/s, loss=0.0876]
Ep  26 [val  ]:  41%|████      | 16/39 [00:07<00:10,  2.15it/s, loss=0.0876]
Ep  26 [val  ]:  41%|████      | 16/39 [00:07<00:10,  2.15it/s, loss=0.0865]
Ep  26 [val  ]:  41%|████      | 16/39 [00:08<00:10,  2.15it/s, loss=0.0790]
Ep  26 [val  ]:  46%|████▌     | 18/39 [00:08<00:09,  2.20it/s, loss=0.0790]
Ep  26 [val  ]:  46%|████▌     | 18/39 [00:08<00:09,  2.20it/s, loss=0.0724]
Ep  26 [val  ]:  46%|████▌     | 18/39 [00:09<00:09,  2.20it/s, loss=0.0642]
Ep  26 [val  ]:  51%|█████▏    | 20/39 [00:09<00:08,  2.26it/s, loss=0.0642]
Ep  26 [val  ]:  51%|█████▏    | 20/39 [00:09<00:08,  2.26it/s, loss=0.0569]
Ep  26 [val  ]:  51%|█████▏    | 20/39 [00:10<00:08,  2.26it/s, loss=0.0634]
Ep  26 [val  ]:  56%|█████▋    | 22/39 [00:10<00:07,  2.19it/s, loss=0.0634]
Ep  26 [val  ]:  56%|█████▋    | 22/39 [00:10<00:07,  2.19it/s, loss=0.0598]
Ep  26 [val  ]:  56%|█████▋    | 22/39 [00:11<00:07,  2.19it/s, loss=0.0606]
Ep  26 [val  ]:  62%|██████▏   | 24/39 [00:11<00:06,  2.16it/s, loss=0.0606]
Ep  26 [val  ]:  62%|██████▏   | 24/39 [00:11<00:06,  2.16it/s, loss=0.0623]
Ep  26 [val  ]:  62%|██████▏   | 24/39 [00:11<00:06,  2.16it/s, loss=0.0682]
Ep  26 [val  ]:  67%|██████▋   | 26/39 [00:11<00:05,  2.22it/s, loss=0.0682]
Ep  26 [val  ]:  67%|██████▋   | 26/39 [00:11<00:05,  2.22it/s, loss=0.0756]
Ep  26 [val  ]:  67%|██████▋   | 26/39 [00:12<00:05,  2.22it/s, loss=0.1174]
Ep  26 [val  ]:  72%|███████▏  | 28/39 [00:12<00:04,  2.24it/s, loss=0.1174]
Ep  26 [val  ]:  72%|███████▏  | 28/39 [00:12<00:04,  2.24it/s, loss=0.0903]
Ep  26 [val  ]:  72%|███████▏  | 28/39 [00:13<00:04,  2.24it/s, loss=0.0820]
Ep  26 [val  ]:  77%|███████▋  | 30/39 [00:13<00:03,  2.26it/s, loss=0.0820]
Ep  26 [val  ]:  77%|███████▋  | 30/39 [00:13<00:03,  2.26it/s, loss=0.0779]
Ep  26 [val  ]:  77%|███████▋  | 30/39 [00:14<00:03,  2.26it/s, loss=0.0701]
Ep  26 [val  ]:  82%|████████▏ | 32/39 [00:14<00:03,  2.33it/s, loss=0.0701]
Ep  26 [val  ]:  82%|████████▏ | 32/39 [00:14<00:03,  2.33it/s, loss=0.0715]
Ep  26 [val  ]:  82%|████████▏ | 32/39 [00:15<00:03,  2.33it/s, loss=0.0694]
Ep  26 [val  ]:  87%|████████▋ | 34/39 [00:15<00:02,  2.39it/s, loss=0.0694]
Ep  26 [val  ]:  87%|████████▋ | 34/39 [00:15<00:02,  2.39it/s, loss=0.0737]
Ep  26 [val  ]:  87%|████████▋ | 34/39 [00:16<00:02,  2.39it/s, loss=0.0687]
Ep  26 [val  ]:  92%|█████████▏| 36/39 [00:16<00:01,  2.38it/s, loss=0.0687]
Ep  26 [val  ]:  92%|█████████▏| 36/39 [00:16<00:01,  2.38it/s, loss=0.0671]
Ep  26 [val  ]:  92%|█████████▏| 36/39 [00:16<00:01,  2.38it/s, loss=0.0606]
Ep  26 [val  ]:  97%|█████████▋| 38/39 [00:16<00:00,  2.42it/s, loss=0.0606]
Ep  26 [val  ]:  97%|█████████▋| 38/39 [00:16<00:00,  2.42it/s, loss=0.0695]
                                                                            
  Ep  26 [val  ]  loss=0.0736  rmse_c=0.2428  mae_c=0.2178  r2_c=0.031  rmse_h=0.2963  mae_h=0.2202  r2_h=0.453  sup=0.308
  [new best] combined_val_rmse=0.2696

Ep  27 [train]:   0%|          | 0/145 [00:00<?, ?it/s]
Ep  27 [train]:   0%|          | 0/145 [00:00<?, ?it/s, loss=0.0732]
Ep  27 [train]:   1%|          | 1/145 [00:00<02:14,  1.07it/s, loss=0.0732]
Ep  27 [train]:   1%|          | 1/145 [00:01<02:14,  1.07it/s, loss=0.0660]
Ep  27 [train]:   1%|▏         | 2/145 [00:01<01:05,  2.18it/s, loss=0.0660]
Ep  27 [train]:   1%|▏         | 2/145 [00:01<01:05,  2.18it/s, loss=0.0651]
Ep  27 [train]:   2%|▏         | 3/145 [00:01<01:14,  1.90it/s, loss=0.0651]
Ep  27 [train]:   2%|▏         | 3/145 [00:01<01:14,  1.90it/s, loss=0.0692]
Ep  27 [train]:   3%|▎         | 4/145 [00:01<00:51,  2.73it/s, loss=0.0692]
Ep  27 [train]:   3%|▎         | 4/145 [00:02<00:51,  2.73it/s, loss=0.0681]
Ep  27 [train]:   3%|▎         | 5/145 [00:02<01:04,  2.18it/s, loss=0.0681]
Ep  27 [train]:   3%|▎         | 5/145 [00:02<01:04,  2.18it/s, loss=0.0656]
Ep  27 [train]:   4%|▍         | 6/145 [00:02<00:48,  2.88it/s, loss=0.0656]
Ep  27 [train]:   4%|▍         | 6/145 [00:03<00:48,  2.88it/s, loss=0.0761]
Ep  27 [train]:   5%|▍         | 7/145 [00:03<00:59,  2.33it/s, loss=0.0761]
Ep  27 [train]:   5%|▍         | 7/145 [00:03<00:59,  2.33it/s, loss=0.0701]
Ep  27 [train]:   6%|▌         | 8/145 [00:03<00:45,  3.01it/s, loss=0.0701]
Ep  27 [train]:   6%|▌         | 8/145 [00:03<00:45,  3.01it/s, loss=0.0690]
Ep  27 [train]:   6%|▌         | 9/145 [00:03<00:56,  2.42it/s, loss=0.0690]
Ep  27 [train]:   6%|▌         | 9/145 [00:03<00:56,  2.42it/s, loss=0.0677]
Ep  27 [train]:   7%|▋         | 10/145 [00:03<00:44,  3.05it/s, loss=0.0677]
Ep  27 [train]:   7%|▋         | 10/145 [00:04<00:44,  3.05it/s, loss=0.0732]
Ep  27 [train]:   8%|▊         | 11/145 [00:04<00:55,  2.42it/s, loss=0.0732]
Ep  27 [train]:   8%|▊         | 11/145 [00:04<00:55,  2.42it/s, loss=0.0695]
Ep  27 [train]:   8%|▊         | 12/145 [00:04<00:47,  2.81it/s, loss=0.0695]
Ep  27 [train]:   8%|▊         | 12/145 [00:05<00:47,  2.81it/s, loss=0.0701]
Ep  27 [train]:   9%|▉         | 13/145 [00:05<00:52,  2.49it/s, loss=0.0701]
Ep  27 [train]:   9%|▉         | 13/145 [00:05<00:52,  2.49it/s, loss=0.0777]
Ep  27 [train]:  10%|▉         | 14/145 [00:05<00:53,  2.46it/s, loss=0.0777]
Ep  27 [train]:  10%|▉         | 14/145 [00:06<00:53,  2.46it/s, loss=0.0681]
Ep  27 [train]:  10%|█         | 15/145 [00:06<00:53,  2.43it/s, loss=0.0681]
Ep  27 [train]:  10%|█         | 15/145 [00:06<00:53,  2.43it/s, loss=0.0722]
Ep  27 [train]:  11%|█         | 16/145 [00:06<00:52,  2.43it/s, loss=0.0722]
Ep  27 [train]:  11%|█         | 16/145 [00:06<00:52,  2.43it/s, loss=0.0692]
Ep  27 [train]:  12%|█▏        | 17/145 [00:06<00:52,  2.45it/s, loss=0.0692]
Ep  27 [train]:  12%|█▏        | 17/145 [00:07<00:52,  2.45it/s, loss=0.0747]
Ep  27 [train]:  12%|█▏        | 18/145 [00:07<00:51,  2.45it/s, loss=0.0747]
Ep  27 [train]:  12%|█▏        | 18/145 [00:07<00:51,  2.45it/s, loss=0.0718]
Ep  27 [train]:  13%|█▎        | 19/145 [00:07<00:53,  2.35it/s, loss=0.0718]
Ep  27 [train]:  13%|█▎        | 19/145 [00:08<00:53,  2.35it/s, loss=0.0657]
Ep  27 [train]:  14%|█▍        | 20/145 [00:08<00:51,  2.44it/s, loss=0.0657]
Ep  27 [train]:  14%|█▍        | 20/145 [00:08<00:51,  2.44it/s, loss=0.0713]
Ep  27 [train]:  14%|█▍        | 21/145 [00:08<00:51,  2.42it/s, loss=0.0713]
Ep  27 [train]:  14%|█▍        | 21/145 [00:08<00:51,  2.42it/s, loss=0.0695]
Ep  27 [train]:  15%|█▌        | 22/145 [00:08<00:47,  2.58it/s, loss=0.0695]
Ep  27 [train]:  15%|█▌        | 22/145 [00:09<00:47,  2.58it/s, loss=0.0726]
Ep  27 [train]:  16%|█▌        | 23/145 [00:09<00:50,  2.42it/s, loss=0.0726]
Ep  27 [train]:  16%|█▌        | 23/145 [00:09<00:50,  2.42it/s, loss=0.0715]
Ep  27 [train]:  17%|█▋        | 24/145 [00:09<00:44,  2.72it/s, loss=0.0715]
Ep  27 [train]:  17%|█▋        | 24/145 [00:10<00:44,  2.72it/s, loss=0.0692]
Ep  27 [train]:  17%|█▋        | 25/145 [00:10<00:51,  2.35it/s, loss=0.0692]
Ep  27 [train]:  17%|█▋        | 25/145 [00:10<00:51,  2.35it/s, loss=0.0754]
Ep  27 [train]:  18%|█▊        | 26/145 [00:10<00:43,  2.75it/s, loss=0.0754]
Ep  27 [train]:  18%|█▊        | 26/145 [00:11<00:43,  2.75it/s, loss=0.0726]
Ep  27 [train]:  19%|█▊        | 27/145 [00:11<00:50,  2.34it/s, loss=0.0726]
Ep  27 [train]:  19%|█▊        | 27/145 [00:11<00:50,  2.34it/s, loss=0.0731]
Ep  27 [train]:  19%|█▉        | 28/145 [00:11<00:39,  2.93it/s, loss=0.0731]
Ep  27 [train]:  19%|█▉        | 28/145 [00:11<00:39,  2.93it/s, loss=0.0781]
Ep  27 [train]:  20%|██        | 29/145 [00:11<00:51,  2.25it/s, loss=0.0781]
Ep  27 [train]:  20%|██        | 29/145 [00:12<00:51,  2.25it/s, loss=0.0676]
Ep  27 [train]:  21%|██        | 30/145 [00:12<00:40,  2.84it/s, loss=0.0676]
Ep  27 [train]:  21%|██        | 30/145 [00:12<00:40,  2.84it/s, loss=0.0679]
Ep  27 [train]:  21%|██▏       | 31/145 [00:12<00:50,  2.26it/s, loss=0.0679]
Ep  27 [train]:  21%|██▏       | 31/145 [00:12<00:50,  2.26it/s, loss=0.0672]
Ep  27 [train]:  22%|██▏       | 32/145 [00:12<00:39,  2.87it/s, loss=0.0672]
Ep  27 [train]:  22%|██▏       | 32/145 [00:13<00:39,  2.87it/s, loss=0.0668]
Ep  27 [train]:  23%|██▎       | 33/145 [00:13<00:49,  2.28it/s, loss=0.0668]
Ep  27 [train]:  23%|██▎       | 33/145 [00:13<00:49,  2.28it/s, loss=0.0734]
Ep  27 [train]:  23%|██▎       | 34/145 [00:13<00:39,  2.81it/s, loss=0.0734]
Ep  27 [train]:  23%|██▎       | 34/145 [00:14<00:39,  2.81it/s, loss=0.0718]
Ep  27 [train]:  24%|██▍       | 35/145 [00:14<00:48,  2.28it/s, loss=0.0718]
Ep  27 [train]:  24%|██▍       | 35/145 [00:14<00:48,  2.28it/s, loss=0.0699]
Ep  27 [train]:  25%|██▍       | 36/145 [00:14<00:40,  2.72it/s, loss=0.0699]
Ep  27 [train]:  25%|██▍       | 36/145 [00:15<00:40,  2.72it/s, loss=0.0780]
Ep  27 [train]:  26%|██▌       | 37/145 [00:15<00:47,  2.29it/s, loss=0.0780]
Ep  27 [train]:  26%|██▌       | 37/145 [00:15<00:47,  2.29it/s, loss=0.0725]
Ep  27 [train]:  26%|██▌       | 38/145 [00:15<00:39,  2.71it/s, loss=0.0725]
Ep  27 [train]:  26%|██▌       | 38/145 [00:15<00:39,  2.71it/s, loss=0.0687]
Ep  27 [train]:  27%|██▋       | 39/145 [00:15<00:44,  2.36it/s, loss=0.0687]
Ep  27 [train]:  27%|██▋       | 39/145 [00:16<00:44,  2.36it/s, loss=0.0758]
Ep  27 [train]:  28%|██▊       | 40/145 [00:16<00:38,  2.72it/s, loss=0.0758]
Ep  27 [train]:  28%|██▊       | 40/145 [00:16<00:38,  2.72it/s, loss=0.0667]
Ep  27 [train]:  28%|██▊       | 41/145 [00:16<00:43,  2.41it/s, loss=0.0667]
Ep  27 [train]:  28%|██▊       | 41/145 [00:16<00:43,  2.41it/s, loss=0.0653]
Ep  27 [train]:  29%|██▉       | 42/145 [00:16<00:37,  2.72it/s, loss=0.0653]
Ep  27 [train]:  29%|██▉       | 42/145 [00:17<00:37,  2.72it/s, loss=0.0712]
Ep  27 [train]:  30%|██▉       | 43/145 [00:17<00:41,  2.44it/s, loss=0.0712]
Ep  27 [train]:  30%|██▉       | 43/145 [00:17<00:41,  2.44it/s, loss=0.0725]
Ep  27 [train]:  30%|███       | 44/145 [00:17<00:36,  2.75it/s, loss=0.0725]
Ep  27 [train]:  30%|███       | 44/145 [00:18<00:36,  2.75it/s, loss=0.0744]
Ep  27 [train]:  31%|███       | 45/145 [00:18<00:41,  2.42it/s, loss=0.0744]
Ep  27 [train]:  31%|███       | 45/145 [00:18<00:41,  2.42it/s, loss=0.0720]
Ep  27 [train]:  32%|███▏      | 46/145 [00:18<00:35,  2.82it/s, loss=0.0720]
Ep  27 [train]:  32%|███▏      | 46/145 [00:18<00:35,  2.82it/s, loss=0.0670]
Ep  27 [train]:  32%|███▏      | 47/145 [00:18<00:39,  2.48it/s, loss=0.0670]
Ep  27 [train]:  32%|███▏      | 47/145 [00:19<00:39,  2.48it/s, loss=0.0720]
Ep  27 [train]:  33%|███▎      | 48/145 [00:19<00:33,  2.93it/s, loss=0.0720]
Ep  27 [train]:  33%|███▎      | 48/145 [00:19<00:33,  2.93it/s, loss=0.0699]
Ep  27 [train]:  34%|███▍      | 49/145 [00:19<00:38,  2.50it/s, loss=0.0699]
Ep  27 [train]:  34%|███▍      | 49/145 [00:19<00:38,  2.50it/s, loss=0.0689]
Ep  27 [train]:  34%|███▍      | 50/145 [00:19<00:31,  3.00it/s, loss=0.0689]
Ep  27 [train]:  34%|███▍      | 50/145 [00:20<00:31,  3.00it/s, loss=0.0710]
Ep  27 [train]:  35%|███▌      | 51/145 [00:20<00:40,  2.33it/s, loss=0.0710]
Ep  27 [train]:  35%|███▌      | 51/145 [00:20<00:40,  2.33it/s, loss=0.0795]
Ep  27 [train]:  36%|███▌      | 52/145 [00:20<00:34,  2.68it/s, loss=0.0795]
Ep  27 [train]:  36%|███▌      | 52/145 [00:21<00:34,  2.68it/s, loss=0.0700]
Ep  27 [train]:  37%|███▋      | 53/145 [00:21<00:38,  2.40it/s, loss=0.0700]
Ep  27 [train]:  37%|███▋      | 53/145 [00:21<00:38,  2.40it/s, loss=0.0740]
Ep  27 [train]:  37%|███▋      | 54/145 [00:21<00:36,  2.49it/s, loss=0.0740]
Ep  27 [train]:  37%|███▋      | 54/145 [00:21<00:36,  2.49it/s, loss=0.0723]
Ep  27 [train]:  38%|███▊      | 55/145 [00:21<00:35,  2.57it/s, loss=0.0723]
Ep  27 [train]:  38%|███▊      | 55/145 [00:22<00:35,  2.57it/s, loss=0.0689]
Ep  27 [train]:  39%|███▊      | 56/145 [00:22<00:37,  2.38it/s, loss=0.0689]
Ep  27 [train]:  39%|███▊      | 56/145 [00:22<00:37,  2.38it/s, loss=0.0744]
Ep  27 [train]:  39%|███▉      | 57/145 [00:22<00:33,  2.67it/s, loss=0.0744]
Ep  27 [train]:  39%|███▉      | 57/145 [00:23<00:33,  2.67it/s, loss=0.0699]
Ep  27 [train]:  40%|████      | 58/145 [00:23<00:38,  2.24it/s, loss=0.0699]
Ep  27 [train]:  40%|████      | 58/145 [00:23<00:38,  2.24it/s, loss=0.0750]
Ep  27 [train]:  41%|████      | 59/145 [00:23<00:30,  2.85it/s, loss=0.0750]
Ep  27 [train]:  41%|████      | 59/145 [00:24<00:30,  2.85it/s, loss=0.0795]
Ep  27 [train]:  41%|████▏     | 60/145 [00:24<00:40,  2.10it/s, loss=0.0795]
Ep  27 [train]:  41%|████▏     | 60/145 [00:24<00:40,  2.10it/s, loss=0.0688]
Ep  27 [train]:  42%|████▏     | 61/145 [00:24<00:31,  2.69it/s, loss=0.0688]
Ep  27 [train]:  42%|████▏     | 61/145 [00:25<00:31,  2.69it/s, loss=0.0696]
Ep  27 [train]:  43%|████▎     | 62/145 [00:25<00:41,  2.00it/s, loss=0.0696]
Ep  27 [train]:  43%|████▎     | 62/145 [00:25<00:41,  2.00it/s, loss=0.0675]
Ep  27 [train]:  43%|████▎     | 63/145 [00:25<00:32,  2.55it/s, loss=0.0675]
Ep  27 [train]:  43%|████▎     | 63/145 [00:26<00:32,  2.55it/s, loss=0.0709]
Ep  27 [train]:  44%|████▍     | 64/145 [00:26<00:42,  1.91it/s, loss=0.0709]
Ep  27 [train]:  44%|████▍     | 64/145 [00:26<00:42,  1.91it/s, loss=0.0681]
Ep  27 [train]:  45%|████▍     | 65/145 [00:26<00:33,  2.39it/s, loss=0.0681]
Ep  27 [train]:  45%|████▍     | 65/145 [00:27<00:33,  2.39it/s, loss=0.0715]
Ep  27 [train]:  46%|████▌     | 66/145 [00:27<00:41,  1.90it/s, loss=0.0715]
Ep  27 [train]:  46%|████▌     | 66/145 [00:27<00:41,  1.90it/s, loss=0.0730]
Ep  27 [train]:  46%|████▌     | 67/145 [00:27<00:33,  2.34it/s, loss=0.0730]
Ep  27 [train]:  46%|████▌     | 67/145 [00:28<00:33,  2.34it/s, loss=0.0644]
Ep  27 [train]:  47%|████▋     | 68/145 [00:28<00:41,  1.86it/s, loss=0.0644]
Ep  27 [train]:  47%|████▋     | 68/145 [00:28<00:41,  1.86it/s, loss=0.0720]
Ep  27 [train]:  48%|████▊     | 69/145 [00:28<00:31,  2.41it/s, loss=0.0720]
Ep  27 [train]:  48%|████▊     | 69/145 [00:28<00:31,  2.41it/s, loss=0.0698]
Ep  27 [train]:  48%|████▊     | 70/145 [00:28<00:38,  1.97it/s, loss=0.0698]
Ep  27 [train]:  48%|████▊     | 70/145 [00:29<00:38,  1.97it/s, loss=0.0659]
Ep  27 [train]:  49%|████▉     | 71/145 [00:29<00:29,  2.48it/s, loss=0.0659]
Ep  27 [train]:  49%|████▉     | 71/145 [00:29<00:29,  2.48it/s, loss=0.0722]
Ep  27 [train]:  50%|████▉     | 72/145 [00:29<00:35,  2.06it/s, loss=0.0722]
Ep  27 [train]:  50%|████▉     | 72/145 [00:29<00:35,  2.06it/s, loss=0.0720]
Ep  27 [train]:  50%|█████     | 73/145 [00:29<00:27,  2.64it/s, loss=0.0720]
Ep  27 [train]:  50%|█████     | 73/145 [00:30<00:27,  2.64it/s, loss=0.0623]
Ep  27 [train]:  51%|█████     | 74/145 [00:30<00:34,  2.09it/s, loss=0.0623]
Ep  27 [train]:  51%|█████     | 74/145 [00:30<00:34,  2.09it/s, loss=0.0685]
Ep  27 [train]:  52%|█████▏    | 75/145 [00:30<00:26,  2.64it/s, loss=0.0685]
Ep  27 [train]:  52%|█████▏    | 75/145 [00:31<00:26,  2.64it/s, loss=0.0690]
Ep  27 [train]:  52%|█████▏    | 76/145 [00:31<00:35,  1.93it/s, loss=0.0690]
Ep  27 [train]:  52%|█████▏    | 76/145 [00:31<00:35,  1.93it/s, loss=0.0699]
Ep  27 [train]:  53%|█████▎    | 77/145 [00:31<00:28,  2.42it/s, loss=0.0699]
Ep  27 [train]:  53%|█████▎    | 77/145 [00:32<00:28,  2.42it/s, loss=0.0682]
Ep  27 [train]:  54%|█████▍    | 78/145 [00:32<00:35,  1.88it/s, loss=0.0682]
Ep  27 [train]:  54%|█████▍    | 78/145 [00:32<00:35,  1.88it/s, loss=0.0820]
Ep  27 [train]:  54%|█████▍    | 79/145 [00:32<00:28,  2.32it/s, loss=0.0820]
Ep  27 [train]:  54%|█████▍    | 79/145 [00:33<00:28,  2.32it/s, loss=0.0776]
Ep  27 [train]:  55%|█████▌    | 80/145 [00:33<00:35,  1.82it/s, loss=0.0776]
Ep  27 [train]:  55%|█████▌    | 80/145 [00:33<00:35,  1.82it/s, loss=0.0694]
Ep  27 [train]:  56%|█████▌    | 81/145 [00:33<00:28,  2.28it/s, loss=0.0694]
Ep  27 [train]:  56%|█████▌    | 81/145 [00:34<00:28,  2.28it/s, loss=0.0668]
Ep  27 [train]:  57%|█████▋    | 82/145 [00:34<00:34,  1.83it/s, loss=0.0668]
Ep  27 [train]:  57%|█████▋    | 82/145 [00:34<00:34,  1.83it/s, loss=0.0643]
Ep  27 [train]:  57%|█████▋    | 83/145 [00:34<00:26,  2.33it/s, loss=0.0643]
Ep  27 [train]:  57%|█████▋    | 83/145 [00:35<00:26,  2.33it/s, loss=0.0751]
Ep  27 [train]:  58%|█████▊    | 84/145 [00:35<00:33,  1.82it/s, loss=0.0751]
Ep  27 [train]:  58%|█████▊    | 84/145 [00:35<00:33,  1.82it/s, loss=0.0804]
Ep  27 [train]:  59%|█████▊    | 85/145 [00:35<00:25,  2.37it/s, loss=0.0804]
Ep  27 [train]:  59%|█████▊    | 85/145 [00:36<00:25,  2.37it/s, loss=0.0730]
Ep  27 [train]:  59%|█████▉    | 86/145 [00:36<00:32,  1.81it/s, loss=0.0730]
Ep  27 [train]:  59%|█████▉    | 86/145 [00:36<00:32,  1.81it/s, loss=0.0694]
Ep  27 [train]:  60%|██████    | 87/145 [00:36<00:25,  2.25it/s, loss=0.0694]
Ep  27 [train]:  60%|██████    | 87/145 [00:37<00:25,  2.25it/s, loss=0.0722]
Ep  27 [train]:  61%|██████    | 88/145 [00:37<00:30,  1.86it/s, loss=0.0722]
Ep  27 [train]:  61%|██████    | 88/145 [00:37<00:30,  1.86it/s, loss=0.0703]
Ep  27 [train]:  61%|██████▏   | 89/145 [00:37<00:23,  2.39it/s, loss=0.0703]
Ep  27 [train]:  61%|██████▏   | 89/145 [00:38<00:23,  2.39it/s, loss=0.0720]
Ep  27 [train]:  62%|██████▏   | 90/145 [00:38<00:29,  1.85it/s, loss=0.0720]
Ep  27 [train]:  62%|██████▏   | 90/145 [00:38<00:29,  1.85it/s, loss=0.0708]
Ep  27 [train]:  63%|██████▎   | 91/145 [00:38<00:22,  2.41it/s, loss=0.0708]
Ep  27 [train]:  63%|██████▎   | 91/145 [00:39<00:22,  2.41it/s, loss=0.0641]
Ep  27 [train]:  63%|██████▎   | 92/145 [00:39<00:29,  1.78it/s, loss=0.0641]
Ep  27 [train]:  63%|██████▎   | 92/145 [00:39<00:29,  1.78it/s, loss=0.0774]
Ep  27 [train]:  64%|██████▍   | 93/145 [00:39<00:23,  2.21it/s, loss=0.0774]
Ep  27 [train]:  64%|██████▍   | 93/145 [00:40<00:23,  2.21it/s, loss=0.0737]
Ep  27 [train]:  65%|██████▍   | 94/145 [00:40<00:27,  1.87it/s, loss=0.0737]
Ep  27 [train]:  65%|██████▍   | 94/145 [00:40<00:27,  1.87it/s, loss=0.0745]
Ep  27 [train]:  66%|██████▌   | 95/145 [00:40<00:20,  2.38it/s, loss=0.0745]
Ep  27 [train]:  66%|██████▌   | 95/145 [00:41<00:20,  2.38it/s, loss=0.0708]
Ep  27 [train]:  66%|██████▌   | 96/145 [00:41<00:26,  1.86it/s, loss=0.0708]
Ep  27 [train]:  66%|██████▌   | 96/145 [00:41<00:26,  1.86it/s, loss=0.0638]
Ep  27 [train]:  67%|██████▋   | 97/145 [00:41<00:19,  2.42it/s, loss=0.0638]
Ep  27 [train]:  67%|██████▋   | 97/145 [00:42<00:19,  2.42it/s, loss=0.0699]
Ep  27 [train]:  68%|██████▊   | 98/145 [00:42<00:24,  1.91it/s, loss=0.0699]
Ep  27 [train]:  68%|██████▊   | 98/145 [00:42<00:24,  1.91it/s, loss=0.0692]
Ep  27 [train]:  68%|██████▊   | 99/145 [00:42<00:19,  2.36it/s, loss=0.0692]
Ep  27 [train]:  68%|██████▊   | 99/145 [00:43<00:19,  2.36it/s, loss=0.0762]
Ep  27 [train]:  69%|██████▉   | 100/145 [00:43<00:24,  1.85it/s, loss=0.0762]
Ep  27 [train]:  69%|██████▉   | 100/145 [00:43<00:24,  1.85it/s, loss=0.0679]
Ep  27 [train]:  70%|██████▉   | 101/145 [00:43<00:18,  2.40it/s, loss=0.0679]
Ep  27 [train]:  70%|██████▉   | 101/145 [00:44<00:18,  2.40it/s, loss=0.0701]
Ep  27 [train]:  70%|███████   | 102/145 [00:44<00:24,  1.79it/s, loss=0.0701]
Ep  27 [train]:  70%|███████   | 102/145 [00:44<00:24,  1.79it/s, loss=0.0696]
Ep  27 [train]:  71%|███████   | 103/145 [00:44<00:18,  2.30it/s, loss=0.0696]
Ep  27 [train]:  71%|███████   | 103/145 [00:45<00:18,  2.30it/s, loss=0.0693]
Ep  27 [train]:  72%|███████▏  | 104/145 [00:45<00:20,  2.00it/s, loss=0.0693]
Ep  27 [train]:  72%|███████▏  | 104/145 [00:45<00:20,  2.00it/s, loss=0.0665]
Ep  27 [train]:  72%|███████▏  | 105/145 [00:45<00:15,  2.59it/s, loss=0.0665]
Ep  27 [train]:  72%|███████▏  | 105/145 [00:45<00:15,  2.59it/s, loss=0.0670]
Ep  27 [train]:  73%|███████▎  | 106/145 [00:45<00:18,  2.16it/s, loss=0.0670]
Ep  27 [train]:  73%|███████▎  | 106/145 [00:45<00:18,  2.16it/s, loss=0.0715]
Ep  27 [train]:  74%|███████▍  | 107/145 [00:45<00:13,  2.74it/s, loss=0.0715]
Ep  27 [train]:  74%|███████▍  | 107/145 [00:46<00:13,  2.74it/s, loss=0.0699]
Ep  27 [train]:  74%|███████▍  | 108/145 [00:46<00:17,  2.14it/s, loss=0.0699]
Ep  27 [train]:  74%|███████▍  | 108/145 [00:46<00:17,  2.14it/s, loss=0.0688]
Ep  27 [train]:  75%|███████▌  | 109/145 [00:46<00:13,  2.68it/s, loss=0.0688]
Ep  27 [train]:  75%|███████▌  | 109/145 [00:47<00:13,  2.68it/s, loss=0.0721]
Ep  27 [train]:  76%|███████▌  | 110/145 [00:47<00:17,  1.98it/s, loss=0.0721]
Ep  27 [train]:  76%|███████▌  | 110/145 [00:47<00:17,  1.98it/s, loss=0.0682]
Ep  27 [train]:  77%|███████▋  | 111/145 [00:47<00:13,  2.52it/s, loss=0.0682]
Ep  27 [train]:  77%|███████▋  | 111/145 [00:48<00:13,  2.52it/s, loss=0.0809]
Ep  27 [train]:  77%|███████▋  | 112/145 [00:48<00:16,  1.98it/s, loss=0.0809]
Ep  27 [train]:  77%|███████▋  | 112/145 [00:48<00:16,  1.98it/s, loss=0.0671]
Ep  27 [train]:  78%|███████▊  | 113/145 [00:48<00:12,  2.51it/s, loss=0.0671]
Ep  27 [train]:  78%|███████▊  | 113/145 [00:49<00:12,  2.51it/s, loss=0.0706]
Ep  27 [train]:  79%|███████▊  | 114/145 [00:49<00:14,  2.10it/s, loss=0.0706]
Ep  27 [train]:  79%|███████▊  | 114/145 [00:49<00:14,  2.10it/s, loss=0.0682]
Ep  27 [train]:  79%|███████▉  | 115/145 [00:49<00:11,  2.65it/s, loss=0.0682]
Ep  27 [train]:  79%|███████▉  | 115/145 [00:50<00:11,  2.65it/s, loss=0.0764]
Ep  27 [train]:  80%|████████  | 116/145 [00:50<00:13,  2.09it/s, loss=0.0764]
Ep  27 [train]:  80%|████████  | 116/145 [00:50<00:13,  2.09it/s, loss=0.0662]
Ep  27 [train]:  81%|████████  | 117/145 [00:50<00:10,  2.70it/s, loss=0.0662]
Ep  27 [train]:  81%|████████  | 117/145 [00:51<00:10,  2.70it/s, loss=0.0714]
Ep  27 [train]:  81%|████████▏ | 118/145 [00:51<00:13,  2.03it/s, loss=0.0714]
Ep  27 [train]:  81%|████████▏ | 118/145 [00:51<00:13,  2.03it/s, loss=0.0689]
Ep  27 [train]:  82%|████████▏ | 119/145 [00:51<00:10,  2.59it/s, loss=0.0689]
Ep  27 [train]:  82%|████████▏ | 119/145 [00:51<00:10,  2.59it/s, loss=0.0700]
Ep  27 [train]:  83%|████████▎ | 120/145 [00:51<00:11,  2.08it/s, loss=0.0700]
Ep  27 [train]:  83%|████████▎ | 120/145 [00:52<00:11,  2.08it/s, loss=0.0770]
Ep  27 [train]:  83%|████████▎ | 121/145 [00:52<00:09,  2.64it/s, loss=0.0770]
Ep  27 [train]:  83%|████████▎ | 121/145 [00:52<00:09,  2.64it/s, loss=0.0676]
Ep  27 [train]:  84%|████████▍ | 122/145 [00:52<00:10,  2.17it/s, loss=0.0676]
Ep  27 [train]:  84%|████████▍ | 122/145 [00:52<00:10,  2.17it/s, loss=0.0779]
Ep  27 [train]:  85%|████████▍ | 123/145 [00:52<00:08,  2.72it/s, loss=0.0779]
Ep  27 [train]:  85%|████████▍ | 123/145 [00:53<00:08,  2.72it/s, loss=0.0731]
Ep  27 [train]:  86%|████████▌ | 124/145 [00:53<00:09,  2.13it/s, loss=0.0731]
Ep  27 [train]:  86%|████████▌ | 124/145 [00:53<00:09,  2.13it/s, loss=0.0689]
Ep  27 [train]:  86%|████████▌ | 125/145 [00:53<00:07,  2.68it/s, loss=0.0689]
Ep  27 [train]:  86%|████████▌ | 125/145 [00:54<00:07,  2.68it/s, loss=0.0735]
Ep  27 [train]:  87%|████████▋ | 126/145 [00:54<00:08,  2.18it/s, loss=0.0735]
Ep  27 [train]:  87%|████████▋ | 126/145 [00:54<00:08,  2.18it/s, loss=0.0797]
Ep  27 [train]:  88%|████████▊ | 127/145 [00:54<00:06,  2.74it/s, loss=0.0797]
Ep  27 [train]:  88%|████████▊ | 127/145 [00:55<00:06,  2.74it/s, loss=0.0759]
Ep  27 [train]:  88%|████████▊ | 128/145 [00:55<00:07,  2.21it/s, loss=0.0759]
Ep  27 [train]:  88%|████████▊ | 128/145 [00:55<00:07,  2.21it/s, loss=0.0635]
Ep  27 [train]:  89%|████████▉ | 129/145 [00:55<00:05,  2.80it/s, loss=0.0635]
Ep  27 [train]:  89%|████████▉ | 129/145 [00:55<00:05,  2.80it/s, loss=0.0737]
Ep  27 [train]:  90%|████████▉ | 130/145 [00:55<00:06,  2.24it/s, loss=0.0737]
Ep  27 [train]:  90%|████████▉ | 130/145 [00:56<00:06,  2.24it/s, loss=0.0659]
Ep  27 [train]:  90%|█████████ | 131/145 [00:56<00:04,  2.81it/s, loss=0.0659]
Ep  27 [train]:  90%|█████████ | 131/145 [00:56<00:04,  2.81it/s, loss=0.0704]
Ep  27 [train]:  91%|█████████ | 132/145 [00:56<00:05,  2.24it/s, loss=0.0704]
Ep  27 [train]:  91%|█████████ | 132/145 [00:56<00:05,  2.24it/s, loss=0.0656]
Ep  27 [train]:  92%|█████████▏| 133/145 [00:56<00:04,  2.78it/s, loss=0.0656]
Ep  27 [train]:  92%|█████████▏| 133/145 [00:57<00:04,  2.78it/s, loss=0.0643]
Ep  27 [train]:  92%|█████████▏| 134/145 [00:57<00:04,  2.21it/s, loss=0.0643]
Ep  27 [train]:  92%|█████████▏| 134/145 [00:57<00:04,  2.21it/s, loss=0.0659]
Ep  27 [train]:  93%|█████████▎| 135/145 [00:57<00:03,  2.83it/s, loss=0.0659]
Ep  27 [train]:  93%|█████████▎| 135/145 [00:58<00:03,  2.83it/s, loss=0.0831]
Ep  27 [train]:  94%|█████████▍| 136/145 [00:58<00:04,  2.21it/s, loss=0.0831]
Ep  27 [train]:  94%|█████████▍| 136/145 [00:58<00:04,  2.21it/s, loss=0.0685]
Ep  27 [train]:  94%|█████████▍| 137/145 [00:58<00:02,  2.78it/s, loss=0.0685]
Ep  27 [train]:  94%|█████████▍| 137/145 [00:59<00:02,  2.78it/s, loss=0.0731]
Ep  27 [train]:  95%|█████████▌| 138/145 [00:59<00:03,  2.21it/s, loss=0.0731]
Ep  27 [train]:  95%|█████████▌| 138/145 [00:59<00:03,  2.21it/s, loss=0.0677]
Ep  27 [train]:  96%|█████████▌| 139/145 [00:59<00:02,  2.83it/s, loss=0.0677]
Ep  27 [train]:  96%|█████████▌| 139/145 [00:59<00:02,  2.83it/s, loss=0.0689]
Ep  27 [train]:  97%|█████████▋| 140/145 [00:59<00:02,  2.24it/s, loss=0.0689]
Ep  27 [train]:  97%|█████████▋| 140/145 [01:00<00:02,  2.24it/s, loss=0.0690]
Ep  27 [train]:  97%|█████████▋| 141/145 [01:00<00:01,  2.82it/s, loss=0.0690]
Ep  27 [train]:  97%|█████████▋| 141/145 [01:00<00:01,  2.82it/s, loss=0.0690]
Ep  27 [train]:  98%|█████████▊| 142/145 [01:00<00:01,  2.17it/s, loss=0.0690]
Ep  27 [train]:  98%|█████████▊| 142/145 [01:00<00:01,  2.17it/s, loss=0.0750]
Ep  27 [train]:  99%|█████████▊| 143/145 [01:00<00:00,  2.78it/s, loss=0.0750]
Ep  27 [train]:  99%|█████████▊| 143/145 [01:01<00:00,  2.78it/s, loss=0.0684]
Ep  27 [train]:  99%|█████████▉| 144/145 [01:01<00:00,  2.31it/s, loss=0.0684]
Ep  27 [train]:  99%|█████████▉| 144/145 [01:01<00:00,  2.31it/s, loss=0.0703]
Ep  27 [train]: 100%|██████████| 145/145 [01:01<00:00,  2.97it/s, loss=0.0703]
                                                                              
  Ep  27 [train]  loss=0.0708  rmse_c=0.2379  mae_c=0.2149  r2_c=0.033  rmse_h=0.2923  mae_h=0.2149  r2_h=0.506  sup=0.322

Ep  27 [val  ]:   0%|          | 0/39 [00:00<?, ?it/s]
Ep  27 [val  ]:   0%|          | 0/39 [00:00<?, ?it/s, loss=0.0927]
Ep  27 [val  ]:   3%|▎         | 1/39 [00:00<00:35,  1.07it/s, loss=0.0927]
Ep  27 [val  ]:   3%|▎         | 1/39 [00:01<00:35,  1.07it/s, loss=0.0874]
Ep  27 [val  ]:   5%|▌         | 2/39 [00:01<00:19,  1.90it/s, loss=0.0874]
Ep  27 [val  ]:   5%|▌         | 2/39 [00:01<00:19,  1.90it/s, loss=0.0735]
Ep  27 [val  ]:   8%|▊         | 3/39 [00:01<00:18,  1.92it/s, loss=0.0735]
Ep  27 [val  ]:   8%|▊         | 3/39 [00:01<00:18,  1.92it/s, loss=0.0669]
Ep  27 [val  ]:  10%|█         | 4/39 [00:01<00:14,  2.45it/s, loss=0.0669]
Ep  27 [val  ]:  10%|█         | 4/39 [00:02<00:14,  2.45it/s, loss=0.0726]
Ep  27 [val  ]:  13%|█▎        | 5/39 [00:02<00:15,  2.27it/s, loss=0.0726]
Ep  27 [val  ]:  13%|█▎        | 5/39 [00:02<00:15,  2.27it/s, loss=0.0767]
Ep  27 [val  ]:  15%|█▌        | 6/39 [00:02<00:11,  2.84it/s, loss=0.0767]
Ep  27 [val  ]:  15%|█▌        | 6/39 [00:03<00:11,  2.84it/s, loss=0.0701]
Ep  27 [val  ]:  18%|█▊        | 7/39 [00:03<00:13,  2.41it/s, loss=0.0701]
Ep  27 [val  ]:  18%|█▊        | 7/39 [00:03<00:13,  2.41it/s, loss=0.0704]
Ep  27 [val  ]:  21%|██        | 8/39 [00:03<00:10,  2.97it/s, loss=0.0704]
Ep  27 [val  ]:  21%|██        | 8/39 [00:03<00:10,  2.97it/s, loss=0.0684]
Ep  27 [val  ]:  23%|██▎       | 9/39 [00:03<00:12,  2.44it/s, loss=0.0684]
Ep  27 [val  ]:  23%|██▎       | 9/39 [00:04<00:12,  2.44it/s, loss=0.0685]
Ep  27 [val  ]:  26%|██▌       | 10/39 [00:04<00:09,  3.11it/s, loss=0.0685]
Ep  27 [val  ]:  26%|██▌       | 10/39 [00:04<00:09,  3.11it/s, loss=0.0685]
Ep  27 [val  ]:  28%|██▊       | 11/39 [00:04<00:11,  2.47it/s, loss=0.0685]
Ep  27 [val  ]:  28%|██▊       | 11/39 [00:04<00:11,  2.47it/s, loss=0.0726]
Ep  27 [val  ]:  31%|███       | 12/39 [00:04<00:09,  2.96it/s, loss=0.0726]
Ep  27 [val  ]:  31%|███       | 12/39 [00:05<00:09,  2.96it/s, loss=0.0750]
Ep  27 [val  ]:  33%|███▎      | 13/39 [00:05<00:10,  2.43it/s, loss=0.0750]
Ep  27 [val  ]:  33%|███▎      | 13/39 [00:05<00:10,  2.43it/s, loss=0.0820]
Ep  27 [val  ]:  36%|███▌      | 14/39 [00:05<00:09,  2.62it/s, loss=0.0820]
Ep  27 [val  ]:  36%|███▌      | 14/39 [00:06<00:09,  2.62it/s, loss=0.0901]
Ep  27 [val  ]:  38%|███▊      | 15/39 [00:06<00:09,  2.53it/s, loss=0.0901]
Ep  27 [val  ]:  38%|███▊      | 15/39 [00:06<00:09,  2.53it/s, loss=0.0881]
Ep  27 [val  ]:  41%|████      | 16/39 [00:06<00:08,  2.61it/s, loss=0.0881]
Ep  27 [val  ]:  41%|████      | 16/39 [00:06<00:08,  2.61it/s, loss=0.0868]
Ep  27 [val  ]:  44%|████▎     | 17/39 [00:06<00:08,  2.62it/s, loss=0.0868]
Ep  27 [val  ]:  44%|████▎     | 17/39 [00:07<00:08,  2.62it/s, loss=0.0782]
Ep  27 [val  ]:  46%|████▌     | 18/39 [00:07<00:08,  2.49it/s, loss=0.0782]
Ep  27 [val  ]:  46%|████▌     | 18/39 [00:07<00:08,  2.49it/s, loss=0.0731]
Ep  27 [val  ]:  49%|████▊     | 19/39 [00:07<00:07,  2.66it/s, loss=0.0731]
Ep  27 [val  ]:  49%|████▊     | 19/39 [00:08<00:07,  2.66it/s, loss=0.0631]
Ep  27 [val  ]:  51%|█████▏    | 20/39 [00:08<00:07,  2.41it/s, loss=0.0631]
Ep  27 [val  ]:  51%|█████▏    | 20/39 [00:08<00:07,  2.41it/s, loss=0.0560]
Ep  27 [val  ]:  54%|█████▍    | 21/39 [00:08<00:06,  2.64it/s, loss=0.0560]
Ep  27 [val  ]:  54%|█████▍    | 21/39 [00:08<00:06,  2.64it/s, loss=0.0634]
Ep  27 [val  ]:  56%|█████▋    | 22/39 [00:08<00:07,  2.35it/s, loss=0.0634]
Ep  27 [val  ]:  56%|█████▋    | 22/39 [00:09<00:07,  2.35it/s, loss=0.0631]
Ep  27 [val  ]:  59%|█████▉    | 23/39 [00:09<00:05,  2.71it/s, loss=0.0631]
Ep  27 [val  ]:  59%|█████▉    | 23/39 [00:09<00:05,  2.71it/s, loss=0.0629]
Ep  27 [val  ]:  62%|██████▏   | 24/39 [00:09<00:06,  2.35it/s, loss=0.0629]
Ep  27 [val  ]:  62%|██████▏   | 24/39 [00:09<00:06,  2.35it/s, loss=0.0668]
Ep  27 [val  ]:  64%|██████▍   | 25/39 [00:09<00:05,  2.76it/s, loss=0.0668]
Ep  27 [val  ]:  64%|██████▍   | 25/39 [00:10<00:05,  2.76it/s, loss=0.0706]
Ep  27 [val  ]:  67%|██████▋   | 26/39 [00:10<00:05,  2.36it/s, loss=0.0706]
Ep  27 [val  ]:  67%|██████▋   | 26/39 [00:10<00:05,  2.36it/s, loss=0.0760]
Ep  27 [val  ]:  69%|██████▉   | 27/39 [00:10<00:04,  2.83it/s, loss=0.0760]
Ep  27 [val  ]:  69%|██████▉   | 27/39 [00:11<00:04,  2.83it/s, loss=0.1155]
Ep  27 [val  ]:  72%|███████▏  | 28/39 [00:11<00:04,  2.26it/s, loss=0.1155]
Ep  27 [val  ]:  72%|███████▏  | 28/39 [00:11<00:04,  2.26it/s, loss=0.0910]
Ep  27 [val  ]:  74%|███████▍  | 29/39 [00:11<00:03,  2.80it/s, loss=0.0910]
Ep  27 [val  ]:  74%|███████▍  | 29/39 [00:12<00:03,  2.80it/s, loss=0.0820]
Ep  27 [val  ]:  77%|███████▋  | 30/39 [00:12<00:04,  2.24it/s, loss=0.0820]
Ep  27 [val  ]:  77%|███████▋  | 30/39 [00:12<00:04,  2.24it/s, loss=0.0739]
Ep  27 [val  ]:  79%|███████▉  | 31/39 [00:12<00:02,  2.89it/s, loss=0.0739]
Ep  27 [val  ]:  79%|███████▉  | 31/39 [00:13<00:02,  2.89it/s, loss=0.0704]
Ep  27 [val  ]:  82%|████████▏ | 32/39 [00:13<00:03,  2.19it/s, loss=0.0704]
Ep  27 [val  ]:  82%|████████▏ | 32/39 [00:13<00:03,  2.19it/s, loss=0.0718]
Ep  27 [val  ]:  82%|████████▏ | 32/39 [00:13<00:03,  2.19it/s, loss=0.0701]
Ep  27 [val  ]:  87%|████████▋ | 34/39 [00:13<00:02,  2.34it/s, loss=0.0701]
Ep  27 [val  ]:  87%|████████▋ | 34/39 [00:13<00:02,  2.34it/s, loss=0.0751]
Ep  27 [val  ]:  87%|████████▋ | 34/39 [00:14<00:02,  2.34it/s, loss=0.0705]
Ep  27 [val  ]:  92%|█████████▏| 36/39 [00:14<00:01,  2.44it/s, loss=0.0705]
Ep  27 [val  ]:  92%|█████████▏| 36/39 [00:14<00:01,  2.44it/s, loss=0.0682]
Ep  27 [val  ]:  92%|█████████▏| 36/39 [00:15<00:01,  2.44it/s, loss=0.0604]
Ep  27 [val  ]:  97%|█████████▋| 38/39 [00:15<00:00,  2.52it/s, loss=0.0604]
Ep  27 [val  ]:  97%|█████████▋| 38/39 [00:15<00:00,  2.52it/s, loss=0.0690]
                                                                            
  Ep  27 [val  ]  loss=0.0744  rmse_c=0.2431  mae_c=0.2197  r2_c=0.029  rmse_h=0.2989  mae_h=0.2259  r2_h=0.443  sup=0.308

Ep  28 [train]:   0%|          | 0/145 [00:00<?, ?it/s]
Ep  28 [train]:   0%|          | 0/145 [00:01<?, ?it/s, loss=0.0627]
Ep  28 [train]:   1%|          | 1/145 [00:01<02:28,  1.03s/it, loss=0.0627]
Ep  28 [train]:   1%|          | 1/145 [00:01<02:28,  1.03s/it, loss=0.0704]
Ep  28 [train]:   1%|▏         | 2/145 [00:01<01:11,  2.00it/s, loss=0.0704]
Ep  28 [train]:   1%|▏         | 2/145 [00:01<01:11,  2.00it/s, loss=0.0656]
Ep  28 [train]:   2%|▏         | 3/145 [00:01<01:21,  1.75it/s, loss=0.0656]
Ep  28 [train]:   2%|▏         | 3/145 [00:01<01:21,  1.75it/s, loss=0.0728]
Ep  28 [train]:   3%|▎         | 4/145 [00:01<00:56,  2.48it/s, loss=0.0728]
Ep  28 [train]:   3%|▎         | 4/145 [00:02<00:56,  2.48it/s, loss=0.0707]
Ep  28 [train]:   3%|▎         | 5/145 [00:02<01:09,  2.01it/s, loss=0.0707]
Ep  28 [train]:   3%|▎         | 5/145 [00:02<01:09,  2.01it/s, loss=0.0681]
Ep  28 [train]:   4%|▍         | 6/145 [00:02<00:52,  2.66it/s, loss=0.0681]
Ep  28 [train]:   4%|▍         | 6/145 [00:03<00:52,  2.66it/s, loss=0.0754]
Ep  28 [train]:   5%|▍         | 7/145 [00:03<01:02,  2.22it/s, loss=0.0754]
Ep  28 [train]:   5%|▍         | 7/145 [00:03<01:02,  2.22it/s, loss=0.0690]
Ep  28 [train]:   6%|▌         | 8/145 [00:03<00:47,  2.87it/s, loss=0.0690]
Ep  28 [train]:   6%|▌         | 8/145 [00:04<00:47,  2.87it/s, loss=0.0696]
Ep  28 [train]:   6%|▌         | 9/145 [00:04<01:02,  2.18it/s, loss=0.0696]
Ep  28 [train]:   6%|▌         | 9/145 [00:04<01:02,  2.18it/s, loss=0.0786]
Ep  28 [train]:   7%|▋         | 10/145 [00:04<00:49,  2.75it/s, loss=0.0786]
Ep  28 [train]:   7%|▋         | 10/145 [00:05<00:49,  2.75it/s, loss=0.0686]
Ep  28 [train]:   8%|▊         | 11/145 [00:05<01:03,  2.10it/s, loss=0.0686]
Ep  28 [train]:   8%|▊         | 11/145 [00:05<01:03,  2.10it/s, loss=0.0721]
Ep  28 [train]:   8%|▊         | 12/145 [00:05<00:49,  2.67it/s, loss=0.0721]
Ep  28 [train]:   8%|▊         | 12/145 [00:05<00:49,  2.67it/s, loss=0.0724]
Ep  28 [train]:   9%|▉         | 13/145 [00:05<00:58,  2.26it/s, loss=0.0724]
Ep  28 [train]:   9%|▉         | 13/145 [00:05<00:58,  2.26it/s, loss=0.0713]
Ep  28 [train]:  10%|▉         | 14/145 [00:05<00:45,  2.88it/s, loss=0.0713]
Ep  28 [train]:  10%|▉         | 14/145 [00:06<00:45,  2.88it/s, loss=0.0667]
Ep  28 [train]:  10%|█         | 15/145 [00:06<00:55,  2.33it/s, loss=0.0667]
Ep  28 [train]:  10%|█         | 15/145 [00:06<00:55,  2.33it/s, loss=0.0716]
Ep  28 [train]:  11%|█         | 16/145 [00:06<00:43,  2.96it/s, loss=0.0716]
Ep  28 [train]:  11%|█         | 16/145 [00:07<00:43,  2.96it/s, loss=0.0739]
Ep  28 [train]:  12%|█▏        | 17/145 [00:07<00:56,  2.28it/s, loss=0.0739]
Ep  28 [train]:  12%|█▏        | 17/145 [00:07<00:56,  2.28it/s, loss=0.0711]
Ep  28 [train]:  12%|█▏        | 18/145 [00:07<00:44,  2.88it/s, loss=0.0711]
Ep  28 [train]:  12%|█▏        | 18/145 [00:08<00:44,  2.88it/s, loss=0.0684]
Ep  28 [train]:  13%|█▎        | 19/145 [00:08<00:54,  2.30it/s, loss=0.0684]
Ep  28 [train]:  13%|█▎        | 19/145 [00:08<00:54,  2.30it/s, loss=0.0690]
Ep  28 [train]:  14%|█▍        | 20/145 [00:08<00:43,  2.87it/s, loss=0.0690]
Ep  28 [train]:  14%|█▍        | 20/145 [00:08<00:43,  2.87it/s, loss=0.0703]
Ep  28 [train]:  14%|█▍        | 21/145 [00:08<00:52,  2.34it/s, loss=0.0703]
Ep  28 [train]:  14%|█▍        | 21/145 [00:09<00:52,  2.34it/s, loss=0.0684]
Ep  28 [train]:  15%|█▌        | 22/145 [00:09<00:42,  2.91it/s, loss=0.0684]
Ep  28 [train]:  15%|█▌        | 22/145 [00:09<00:42,  2.91it/s, loss=0.0698]
Ep  28 [train]:  16%|█▌        | 23/145 [00:09<00:51,  2.36it/s, loss=0.0698]
Ep  28 [train]:  16%|█▌        | 23/145 [00:09<00:51,  2.36it/s, loss=0.0721]
Ep  28 [train]:  17%|█▋        | 24/145 [00:09<00:40,  2.99it/s, loss=0.0721]
Ep  28 [train]:  17%|█▋        | 24/145 [00:10<00:40,  2.99it/s, loss=0.0723]
Ep  28 [train]:  17%|█▋        | 25/145 [00:10<00:52,  2.28it/s, loss=0.0723]
Ep  28 [train]:  17%|█▋        | 25/145 [00:10<00:52,  2.28it/s, loss=0.0687]
Ep  28 [train]:  18%|█▊        | 26/145 [00:10<00:41,  2.87it/s, loss=0.0687]
Ep  28 [train]:  18%|█▊        | 26/145 [00:11<00:41,  2.87it/s, loss=0.0699]
Ep  28 [train]:  19%|█▊        | 27/145 [00:11<00:51,  2.27it/s, loss=0.0699]
Ep  28 [train]:  19%|█▊        | 27/145 [00:11<00:51,  2.27it/s, loss=0.0685]
Ep  28 [train]:  19%|█▉        | 28/145 [00:11<00:40,  2.87it/s, loss=0.0685]
Ep  28 [train]:  19%|█▉        | 28/145 [00:12<00:40,  2.87it/s, loss=0.0754]
Ep  28 [train]:  20%|██        | 29/145 [00:12<00:50,  2.27it/s, loss=0.0754]
Ep  28 [train]:  20%|██        | 29/145 [00:12<00:50,  2.27it/s, loss=0.0671]
Ep  28 [train]:  21%|██        | 30/145 [00:12<00:39,  2.89it/s, loss=0.0671]
Ep  28 [train]:  21%|██        | 30/145 [00:12<00:39,  2.89it/s, loss=0.0697]
Ep  28 [train]:  21%|██▏       | 31/145 [00:12<00:50,  2.28it/s, loss=0.0697]
Ep  28 [train]:  21%|██▏       | 31/145 [00:12<00:50,  2.28it/s, loss=0.0712]
Ep  28 [train]:  22%|██▏       | 32/145 [00:12<00:39,  2.88it/s, loss=0.0712]
Ep  28 [train]:  22%|██▏       | 32/145 [00:13<00:39,  2.88it/s, loss=0.0649]
Ep  28 [train]:  23%|██▎       | 33/145 [00:13<00:49,  2.27it/s, loss=0.0649]
Ep  28 [train]:  23%|██▎       | 33/145 [00:13<00:49,  2.27it/s, loss=0.0742]
Ep  28 [train]:  23%|██▎       | 34/145 [00:13<00:38,  2.87it/s, loss=0.0742]
Ep  28 [train]:  23%|██▎       | 34/145 [00:14<00:38,  2.87it/s, loss=0.0660]
Ep  28 [train]:  24%|██▍       | 35/145 [00:14<00:48,  2.28it/s, loss=0.0660]
Ep  28 [train]:  24%|██▍       | 35/145 [00:14<00:48,  2.28it/s, loss=0.0688]
Ep  28 [train]:  25%|██▍       | 36/145 [00:14<00:37,  2.88it/s, loss=0.0688]
Ep  28 [train]:  25%|██▍       | 36/145 [00:15<00:37,  2.88it/s, loss=0.0699]
Ep  28 [train]:  26%|██▌       | 37/145 [00:15<00:47,  2.26it/s, loss=0.0699]
Ep  28 [train]:  26%|██▌       | 37/145 [00:15<00:47,  2.26it/s, loss=0.0765]
Ep  28 [train]:  26%|██▌       | 38/145 [00:15<00:37,  2.85it/s, loss=0.0765]
Ep  28 [train]:  26%|██▌       | 38/145 [00:15<00:37,  2.85it/s, loss=0.0682]
Ep  28 [train]:  27%|██▋       | 39/145 [00:15<00:46,  2.27it/s, loss=0.0682]
Ep  28 [train]:  27%|██▋       | 39/145 [00:16<00:46,  2.27it/s, loss=0.0725]
Ep  28 [train]:  28%|██▊       | 40/145 [00:16<00:36,  2.89it/s, loss=0.0725]
Ep  28 [train]:  28%|██▊       | 40/145 [00:16<00:36,  2.89it/s, loss=0.0652]
Ep  28 [train]:  28%|██▊       | 41/145 [00:16<00:45,  2.29it/s, loss=0.0652]
Ep  28 [train]:  28%|██▊       | 41/145 [00:16<00:45,  2.29it/s, loss=0.0706]
Ep  28 [train]:  29%|██▉       | 42/145 [00:16<00:35,  2.87it/s, loss=0.0706]
Ep  28 [train]:  29%|██▉       | 42/145 [00:17<00:35,  2.87it/s, loss=0.0675]
Ep  28 [train]:  30%|██▉       | 43/145 [00:17<00:44,  2.30it/s, loss=0.0675]
Ep  28 [train]:  30%|██▉       | 43/145 [00:17<00:44,  2.30it/s, loss=0.0755]
Ep  28 [train]:  30%|███       | 44/145 [00:17<00:34,  2.92it/s, loss=0.0755]
Ep  28 [train]:  30%|███       | 44/145 [00:18<00:34,  2.92it/s, loss=0.0695]
Ep  28 [train]:  31%|███       | 45/145 [00:18<00:42,  2.34it/s, loss=0.0695]
Ep  28 [train]:  31%|███       | 45/145 [00:18<00:42,  2.34it/s, loss=0.0820]
Ep  28 [train]:  32%|███▏      | 46/145 [00:18<00:33,  2.95it/s, loss=0.0820]
Ep  28 [train]:  32%|███▏      | 46/145 [00:19<00:33,  2.95it/s, loss=0.0734]
Ep  28 [train]:  32%|███▏      | 47/145 [00:19<00:42,  2.32it/s, loss=0.0734]
Ep  28 [train]:  32%|███▏      | 47/145 [00:19<00:42,  2.32it/s, loss=0.0757]
Ep  28 [train]:  33%|███▎      | 48/145 [00:19<00:33,  2.87it/s, loss=0.0757]
Ep  28 [train]:  33%|███▎      | 48/145 [00:19<00:33,  2.87it/s, loss=0.0670]
Ep  28 [train]:  34%|███▍      | 49/145 [00:19<00:40,  2.36it/s, loss=0.0670]
Ep  28 [train]:  34%|███▍      | 49/145 [00:19<00:40,  2.36it/s, loss=0.0671]
Ep  28 [train]:  34%|███▍      | 50/145 [00:19<00:31,  2.98it/s, loss=0.0671]
Ep  28 [train]:  34%|███▍      | 50/145 [00:20<00:31,  2.98it/s, loss=0.0667]
Ep  28 [train]:  35%|███▌      | 51/145 [00:20<00:40,  2.31it/s, loss=0.0667]
Ep  28 [train]:  35%|███▌      | 51/145 [00:20<00:40,  2.31it/s, loss=0.0765]
Ep  28 [train]:  36%|███▌      | 52/145 [00:20<00:32,  2.88it/s, loss=0.0765]
Ep  28 [train]:  36%|███▌      | 52/145 [00:21<00:32,  2.88it/s, loss=0.0714]
Ep  28 [train]:  37%|███▋      | 53/145 [00:21<00:39,  2.32it/s, loss=0.0714]
Ep  28 [train]:  37%|███▋      | 53/145 [00:21<00:39,  2.32it/s, loss=0.0734]
Ep  28 [train]:  37%|███▋      | 54/145 [00:21<00:30,  2.94it/s, loss=0.0734]
Ep  28 [train]:  37%|███▋      | 54/145 [00:22<00:30,  2.94it/s, loss=0.0698]
Ep  28 [train]:  38%|███▊      | 55/145 [00:22<00:38,  2.32it/s, loss=0.0698]
Ep  28 [train]:  38%|███▊      | 55/145 [00:22<00:38,  2.32it/s, loss=0.0675]
Ep  28 [train]:  39%|███▊      | 56/145 [00:22<00:30,  2.91it/s, loss=0.0675]
Ep  28 [train]:  39%|███▊      | 56/145 [00:22<00:30,  2.91it/s, loss=0.0675]
Ep  28 [train]:  39%|███▉      | 57/145 [00:22<00:37,  2.35it/s, loss=0.0675]
Ep  28 [train]:  39%|███▉      | 57/145 [00:23<00:37,  2.35it/s, loss=0.0745]
Ep  28 [train]:  40%|████      | 58/145 [00:23<00:29,  2.94it/s, loss=0.0745]
Ep  28 [train]:  40%|████      | 58/145 [00:23<00:29,  2.94it/s, loss=0.0680]
Ep  28 [train]:  41%|████      | 59/145 [00:23<00:36,  2.34it/s, loss=0.0680]
Ep  28 [train]:  41%|████      | 59/145 [00:23<00:36,  2.34it/s, loss=0.0753]
Ep  28 [train]:  41%|████▏     | 60/145 [00:23<00:28,  2.96it/s, loss=0.0753]
Ep  28 [train]:  41%|████▏     | 60/145 [00:24<00:28,  2.96it/s, loss=0.0670]
Ep  28 [train]:  42%|████▏     | 61/145 [00:24<00:36,  2.32it/s, loss=0.0670]
Ep  28 [train]:  42%|████▏     | 61/145 [00:24<00:36,  2.32it/s, loss=0.0674]
Ep  28 [train]:  43%|████▎     | 62/145 [00:24<00:27,  2.97it/s, loss=0.0674]
Ep  28 [train]:  43%|████▎     | 62/145 [00:25<00:27,  2.97it/s, loss=0.0709]
Ep  28 [train]:  43%|████▎     | 63/145 [00:25<00:34,  2.35it/s, loss=0.0709]
Ep  28 [train]:  43%|████▎     | 63/145 [00:25<00:34,  2.35it/s, loss=0.0716]
Ep  28 [train]:  44%|████▍     | 64/145 [00:25<00:27,  2.97it/s, loss=0.0716]
Ep  28 [train]:  44%|████▍     | 64/145 [00:26<00:27,  2.97it/s, loss=0.0765]
Ep  28 [train]:  45%|████▍     | 65/145 [00:26<00:35,  2.27it/s, loss=0.0765]
Ep  28 [train]:  45%|████▍     | 65/145 [00:26<00:35,  2.27it/s, loss=0.0738]
Ep  28 [train]:  46%|████▌     | 66/145 [00:26<00:27,  2.86it/s, loss=0.0738]
Ep  28 [train]:  46%|████▌     | 66/145 [00:26<00:27,  2.86it/s, loss=0.0720]
Ep  28 [train]:  46%|████▌     | 67/145 [00:26<00:33,  2.36it/s, loss=0.0720]
Ep  28 [train]:  46%|████▌     | 67/145 [00:26<00:33,  2.36it/s, loss=0.0715]
Ep  28 [train]:  47%|████▋     | 68/145 [00:26<00:26,  2.94it/s, loss=0.0715]
Ep  28 [train]:  47%|████▋     | 68/145 [00:27<00:26,  2.94it/s, loss=0.0714]
Ep  28 [train]:  48%|████▊     | 69/145 [00:27<00:31,  2.38it/s, loss=0.0714]
Ep  28 [train]:  48%|████▊     | 69/145 [00:27<00:31,  2.38it/s, loss=0.0679]
Ep  28 [train]:  48%|████▊     | 70/145 [00:27<00:25,  2.91it/s, loss=0.0679]
Ep  28 [train]:  48%|████▊     | 70/145 [00:28<00:25,  2.91it/s, loss=0.0770]
Ep  28 [train]:  49%|████▉     | 71/145 [00:28<00:30,  2.39it/s, loss=0.0770]
Ep  28 [train]:  49%|████▉     | 71/145 [00:28<00:30,  2.39it/s, loss=0.0725]
Ep  28 [train]:  50%|████▉     | 72/145 [00:28<00:25,  2.83it/s, loss=0.0725]
Ep  28 [train]:  50%|████▉     | 72/145 [00:29<00:25,  2.83it/s, loss=0.0680]
Ep  28 [train]:  50%|█████     | 73/145 [00:29<00:30,  2.33it/s, loss=0.0680]
Ep  28 [train]:  50%|█████     | 73/145 [00:29<00:30,  2.33it/s, loss=0.0728]
Ep  28 [train]:  51%|█████     | 74/145 [00:29<00:25,  2.74it/s, loss=0.0728]
Ep  28 [train]:  51%|█████     | 74/145 [00:29<00:25,  2.74it/s, loss=0.0706]
Ep  28 [train]:  52%|█████▏    | 75/145 [00:29<00:29,  2.38it/s, loss=0.0706]
Ep  28 [train]:  52%|█████▏    | 75/145 [00:30<00:29,  2.38it/s, loss=0.0723]
Ep  28 [train]:  52%|█████▏    | 76/145 [00:30<00:25,  2.73it/s, loss=0.0723]
Ep  28 [train]:  52%|█████▏    | 76/145 [00:30<00:25,  2.73it/s, loss=0.0660]
Ep  28 [train]:  53%|█████▎    | 77/145 [00:30<00:27,  2.43it/s, loss=0.0660]
Ep  28 [train]:  53%|█████▎    | 77/145 [00:30<00:27,  2.43it/s, loss=0.0729]
Ep  28 [train]:  54%|█████▍    | 78/145 [00:30<00:25,  2.61it/s, loss=0.0729]
Ep  28 [train]:  54%|█████▍    | 78/145 [00:31<00:25,  2.61it/s, loss=0.0636]
Ep  28 [train]:  54%|█████▍    | 79/145 [00:31<00:27,  2.44it/s, loss=0.0636]
Ep  28 [train]:  54%|█████▍    | 79/145 [00:31<00:27,  2.44it/s, loss=0.0679]
Ep  28 [train]:  55%|█████▌    | 80/145 [00:31<00:25,  2.56it/s, loss=0.0679]
Ep  28 [train]:  55%|█████▌    | 80/145 [00:32<00:25,  2.56it/s, loss=0.0748]
Ep  28 [train]:  56%|█████▌    | 81/145 [00:32<00:25,  2.51it/s, loss=0.0748]
Ep  28 [train]:  56%|█████▌    | 81/145 [00:32<00:25,  2.51it/s, loss=0.0764]
Ep  28 [train]:  57%|█████▋    | 82/145 [00:32<00:27,  2.31it/s, loss=0.0764]
Ep  28 [train]:  57%|█████▋    | 82/145 [00:32<00:27,  2.31it/s, loss=0.0735]
Ep  28 [train]:  57%|█████▋    | 83/145 [00:32<00:23,  2.66it/s, loss=0.0735]
Ep  28 [train]:  57%|█████▋    | 83/145 [00:33<00:23,  2.66it/s, loss=0.0770]
Ep  28 [train]:  58%|█████▊    | 84/145 [00:33<00:27,  2.25it/s, loss=0.0770]
Ep  28 [train]:  58%|█████▊    | 84/145 [00:33<00:27,  2.25it/s, loss=0.0748]
Ep  28 [train]:  59%|█████▊    | 85/145 [00:33<00:21,  2.77it/s, loss=0.0748]
Ep  28 [train]:  59%|█████▊    | 85/145 [00:34<00:21,  2.77it/s, loss=0.0645]
Ep  28 [train]:  59%|█████▉    | 86/145 [00:34<00:25,  2.31it/s, loss=0.0645]
Ep  28 [train]:  59%|█████▉    | 86/145 [00:34<00:25,  2.31it/s, loss=0.0704]
Ep  28 [train]:  60%|██████    | 87/145 [00:34<00:20,  2.85it/s, loss=0.0704]
Ep  28 [train]:  60%|██████    | 87/145 [00:35<00:20,  2.85it/s, loss=0.0707]
Ep  28 [train]:  61%|██████    | 88/145 [00:35<00:24,  2.29it/s, loss=0.0707]
Ep  28 [train]:  61%|██████    | 88/145 [00:35<00:24,  2.29it/s, loss=0.0842]
Ep  28 [train]:  61%|██████▏   | 89/145 [00:35<00:19,  2.85it/s, loss=0.0842]
Ep  28 [train]:  61%|██████▏   | 89/145 [00:35<00:19,  2.85it/s, loss=0.0765]
Ep  28 [train]:  62%|██████▏   | 90/145 [00:35<00:24,  2.27it/s, loss=0.0765]
Ep  28 [train]:  62%|██████▏   | 90/145 [00:36<00:24,  2.27it/s, loss=0.0759]
Ep  28 [train]:  63%|██████▎   | 91/145 [00:36<00:18,  2.89it/s, loss=0.0759]
Ep  28 [train]:  63%|██████▎   | 91/145 [00:36<00:18,  2.89it/s, loss=0.0668]
Ep  28 [train]:  63%|██████▎   | 92/145 [00:36<00:24,  2.21it/s, loss=0.0668]
Ep  28 [train]:  63%|██████▎   | 92/145 [00:36<00:24,  2.21it/s, loss=0.0700]
Ep  28 [train]:  64%|██████▍   | 93/145 [00:36<00:18,  2.81it/s, loss=0.0700]
Ep  28 [train]:  64%|██████▍   | 93/145 [00:37<00:18,  2.81it/s, loss=0.0732]
Ep  28 [train]:  65%|██████▍   | 94/145 [00:37<00:24,  2.10it/s, loss=0.0732]
Ep  28 [train]:  65%|██████▍   | 94/145 [00:37<00:24,  2.10it/s, loss=0.0656]
Ep  28 [train]:  66%|██████▌   | 95/145 [00:37<00:18,  2.65it/s, loss=0.0656]
Ep  28 [train]:  66%|██████▌   | 95/145 [00:38<00:18,  2.65it/s, loss=0.0735]
Ep  28 [train]:  66%|██████▌   | 96/145 [00:38<00:21,  2.23it/s, loss=0.0735]
Ep  28 [train]:  66%|██████▌   | 96/145 [00:38<00:21,  2.23it/s, loss=0.0671]
Ep  28 [train]:  67%|██████▋   | 97/145 [00:38<00:16,  2.84it/s, loss=0.0671]
Ep  28 [train]:  67%|██████▋   | 97/145 [00:39<00:16,  2.84it/s, loss=0.0803]
Ep  28 [train]:  68%|██████▊   | 98/145 [00:39<00:22,  2.13it/s, loss=0.0803]
Ep  28 [train]:  68%|██████▊   | 98/145 [00:39<00:22,  2.13it/s, loss=0.0670]
Ep  28 [train]:  68%|██████▊   | 99/145 [00:39<00:17,  2.66it/s, loss=0.0670]
Ep  28 [train]:  68%|██████▊   | 99/145 [00:40<00:17,  2.66it/s, loss=0.0693]
Ep  28 [train]:  69%|██████▉   | 100/145 [00:40<00:20,  2.19it/s, loss=0.0693]
Ep  28 [train]:  69%|██████▉   | 100/145 [00:40<00:20,  2.19it/s, loss=0.0735]
Ep  28 [train]:  70%|██████▉   | 101/145 [00:40<00:15,  2.79it/s, loss=0.0735]
Ep  28 [train]:  70%|██████▉   | 101/145 [00:40<00:15,  2.79it/s, loss=0.0670]
Ep  28 [train]:  70%|███████   | 102/145 [00:40<00:19,  2.20it/s, loss=0.0670]
Ep  28 [train]:  70%|███████   | 102/145 [00:40<00:19,  2.20it/s, loss=0.0717]
Ep  28 [train]:  71%|███████   | 103/145 [00:40<00:15,  2.80it/s, loss=0.0717]
Ep  28 [train]:  71%|███████   | 103/145 [00:41<00:15,  2.80it/s, loss=0.0876]
Ep  28 [train]:  72%|███████▏  | 104/145 [00:41<00:18,  2.25it/s, loss=0.0876]
Ep  28 [train]:  72%|███████▏  | 104/145 [00:41<00:18,  2.25it/s, loss=0.0670]
Ep  28 [train]:  72%|███████▏  | 105/145 [00:41<00:13,  2.88it/s, loss=0.0670]
Ep  28 [train]:  72%|███████▏  | 105/145 [00:42<00:13,  2.88it/s, loss=0.0681]
Ep  28 [train]:  73%|███████▎  | 106/145 [00:42<00:17,  2.27it/s, loss=0.0681]
Ep  28 [train]:  73%|███████▎  | 106/145 [00:42<00:17,  2.27it/s, loss=0.0721]
Ep  28 [train]:  74%|███████▍  | 107/145 [00:42<00:13,  2.91it/s, loss=0.0721]
Ep  28 [train]:  74%|███████▍  | 107/145 [00:43<00:13,  2.91it/s, loss=0.0671]
Ep  28 [train]:  74%|███████▍  | 108/145 [00:43<00:15,  2.37it/s, loss=0.0671]
Ep  28 [train]:  74%|███████▍  | 108/145 [00:43<00:15,  2.37it/s, loss=0.0746]
Ep  28 [train]:  75%|███████▌  | 109/145 [00:43<00:11,  3.04it/s, loss=0.0746]
Ep  28 [train]:  75%|███████▌  | 109/145 [00:44<00:11,  3.04it/s, loss=0.0665]
Ep  28 [train]:  76%|███████▌  | 110/145 [00:44<00:16,  2.10it/s, loss=0.0665]
Ep  28 [train]:  76%|███████▌  | 110/145 [00:44<00:16,  2.10it/s, loss=0.0723]
Ep  28 [train]:  77%|███████▋  | 111/145 [00:44<00:12,  2.66it/s, loss=0.0723]
Ep  28 [train]:  77%|███████▋  | 111/145 [00:45<00:12,  2.66it/s, loss=0.0684]
Ep  28 [train]:  77%|███████▋  | 112/145 [00:45<00:16,  1.97it/s, loss=0.0684]
Ep  28 [train]:  77%|███████▋  | 112/145 [00:45<00:16,  1.97it/s, loss=0.0649]
Ep  28 [train]:  78%|███████▊  | 113/145 [00:45<00:13,  2.43it/s, loss=0.0649]
Ep  28 [train]:  78%|███████▊  | 113/145 [00:46<00:13,  2.43it/s, loss=0.0756]
Ep  28 [train]:  79%|███████▊  | 114/145 [00:46<00:16,  1.86it/s, loss=0.0756]
Ep  28 [train]:  79%|███████▊  | 114/145 [00:46<00:16,  1.86it/s, loss=0.0736]
Ep  28 [train]:  79%|███████▉  | 115/145 [00:46<00:13,  2.30it/s, loss=0.0736]
Ep  28 [train]:  79%|███████▉  | 115/145 [00:47<00:13,  2.30it/s, loss=0.0748]
Ep  28 [train]:  80%|████████  | 116/145 [00:47<00:15,  1.84it/s, loss=0.0748]
Ep  28 [train]:  80%|████████  | 116/145 [00:47<00:15,  1.84it/s, loss=0.0769]
Ep  28 [train]:  81%|████████  | 117/145 [00:47<00:12,  2.29it/s, loss=0.0769]
Ep  28 [train]:  81%|████████  | 117/145 [00:48<00:12,  2.29it/s, loss=0.0763]
Ep  28 [train]:  81%|████████▏ | 118/145 [00:48<00:15,  1.74it/s, loss=0.0763]
Ep  28 [train]:  81%|████████▏ | 118/145 [00:48<00:15,  1.74it/s, loss=0.0706]
Ep  28 [train]:  82%|████████▏ | 119/145 [00:48<00:11,  2.17it/s, loss=0.0706]
Ep  28 [train]:  82%|████████▏ | 119/145 [00:49<00:11,  2.17it/s, loss=0.0624]
Ep  28 [train]:  83%|████████▎ | 120/145 [00:49<00:13,  1.80it/s, loss=0.0624]
Ep  28 [train]:  83%|████████▎ | 120/145 [00:49<00:13,  1.80it/s, loss=0.0645]
Ep  28 [train]:  83%|████████▎ | 121/145 [00:49<00:10,  2.28it/s, loss=0.0645]
Ep  28 [train]:  83%|████████▎ | 121/145 [00:50<00:10,  2.28it/s, loss=0.0691]
Ep  28 [train]:  84%|████████▍ | 122/145 [00:50<00:13,  1.76it/s, loss=0.0691]
Ep  28 [train]:  84%|████████▍ | 122/145 [00:50<00:13,  1.76it/s, loss=0.0743]
Ep  28 [train]:  85%|████████▍ | 123/145 [00:50<00:09,  2.25it/s, loss=0.0743]
Ep  28 [train]:  85%|████████▍ | 123/145 [00:51<00:09,  2.25it/s, loss=0.0716]
Ep  28 [train]:  86%|████████▌ | 124/145 [00:51<00:11,  1.83it/s, loss=0.0716]
Ep  28 [train]:  86%|████████▌ | 124/145 [00:51<00:11,  1.83it/s, loss=0.0683]
Ep  28 [train]:  86%|████████▌ | 125/145 [00:51<00:08,  2.38it/s, loss=0.0683]
Ep  28 [train]:  86%|████████▌ | 125/145 [00:51<00:08,  2.38it/s, loss=0.0693]
Ep  28 [train]:  87%|████████▋ | 126/145 [00:51<00:09,  1.90it/s, loss=0.0693]
Ep  28 [train]:  87%|████████▋ | 126/145 [00:52<00:09,  1.90it/s, loss=0.0737]
Ep  28 [train]:  88%|████████▊ | 127/145 [00:52<00:07,  2.48it/s, loss=0.0737]
Ep  28 [train]:  88%|████████▊ | 127/145 [00:52<00:07,  2.48it/s, loss=0.0715]
Ep  28 [train]:  88%|████████▊ | 128/145 [00:52<00:08,  2.05it/s, loss=0.0715]
Ep  28 [train]:  88%|████████▊ | 128/145 [00:52<00:08,  2.05it/s, loss=0.0720]
Ep  28 [train]:  89%|████████▉ | 129/145 [00:52<00:06,  2.63it/s, loss=0.0720]
Ep  28 [train]:  89%|████████▉ | 129/145 [00:53<00:06,  2.63it/s, loss=0.0707]
Ep  28 [train]:  90%|████████▉ | 130/145 [00:53<00:06,  2.14it/s, loss=0.0707]
Ep  28 [train]:  90%|████████▉ | 130/145 [00:53<00:06,  2.14it/s, loss=0.0725]
Ep  28 [train]:  90%|█████████ | 131/145 [00:53<00:05,  2.74it/s, loss=0.0725]
Ep  28 [train]:  90%|█████████ | 131/145 [00:54<00:05,  2.74it/s, loss=0.0684]
Ep  28 [train]:  91%|█████████ | 132/145 [00:54<00:06,  2.13it/s, loss=0.0684]
Ep  28 [train]:  91%|█████████ | 132/145 [00:54<00:06,  2.13it/s, loss=0.0667]
Ep  28 [train]:  92%|█████████▏| 133/145 [00:54<00:04,  2.73it/s, loss=0.0667]
Ep  28 [train]:  92%|█████████▏| 133/145 [00:55<00:04,  2.73it/s, loss=0.0702]
Ep  28 [train]:  92%|█████████▏| 134/145 [00:55<00:05,  1.90it/s, loss=0.0702]
Ep  28 [train]:  92%|█████████▏| 134/145 [00:55<00:05,  1.90it/s, loss=0.0773]
Ep  28 [train]:  93%|█████████▎| 135/145 [00:55<00:04,  2.42it/s, loss=0.0773]
Ep  28 [train]:  93%|█████████▎| 135/145 [00:56<00:04,  2.42it/s, loss=0.0790]
Ep  28 [train]:  94%|█████████▍| 136/145 [00:56<00:04,  1.91it/s, loss=0.0790]
Ep  28 [train]:  94%|█████████▍| 136/145 [00:56<00:04,  1.91it/s, loss=0.0716]
Ep  28 [train]:  94%|█████████▍| 137/145 [00:56<00:03,  2.45it/s, loss=0.0716]
Ep  28 [train]:  94%|█████████▍| 137/145 [00:57<00:03,  2.45it/s, loss=0.0691]
Ep  28 [train]:  95%|█████████▌| 138/145 [00:57<00:03,  1.91it/s, loss=0.0691]
Ep  28 [train]:  95%|█████████▌| 138/145 [00:57<00:03,  1.91it/s, loss=0.0734]
Ep  28 [train]:  96%|█████████▌| 139/145 [00:57<00:02,  2.44it/s, loss=0.0734]
Ep  28 [train]:  96%|█████████▌| 139/145 [00:58<00:02,  2.44it/s, loss=0.0808]
Ep  28 [train]:  97%|█████████▋| 140/145 [00:58<00:02,  2.07it/s, loss=0.0808]
Ep  28 [train]:  97%|█████████▋| 140/145 [00:58<00:02,  2.07it/s, loss=0.0723]
Ep  28 [train]:  97%|█████████▋| 141/145 [00:58<00:01,  2.62it/s, loss=0.0723]
Ep  28 [train]:  97%|█████████▋| 141/145 [00:58<00:01,  2.62it/s, loss=0.0714]
Ep  28 [train]:  98%|█████████▊| 142/145 [00:58<00:01,  2.15it/s, loss=0.0714]
Ep  28 [train]:  98%|█████████▊| 142/145 [00:59<00:01,  2.15it/s, loss=0.0670]
Ep  28 [train]:  99%|█████████▊| 143/145 [00:59<00:00,  2.74it/s, loss=0.0670]
Ep  28 [train]:  99%|█████████▊| 143/145 [00:59<00:00,  2.74it/s, loss=0.0703]
Ep  28 [train]:  99%|█████████▉| 144/145 [00:59<00:00,  2.16it/s, loss=0.0703]
Ep  28 [train]:  99%|█████████▉| 144/145 [00:59<00:00,  2.16it/s, loss=0.0690]
Ep  28 [train]: 100%|██████████| 145/145 [00:59<00:00,  2.72it/s, loss=0.0690]
                                                                              
  Ep  28 [train]  loss=0.0711  rmse_c=0.2374  mae_c=0.2148  r2_c=0.033  rmse_h=0.2936  mae_h=0.2162  r2_h=0.504  sup=0.324

Ep  28 [val  ]:   0%|          | 0/39 [00:00<?, ?it/s]
Ep  28 [val  ]:   0%|          | 0/39 [00:00<?, ?it/s, loss=0.0933]
Ep  28 [val  ]:   3%|▎         | 1/39 [00:00<00:36,  1.05it/s, loss=0.0933]
Ep  28 [val  ]:   3%|▎         | 1/39 [00:01<00:36,  1.05it/s, loss=0.0879]
Ep  28 [val  ]:   3%|▎         | 1/39 [00:01<00:36,  1.05it/s, loss=0.0731]
Ep  28 [val  ]:   8%|▊         | 3/39 [00:01<00:20,  1.75it/s, loss=0.0731]
Ep  28 [val  ]:   8%|▊         | 3/39 [00:01<00:20,  1.75it/s, loss=0.0697]
Ep  28 [val  ]:   8%|▊         | 3/39 [00:02<00:20,  1.75it/s, loss=0.0719]
Ep  28 [val  ]:  13%|█▎        | 5/39 [00:02<00:15,  2.22it/s, loss=0.0719]
Ep  28 [val  ]:  13%|█▎        | 5/39 [00:02<00:15,  2.22it/s, loss=0.0714]
Ep  28 [val  ]:  13%|█▎        | 5/39 [00:03<00:15,  2.22it/s, loss=0.0692]
Ep  28 [val  ]:  18%|█▊        | 7/39 [00:03<00:13,  2.40it/s, loss=0.0692]
Ep  28 [val  ]:  18%|█▊        | 7/39 [00:03<00:13,  2.40it/s, loss=0.0678]
Ep  28 [val  ]:  18%|█▊        | 7/39 [00:03<00:13,  2.40it/s, loss=0.0653]
Ep  28 [val  ]:  23%|██▎       | 9/39 [00:03<00:12,  2.49it/s, loss=0.0653]
Ep  28 [val  ]:  23%|██▎       | 9/39 [00:04<00:12,  2.49it/s, loss=0.0646]
Ep  28 [val  ]:  23%|██▎       | 9/39 [00:04<00:12,  2.49it/s, loss=0.0662]
Ep  28 [val  ]:  28%|██▊       | 11/39 [00:04<00:11,  2.52it/s, loss=0.0662]
Ep  28 [val  ]:  28%|██▊       | 11/39 [00:04<00:11,  2.52it/s, loss=0.0699]
Ep  28 [val  ]:  31%|███       | 12/39 [00:04<00:09,  2.93it/s, loss=0.0699]
Ep  28 [val  ]:  31%|███       | 12/39 [00:05<00:09,  2.93it/s, loss=0.0728]
Ep  28 [val  ]:  33%|███▎      | 13/39 [00:05<00:10,  2.41it/s, loss=0.0728]
Ep  28 [val  ]:  33%|███▎      | 13/39 [00:05<00:10,  2.41it/s, loss=0.0793]
Ep  28 [val  ]:  36%|███▌      | 14/39 [00:05<00:08,  2.89it/s, loss=0.0793]
Ep  28 [val  ]:  36%|███▌      | 14/39 [00:06<00:08,  2.89it/s, loss=0.0944]
Ep  28 [val  ]:  38%|███▊      | 15/39 [00:06<00:10,  2.38it/s, loss=0.0944]
Ep  28 [val  ]:  38%|███▊      | 15/39 [00:06<00:10,  2.38it/s, loss=0.0948]
Ep  28 [val  ]:  41%|████      | 16/39 [00:06<00:08,  2.83it/s, loss=0.0948]
Ep  28 [val  ]:  41%|████      | 16/39 [00:07<00:08,  2.83it/s, loss=0.0976]
Ep  28 [val  ]:  44%|████▎     | 17/39 [00:07<00:09,  2.37it/s, loss=0.0976]
Ep  28 [val  ]:  44%|████▎     | 17/39 [00:07<00:09,  2.37it/s, loss=0.0833]
Ep  28 [val  ]:  46%|████▌     | 18/39 [00:07<00:07,  2.84it/s, loss=0.0833]
Ep  28 [val  ]:  46%|████▌     | 18/39 [00:07<00:07,  2.84it/s, loss=0.0762]
Ep  28 [val  ]:  49%|████▊     | 19/39 [00:07<00:08,  2.40it/s, loss=0.0762]
Ep  28 [val  ]:  49%|████▊     | 19/39 [00:08<00:08,  2.40it/s, loss=0.0667]
Ep  28 [val  ]:  51%|█████▏    | 20/39 [00:08<00:07,  2.70it/s, loss=0.0667]
Ep  28 [val  ]:  51%|█████▏    | 20/39 [00:08<00:07,  2.70it/s, loss=0.0560]
Ep  28 [val  ]:  54%|█████▍    | 21/39 [00:08<00:07,  2.35it/s, loss=0.0560]
Ep  28 [val  ]:  54%|█████▍    | 21/39 [00:09<00:07,  2.35it/s, loss=0.0639]
Ep  28 [val  ]:  56%|█████▋    | 22/39 [00:09<00:06,  2.48it/s, loss=0.0639]
Ep  28 [val  ]:  56%|█████▋    | 22/39 [00:09<00:06,  2.48it/s, loss=0.0591]
Ep  28 [val  ]:  59%|█████▉    | 23/39 [00:09<00:06,  2.54it/s, loss=0.0591]
Ep  28 [val  ]:  59%|█████▉    | 23/39 [00:09<00:06,  2.54it/s, loss=0.0603]
Ep  28 [val  ]:  62%|██████▏   | 24/39 [00:09<00:06,  2.39it/s, loss=0.0603]
Ep  28 [val  ]:  62%|██████▏   | 24/39 [00:10<00:06,  2.39it/s, loss=0.0630]
Ep  28 [val  ]:  64%|██████▍   | 25/39 [00:10<00:05,  2.67it/s, loss=0.0630]
Ep  28 [val  ]:  64%|██████▍   | 25/39 [00:10<00:05,  2.67it/s, loss=0.0687]
Ep  28 [val  ]:  67%|██████▋   | 26/39 [00:10<00:05,  2.30it/s, loss=0.0687]
Ep  28 [val  ]:  67%|██████▋   | 26/39 [00:10<00:05,  2.30it/s, loss=0.0756]
Ep  28 [val  ]:  69%|██████▉   | 27/39 [00:10<00:04,  2.87it/s, loss=0.0756]
Ep  28 [val  ]:  69%|██████▉   | 27/39 [00:11<00:04,  2.87it/s, loss=0.1167]
Ep  28 [val  ]:  72%|███████▏  | 28/39 [00:11<00:04,  2.23it/s, loss=0.1167]
Ep  28 [val  ]:  72%|███████▏  | 28/39 [00:11<00:04,  2.23it/s, loss=0.0890]
Ep  28 [val  ]:  72%|███████▏  | 28/39 [00:12<00:04,  2.23it/s, loss=0.0803]
Ep  28 [val  ]:  77%|███████▋  | 30/39 [00:12<00:03,  2.42it/s, loss=0.0803]
Ep  28 [val  ]:  77%|███████▋  | 30/39 [00:12<00:03,  2.42it/s, loss=0.0756]
Ep  28 [val  ]:  77%|███████▋  | 30/39 [00:13<00:03,  2.42it/s, loss=0.0719]
Ep  28 [val  ]:  82%|████████▏ | 32/39 [00:13<00:02,  2.52it/s, loss=0.0719]
Ep  28 [val  ]:  82%|████████▏ | 32/39 [00:13<00:02,  2.52it/s, loss=0.0698]
Ep  28 [val  ]:  82%|████████▏ | 32/39 [00:13<00:02,  2.52it/s, loss=0.0698]
Ep  28 [val  ]:  87%|████████▋ | 34/39 [00:13<00:02,  2.48it/s, loss=0.0698]
Ep  28 [val  ]:  87%|████████▋ | 34/39 [00:13<00:02,  2.48it/s, loss=0.0746]
Ep  28 [val  ]:  87%|████████▋ | 34/39 [00:14<00:02,  2.48it/s, loss=0.0710]
Ep  28 [val  ]:  92%|█████████▏| 36/39 [00:14<00:01,  2.39it/s, loss=0.0710]
Ep  28 [val  ]:  92%|█████████▏| 36/39 [00:14<00:01,  2.39it/s, loss=0.0680]
Ep  28 [val  ]:  92%|█████████▏| 36/39 [00:15<00:01,  2.39it/s, loss=0.0592]
Ep  28 [val  ]:  97%|█████████▋| 38/39 [00:15<00:00,  2.32it/s, loss=0.0592]
Ep  28 [val  ]:  97%|█████████▋| 38/39 [00:15<00:00,  2.32it/s, loss=0.0699]
                                                                            
  Ep  28 [val  ]  loss=0.0743  rmse_c=0.2428  mae_c=0.2185  r2_c=0.031  rmse_h=0.2980  mae_h=0.2153  r2_h=0.447  sup=0.308

Ep  29 [train]:   0%|          | 0/145 [00:00<?, ?it/s]
Ep  29 [train]:   0%|          | 0/145 [00:00<?, ?it/s, loss=0.0713]
Ep  29 [train]:   1%|          | 1/145 [00:00<02:18,  1.04it/s, loss=0.0713]
Ep  29 [train]:   1%|          | 1/145 [00:01<02:18,  1.04it/s, loss=0.0697]
Ep  29 [train]:   1%|▏         | 2/145 [00:01<01:07,  2.12it/s, loss=0.0697]
Ep  29 [train]:   1%|▏         | 2/145 [00:01<01:07,  2.12it/s, loss=0.0702]
Ep  29 [train]:   2%|▏         | 3/145 [00:01<01:14,  1.91it/s, loss=0.0702]
Ep  29 [train]:   2%|▏         | 3/145 [00:01<01:14,  1.91it/s, loss=0.0679]
Ep  29 [train]:   3%|▎         | 4/145 [00:01<00:54,  2.61it/s, loss=0.0679]
Ep  29 [train]:   3%|▎         | 4/145 [00:02<00:54,  2.61it/s, loss=0.0693]
Ep  29 [train]:   3%|▎         | 5/145 [00:02<01:02,  2.24it/s, loss=0.0693]
Ep  29 [train]:   3%|▎         | 5/145 [00:02<01:02,  2.24it/s, loss=0.0771]
Ep  29 [train]:   4%|▍         | 6/145 [00:02<00:47,  2.96it/s, loss=0.0771]
Ep  29 [train]:   4%|▍         | 6/145 [00:03<00:47,  2.96it/s, loss=0.0691]
Ep  29 [train]:   5%|▍         | 7/145 [00:03<00:59,  2.31it/s, loss=0.0691]
Ep  29 [train]:   5%|▍         | 7/145 [00:03<00:59,  2.31it/s, loss=0.0710]
Ep  29 [train]:   6%|▌         | 8/145 [00:03<00:46,  2.97it/s, loss=0.0710]
Ep  29 [train]:   6%|▌         | 8/145 [00:03<00:46,  2.97it/s, loss=0.0665]
Ep  29 [train]:   6%|▌         | 9/145 [00:03<00:59,  2.30it/s, loss=0.0665]
Ep  29 [train]:   6%|▌         | 9/145 [00:04<00:59,  2.30it/s, loss=0.0734]
Ep  29 [train]:   7%|▋         | 10/145 [00:04<00:47,  2.83it/s, loss=0.0734]
Ep  29 [train]:   7%|▋         | 10/145 [00:04<00:47,  2.83it/s, loss=0.0682]
Ep  29 [train]:   8%|▊         | 11/145 [00:04<00:53,  2.51it/s, loss=0.0682]
Ep  29 [train]:   8%|▊         | 11/145 [00:05<00:53,  2.51it/s, loss=0.0696]
Ep  29 [train]:   8%|▊         | 12/145 [00:05<00:54,  2.46it/s, loss=0.0696]
Ep  29 [train]:   8%|▊         | 12/145 [00:05<00:54,  2.46it/s, loss=0.0729]
Ep  29 [train]:   9%|▉         | 13/145 [00:05<00:48,  2.71it/s, loss=0.0729]
Ep  29 [train]:   9%|▉         | 13/145 [00:05<00:48,  2.71it/s, loss=0.0728]
Ep  29 [train]:  10%|▉         | 14/145 [00:05<00:59,  2.21it/s, loss=0.0728]
Ep  29 [train]:  10%|▉         | 14/145 [00:06<00:59,  2.21it/s, loss=0.0762]
Ep  29 [train]:  10%|█         | 15/145 [00:06<00:45,  2.83it/s, loss=0.0762]
Ep  29 [train]:  10%|█         | 15/145 [00:06<00:45,  2.83it/s, loss=0.0688]
Ep  29 [train]:  11%|█         | 16/145 [00:06<01:06,  1.95it/s, loss=0.0688]
Ep  29 [train]:  11%|█         | 16/145 [00:07<01:06,  1.95it/s, loss=0.0768]
Ep  29 [train]:  12%|█▏        | 17/145 [00:07<00:50,  2.51it/s, loss=0.0768]
Ep  29 [train]:  12%|█▏        | 17/145 [00:07<00:50,  2.51it/s, loss=0.0740]
Ep  29 [train]:  12%|█▏        | 18/145 [00:07<01:04,  1.98it/s, loss=0.0740]
Ep  29 [train]:  12%|█▏        | 18/145 [00:08<01:04,  1.98it/s, loss=0.0665]
Ep  29 [train]:  13%|█▎        | 19/145 [00:08<00:50,  2.50it/s, loss=0.0665]
Ep  29 [train]:  13%|█▎        | 19/145 [00:08<00:50,  2.50it/s, loss=0.0656]
Ep  29 [train]:  14%|█▍        | 20/145 [00:08<01:04,  1.95it/s, loss=0.0656]
Ep  29 [train]:  14%|█▍        | 20/145 [00:08<01:04,  1.95it/s, loss=0.0664]
Ep  29 [train]:  14%|█▍        | 21/145 [00:08<00:50,  2.46it/s, loss=0.0664]
Ep  29 [train]:  14%|█▍        | 21/145 [00:09<00:50,  2.46it/s, loss=0.0706]
Ep  29 [train]:  15%|█▌        | 22/145 [00:09<01:03,  1.95it/s, loss=0.0706]
Ep  29 [train]:  15%|█▌        | 22/145 [00:09<01:03,  1.95it/s, loss=0.0691]
Ep  29 [train]:  16%|█▌        | 23/145 [00:09<00:49,  2.46it/s, loss=0.0691]
Ep  29 [train]:  16%|█▌        | 23/145 [00:10<00:49,  2.46it/s, loss=0.0709]
Ep  29 [train]:  17%|█▋        | 24/145 [00:10<01:02,  1.95it/s, loss=0.0709]
Ep  29 [train]:  17%|█▋        | 24/145 [00:10<01:02,  1.95it/s, loss=0.0667]
Ep  29 [train]:  17%|█▋        | 25/145 [00:10<00:47,  2.53it/s, loss=0.0667]
Ep  29 [train]:  17%|█▋        | 25/145 [00:11<00:47,  2.53it/s, loss=0.0703]
Ep  29 [train]:  18%|█▊        | 26/145 [00:11<01:01,  1.93it/s, loss=0.0703]
Ep  29 [train]:  18%|█▊        | 26/145 [00:11<01:01,  1.93it/s, loss=0.0683]
Ep  29 [train]:  19%|█▊        | 27/145 [00:11<00:47,  2.47it/s, loss=0.0683]
Ep  29 [train]:  19%|█▊        | 27/145 [00:12<00:47,  2.47it/s, loss=0.0717]
Ep  29 [train]:  19%|█▉        | 28/145 [00:12<01:00,  1.93it/s, loss=0.0717]
Ep  29 [train]:  19%|█▉        | 28/145 [00:12<01:00,  1.93it/s, loss=0.0664]
Ep  29 [train]:  20%|██        | 29/145 [00:12<00:46,  2.49it/s, loss=0.0664]
Ep  29 [train]:  20%|██        | 29/145 [00:13<00:46,  2.49it/s, loss=0.0703]
Ep  29 [train]:  21%|██        | 30/145 [00:13<01:03,  1.80it/s, loss=0.0703]
Ep  29 [train]:  21%|██        | 30/145 [00:13<01:03,  1.80it/s, loss=0.0843]
Ep  29 [train]:  21%|██▏       | 31/145 [00:13<00:49,  2.32it/s, loss=0.0843]
Ep  29 [train]:  21%|██▏       | 31/145 [00:14<00:49,  2.32it/s, loss=0.0613]
Ep  29 [train]:  22%|██▏       | 32/145 [00:14<00:58,  1.94it/s, loss=0.0613]
Ep  29 [train]:  22%|██▏       | 32/145 [00:14<00:58,  1.94it/s, loss=0.0722]
Ep  29 [train]:  23%|██▎       | 33/145 [00:14<00:45,  2.48it/s, loss=0.0722]
Ep  29 [train]:  23%|██▎       | 33/145 [00:15<00:45,  2.48it/s, loss=0.0681]
Ep  29 [train]:  23%|██▎       | 34/145 [00:15<00:57,  1.94it/s, loss=0.0681]
Ep  29 [train]:  23%|██▎       | 34/145 [00:15<00:57,  1.94it/s, loss=0.0853]
Ep  29 [train]:  24%|██▍       | 35/145 [00:15<00:43,  2.51it/s, loss=0.0853]
Ep  29 [train]:  24%|██▍       | 35/145 [00:16<00:43,  2.51it/s, loss=0.0663]
Ep  29 [train]:  25%|██▍       | 36/145 [00:16<00:55,  1.96it/s, loss=0.0663]
Ep  29 [train]:  25%|██▍       | 36/145 [00:16<00:55,  1.96it/s, loss=0.0729]
Ep  29 [train]:  26%|██▌       | 37/145 [00:16<00:42,  2.52it/s, loss=0.0729]
Ep  29 [train]:  26%|██▌       | 37/145 [00:17<00:42,  2.52it/s, loss=0.0692]
Ep  29 [train]:  26%|██▌       | 38/145 [00:17<00:53,  1.99it/s, loss=0.0692]
Ep  29 [train]:  26%|██▌       | 38/145 [00:17<00:53,  1.99it/s, loss=0.0719]
Ep  29 [train]:  27%|██▋       | 39/145 [00:17<00:41,  2.57it/s, loss=0.0719]
Ep  29 [train]:  27%|██▋       | 39/145 [00:17<00:41,  2.57it/s, loss=0.0649]
Ep  29 [train]:  28%|██▊       | 40/145 [00:17<00:52,  2.02it/s, loss=0.0649]
Ep  29 [train]:  28%|██▊       | 40/145 [00:18<00:52,  2.02it/s, loss=0.0681]
Ep  29 [train]:  28%|██▊       | 41/145 [00:18<00:40,  2.55it/s, loss=0.0681]
Ep  29 [train]:  28%|██▊       | 41/145 [00:18<00:40,  2.55it/s, loss=0.0719]
Ep  29 [train]:  29%|██▉       | 42/145 [00:18<00:53,  1.94it/s, loss=0.0719]
Ep  29 [train]:  29%|██▉       | 42/145 [00:19<00:53,  1.94it/s, loss=0.0740]
Ep  29 [train]:  30%|██▉       | 43/145 [00:19<00:41,  2.45it/s, loss=0.0740]
Ep  29 [train]:  30%|██▉       | 43/145 [00:19<00:41,  2.45it/s, loss=0.0755]
Ep  29 [train]:  30%|███       | 44/145 [00:19<00:49,  2.02it/s, loss=0.0755]
Ep  29 [train]:  30%|███       | 44/145 [00:19<00:49,  2.02it/s, loss=0.0742]
Ep  29 [train]:  31%|███       | 45/145 [00:19<00:38,  2.58it/s, loss=0.0742]
Ep  29 [train]:  31%|███       | 45/145 [00:20<00:38,  2.58it/s, loss=0.0696]
Ep  29 [train]:  32%|███▏      | 46/145 [00:20<00:49,  2.01it/s, loss=0.0696]
Ep  29 [train]:  32%|███▏      | 46/145 [00:20<00:49,  2.01it/s, loss=0.0679]
Ep  29 [train]:  32%|███▏      | 47/145 [00:20<00:39,  2.49it/s, loss=0.0679]
Ep  29 [train]:  32%|███▏      | 47/145 [00:21<00:39,  2.49it/s, loss=0.0651]
Ep  29 [train]:  33%|███▎      | 48/145 [00:21<00:50,  1.91it/s, loss=0.0651]
Ep  29 [train]:  33%|███▎      | 48/145 [00:21<00:50,  1.91it/s, loss=0.0676]
Ep  29 [train]:  34%|███▍      | 49/145 [00:21<00:39,  2.44it/s, loss=0.0676]
Ep  29 [train]:  34%|███▍      | 49/145 [00:22<00:39,  2.44it/s, loss=0.0703]
Ep  29 [train]:  34%|███▍      | 50/145 [00:22<00:49,  1.93it/s, loss=0.0703]
Ep  29 [train]:  34%|███▍      | 50/145 [00:22<00:49,  1.93it/s, loss=0.0681]
Ep  29 [train]:  35%|███▌      | 51/145 [00:22<00:37,  2.50it/s, loss=0.0681]
Ep  29 [train]:  35%|███▌      | 51/145 [00:23<00:37,  2.50it/s, loss=0.0709]
Ep  29 [train]:  36%|███▌      | 52/145 [00:23<00:47,  1.96it/s, loss=0.0709]
Ep  29 [train]:  36%|███▌      | 52/145 [00:23<00:47,  1.96it/s, loss=0.0802]
Ep  29 [train]:  37%|███▋      | 53/145 [00:23<00:36,  2.51it/s, loss=0.0802]
Ep  29 [train]:  37%|███▋      | 53/145 [00:24<00:36,  2.51it/s, loss=0.0757]
Ep  29 [train]:  37%|███▋      | 54/145 [00:24<00:46,  1.97it/s, loss=0.0757]
Ep  29 [train]:  37%|███▋      | 54/145 [00:24<00:46,  1.97it/s, loss=0.0696]
Ep  29 [train]:  38%|███▊      | 55/145 [00:24<00:35,  2.53it/s, loss=0.0696]
Ep  29 [train]:  38%|███▊      | 55/145 [00:25<00:35,  2.53it/s, loss=0.0661]
Ep  29 [train]:  39%|███▊      | 56/145 [00:25<00:44,  2.00it/s, loss=0.0661]
Ep  29 [train]:  39%|███▊      | 56/145 [00:25<00:44,  2.00it/s, loss=0.0690]
Ep  29 [train]:  39%|███▉      | 57/145 [00:25<00:34,  2.56it/s, loss=0.0690]
Ep  29 [train]:  39%|███▉      | 57/145 [00:26<00:34,  2.56it/s, loss=0.0680]
Ep  29 [train]:  40%|████      | 58/145 [00:26<00:45,  1.91it/s, loss=0.0680]
Ep  29 [train]:  40%|████      | 58/145 [00:26<00:45,  1.91it/s, loss=0.0703]
Ep  29 [train]:  41%|████      | 59/145 [00:26<00:34,  2.47it/s, loss=0.0703]
Ep  29 [train]:  41%|████      | 59/145 [00:27<00:34,  2.47it/s, loss=0.0685]
Ep  29 [train]:  41%|████▏     | 60/145 [00:27<00:43,  1.94it/s, loss=0.0685]
Ep  29 [train]:  41%|████▏     | 60/145 [00:27<00:43,  1.94it/s, loss=0.0771]
Ep  29 [train]:  42%|████▏     | 61/145 [00:27<00:33,  2.49it/s, loss=0.0771]
Ep  29 [train]:  42%|████▏     | 61/145 [00:28<00:33,  2.49it/s, loss=0.0668]
Ep  29 [train]:  43%|████▎     | 62/145 [00:28<00:43,  1.93it/s, loss=0.0668]
Ep  29 [train]:  43%|████▎     | 62/145 [00:28<00:43,  1.93it/s, loss=0.0736]
Ep  29 [train]:  43%|████▎     | 63/145 [00:28<00:34,  2.35it/s, loss=0.0736]
Ep  29 [train]:  43%|████▎     | 63/145 [00:28<00:34,  2.35it/s, loss=0.0692]
Ep  29 [train]:  44%|████▍     | 64/145 [00:28<00:39,  2.03it/s, loss=0.0692]
Ep  29 [train]:  44%|████▍     | 64/145 [00:29<00:39,  2.03it/s, loss=0.0705]
Ep  29 [train]:  45%|████▍     | 65/145 [00:29<00:31,  2.55it/s, loss=0.0705]
Ep  29 [train]:  45%|████▍     | 65/145 [00:29<00:31,  2.55it/s, loss=0.0718]
Ep  29 [train]:  46%|████▌     | 66/145 [00:29<00:39,  1.99it/s, loss=0.0718]
Ep  29 [train]:  46%|████▌     | 66/145 [00:29<00:39,  1.99it/s, loss=0.0787]
Ep  29 [train]:  46%|████▌     | 67/145 [00:29<00:31,  2.49it/s, loss=0.0787]
Ep  29 [train]:  46%|████▌     | 67/145 [00:30<00:31,  2.49it/s, loss=0.0786]
Ep  29 [train]:  47%|████▋     | 68/145 [00:30<00:41,  1.86it/s, loss=0.0786]
Ep  29 [train]:  47%|████▋     | 68/145 [00:30<00:41,  1.86it/s, loss=0.0758]
Ep  29 [train]:  48%|████▊     | 69/145 [00:30<00:31,  2.38it/s, loss=0.0758]
Ep  29 [train]:  48%|████▊     | 69/145 [00:31<00:31,  2.38it/s, loss=0.0739]
Ep  29 [train]:  48%|████▊     | 70/145 [00:31<00:41,  1.79it/s, loss=0.0739]
Ep  29 [train]:  48%|████▊     | 70/145 [00:31<00:41,  1.79it/s, loss=0.0741]
Ep  29 [train]:  49%|████▉     | 71/145 [00:31<00:32,  2.28it/s, loss=0.0741]
Ep  29 [train]:  49%|████▉     | 71/145 [00:32<00:32,  2.28it/s, loss=0.0668]
Ep  29 [train]:  50%|████▉     | 72/145 [00:32<00:39,  1.83it/s, loss=0.0668]
Ep  29 [train]:  50%|████▉     | 72/145 [00:32<00:39,  1.83it/s, loss=0.0702]
Ep  29 [train]:  50%|█████     | 73/145 [00:32<00:30,  2.36it/s, loss=0.0702]
Ep  29 [train]:  50%|█████     | 73/145 [00:33<00:30,  2.36it/s, loss=0.0632]
Ep  29 [train]:  51%|█████     | 74/145 [00:33<00:36,  1.94it/s, loss=0.0632]
Ep  29 [train]:  51%|█████     | 74/145 [00:33<00:36,  1.94it/s, loss=0.0645]
Ep  29 [train]:  52%|█████▏    | 75/145 [00:33<00:27,  2.51it/s, loss=0.0645]
Ep  29 [train]:  52%|█████▏    | 75/145 [00:34<00:27,  2.51it/s, loss=0.0684]
Ep  29 [train]:  52%|█████▏    | 76/145 [00:34<00:35,  1.95it/s, loss=0.0684]
Ep  29 [train]:  52%|█████▏    | 76/145 [00:34<00:35,  1.95it/s, loss=0.0692]
Ep  29 [train]:  53%|█████▎    | 77/145 [00:34<00:28,  2.43it/s, loss=0.0692]
Ep  29 [train]:  53%|█████▎    | 77/145 [00:35<00:28,  2.43it/s, loss=0.0697]
Ep  29 [train]:  54%|█████▍    | 78/145 [00:35<00:34,  1.93it/s, loss=0.0697]
Ep  29 [train]:  54%|█████▍    | 78/145 [00:35<00:34,  1.93it/s, loss=0.0674]
Ep  29 [train]:  54%|█████▍    | 79/145 [00:35<00:26,  2.50it/s, loss=0.0674]
Ep  29 [train]:  54%|█████▍    | 79/145 [00:36<00:26,  2.50it/s, loss=0.0713]
Ep  29 [train]:  55%|█████▌    | 80/145 [00:36<00:35,  1.83it/s, loss=0.0713]
Ep  29 [train]:  55%|█████▌    | 80/145 [00:36<00:35,  1.83it/s, loss=0.0707]
Ep  29 [train]:  56%|█████▌    | 81/145 [00:36<00:27,  2.36it/s, loss=0.0707]
Ep  29 [train]:  56%|█████▌    | 81/145 [00:37<00:27,  2.36it/s, loss=0.0674]
Ep  29 [train]:  57%|█████▋    | 82/145 [00:37<00:33,  1.87it/s, loss=0.0674]
Ep  29 [train]:  57%|█████▋    | 82/145 [00:37<00:33,  1.87it/s, loss=0.0717]
Ep  29 [train]:  57%|█████▋    | 83/145 [00:37<00:26,  2.35it/s, loss=0.0717]
Ep  29 [train]:  57%|█████▋    | 83/145 [00:38<00:26,  2.35it/s, loss=0.0695]
Ep  29 [train]:  58%|█████▊    | 84/145 [00:38<00:32,  1.89it/s, loss=0.0695]
Ep  29 [train]:  58%|█████▊    | 84/145 [00:38<00:32,  1.89it/s, loss=0.0705]
Ep  29 [train]:  59%|█████▊    | 85/145 [00:38<00:25,  2.40it/s, loss=0.0705]
Ep  29 [train]:  59%|█████▊    | 85/145 [00:39<00:25,  2.40it/s, loss=0.0716]
Ep  29 [train]:  59%|█████▉    | 86/145 [00:39<00:30,  1.97it/s, loss=0.0716]
Ep  29 [train]:  59%|█████▉    | 86/145 [00:39<00:30,  1.97it/s, loss=0.0717]
Ep  29 [train]:  60%|██████    | 87/145 [00:39<00:23,  2.51it/s, loss=0.0717]
Ep  29 [train]:  60%|██████    | 87/145 [00:40<00:23,  2.51it/s, loss=0.0710]
Ep  29 [train]:  61%|██████    | 88/145 [00:40<00:27,  2.04it/s, loss=0.0710]
Ep  29 [train]:  61%|██████    | 88/145 [00:40<00:27,  2.04it/s, loss=0.0698]
Ep  29 [train]:  61%|██████▏   | 89/145 [00:40<00:21,  2.57it/s, loss=0.0698]
Ep  29 [train]:  61%|██████▏   | 89/145 [00:41<00:21,  2.57it/s, loss=0.0670]
Ep  29 [train]:  62%|██████▏   | 90/145 [00:41<00:28,  1.94it/s, loss=0.0670]
Ep  29 [train]:  62%|██████▏   | 90/145 [00:41<00:28,  1.94it/s, loss=0.0687]
Ep  29 [train]:  63%|██████▎   | 91/145 [00:41<00:22,  2.42it/s, loss=0.0687]
Ep  29 [train]:  63%|██████▎   | 91/145 [00:41<00:22,  2.42it/s, loss=0.0732]
Ep  29 [train]:  63%|██████▎   | 92/145 [00:41<00:26,  1.98it/s, loss=0.0732]
Ep  29 [train]:  63%|██████▎   | 92/145 [00:42<00:26,  1.98it/s, loss=0.0678]
Ep  29 [train]:  64%|██████▍   | 93/145 [00:42<00:20,  2.52it/s, loss=0.0678]
Ep  29 [train]:  64%|██████▍   | 93/145 [00:42<00:20,  2.52it/s, loss=0.0704]
Ep  29 [train]:  65%|██████▍   | 94/145 [00:42<00:26,  1.92it/s, loss=0.0704]
Ep  29 [train]:  65%|██████▍   | 94/145 [00:43<00:26,  1.92it/s, loss=0.0707]
Ep  29 [train]:  66%|██████▌   | 95/145 [00:43<00:20,  2.41it/s, loss=0.0707]
Ep  29 [train]:  66%|██████▌   | 95/145 [00:43<00:20,  2.41it/s, loss=0.0719]
Ep  29 [train]:  66%|██████▌   | 96/145 [00:43<00:24,  2.00it/s, loss=0.0719]
Ep  29 [train]:  66%|██████▌   | 96/145 [00:43<00:24,  2.00it/s, loss=0.0687]
Ep  29 [train]:  67%|██████▋   | 97/145 [00:43<00:18,  2.53it/s, loss=0.0687]
Ep  29 [train]:  67%|██████▋   | 97/145 [00:44<00:18,  2.53it/s, loss=0.0739]
Ep  29 [train]:  68%|██████▊   | 98/145 [00:44<00:23,  1.98it/s, loss=0.0739]
Ep  29 [train]:  68%|██████▊   | 98/145 [00:44<00:23,  1.98it/s, loss=0.0684]
Ep  29 [train]:  68%|██████▊   | 99/145 [00:44<00:18,  2.49it/s, loss=0.0684]
Ep  29 [train]:  68%|██████▊   | 99/145 [00:45<00:18,  2.49it/s, loss=0.0739]
Ep  29 [train]:  69%|██████▉   | 100/145 [00:45<00:22,  1.96it/s, loss=0.0739]
Ep  29 [train]:  69%|██████▉   | 100/145 [00:45<00:22,  1.96it/s, loss=0.0721]
Ep  29 [train]:  70%|██████▉   | 101/145 [00:45<00:17,  2.53it/s, loss=0.0721]
Ep  29 [train]:  70%|██████▉   | 101/145 [00:46<00:17,  2.53it/s, loss=0.0670]
Ep  29 [train]:  70%|███████   | 102/145 [00:46<00:22,  1.93it/s, loss=0.0670]
Ep  29 [train]:  70%|███████   | 102/145 [00:46<00:22,  1.93it/s, loss=0.0671]
Ep  29 [train]:  71%|███████   | 103/145 [00:46<00:17,  2.43it/s, loss=0.0671]
Ep  29 [train]:  71%|███████   | 103/145 [00:47<00:17,  2.43it/s, loss=0.0710]
Ep  29 [train]:  72%|███████▏  | 104/145 [00:47<00:21,  1.95it/s, loss=0.0710]
Ep  29 [train]:  72%|███████▏  | 104/145 [00:47<00:21,  1.95it/s, loss=0.0660]
Ep  29 [train]:  72%|███████▏  | 105/145 [00:47<00:16,  2.42it/s, loss=0.0660]
Ep  29 [train]:  72%|███████▏  | 105/145 [00:48<00:16,  2.42it/s, loss=0.0743]
Ep  29 [train]:  73%|███████▎  | 106/145 [00:48<00:20,  1.94it/s, loss=0.0743]
Ep  29 [train]:  73%|███████▎  | 106/145 [00:48<00:20,  1.94it/s, loss=0.0710]
Ep  29 [train]:  74%|███████▍  | 107/145 [00:48<00:15,  2.52it/s, loss=0.0710]
Ep  29 [train]:  74%|███████▍  | 107/145 [00:49<00:15,  2.52it/s, loss=0.0681]
Ep  29 [train]:  74%|███████▍  | 108/145 [00:49<00:18,  1.96it/s, loss=0.0681]
Ep  29 [train]:  74%|███████▍  | 108/145 [00:49<00:18,  1.96it/s, loss=0.0703]
Ep  29 [train]:  75%|███████▌  | 109/145 [00:49<00:14,  2.48it/s, loss=0.0703]
Ep  29 [train]:  75%|███████▌  | 109/145 [00:50<00:14,  2.48it/s, loss=0.0729]
Ep  29 [train]:  76%|███████▌  | 110/145 [00:50<00:17,  1.97it/s, loss=0.0729]
Ep  29 [train]:  76%|███████▌  | 110/145 [00:50<00:17,  1.97it/s, loss=0.0688]
Ep  29 [train]:  77%|███████▋  | 111/145 [00:50<00:13,  2.48it/s, loss=0.0688]
Ep  29 [train]:  77%|███████▋  | 111/145 [00:51<00:13,  2.48it/s, loss=0.0786]
Ep  29 [train]:  77%|███████▋  | 112/145 [00:51<00:15,  2.09it/s, loss=0.0786]
Ep  29 [train]:  77%|███████▋  | 112/145 [00:51<00:15,  2.09it/s, loss=0.0728]
Ep  29 [train]:  78%|███████▊  | 113/145 [00:51<00:12,  2.66it/s, loss=0.0728]
Ep  29 [train]:  78%|███████▊  | 113/145 [00:51<00:12,  2.66it/s, loss=0.0717]
Ep  29 [train]:  79%|███████▊  | 114/145 [00:51<00:14,  2.15it/s, loss=0.0717]
Ep  29 [train]:  79%|███████▊  | 114/145 [00:51<00:14,  2.15it/s, loss=0.0696]
Ep  29 [train]:  79%|███████▉  | 115/145 [00:51<00:11,  2.71it/s, loss=0.0696]
Ep  29 [train]:  79%|███████▉  | 115/145 [00:52<00:11,  2.71it/s, loss=0.0722]
Ep  29 [train]:  80%|████████  | 116/145 [00:52<00:15,  1.91it/s, loss=0.0722]
Ep  29 [train]:  80%|████████  | 116/145 [00:52<00:15,  1.91it/s, loss=0.0679]
Ep  29 [train]:  81%|████████  | 117/145 [00:52<00:11,  2.45it/s, loss=0.0679]
Ep  29 [train]:  81%|████████  | 117/145 [00:53<00:11,  2.45it/s, loss=0.0747]
Ep  29 [train]:  81%|████████▏ | 118/145 [00:53<00:14,  1.92it/s, loss=0.0747]
Ep  29 [train]:  81%|████████▏ | 118/145 [00:53<00:14,  1.92it/s, loss=0.0716]
Ep  29 [train]:  82%|████████▏ | 119/145 [00:53<00:10,  2.44it/s, loss=0.0716]
Ep  29 [train]:  82%|████████▏ | 119/145 [00:54<00:10,  2.44it/s, loss=0.0743]
Ep  29 [train]:  83%|████████▎ | 120/145 [00:54<00:12,  1.95it/s, loss=0.0743]
Ep  29 [train]:  83%|████████▎ | 120/145 [00:54<00:12,  1.95it/s, loss=0.0724]
Ep  29 [train]:  83%|████████▎ | 121/145 [00:54<00:09,  2.48it/s, loss=0.0724]
Ep  29 [train]:  83%|████████▎ | 121/145 [00:55<00:09,  2.48it/s, loss=0.0750]
Ep  29 [train]:  84%|████████▍ | 122/145 [00:55<00:11,  1.92it/s, loss=0.0750]
Ep  29 [train]:  84%|████████▍ | 122/145 [00:55<00:11,  1.92it/s, loss=0.0668]
Ep  29 [train]:  85%|████████▍ | 123/145 [00:55<00:09,  2.44it/s, loss=0.0668]
Ep  29 [train]:  85%|████████▍ | 123/145 [00:56<00:09,  2.44it/s, loss=0.0730]
Ep  29 [train]:  86%|████████▌ | 124/145 [00:56<00:11,  1.89it/s, loss=0.0730]
Ep  29 [train]:  86%|████████▌ | 124/145 [00:56<00:11,  1.89it/s, loss=0.0726]
Ep  29 [train]:  86%|████████▌ | 125/145 [00:56<00:08,  2.43it/s, loss=0.0726]
Ep  29 [train]:  86%|████████▌ | 125/145 [00:57<00:08,  2.43it/s, loss=0.0739]
Ep  29 [train]:  87%|████████▋ | 126/145 [00:57<00:09,  2.01it/s, loss=0.0739]
Ep  29 [train]:  87%|████████▋ | 126/145 [00:57<00:09,  2.01it/s, loss=0.0735]
Ep  29 [train]:  88%|████████▊ | 127/145 [00:57<00:06,  2.58it/s, loss=0.0735]
Ep  29 [train]:  88%|████████▊ | 127/145 [00:58<00:06,  2.58it/s, loss=0.0777]
Ep  29 [train]:  88%|████████▊ | 128/145 [00:58<00:08,  1.90it/s, loss=0.0777]
Ep  29 [train]:  88%|████████▊ | 128/145 [00:58<00:08,  1.90it/s, loss=0.0692]
Ep  29 [train]:  89%|████████▉ | 129/145 [00:58<00:06,  2.45it/s, loss=0.0692]
Ep  29 [train]:  89%|████████▉ | 129/145 [00:59<00:06,  2.45it/s, loss=0.0746]
Ep  29 [train]:  90%|████████▉ | 130/145 [00:59<00:08,  1.78it/s, loss=0.0746]
Ep  29 [train]:  90%|████████▉ | 130/145 [00:59<00:08,  1.78it/s, loss=0.0699]
Ep  29 [train]:  90%|█████████ | 131/145 [00:59<00:06,  2.23it/s, loss=0.0699]
Ep  29 [train]:  90%|█████████ | 131/145 [01:00<00:06,  2.23it/s, loss=0.0674]
Ep  29 [train]:  91%|█████████ | 132/145 [01:00<00:07,  1.82it/s, loss=0.0674]
Ep  29 [train]:  91%|█████████ | 132/145 [01:00<00:07,  1.82it/s, loss=0.0667]
Ep  29 [train]:  92%|█████████▏| 133/145 [01:00<00:05,  2.28it/s, loss=0.0667]
Ep  29 [train]:  92%|█████████▏| 133/145 [01:01<00:05,  2.28it/s, loss=0.0715]
Ep  29 [train]:  92%|█████████▏| 134/145 [01:01<00:06,  1.74it/s, loss=0.0715]
Ep  29 [train]:  92%|█████████▏| 134/145 [01:01<00:06,  1.74it/s, loss=0.0673]
Ep  29 [train]:  93%|█████████▎| 135/145 [01:01<00:04,  2.27it/s, loss=0.0673]
Ep  29 [train]:  93%|█████████▎| 135/145 [01:02<00:04,  2.27it/s, loss=0.0681]
Ep  29 [train]:  94%|█████████▍| 136/145 [01:02<00:04,  1.94it/s, loss=0.0681]
Ep  29 [train]:  94%|█████████▍| 136/145 [01:02<00:04,  1.94it/s, loss=0.0673]
Ep  29 [train]:  94%|█████████▍| 137/145 [01:02<00:03,  2.52it/s, loss=0.0673]
Ep  29 [train]:  94%|█████████▍| 137/145 [01:03<00:03,  2.52it/s, loss=0.0688]
Ep  29 [train]:  95%|█████████▌| 138/145 [01:03<00:03,  2.09it/s, loss=0.0688]
Ep  29 [train]:  95%|█████████▌| 138/145 [01:03<00:03,  2.09it/s, loss=0.0680]
Ep  29 [train]:  96%|█████████▌| 139/145 [01:03<00:02,  2.63it/s, loss=0.0680]
Ep  29 [train]:  96%|█████████▌| 139/145 [01:03<00:02,  2.63it/s, loss=0.0717]
Ep  29 [train]:  97%|█████████▋| 140/145 [01:03<00:02,  2.11it/s, loss=0.0717]
Ep  29 [train]:  97%|█████████▋| 140/145 [01:04<00:02,  2.11it/s, loss=0.0654]
Ep  29 [train]:  97%|█████████▋| 141/145 [01:04<00:01,  2.67it/s, loss=0.0654]
Ep  29 [train]:  97%|█████████▋| 141/145 [01:04<00:01,  2.67it/s, loss=0.0671]
Ep  29 [train]:  98%|█████████▊| 142/145 [01:04<00:01,  2.20it/s, loss=0.0671]
Ep  29 [train]:  98%|█████████▊| 142/145 [01:04<00:01,  2.20it/s, loss=0.0673]
Ep  29 [train]:  99%|█████████▊| 143/145 [01:04<00:00,  2.73it/s, loss=0.0673]
Ep  29 [train]:  99%|█████████▊| 143/145 [01:05<00:00,  2.73it/s, loss=0.0685]
Ep  29 [train]:  99%|█████████▉| 144/145 [01:05<00:00,  2.42it/s, loss=0.0685]
Ep  29 [train]:  99%|█████████▉| 144/145 [01:05<00:00,  2.42it/s, loss=0.0656]
Ep  29 [train]: 100%|██████████| 145/145 [01:05<00:00,  3.07it/s, loss=0.0656]
                                                                              
  Ep  29 [train]  loss=0.0706  rmse_c=0.2366  mae_c=0.2142  r2_c=0.032  rmse_h=0.2921  mae_h=0.2152  r2_h=0.504  sup=0.327

Ep  29 [val  ]:   0%|          | 0/39 [00:00<?, ?it/s]
Ep  29 [val  ]:   0%|          | 0/39 [00:00<?, ?it/s, loss=0.0903]
Ep  29 [val  ]:   3%|▎         | 1/39 [00:00<00:34,  1.10it/s, loss=0.0903]
Ep  29 [val  ]:   3%|▎         | 1/39 [00:01<00:34,  1.10it/s, loss=0.0836]
Ep  29 [val  ]:   5%|▌         | 2/39 [00:01<00:19,  1.94it/s, loss=0.0836]
Ep  29 [val  ]:   5%|▌         | 2/39 [00:01<00:19,  1.94it/s, loss=0.0727]
Ep  29 [val  ]:   8%|▊         | 3/39 [00:01<00:17,  2.05it/s, loss=0.0727]
Ep  29 [val  ]:   8%|▊         | 3/39 [00:02<00:17,  2.05it/s, loss=0.0698]
Ep  29 [val  ]:  10%|█         | 4/39 [00:02<00:16,  2.11it/s, loss=0.0698]
Ep  29 [val  ]:  10%|█         | 4/39 [00:02<00:16,  2.11it/s, loss=0.0732]
Ep  29 [val  ]:  13%|█▎        | 5/39 [00:02<00:13,  2.53it/s, loss=0.0732]
Ep  29 [val  ]:  13%|█▎        | 5/39 [00:02<00:13,  2.53it/s, loss=0.0742]
Ep  29 [val  ]:  15%|█▌        | 6/39 [00:02<00:15,  2.09it/s, loss=0.0742]
Ep  29 [val  ]:  15%|█▌        | 6/39 [00:03<00:15,  2.09it/s, loss=0.0685]
Ep  29 [val  ]:  15%|█▌        | 6/39 [00:03<00:15,  2.09it/s, loss=0.0688]
Ep  29 [val  ]:  21%|██        | 8/39 [00:03<00:14,  2.18it/s, loss=0.0688]
Ep  29 [val  ]:  21%|██        | 8/39 [00:03<00:14,  2.18it/s, loss=0.0662]
Ep  29 [val  ]:  21%|██        | 8/39 [00:04<00:14,  2.18it/s, loss=0.0654]
Ep  29 [val  ]:  26%|██▌       | 10/39 [00:04<00:12,  2.37it/s, loss=0.0654]
Ep  29 [val  ]:  26%|██▌       | 10/39 [00:04<00:12,  2.37it/s, loss=0.0662]
Ep  29 [val  ]:  26%|██▌       | 10/39 [00:05<00:12,  2.37it/s, loss=0.0703]
Ep  29 [val  ]:  31%|███       | 12/39 [00:05<00:11,  2.40it/s, loss=0.0703]
Ep  29 [val  ]:  31%|███       | 12/39 [00:05<00:11,  2.40it/s, loss=0.0736]
Ep  29 [val  ]:  31%|███       | 12/39 [00:06<00:11,  2.40it/s, loss=0.0834]
Ep  29 [val  ]:  36%|███▌      | 14/39 [00:06<00:10,  2.48it/s, loss=0.0834]
Ep  29 [val  ]:  36%|███▌      | 14/39 [00:06<00:10,  2.48it/s, loss=0.0906]
Ep  29 [val  ]:  36%|███▌      | 14/39 [00:06<00:10,  2.48it/s, loss=0.0884]
Ep  29 [val  ]:  41%|████      | 16/39 [00:06<00:09,  2.43it/s, loss=0.0884]
Ep  29 [val  ]:  41%|████      | 16/39 [00:07<00:09,  2.43it/s, loss=0.0880]
Ep  29 [val  ]:  41%|████      | 16/39 [00:07<00:09,  2.43it/s, loss=0.0787]
Ep  29 [val  ]:  46%|████▌     | 18/39 [00:07<00:08,  2.40it/s, loss=0.0787]
Ep  29 [val  ]:  46%|████▌     | 18/39 [00:07<00:08,  2.40it/s, loss=0.0751]
Ep  29 [val  ]:  46%|████▌     | 18/39 [00:08<00:08,  2.40it/s, loss=0.0622]
Ep  29 [val  ]:  51%|█████▏    | 20/39 [00:08<00:08,  2.35it/s, loss=0.0622]
Ep  29 [val  ]:  51%|█████▏    | 20/39 [00:08<00:08,  2.35it/s, loss=0.0557]
Ep  29 [val  ]:  51%|█████▏    | 20/39 [00:09<00:08,  2.35it/s, loss=0.0632]
Ep  29 [val  ]:  56%|█████▋    | 22/39 [00:09<00:07,  2.27it/s, loss=0.0632]
Ep  29 [val  ]:  56%|█████▋    | 22/39 [00:09<00:07,  2.27it/s, loss=0.0612]
Ep  29 [val  ]:  56%|█████▋    | 22/39 [00:10<00:07,  2.27it/s, loss=0.0620]
Ep  29 [val  ]:  62%|██████▏   | 24/39 [00:10<00:06,  2.22it/s, loss=0.0620]
Ep  29 [val  ]:  62%|██████▏   | 24/39 [00:10<00:06,  2.22it/s, loss=0.0654]
Ep  29 [val  ]:  62%|██████▏   | 24/39 [00:11<00:06,  2.22it/s, loss=0.0682]
Ep  29 [val  ]:  67%|██████▋   | 26/39 [00:11<00:05,  2.29it/s, loss=0.0682]
Ep  29 [val  ]:  67%|██████▋   | 26/39 [00:11<00:05,  2.29it/s, loss=0.0753]
Ep  29 [val  ]:  67%|██████▋   | 26/39 [00:12<00:05,  2.29it/s, loss=0.1155]
Ep  29 [val  ]:  72%|███████▏  | 28/39 [00:12<00:04,  2.29it/s, loss=0.1155]
Ep  29 [val  ]:  72%|███████▏  | 28/39 [00:12<00:04,  2.29it/s, loss=0.0898]
Ep  29 [val  ]:  72%|███████▏  | 28/39 [00:13<00:04,  2.29it/s, loss=0.0815]
Ep  29 [val  ]:  77%|███████▋  | 30/39 [00:13<00:04,  2.23it/s, loss=0.0815]
Ep  29 [val  ]:  77%|███████▋  | 30/39 [00:13<00:04,  2.23it/s, loss=0.0807]
Ep  29 [val  ]:  77%|███████▋  | 30/39 [00:14<00:04,  2.23it/s, loss=0.0701]
Ep  29 [val  ]:  82%|████████▏ | 32/39 [00:14<00:03,  2.17it/s, loss=0.0701]
Ep  29 [val  ]:  82%|████████▏ | 32/39 [00:14<00:03,  2.17it/s, loss=0.0728]
Ep  29 [val  ]:  82%|████████▏ | 32/39 [00:14<00:03,  2.17it/s, loss=0.0690]
Ep  29 [val  ]:  87%|████████▋ | 34/39 [00:14<00:02,  2.31it/s, loss=0.0690]
Ep  29 [val  ]:  87%|████████▋ | 34/39 [00:15<00:02,  2.31it/s, loss=0.0727]
Ep  29 [val  ]:  87%|████████▋ | 34/39 [00:15<00:02,  2.31it/s, loss=0.0697]
Ep  29 [val  ]:  92%|█████████▏| 36/39 [00:15<00:01,  2.29it/s, loss=0.0697]
Ep  29 [val  ]:  92%|█████████▏| 36/39 [00:15<00:01,  2.29it/s, loss=0.0680]
Ep  29 [val  ]:  92%|█████████▏| 36/39 [00:16<00:01,  2.29it/s, loss=0.0605]
Ep  29 [val  ]:  97%|█████████▋| 38/39 [00:16<00:00,  2.41it/s, loss=0.0605]
Ep  29 [val  ]:  97%|█████████▋| 38/39 [00:16<00:00,  2.41it/s, loss=0.0674]
                                                                            
  Ep  29 [val  ]  loss=0.0738  rmse_c=0.2428  mae_c=0.2177  r2_c=0.032  rmse_h=0.2970  mae_h=0.2220  r2_h=0.451  sup=0.308

Ep  30 [train]:   0%|          | 0/145 [00:00<?, ?it/s]
Ep  30 [train]:   0%|          | 0/145 [00:00<?, ?it/s, loss=0.0735]
Ep  30 [train]:   1%|          | 1/145 [00:00<02:23,  1.00it/s, loss=0.0735]
Ep  30 [train]:   1%|          | 1/145 [00:01<02:23,  1.00it/s, loss=0.0735]
Ep  30 [train]:   1%|▏         | 2/145 [00:01<01:09,  2.07it/s, loss=0.0735]
Ep  30 [train]:   1%|▏         | 2/145 [00:01<01:09,  2.07it/s, loss=0.0664]
Ep  30 [train]:   2%|▏         | 3/145 [00:01<01:15,  1.89it/s, loss=0.0664]
Ep  30 [train]:   2%|▏         | 3/145 [00:01<01:15,  1.89it/s, loss=0.0662]
Ep  30 [train]:   3%|▎         | 4/145 [00:01<00:52,  2.69it/s, loss=0.0662]
Ep  30 [train]:   3%|▎         | 4/145 [00:02<00:52,  2.69it/s, loss=0.0677]
Ep  30 [train]:   3%|▎         | 5/145 [00:02<01:01,  2.26it/s, loss=0.0677]
Ep  30 [train]:   3%|▎         | 5/145 [00:02<01:01,  2.26it/s, loss=0.0732]
Ep  30 [train]:   4%|▍         | 6/145 [00:02<00:46,  2.99it/s, loss=0.0732]
Ep  30 [train]:   4%|▍         | 6/145 [00:03<00:46,  2.99it/s, loss=0.0682]
Ep  30 [train]:   5%|▍         | 7/145 [00:03<00:57,  2.41it/s, loss=0.0682]
Ep  30 [train]:   5%|▍         | 7/145 [00:03<00:57,  2.41it/s, loss=0.0690]
Ep  30 [train]:   6%|▌         | 8/145 [00:03<00:44,  3.11it/s, loss=0.0690]
Ep  30 [train]:   6%|▌         | 8/145 [00:03<00:44,  3.11it/s, loss=0.0706]
Ep  30 [train]:   6%|▌         | 9/145 [00:03<00:51,  2.64it/s, loss=0.0706]
Ep  30 [train]:   6%|▌         | 9/145 [00:04<00:51,  2.64it/s, loss=0.0679]
Ep  30 [train]:   7%|▋         | 10/145 [00:04<00:46,  2.91it/s, loss=0.0679]
Ep  30 [train]:   7%|▋         | 10/145 [00:04<00:46,  2.91it/s, loss=0.0700]
Ep  30 [train]:   8%|▊         | 11/145 [00:04<00:52,  2.58it/s, loss=0.0700]
Ep  30 [train]:   8%|▊         | 11/145 [00:05<00:52,  2.58it/s, loss=0.0690]
Ep  30 [train]:   8%|▊         | 12/145 [00:05<00:56,  2.35it/s, loss=0.0690]
Ep  30 [train]:   8%|▊         | 12/145 [00:05<00:56,  2.35it/s, loss=0.0696]
Ep  30 [train]:   9%|▉         | 13/145 [00:05<00:44,  3.00it/s, loss=0.0696]
Ep  30 [train]:   9%|▉         | 13/145 [00:06<00:44,  3.00it/s, loss=0.0795]
Ep  30 [train]:  10%|▉         | 14/145 [00:06<01:07,  1.95it/s, loss=0.0795]
Ep  30 [train]:  10%|▉         | 14/145 [00:06<01:07,  1.95it/s, loss=0.0679]
Ep  30 [train]:  10%|█         | 15/145 [00:06<00:51,  2.50it/s, loss=0.0679]
Ep  30 [train]:  10%|█         | 15/145 [00:07<00:51,  2.50it/s, loss=0.0681]
Ep  30 [train]:  11%|█         | 16/145 [00:07<01:07,  1.90it/s, loss=0.0681]
Ep  30 [train]:  11%|█         | 16/145 [00:07<01:07,  1.90it/s, loss=0.0644]
Ep  30 [train]:  12%|█▏        | 17/145 [00:07<00:51,  2.48it/s, loss=0.0644]
Ep  30 [train]:  12%|█▏        | 17/145 [00:07<00:51,  2.48it/s, loss=0.0709]
Ep  30 [train]:  12%|█▏        | 18/145 [00:07<01:05,  1.94it/s, loss=0.0709]
Ep  30 [train]:  12%|█▏        | 18/145 [00:08<01:05,  1.94it/s, loss=0.0705]
Ep  30 [train]:  13%|█▎        | 19/145 [00:08<00:51,  2.47it/s, loss=0.0705]
Ep  30 [train]:  13%|█▎        | 19/145 [00:08<00:51,  2.47it/s, loss=0.0647]
Ep  30 [train]:  14%|█▍        | 20/145 [00:08<01:04,  1.93it/s, loss=0.0647]
Ep  30 [train]:  14%|█▍        | 20/145 [00:08<01:04,  1.93it/s, loss=0.0699]
Ep  30 [train]:  14%|█▍        | 21/145 [00:08<00:50,  2.44it/s, loss=0.0699]
Ep  30 [train]:  14%|█▍        | 21/145 [00:09<00:50,  2.44it/s, loss=0.0688]
Ep  30 [train]:  15%|█▌        | 22/145 [00:09<01:01,  1.99it/s, loss=0.0688]
Ep  30 [train]:  15%|█▌        | 22/145 [00:09<01:01,  1.99it/s, loss=0.0671]
Ep  30 [train]:  16%|█▌        | 23/145 [00:09<00:48,  2.54it/s, loss=0.0671]
Ep  30 [train]:  16%|█▌        | 23/145 [00:10<00:48,  2.54it/s, loss=0.0682]
Ep  30 [train]:  17%|█▋        | 24/145 [00:10<01:04,  1.88it/s, loss=0.0682]
Ep  30 [train]:  17%|█▋        | 24/145 [00:10<01:04,  1.88it/s, loss=0.0732]
Ep  30 [train]:  17%|█▋        | 25/145 [00:10<00:48,  2.46it/s, loss=0.0732]
Ep  30 [train]:  17%|█▋        | 25/145 [00:11<00:48,  2.46it/s, loss=0.0737]
Ep  30 [train]:  18%|█▊        | 26/145 [00:11<01:00,  1.95it/s, loss=0.0737]
Ep  30 [train]:  18%|█▊        | 26/145 [00:11<01:00,  1.95it/s, loss=0.0678]
Ep  30 [train]:  19%|█▊        | 27/145 [00:11<00:48,  2.41it/s, loss=0.0678]
Ep  30 [train]:  19%|█▊        | 27/145 [00:12<00:48,  2.41it/s, loss=0.0732]
Ep  30 [train]:  19%|█▉        | 28/145 [00:12<01:02,  1.88it/s, loss=0.0732]
Ep  30 [train]:  19%|█▉        | 28/145 [00:12<01:02,  1.88it/s, loss=0.0760]
Ep  30 [train]:  20%|██        | 29/145 [00:12<00:48,  2.38it/s, loss=0.0760]
Ep  30 [train]:  20%|██        | 29/145 [00:13<00:48,  2.38it/s, loss=0.0754]
Ep  30 [train]:  21%|██        | 30/145 [00:13<01:01,  1.88it/s, loss=0.0754]
Ep  30 [train]:  21%|██        | 30/145 [00:13<01:01,  1.88it/s, loss=0.0738]
Ep  30 [train]:  21%|██▏       | 31/145 [00:13<00:48,  2.35it/s, loss=0.0738]
Ep  30 [train]:  21%|██▏       | 31/145 [00:14<00:48,  2.35it/s, loss=0.0660]
Ep  30 [train]:  22%|██▏       | 32/145 [00:14<01:01,  1.85it/s, loss=0.0660]
Ep  30 [train]:  22%|██▏       | 32/145 [00:14<01:01,  1.85it/s, loss=0.0715]
Ep  30 [train]:  23%|██▎       | 33/145 [00:14<00:48,  2.31it/s, loss=0.0715]
Ep  30 [train]:  23%|██▎       | 33/145 [00:15<00:48,  2.31it/s, loss=0.0732]
Ep  30 [train]:  23%|██▎       | 34/145 [00:15<00:58,  1.91it/s, loss=0.0732]
Ep  30 [train]:  23%|██▎       | 34/145 [00:15<00:58,  1.91it/s, loss=0.0732]
Ep  30 [train]:  24%|██▍       | 35/145 [00:15<00:45,  2.44it/s, loss=0.0732]
Ep  30 [train]:  24%|██▍       | 35/145 [00:16<00:45,  2.44it/s, loss=0.0671]
Ep  30 [train]:  25%|██▍       | 36/145 [00:16<00:59,  1.83it/s, loss=0.0671]
Ep  30 [train]:  25%|██▍       | 36/145 [00:16<00:59,  1.83it/s, loss=0.0744]
Ep  30 [train]:  26%|██▌       | 37/145 [00:16<00:46,  2.34it/s, loss=0.0744]
Ep  30 [train]:  26%|██▌       | 37/145 [00:17<00:46,  2.34it/s, loss=0.0735]
Ep  30 [train]:  26%|██▌       | 38/145 [00:17<00:56,  1.89it/s, loss=0.0735]
Ep  30 [train]:  26%|██▌       | 38/145 [00:17<00:56,  1.89it/s, loss=0.0693]
Ep  30 [train]:  27%|██▋       | 39/145 [00:17<00:43,  2.41it/s, loss=0.0693]
Ep  30 [train]:  27%|██▋       | 39/145 [00:18<00:43,  2.41it/s, loss=0.0690]
Ep  30 [train]:  28%|██▊       | 40/145 [00:18<00:54,  1.94it/s, loss=0.0690]
Ep  30 [train]:  28%|██▊       | 40/145 [00:18<00:54,  1.94it/s, loss=0.0731]
Ep  30 [train]:  28%|██▊       | 41/145 [00:18<00:43,  2.41it/s, loss=0.0731]
Ep  30 [train]:  28%|██▊       | 41/145 [00:19<00:43,  2.41it/s, loss=0.0701]
Ep  30 [train]:  29%|██▉       | 42/145 [00:19<00:51,  2.01it/s, loss=0.0701]
Ep  30 [train]:  29%|██▉       | 42/145 [00:19<00:51,  2.01it/s, loss=0.0721]
Ep  30 [train]:  30%|██▉       | 43/145 [00:19<00:40,  2.51it/s, loss=0.0721]
Ep  30 [train]:  30%|██▉       | 43/145 [00:20<00:40,  2.51it/s, loss=0.0707]
Ep  30 [train]:  30%|███       | 44/145 [00:20<00:50,  2.00it/s, loss=0.0707]
Ep  30 [train]:  30%|███       | 44/145 [00:20<00:50,  2.00it/s, loss=0.0708]
Ep  30 [train]:  31%|███       | 45/145 [00:20<00:40,  2.48it/s, loss=0.0708]
Ep  30 [train]:  31%|███       | 45/145 [00:20<00:40,  2.48it/s, loss=0.0705]
Ep  30 [train]:  32%|███▏      | 46/145 [00:20<00:50,  1.96it/s, loss=0.0705]
Ep  30 [train]:  32%|███▏      | 46/145 [00:21<00:50,  1.96it/s, loss=0.0701]
Ep  30 [train]:  32%|███▏      | 47/145 [00:21<00:39,  2.47it/s, loss=0.0701]
Ep  30 [train]:  32%|███▏      | 47/145 [00:21<00:39,  2.47it/s, loss=0.0688]
Ep  30 [train]:  33%|███▎      | 48/145 [00:21<00:50,  1.91it/s, loss=0.0688]
Ep  30 [train]:  33%|███▎      | 48/145 [00:22<00:50,  1.91it/s, loss=0.0674]
Ep  30 [train]:  34%|███▍      | 49/145 [00:22<00:40,  2.38it/s, loss=0.0674]
Ep  30 [train]:  34%|███▍      | 49/145 [00:22<00:40,  2.38it/s, loss=0.0687]
Ep  30 [train]:  34%|███▍      | 50/145 [00:22<00:49,  1.91it/s, loss=0.0687]
Ep  30 [train]:  34%|███▍      | 50/145 [00:22<00:49,  1.91it/s, loss=0.0703]
Ep  30 [train]:  35%|███▌      | 51/145 [00:22<00:38,  2.46it/s, loss=0.0703]
Ep  30 [train]:  35%|███▌      | 51/145 [00:23<00:38,  2.46it/s, loss=0.0778]
Ep  30 [train]:  36%|███▌      | 52/145 [00:23<00:48,  1.91it/s, loss=0.0778]
Ep  30 [train]:  36%|███▌      | 52/145 [00:23<00:48,  1.91it/s, loss=0.0876]
Ep  30 [train]:  37%|███▋      | 53/145 [00:23<00:37,  2.43it/s, loss=0.0876]
Ep  30 [train]:  37%|███▋      | 53/145 [00:24<00:37,  2.43it/s, loss=0.0674]
Ep  30 [train]:  37%|███▋      | 54/145 [00:24<00:47,  1.92it/s, loss=0.0674]
Ep  30 [train]:  37%|███▋      | 54/145 [00:24<00:47,  1.92it/s, loss=0.0678]
Ep  30 [train]:  38%|███▊      | 55/145 [00:24<00:37,  2.37it/s, loss=0.0678]
Ep  30 [train]:  38%|███▊      | 55/145 [00:25<00:37,  2.37it/s, loss=0.0738]
Ep  30 [train]:  39%|███▊      | 56/145 [00:25<00:45,  1.95it/s, loss=0.0738]
Ep  30 [train]:  39%|███▊      | 56/145 [00:25<00:45,  1.95it/s, loss=0.0730]
Ep  30 [train]:  39%|███▉      | 57/145 [00:25<00:36,  2.44it/s, loss=0.0730]
Ep  30 [train]:  39%|███▉      | 57/145 [00:26<00:36,  2.44it/s, loss=0.0706]
Ep  30 [train]:  40%|████      | 58/145 [00:26<00:42,  2.04it/s, loss=0.0706]
Ep  30 [train]:  40%|████      | 58/145 [00:26<00:42,  2.04it/s, loss=0.0709]
Ep  30 [train]:  41%|████      | 59/145 [00:26<00:33,  2.54it/s, loss=0.0709]
Ep  30 [train]:  41%|████      | 59/145 [00:27<00:33,  2.54it/s, loss=0.0786]
Ep  30 [train]:  41%|████▏     | 60/145 [00:27<00:43,  1.94it/s, loss=0.0786]
Ep  30 [train]:  41%|████▏     | 60/145 [00:27<00:43,  1.94it/s, loss=0.0679]
Ep  30 [train]:  42%|████▏     | 61/145 [00:27<00:33,  2.50it/s, loss=0.0679]
Ep  30 [train]:  42%|████▏     | 61/145 [00:28<00:33,  2.50it/s, loss=0.0668]
Ep  30 [train]:  43%|████▎     | 62/145 [00:28<00:43,  1.92it/s, loss=0.0668]
Ep  30 [train]:  43%|████▎     | 62/145 [00:28<00:43,  1.92it/s, loss=0.0686]
Ep  30 [train]:  43%|████▎     | 63/145 [00:28<00:33,  2.42it/s, loss=0.0686]
Ep  30 [train]:  43%|████▎     | 63/145 [00:29<00:33,  2.42it/s, loss=0.0687]
Ep  30 [train]:  44%|████▍     | 64/145 [00:29<00:41,  1.97it/s, loss=0.0687]
Ep  30 [train]:  44%|████▍     | 64/145 [00:29<00:41,  1.97it/s, loss=0.0754]
Ep  30 [train]:  45%|████▍     | 65/145 [00:29<00:31,  2.53it/s, loss=0.0754]
Ep  30 [train]:  45%|████▍     | 65/145 [00:30<00:31,  2.53it/s, loss=0.0653]
Ep  30 [train]:  46%|████▌     | 66/145 [00:30<00:40,  1.93it/s, loss=0.0653]
Ep  30 [train]:  46%|████▌     | 66/145 [00:30<00:40,  1.93it/s, loss=0.0677]
Ep  30 [train]:  46%|████▌     | 67/145 [00:30<00:31,  2.46it/s, loss=0.0677]
Ep  30 [train]:  46%|████▌     | 67/145 [00:31<00:31,  2.46it/s, loss=0.0691]
Ep  30 [train]:  47%|████▋     | 68/145 [00:31<00:39,  1.93it/s, loss=0.0691]
Ep  30 [train]:  47%|████▋     | 68/145 [00:31<00:39,  1.93it/s, loss=0.0721]
Ep  30 [train]:  48%|████▊     | 69/145 [00:31<00:31,  2.44it/s, loss=0.0721]
Ep  30 [train]:  48%|████▊     | 69/145 [00:32<00:31,  2.44it/s, loss=0.0667]
Ep  30 [train]:  48%|████▊     | 70/145 [00:32<00:38,  1.96it/s, loss=0.0667]
Ep  30 [train]:  48%|████▊     | 70/145 [00:32<00:38,  1.96it/s, loss=0.0730]
Ep  30 [train]:  49%|████▉     | 71/145 [00:32<00:29,  2.47it/s, loss=0.0730]
Ep  30 [train]:  49%|████▉     | 71/145 [00:32<00:29,  2.47it/s, loss=0.0731]
Ep  30 [train]:  50%|████▉     | 72/145 [00:32<00:38,  1.92it/s, loss=0.0731]
Ep  30 [train]:  50%|████▉     | 72/145 [00:33<00:38,  1.92it/s, loss=0.0760]
Ep  30 [train]:  50%|█████     | 73/145 [00:33<00:29,  2.45it/s, loss=0.0760]
Ep  30 [train]:  50%|█████     | 73/145 [00:33<00:29,  2.45it/s, loss=0.0685]
Ep  30 [train]:  51%|█████     | 74/145 [00:33<00:37,  1.91it/s, loss=0.0685]
Ep  30 [train]:  51%|█████     | 74/145 [00:34<00:37,  1.91it/s, loss=0.0702]
Ep  30 [train]:  52%|█████▏    | 75/145 [00:34<00:29,  2.39it/s, loss=0.0702]
Ep  30 [train]:  52%|█████▏    | 75/145 [00:34<00:29,  2.39it/s, loss=0.0654]
Ep  30 [train]:  52%|█████▏    | 76/145 [00:34<00:34,  2.01it/s, loss=0.0654]
Ep  30 [train]:  52%|█████▏    | 76/145 [00:34<00:34,  2.01it/s, loss=0.0646]
Ep  30 [train]:  53%|█████▎    | 77/145 [00:34<00:26,  2.54it/s, loss=0.0646]
Ep  30 [train]:  53%|█████▎    | 77/145 [00:35<00:26,  2.54it/s, loss=0.0702]
Ep  30 [train]:  54%|█████▍    | 78/145 [00:35<00:33,  1.99it/s, loss=0.0702]
Ep  30 [train]:  54%|█████▍    | 78/145 [00:35<00:33,  1.99it/s, loss=0.0762]
Ep  30 [train]:  54%|█████▍    | 79/145 [00:35<00:25,  2.58it/s, loss=0.0762]
Ep  30 [train]:  54%|█████▍    | 79/145 [00:36<00:25,  2.58it/s, loss=0.0698]
Ep  30 [train]:  55%|█████▌    | 80/145 [00:36<00:32,  1.97it/s, loss=0.0698]
Ep  30 [train]:  55%|█████▌    | 80/145 [00:36<00:32,  1.97it/s, loss=0.0657]
Ep  30 [train]:  56%|█████▌    | 81/145 [00:36<00:25,  2.55it/s, loss=0.0657]
Ep  30 [train]:  56%|█████▌    | 81/145 [00:37<00:25,  2.55it/s, loss=0.0643]
Ep  30 [train]:  57%|█████▋    | 82/145 [00:37<00:31,  1.98it/s, loss=0.0643]
Ep  30 [train]:  57%|█████▋    | 82/145 [00:37<00:31,  1.98it/s, loss=0.0741]
Ep  30 [train]:  57%|█████▋    | 83/145 [00:37<00:24,  2.57it/s, loss=0.0741]
Ep  30 [train]:  57%|█████▋    | 83/145 [00:38<00:24,  2.57it/s, loss=0.0720]
Ep  30 [train]:  58%|█████▊    | 84/145 [00:38<00:31,  1.93it/s, loss=0.0720]
Ep  30 [train]:  58%|█████▊    | 84/145 [00:38<00:31,  1.93it/s, loss=0.0682]
Ep  30 [train]:  59%|█████▊    | 85/145 [00:38<00:24,  2.48it/s, loss=0.0682]
Ep  30 [train]:  59%|█████▊    | 85/145 [00:39<00:24,  2.48it/s, loss=0.0708]
Ep  30 [train]:  59%|█████▉    | 86/145 [00:39<00:30,  1.95it/s, loss=0.0708]
Ep  30 [train]:  59%|█████▉    | 86/145 [00:39<00:30,  1.95it/s, loss=0.0684]
Ep  30 [train]:  60%|██████    | 87/145 [00:39<00:23,  2.50it/s, loss=0.0684]
Ep  30 [train]:  60%|██████    | 87/145 [00:40<00:23,  2.50it/s, loss=0.0773]
Ep  30 [train]:  61%|██████    | 88/145 [00:40<00:29,  1.91it/s, loss=0.0773]
Ep  30 [train]:  61%|██████    | 88/145 [00:40<00:29,  1.91it/s, loss=0.0675]
Ep  30 [train]:  61%|██████▏   | 89/145 [00:40<00:23,  2.43it/s, loss=0.0675]
Ep  30 [train]:  61%|██████▏   | 89/145 [00:41<00:23,  2.43it/s, loss=0.0775]
Ep  30 [train]:  62%|██████▏   | 90/145 [00:41<00:30,  1.83it/s, loss=0.0775]
Ep  30 [train]:  62%|██████▏   | 90/145 [00:41<00:30,  1.83it/s, loss=0.0757]
Ep  30 [train]:  63%|██████▎   | 91/145 [00:41<00:22,  2.36it/s, loss=0.0757]
Ep  30 [train]:  63%|██████▎   | 91/145 [00:42<00:22,  2.36it/s, loss=0.0650]
Ep  30 [train]:  63%|██████▎   | 92/145 [00:42<00:27,  1.91it/s, loss=0.0650]
Ep  30 [train]:  63%|██████▎   | 92/145 [00:42<00:27,  1.91it/s, loss=0.0692]
Ep  30 [train]:  64%|██████▍   | 93/145 [00:42<00:21,  2.44it/s, loss=0.0692]
Ep  30 [train]:  64%|██████▍   | 93/145 [00:43<00:21,  2.44it/s, loss=0.0718]
Ep  30 [train]:  65%|██████▍   | 94/145 [00:43<00:26,  1.95it/s, loss=0.0718]
Ep  30 [train]:  65%|██████▍   | 94/145 [00:43<00:26,  1.95it/s, loss=0.0795]
Ep  30 [train]:  66%|██████▌   | 95/145 [00:43<00:20,  2.50it/s, loss=0.0795]
Ep  30 [train]:  66%|██████▌   | 95/145 [00:44<00:20,  2.50it/s, loss=0.0760]
Ep  30 [train]:  66%|██████▌   | 96/145 [00:44<00:25,  1.92it/s, loss=0.0760]
Ep  30 [train]:  66%|██████▌   | 96/145 [00:44<00:25,  1.92it/s, loss=0.0704]
Ep  30 [train]:  67%|██████▋   | 97/145 [00:44<00:19,  2.47it/s, loss=0.0704]
Ep  30 [train]:  67%|██████▋   | 97/145 [00:44<00:19,  2.47it/s, loss=0.0723]
Ep  30 [train]:  68%|██████▊   | 98/145 [00:44<00:23,  1.98it/s, loss=0.0723]
Ep  30 [train]:  68%|██████▊   | 98/145 [00:45<00:23,  1.98it/s, loss=0.0708]
Ep  30 [train]:  68%|██████▊   | 99/145 [00:45<00:18,  2.53it/s, loss=0.0708]
Ep  30 [train]:  68%|██████▊   | 99/145 [00:45<00:18,  2.53it/s, loss=0.0671]
Ep  30 [train]:  69%|██████▉   | 100/145 [00:45<00:22,  1.98it/s, loss=0.0671]
Ep  30 [train]:  69%|██████▉   | 100/145 [00:45<00:22,  1.98it/s, loss=0.0691]
Ep  30 [train]:  70%|██████▉   | 101/145 [00:45<00:17,  2.54it/s, loss=0.0691]
Ep  30 [train]:  70%|██████▉   | 101/145 [00:46<00:17,  2.54it/s, loss=0.0668]
Ep  30 [train]:  70%|███████   | 102/145 [00:46<00:21,  1.96it/s, loss=0.0668]
Ep  30 [train]:  70%|███████   | 102/145 [00:46<00:21,  1.96it/s, loss=0.0741]
Ep  30 [train]:  71%|███████   | 103/145 [00:46<00:17,  2.44it/s, loss=0.0741]
Ep  30 [train]:  71%|███████   | 103/145 [00:47<00:17,  2.44it/s, loss=0.0759]
Ep  30 [train]:  72%|███████▏  | 104/145 [00:47<00:20,  1.98it/s, loss=0.0759]
Ep  30 [train]:  72%|███████▏  | 104/145 [00:47<00:20,  1.98it/s, loss=0.0735]
Ep  30 [train]:  72%|███████▏  | 105/145 [00:47<00:15,  2.58it/s, loss=0.0735]
Ep  30 [train]:  72%|███████▏  | 105/145 [00:48<00:15,  2.58it/s, loss=0.0649]
Ep  30 [train]:  73%|███████▎  | 106/145 [00:48<00:19,  2.01it/s, loss=0.0649]
Ep  30 [train]:  73%|███████▎  | 106/145 [00:48<00:19,  2.01it/s, loss=0.0674]
Ep  30 [train]:  74%|███████▍  | 107/145 [00:48<00:14,  2.57it/s, loss=0.0674]
Ep  30 [train]:  74%|███████▍  | 107/145 [00:49<00:14,  2.57it/s, loss=0.0662]
Ep  30 [train]:  74%|███████▍  | 108/145 [00:49<00:18,  2.00it/s, loss=0.0662]
Ep  30 [train]:  74%|███████▍  | 108/145 [00:49<00:18,  2.00it/s, loss=0.0737]
Ep  30 [train]:  75%|███████▌  | 109/145 [00:49<00:14,  2.52it/s, loss=0.0737]
Ep  30 [train]:  75%|███████▌  | 109/145 [00:50<00:14,  2.52it/s, loss=0.0636]
Ep  30 [train]:  76%|███████▌  | 110/145 [00:50<00:17,  2.02it/s, loss=0.0636]
Ep  30 [train]:  76%|███████▌  | 110/145 [00:50<00:17,  2.02it/s, loss=0.0710]
Ep  30 [train]:  77%|███████▋  | 111/145 [00:50<00:13,  2.52it/s, loss=0.0710]
Ep  30 [train]:  77%|███████▋  | 111/145 [00:51<00:13,  2.52it/s, loss=0.0690]
Ep  30 [train]:  77%|███████▋  | 112/145 [00:51<00:16,  1.99it/s, loss=0.0690]
Ep  30 [train]:  77%|███████▋  | 112/145 [00:51<00:16,  1.99it/s, loss=0.0700]
Ep  30 [train]:  78%|███████▊  | 113/145 [00:51<00:12,  2.58it/s, loss=0.0700]
Ep  30 [train]:  78%|███████▊  | 113/145 [00:51<00:12,  2.58it/s, loss=0.0697]
Ep  30 [train]:  79%|███████▊  | 114/145 [00:51<00:14,  2.09it/s, loss=0.0697]
Ep  30 [train]:  79%|███████▊  | 114/145 [00:52<00:14,  2.09it/s, loss=0.0631]
Ep  30 [train]:  79%|███████▉  | 115/145 [00:52<00:11,  2.70it/s, loss=0.0631]
Ep  30 [train]:  79%|███████▉  | 115/145 [00:52<00:11,  2.70it/s, loss=0.0719]
Ep  30 [train]:  80%|████████  | 116/145 [00:52<00:13,  2.19it/s, loss=0.0719]
Ep  30 [train]:  80%|████████  | 116/145 [00:52<00:13,  2.19it/s, loss=0.0671]
Ep  30 [train]:  81%|████████  | 117/145 [00:52<00:10,  2.80it/s, loss=0.0671]
Ep  30 [train]:  81%|████████  | 117/145 [00:53<00:10,  2.80it/s, loss=0.0763]
Ep  30 [train]:  81%|████████▏ | 118/145 [00:53<00:12,  2.08it/s, loss=0.0763]
Ep  30 [train]:  81%|████████▏ | 118/145 [00:53<00:12,  2.08it/s, loss=0.0811]
Ep  30 [train]:  82%|████████▏ | 119/145 [00:53<00:09,  2.64it/s, loss=0.0811]
Ep  30 [train]:  82%|████████▏ | 119/145 [00:54<00:09,  2.64it/s, loss=0.0687]
Ep  30 [train]:  83%|████████▎ | 120/145 [00:54<00:12,  2.00it/s, loss=0.0687]
Ep  30 [train]:  83%|████████▎ | 120/145 [00:54<00:12,  2.00it/s, loss=0.0702]
Ep  30 [train]:  83%|████████▎ | 121/145 [00:54<00:09,  2.56it/s, loss=0.0702]
Ep  30 [train]:  83%|████████▎ | 121/145 [00:55<00:09,  2.56it/s, loss=0.0714]
Ep  30 [train]:  84%|████████▍ | 122/145 [00:55<00:12,  1.89it/s, loss=0.0714]
Ep  30 [train]:  84%|████████▍ | 122/145 [00:55<00:12,  1.89it/s, loss=0.0671]
Ep  30 [train]:  85%|████████▍ | 123/145 [00:55<00:09,  2.44it/s, loss=0.0671]
Ep  30 [train]:  85%|████████▍ | 123/145 [00:56<00:09,  2.44it/s, loss=0.0677]
Ep  30 [train]:  86%|████████▌ | 124/145 [00:56<00:10,  1.93it/s, loss=0.0677]
Ep  30 [train]:  86%|████████▌ | 124/145 [00:56<00:10,  1.93it/s, loss=0.0723]
Ep  30 [train]:  86%|████████▌ | 125/145 [00:56<00:08,  2.46it/s, loss=0.0723]
Ep  30 [train]:  86%|████████▌ | 125/145 [00:57<00:08,  2.46it/s, loss=0.0665]
Ep  30 [train]:  87%|████████▋ | 126/145 [00:57<00:10,  1.88it/s, loss=0.0665]
Ep  30 [train]:  87%|████████▋ | 126/145 [00:57<00:10,  1.88it/s, loss=0.0695]
Ep  30 [train]:  88%|████████▊ | 127/145 [00:57<00:07,  2.39it/s, loss=0.0695]
Ep  30 [train]:  88%|████████▊ | 127/145 [00:58<00:07,  2.39it/s, loss=0.0652]
Ep  30 [train]:  88%|████████▊ | 128/145 [00:58<00:08,  1.90it/s, loss=0.0652]
Ep  30 [train]:  88%|████████▊ | 128/145 [00:58<00:08,  1.90it/s, loss=0.0694]
Ep  30 [train]:  89%|████████▉ | 129/145 [00:58<00:06,  2.48it/s, loss=0.0694]
Ep  30 [train]:  89%|████████▉ | 129/145 [00:59<00:06,  2.48it/s, loss=0.0689]
Ep  30 [train]:  90%|████████▉ | 130/145 [00:59<00:07,  1.91it/s, loss=0.0689]
Ep  30 [train]:  90%|████████▉ | 130/145 [00:59<00:07,  1.91it/s, loss=0.0712]
Ep  30 [train]:  90%|█████████ | 131/145 [00:59<00:05,  2.41it/s, loss=0.0712]
Ep  30 [train]:  90%|█████████ | 131/145 [01:00<00:05,  2.41it/s, loss=0.0680]
Ep  30 [train]:  91%|█████████ | 132/145 [01:00<00:06,  1.93it/s, loss=0.0680]
Ep  30 [train]:  91%|█████████ | 132/145 [01:00<00:06,  1.93it/s, loss=0.0640]
Ep  30 [train]:  92%|█████████▏| 133/145 [01:00<00:04,  2.49it/s, loss=0.0640]
Ep  30 [train]:  92%|█████████▏| 133/145 [01:01<00:04,  2.49it/s, loss=0.0673]
Ep  30 [train]:  92%|█████████▏| 134/145 [01:01<00:05,  1.84it/s, loss=0.0673]
Ep  30 [train]:  92%|█████████▏| 134/145 [01:01<00:05,  1.84it/s, loss=0.0642]
Ep  30 [train]:  93%|█████████▎| 135/145 [01:01<00:04,  2.34it/s, loss=0.0642]
Ep  30 [train]:  93%|█████████▎| 135/145 [01:02<00:04,  2.34it/s, loss=0.0729]
Ep  30 [train]:  94%|█████████▍| 136/145 [01:02<00:04,  1.89it/s, loss=0.0729]
Ep  30 [train]:  94%|█████████▍| 136/145 [01:02<00:04,  1.89it/s, loss=0.0682]
Ep  30 [train]:  94%|█████████▍| 137/145 [01:02<00:03,  2.40it/s, loss=0.0682]
Ep  30 [train]:  94%|█████████▍| 137/145 [01:03<00:03,  2.40it/s, loss=0.0743]
Ep  30 [train]:  95%|█████████▌| 138/145 [01:03<00:03,  1.95it/s, loss=0.0743]
Ep  30 [train]:  95%|█████████▌| 138/145 [01:03<00:03,  1.95it/s, loss=0.0685]
Ep  30 [train]:  96%|█████████▌| 139/145 [01:03<00:02,  2.46it/s, loss=0.0685]
Ep  30 [train]:  96%|█████████▌| 139/145 [01:03<00:02,  2.46it/s, loss=0.0681]
Ep  30 [train]:  97%|█████████▋| 140/145 [01:03<00:02,  1.99it/s, loss=0.0681]
Ep  30 [train]:  97%|█████████▋| 140/145 [01:04<00:02,  1.99it/s, loss=0.0768]
Ep  30 [train]:  97%|█████████▋| 141/145 [01:04<00:01,  2.50it/s, loss=0.0768]
Ep  30 [train]:  97%|█████████▋| 141/145 [01:04<00:01,  2.50it/s, loss=0.0688]
Ep  30 [train]:  98%|█████████▊| 142/145 [01:04<00:01,  1.93it/s, loss=0.0688]
Ep  30 [train]:  98%|█████████▊| 142/145 [01:05<00:01,  1.93it/s, loss=0.0811]
Ep  30 [train]:  99%|█████████▊| 143/145 [01:05<00:00,  2.43it/s, loss=0.0811]
Ep  30 [train]:  99%|█████████▊| 143/145 [01:05<00:00,  2.43it/s, loss=0.0801]
Ep  30 [train]:  99%|█████████▉| 144/145 [01:05<00:00,  1.99it/s, loss=0.0801]
Ep  30 [train]:  99%|█████████▉| 144/145 [01:05<00:00,  1.99it/s, loss=0.0675]
Ep  30 [train]: 100%|██████████| 145/145 [01:05<00:00,  2.57it/s, loss=0.0675]
                                                                              
  Ep  30 [train]  loss=0.0705  rmse_c=0.2371  mae_c=0.2140  r2_c=0.039  rmse_h=0.2916  mae_h=0.2147  r2_h=0.514  sup=0.326

Ep  30 [val  ]:   0%|          | 0/39 [00:00<?, ?it/s]
Ep  30 [val  ]:   0%|          | 0/39 [00:00<?, ?it/s, loss=0.0887]
Ep  30 [val  ]:   3%|▎         | 1/39 [00:00<00:33,  1.14it/s, loss=0.0887]
Ep  30 [val  ]:   3%|▎         | 1/39 [00:01<00:33,  1.14it/s, loss=0.0864]
Ep  30 [val  ]:   5%|▌         | 2/39 [00:01<00:16,  2.21it/s, loss=0.0864]
Ep  30 [val  ]:   5%|▌         | 2/39 [00:01<00:16,  2.21it/s, loss=0.0714]
Ep  30 [val  ]:   8%|▊         | 3/39 [00:01<00:17,  2.08it/s, loss=0.0714]
Ep  30 [val  ]:   8%|▊         | 3/39 [00:01<00:17,  2.08it/s, loss=0.0666]
Ep  30 [val  ]:  10%|█         | 4/39 [00:01<00:14,  2.49it/s, loss=0.0666]
Ep  30 [val  ]:  10%|█         | 4/39 [00:02<00:14,  2.49it/s, loss=0.0726]
